method,parameters,dataset,Pair,score,weight,timestamp
bqcd,,AN,1,0.1172613387699433,0.01,2025-12-06T14:50:40Z
bqcd,,AN,2,0.0597603317569438,0.01,2025-12-06T14:50:40Z
bqcd,,AN,3,0.0717419283624125,0.01,2025-12-06T14:50:41Z
bqcd,,AN,4,0.1512715050113608,0.01,2025-12-06T14:50:41Z
bqcd,,AN,5,0.0674871215063993,0.01,2025-12-06T14:50:42Z
bqcd,,AN,6,0.1315645268198251,0.01,2025-12-06T14:50:42Z
bqcd,,AN,7,0.1728593126818168,0.01,2025-12-06T14:50:42Z
bqcd,,AN,8,0.0796320287021778,0.01,2025-12-06T14:50:43Z
bqcd,,AN,9,0.0245417522423001,0.01,2025-12-06T14:50:43Z
bqcd,,AN,10,0.0396691436886298,0.01,2025-12-06T14:50:43Z
bqcd,,AN,11,0.0304904438222264,0.01,2025-12-06T14:50:44Z
bqcd,,AN,12,0.0372794518068344,0.01,2025-12-06T14:50:44Z
bqcd,,AN,13,0.0695664568482714,0.01,2025-12-06T14:50:44Z
bqcd,,AN,14,0.1037148648075758,0.01,2025-12-06T14:50:45Z
bqcd,,AN,15,0.0746856211977344,0.01,2025-12-06T14:50:45Z
bqcd,,AN,16,0.1273915092537688,0.01,2025-12-06T14:50:46Z
bqcd,,AN,17,0.1627114617946798,0.01,2025-12-06T14:50:46Z
bqcd,,AN,18,0.0044042933534123,0.01,2025-12-06T14:50:46Z
bqcd,,AN,19,0.0866179490427555,0.01,2025-12-06T14:50:47Z
bqcd,,AN,20,0.1507735169364144,0.01,2025-12-06T14:50:47Z
bqcd,,AN,21,0.0684018840963128,0.01,2025-12-06T14:50:48Z
bqcd,,AN,22,0.0372193537748714,0.01,2025-12-06T14:50:48Z
bqcd,,AN,23,0.0299065728932104,0.01,2025-12-06T14:50:48Z
bqcd,,AN,24,0.0322486671204269,0.01,2025-12-06T14:50:49Z
bqcd,,AN,25,0.109581881047254,0.01,2025-12-06T14:50:49Z
bqcd,,AN,26,0.0836085133504886,0.01,2025-12-06T14:50:50Z
bqcd,,AN,27,0.0785211616913498,0.01,2025-12-06T14:50:50Z
bqcd,,AN,28,0.0100304171703843,0.01,2025-12-06T14:50:51Z
bqcd,,AN,29,0.0335210598020917,0.01,2025-12-06T14:50:51Z
bqcd,,AN,30,0.0790792543002825,0.01,2025-12-06T14:50:51Z
bqcd,,AN,31,0.0851166101501826,0.01,2025-12-06T14:50:52Z
bqcd,,AN,32,0.0775661479301997,0.01,2025-12-06T14:50:52Z
bqcd,,AN,33,0.1089956949048847,0.01,2025-12-06T14:50:52Z
bqcd,,AN,34,0.0969028351247565,0.01,2025-12-06T14:50:53Z
bqcd,,AN,35,0.1865131631812827,0.01,2025-12-06T14:50:53Z
bqcd,,AN,36,0.0634562483712859,0.01,2025-12-06T14:50:54Z
bqcd,,AN,37,0.0207009540527437,0.01,2025-12-06T14:50:54Z
bqcd,,AN,38,0.022049120635142,0.01,2025-12-06T14:50:54Z
bqcd,,AN,39,0.0978528247397995,0.01,2025-12-06T14:50:55Z
bqcd,,AN,40,0.017535345415174,0.01,2025-12-06T14:50:55Z
bqcd,,AN,41,0.081132214499501,0.01,2025-12-06T14:50:55Z
bqcd,,AN,42,0.0720380780029893,0.01,2025-12-06T14:50:56Z
bqcd,,AN,43,0.0606664140629971,0.01,2025-12-06T14:50:56Z
bqcd,,AN,44,0.091423586743506,0.01,2025-12-06T14:50:56Z
bqcd,,AN,45,0.0816006848871441,0.01,2025-12-06T14:50:57Z
bqcd,,AN,46,0.1582200550609845,0.01,2025-12-06T14:50:57Z
bqcd,,AN,47,0.0870796575197142,0.01,2025-12-06T14:50:58Z
bqcd,,AN,48,0.0679989720248415,0.01,2025-12-06T14:50:58Z
bqcd,,AN,49,0.0248463175248107,0.01,2025-12-06T14:50:58Z
bqcd,,AN,50,0.0547599557526725,0.01,2025-12-06T14:50:59Z
bqcd,,AN,51,0.1892406775170293,0.01,2025-12-06T14:50:59Z
bqcd,,AN,52,0.1138499574139916,0.01,2025-12-06T14:50:59Z
bqcd,,AN,53,0.2060162677751714,0.01,2025-12-06T14:51:00Z
bqcd,,AN,54,0.1252316434364815,0.01,2025-12-06T14:51:00Z
bqcd,,AN,55,0.1932907279691625,0.01,2025-12-06T14:51:00Z
bqcd,,AN,56,0.0944736394392753,0.01,2025-12-06T14:51:01Z
bqcd,,AN,57,0.0721634584129403,0.01,2025-12-06T14:51:01Z
bqcd,,AN,58,0.0591378104615587,0.01,2025-12-06T14:51:02Z
bqcd,,AN,59,0.0166929789054305,0.01,2025-12-06T14:51:02Z
bqcd,,AN,60,0.1323622704508832,0.01,2025-12-06T14:51:02Z
bqcd,,AN,61,0.0115105777913084,0.01,2025-12-06T14:51:03Z
bqcd,,AN,62,0.1305324525725337,0.01,2025-12-06T14:51:03Z
bqcd,,AN,63,0.0889053607302358,0.01,2025-12-06T14:51:03Z
bqcd,,AN,64,0.1350309749332685,0.01,2025-12-06T14:51:04Z
bqcd,,AN,65,0.1642351258940532,0.01,2025-12-06T14:51:04Z
bqcd,,AN,66,0.1420007095800561,0.01,2025-12-06T14:51:05Z
bqcd,,AN,67,0.0917218232645598,0.01,2025-12-06T14:51:05Z
bqcd,,AN,68,0.1288469846554554,0.01,2025-12-06T14:51:06Z
bqcd,,AN,69,0.1079298710283043,0.01,2025-12-06T14:51:06Z
bqcd,,AN,70,0.0896207399915562,0.01,2025-12-06T14:51:06Z
bqcd,,AN,71,0.190233700443852,0.01,2025-12-06T14:51:07Z
bqcd,,AN,72,0.1372369776779232,0.01,2025-12-06T14:51:07Z
bqcd,,AN,73,0.1418621968766439,0.01,2025-12-06T14:51:07Z
bqcd,,AN,74,0.0430766999007894,0.01,2025-12-06T14:51:08Z
bqcd,,AN,75,0.1190922990345743,0.01,2025-12-06T14:51:08Z
bqcd,,AN,76,0.0189020530951047,0.01,2025-12-06T14:51:09Z
bqcd,,AN,77,0.0926316266422636,0.01,2025-12-06T14:51:09Z
bqcd,,AN,78,0.0950023495583988,0.01,2025-12-06T14:51:09Z
bqcd,,AN,79,0.1610118386533211,0.01,2025-12-06T14:51:10Z
bqcd,,AN,80,0.0572876774934301,0.01,2025-12-06T14:51:10Z
bqcd,,AN,81,0.0473104871212939,0.01,2025-12-06T14:51:10Z
bqcd,,AN,82,0.1398192802611118,0.01,2025-12-06T14:51:11Z
bqcd,,AN,83,0.1423632684410871,0.01,2025-12-06T14:51:11Z
bqcd,,AN,84,0.0433114375620127,0.01,2025-12-06T14:51:11Z
bqcd,,AN,85,0.0413950871614231,0.01,2025-12-06T14:51:12Z
bqcd,,AN,86,0.0188176156725828,0.01,2025-12-06T14:51:12Z
bqcd,,AN,87,0.1022763184992517,0.01,2025-12-06T14:51:13Z
bqcd,,AN,88,0.1280796355931813,0.01,2025-12-06T14:51:13Z
bqcd,,AN,89,0.0529973362406254,0.01,2025-12-06T14:51:13Z
bqcd,,AN,90,0.1792055752342723,0.01,2025-12-06T14:51:14Z
bqcd,,AN,91,0.126731175978093,0.01,2025-12-06T14:51:14Z
bqcd,,AN,92,0.1603877555301451,0.01,2025-12-06T14:51:14Z
bqcd,,AN,93,0.0408518568886266,0.01,2025-12-06T14:51:15Z
bqcd,,AN,94,0.0861615863299106,0.01,2025-12-06T14:51:15Z
bqcd,,AN,95,0.0721440266170472,0.01,2025-12-06T14:51:15Z
bqcd,,AN,96,0.1573947483359596,0.01,2025-12-06T14:51:16Z
bqcd,,AN,97,0.051524452044371,0.01,2025-12-06T14:51:16Z
bqcd,,AN,98,0.1096780145145577,0.01,2025-12-06T14:51:17Z
bqcd,,AN,99,0.1220645411988128,0.01,2025-12-06T14:51:17Z
bqcd,,AN,100,0.0377136399202875,0.01,2025-12-06T14:51:17Z
bqcd,,AN-s,1,7.322810630236e-4,0.01,2025-12-06T14:51:18Z
bqcd,,AN-s,2,-0.0018041435394372,0.01,2025-12-06T14:51:18Z
bqcd,,AN-s,3,-2.136706415577e-4,0.01,2025-12-06T14:51:19Z
bqcd,,AN-s,4,9.979137419048e-4,0.01,2025-12-06T14:51:19Z
bqcd,,AN-s,5,1.432360378483e-4,0.01,2025-12-06T14:51:20Z
bqcd,,AN-s,6,0.0047583073894402,0.01,2025-12-06T14:51:20Z
bqcd,,AN-s,7,0.0010498557644733,0.01,2025-12-06T14:51:21Z
bqcd,,AN-s,8,0.002154859280642,0.01,2025-12-06T14:51:21Z
bqcd,,AN-s,9,-0.0014778535991936,0.01,2025-12-06T14:51:21Z
bqcd,,AN-s,10,0.0034822924517768,0.01,2025-12-06T14:51:22Z
bqcd,,AN-s,11,0.0024968500140216,0.01,2025-12-06T14:51:22Z
bqcd,,AN-s,12,-3.741105491898e-4,0.01,2025-12-06T14:51:22Z
bqcd,,AN-s,13,0.0023078517684518,0.01,2025-12-06T14:51:23Z
bqcd,,AN-s,14,-0.0010725067002957,0.01,2025-12-06T14:51:23Z
bqcd,,AN-s,15,-8.350587664924e-4,0.01,2025-12-06T14:51:24Z
bqcd,,AN-s,16,0.0011356169549332,0.01,2025-12-06T14:51:24Z
bqcd,,AN-s,17,-2.767638775453e-4,0.01,2025-12-06T14:51:24Z
bqcd,,AN-s,18,7.6998554655483e-5,0.01,2025-12-06T14:51:25Z
bqcd,,AN-s,19,0.0036168543567579,0.01,2025-12-06T14:51:25Z
bqcd,,AN-s,20,0.0056775834560779,0.01,2025-12-06T14:51:26Z
bqcd,,AN-s,21,0.0012032088410737,0.01,2025-12-06T14:51:26Z
bqcd,,AN-s,22,0.0014771765256269,0.01,2025-12-06T14:51:27Z
bqcd,,AN-s,23,4.138581356758e-4,0.01,2025-12-06T14:51:27Z
bqcd,,AN-s,24,5.594878200517e-4,0.01,2025-12-06T14:51:27Z
bqcd,,AN-s,25,0.0034509840449719,0.01,2025-12-06T14:51:28Z
bqcd,,AN-s,26,2.769824589132e-4,0.01,2025-12-06T14:51:28Z
bqcd,,AN-s,27,0.0019572042168188,0.01,2025-12-06T14:51:29Z
bqcd,,AN-s,28,0.0033408721524987,0.01,2025-12-06T14:51:29Z
bqcd,,AN-s,29,-2.150813879220337e-7,0.01,2025-12-06T14:51:29Z
bqcd,,AN-s,30,-4.146468010801e-4,0.01,2025-12-06T14:51:30Z
bqcd,,AN-s,31,0.0023576564981543,0.01,2025-12-06T14:51:30Z
bqcd,,AN-s,32,6.251099639809e-4,0.01,2025-12-06T14:51:30Z
bqcd,,AN-s,33,0.0029924787862541,0.01,2025-12-06T14:51:31Z
bqcd,,AN-s,34,0.0035776611001401,0.01,2025-12-06T14:51:31Z
bqcd,,AN-s,35,0.0019072753366159,0.01,2025-12-06T14:51:32Z
bqcd,,AN-s,36,0.0029615202166859,0.01,2025-12-06T14:51:32Z
bqcd,,AN-s,37,0.0016227342995367,0.01,2025-12-06T14:51:32Z
bqcd,,AN-s,38,-5.598340743762087e-6,0.01,2025-12-06T14:51:33Z
bqcd,,AN-s,39,0.0016866469810735,0.01,2025-12-06T14:51:33Z
bqcd,,AN-s,40,-5.234839744951e-4,0.01,2025-12-06T14:51:33Z
bqcd,,AN-s,41,4.855099614849e-4,0.01,2025-12-06T14:51:34Z
bqcd,,AN-s,42,0.0014528022059525,0.01,2025-12-06T14:51:34Z
bqcd,,AN-s,43,4.674375465935e-4,0.01,2025-12-06T14:51:34Z
bqcd,,AN-s,44,0.002053978743329,0.01,2025-12-06T14:51:35Z
bqcd,,AN-s,45,3.866233513772e-4,0.01,2025-12-06T14:51:35Z
bqcd,,AN-s,46,0.0019551411959649,0.01,2025-12-06T14:51:36Z
bqcd,,AN-s,47,0.0015784081596145,0.01,2025-12-06T14:51:36Z
bqcd,,AN-s,48,0.0010467946274603,0.01,2025-12-06T14:51:36Z
bqcd,,AN-s,49,8.988012883545e-4,0.01,2025-12-06T14:51:37Z
bqcd,,AN-s,50,-0.0017575882157633,0.01,2025-12-06T14:51:37Z
bqcd,,AN-s,51,7.243626771169e-4,0.01,2025-12-06T14:51:38Z
bqcd,,AN-s,52,2.080895630706e-4,0.01,2025-12-06T14:51:38Z
bqcd,,AN-s,53,6.165139198548e-4,0.01,2025-12-06T14:51:38Z
bqcd,,AN-s,54,0.0022902718755387,0.01,2025-12-06T14:51:39Z
bqcd,,AN-s,55,5.361680566833e-4,0.01,2025-12-06T14:51:39Z
bqcd,,AN-s,56,-5.279196596603e-4,0.01,2025-12-06T14:51:40Z
bqcd,,AN-s,57,1.373737563559e-4,0.01,2025-12-06T14:51:40Z
bqcd,,AN-s,58,8.849111208973e-4,0.01,2025-12-06T14:51:40Z
bqcd,,AN-s,59,0.001808573643779,0.01,2025-12-06T14:51:41Z
bqcd,,AN-s,60,0.0018375973122184,0.01,2025-12-06T14:51:41Z
bqcd,,AN-s,61,0.0040390191283276,0.01,2025-12-06T14:51:41Z
bqcd,,AN-s,62,0.0014377856928338,0.01,2025-12-06T14:51:42Z
bqcd,,AN-s,63,0.0023041152196324,0.01,2025-12-06T14:51:42Z
bqcd,,AN-s,64,0.0014777312387113,0.01,2025-12-06T14:51:43Z
bqcd,,AN-s,65,7.567896534971e-4,0.01,2025-12-06T14:51:43Z
bqcd,,AN-s,66,-9.756017199421e-4,0.01,2025-12-06T14:51:43Z
bqcd,,AN-s,67,-3.012589626116835e-5,0.01,2025-12-06T14:51:44Z
bqcd,,AN-s,68,6.247579821885e-4,0.01,2025-12-06T14:51:44Z
bqcd,,AN-s,69,5.55199325415e-4,0.01,2025-12-06T14:51:45Z
bqcd,,AN-s,70,2.410508649131e-4,0.01,2025-12-06T14:51:45Z
bqcd,,AN-s,71,0.0025221198156947,0.01,2025-12-06T14:51:45Z
bqcd,,AN-s,72,6.25845520487e-4,0.01,2025-12-06T14:51:46Z
bqcd,,AN-s,73,-6.344093977034e-4,0.01,2025-12-06T14:51:47Z
bqcd,,AN-s,74,0.0022437259017739,0.01,2025-12-06T14:51:47Z
bqcd,,AN-s,75,0.0013452798283339,0.01,2025-12-06T14:51:47Z
bqcd,,AN-s,76,0.0015103686256556,0.01,2025-12-06T14:51:48Z
bqcd,,AN-s,77,0.0028622491420425,0.01,2025-12-06T14:51:48Z
bqcd,,AN-s,78,0.0032450891995996,0.01,2025-12-06T14:51:48Z
bqcd,,AN-s,79,0.0010575729542291,0.01,2025-12-06T14:51:49Z
bqcd,,AN-s,80,5.658410910895e-4,0.01,2025-12-06T14:51:49Z
bqcd,,AN-s,81,1.918299537874e-4,0.01,2025-12-06T14:51:49Z
bqcd,,AN-s,82,9.824631708562e-4,0.01,2025-12-06T14:51:50Z
bqcd,,AN-s,83,0.004259510155535,0.01,2025-12-06T14:51:50Z
bqcd,,AN-s,84,0.0024558261557082,0.01,2025-12-06T14:51:51Z
bqcd,,AN-s,85,8.061473942969e-4,0.01,2025-12-06T14:51:51Z
bqcd,,AN-s,86,0.0021815332269555,0.01,2025-12-06T14:51:51Z
bqcd,,AN-s,87,7.746184669595e-4,0.01,2025-12-06T14:51:52Z
bqcd,,AN-s,88,0.0013256156882097,0.01,2025-12-06T14:51:52Z
bqcd,,AN-s,89,0.0037176420836397,0.01,2025-12-06T14:51:52Z
bqcd,,AN-s,90,0.0010408358041124,0.01,2025-12-06T14:51:53Z
bqcd,,AN-s,91,0.0064195308441269,0.01,2025-12-06T14:51:53Z
bqcd,,AN-s,92,-6.053290377919e-4,0.01,2025-12-06T14:51:53Z
bqcd,,AN-s,93,0.0010068279654414,0.01,2025-12-06T14:51:54Z
bqcd,,AN-s,94,4.118242171836e-4,0.01,2025-12-06T14:51:54Z
bqcd,,AN-s,95,0.0046324484430446,0.01,2025-12-06T14:51:55Z
bqcd,,AN-s,96,9.472828942092e-4,0.01,2025-12-06T14:51:55Z
bqcd,,AN-s,97,0.0011562709600916,0.01,2025-12-06T14:51:55Z
bqcd,,AN-s,98,4.373712814482e-4,0.01,2025-12-06T14:51:56Z
bqcd,,AN-s,99,0.0024342701444588,0.01,2025-12-06T14:51:56Z
bqcd,,AN-s,100,9.328706094493e-4,0.01,2025-12-06T14:51:57Z
bqcd,,LS,1,0.0762231832553523,0.01,2025-12-06T14:51:57Z
bqcd,,LS,2,0.0595064000511418,0.01,2025-12-06T14:51:57Z
bqcd,,LS,3,0.1925867449469213,0.01,2025-12-06T14:51:58Z
bqcd,,LS,4,0.097273482809716,0.01,2025-12-06T14:51:58Z
bqcd,,LS,5,0.1694993365722822,0.01,2025-12-06T14:51:58Z
bqcd,,LS,6,0.0455330130952464,0.01,2025-12-06T14:51:59Z
bqcd,,LS,7,0.0900932909446294,0.01,2025-12-06T14:51:59Z
bqcd,,LS,8,0.1069397786032892,0.01,2025-12-06T14:52:00Z
bqcd,,LS,9,0.1258188951554232,0.01,2025-12-06T14:52:00Z
bqcd,,LS,10,0.1219841225703913,0.01,2025-12-06T14:52:00Z
bqcd,,LS,11,0.138832382171457,0.01,2025-12-06T14:52:01Z
bqcd,,LS,12,0.147960456813477,0.01,2025-12-06T14:52:01Z
bqcd,,LS,13,0.0121264995998829,0.01,2025-12-06T14:52:02Z
bqcd,,LS,14,0.054735253391317,0.01,2025-12-06T14:52:02Z
bqcd,,LS,15,0.0195615596487783,0.01,2025-12-06T14:52:03Z
bqcd,,LS,16,0.1019140255878875,0.01,2025-12-06T14:52:03Z
bqcd,,LS,17,0.0782145114401702,0.01,2025-12-06T14:52:03Z
bqcd,,LS,18,0.0225349524315536,0.01,2025-12-06T14:52:04Z
bqcd,,LS,19,0.0960180517943198,0.01,2025-12-06T14:52:04Z
bqcd,,LS,20,0.0326675162834098,0.01,2025-12-06T14:52:04Z
bqcd,,LS,21,0.112903849550173,0.01,2025-12-06T14:52:05Z
bqcd,,LS,22,0.0812456368914156,0.01,2025-12-06T14:52:05Z
bqcd,,LS,23,0.0373123432417233,0.01,2025-12-06T14:52:06Z
bqcd,,LS,24,0.1912719962931618,0.01,2025-12-06T14:52:06Z
bqcd,,LS,25,0.0695860140391761,0.01,2025-12-06T14:52:06Z
bqcd,,LS,26,0.1248742008245676,0.01,2025-12-06T14:52:07Z
bqcd,,LS,27,0.1211766451130187,0.01,2025-12-06T14:52:07Z
bqcd,,LS,28,0.1234801969847584,0.01,2025-12-06T14:52:08Z
bqcd,,LS,29,0.0760230106790204,0.01,2025-12-06T14:52:08Z
bqcd,,LS,30,0.083888026614048,0.01,2025-12-06T14:52:09Z
bqcd,,LS,31,0.0994401193064633,0.01,2025-12-06T14:52:09Z
bqcd,,LS,32,0.0786240635973352,0.01,2025-12-06T14:52:09Z
bqcd,,LS,33,0.0346966266252638,0.01,2025-12-06T14:52:10Z
bqcd,,LS,34,0.1037557463296683,0.01,2025-12-06T14:52:10Z
bqcd,,LS,35,0.0992337131864621,0.01,2025-12-06T14:52:11Z
bqcd,,LS,36,0.033784821611199,0.01,2025-12-06T14:52:11Z
bqcd,,LS,37,0.0910773425515537,0.01,2025-12-06T14:52:11Z
bqcd,,LS,38,0.072607451196183,0.01,2025-12-06T14:52:12Z
bqcd,,LS,39,0.1816209726168151,0.01,2025-12-06T14:52:12Z
bqcd,,LS,40,0.0411548013903363,0.01,2025-12-06T14:52:12Z
bqcd,,LS,41,0.0569486912753927,0.01,2025-12-06T14:52:13Z
bqcd,,LS,42,0.0586319692838134,0.01,2025-12-06T14:52:13Z
bqcd,,LS,43,0.0912188476044293,0.01,2025-12-06T14:52:14Z
bqcd,,LS,44,0.0844611094670871,0.01,2025-12-06T14:52:14Z
bqcd,,LS,45,0.0471339041626074,0.01,2025-12-06T14:52:14Z
bqcd,,LS,46,0.0741934748995138,0.01,2025-12-06T14:52:15Z
bqcd,,LS,47,0.0663958456791218,0.01,2025-12-06T14:52:15Z
bqcd,,LS,48,0.034176131098505,0.01,2025-12-06T14:52:15Z
bqcd,,LS,49,0.0798235198480179,0.01,2025-12-06T14:52:16Z
bqcd,,LS,50,0.0891407084283407,0.01,2025-12-06T14:52:16Z
bqcd,,LS,51,0.0294753018577705,0.01,2025-12-06T14:52:17Z
bqcd,,LS,52,0.1010376324191701,0.01,2025-12-06T14:52:17Z
bqcd,,LS,53,0.0820356375056803,0.01,2025-12-06T14:52:17Z
bqcd,,LS,54,0.0814921111633559,0.01,2025-12-06T14:52:18Z
bqcd,,LS,55,0.0221121590468699,0.01,2025-12-06T14:52:18Z
bqcd,,LS,56,0.064802570519405,0.01,2025-12-06T14:52:19Z
bqcd,,LS,57,0.0694881564391162,0.01,2025-12-06T14:52:19Z
bqcd,,LS,58,0.0603501636618292,0.01,2025-12-06T14:52:19Z
bqcd,,LS,59,0.1245372949318516,0.01,2025-12-06T14:52:20Z
bqcd,,LS,60,0.0166007882414517,0.01,2025-12-06T14:52:20Z
bqcd,,LS,61,0.0542393270129264,0.01,2025-12-06T14:52:20Z
bqcd,,LS,62,0.0952388173791231,0.01,2025-12-06T14:52:21Z
bqcd,,LS,63,0.0716429475899903,0.01,2025-12-06T14:52:21Z
bqcd,,LS,64,0.1765058376857429,0.01,2025-12-06T14:52:22Z
bqcd,,LS,65,0.2118604542504261,0.01,2025-12-06T14:52:22Z
bqcd,,LS,66,0.0917275092391275,0.01,2025-12-06T14:52:22Z
bqcd,,LS,67,0.1272549784042802,0.01,2025-12-06T14:52:23Z
bqcd,,LS,68,0.1700499158978852,0.01,2025-12-06T14:52:23Z
bqcd,,LS,69,0.1348077739881198,0.01,2025-12-06T14:52:24Z
bqcd,,LS,70,0.1640234077877757,0.01,2025-12-06T14:52:24Z
bqcd,,LS,71,0.0512725801260346,0.01,2025-12-06T14:52:25Z
bqcd,,LS,72,0.1380846007620381,0.01,2025-12-06T14:52:25Z
bqcd,,LS,73,0.082419295211177,0.01,2025-12-06T14:52:25Z
bqcd,,LS,74,0.0688564960414569,0.01,2025-12-06T14:52:26Z
bqcd,,LS,75,0.0804401017734893,0.01,2025-12-06T14:52:26Z
bqcd,,LS,76,0.0226392906434875,0.01,2025-12-06T14:52:27Z
bqcd,,LS,77,0.1531195559139329,0.01,2025-12-06T14:52:27Z
bqcd,,LS,78,0.0912379792338211,0.01,2025-12-06T14:52:27Z
bqcd,,LS,79,0.0964875447914895,0.01,2025-12-06T14:52:28Z
bqcd,,LS,80,0.1584284451461139,0.01,2025-12-06T14:52:28Z
bqcd,,LS,81,0.0246708613278052,0.01,2025-12-06T14:52:29Z
bqcd,,LS,82,0.1415559081978704,0.01,2025-12-06T14:52:29Z
bqcd,,LS,83,0.1072363483742497,0.01,2025-12-06T14:52:29Z
bqcd,,LS,84,0.1355932099738512,0.01,2025-12-06T14:52:30Z
bqcd,,LS,85,0.0930316956646795,0.01,2025-12-06T14:52:30Z
bqcd,,LS,86,0.1456717533722242,0.01,2025-12-06T14:52:31Z
bqcd,,LS,87,0.1823594493908542,0.01,2025-12-06T14:52:31Z
bqcd,,LS,88,0.1372994647663173,0.01,2025-12-06T14:52:32Z
bqcd,,LS,89,0.0228160995366965,0.01,2025-12-06T14:52:32Z
bqcd,,LS,90,0.0591476769358868,0.01,2025-12-06T14:52:32Z
bqcd,,LS,91,0.0883424025420714,0.01,2025-12-06T14:52:33Z
bqcd,,LS,92,0.1693907696602624,0.01,2025-12-06T14:52:33Z
bqcd,,LS,93,0.0477517649689623,0.01,2025-12-06T14:52:33Z
bqcd,,LS,94,0.1439207473178012,0.01,2025-12-06T14:52:34Z
bqcd,,LS,95,0.100897373605278,0.01,2025-12-06T14:52:34Z
bqcd,,LS,96,0.1356887302281153,0.01,2025-12-06T14:52:35Z
bqcd,,LS,97,0.0664135616031571,0.01,2025-12-06T14:52:35Z
bqcd,,LS,98,0.0286801095874138,0.01,2025-12-06T14:52:35Z
bqcd,,LS,99,0.052808202922449,0.01,2025-12-06T14:52:36Z
bqcd,,LS,100,0.0487312948570438,0.01,2025-12-06T14:52:36Z
bqcd,,LS-s,1,0.0022593281676903,0.01,2025-12-06T14:52:36Z
bqcd,,LS-s,2,0.0012496592572861,0.01,2025-12-06T14:52:37Z
bqcd,,LS-s,3,0.0127136112148187,0.01,2025-12-06T14:52:37Z
bqcd,,LS-s,4,5.301323349495e-4,0.01,2025-12-06T14:52:38Z
bqcd,,LS-s,5,0.0032401376889275,0.01,2025-12-06T14:52:38Z
bqcd,,LS-s,6,0.0128515410342203,0.01,2025-12-06T14:52:39Z
bqcd,,LS-s,7,0.0023381016916433,0.01,2025-12-06T14:52:39Z
bqcd,,LS-s,8,0.0033206085559868,0.01,2025-12-06T14:52:39Z
bqcd,,LS-s,9,3.005033806119e-4,0.01,2025-12-06T14:52:40Z
bqcd,,LS-s,10,0.0036969363522912,0.01,2025-12-06T14:52:40Z
bqcd,,LS-s,11,0.0011984872817069,0.01,2025-12-06T14:52:41Z
bqcd,,LS-s,12,0.0092383976934236,0.01,2025-12-06T14:52:41Z
bqcd,,LS-s,13,0.0099276531354064,0.01,2025-12-06T14:52:41Z
bqcd,,LS-s,14,0.0018575278511733,0.01,2025-12-06T14:52:42Z
bqcd,,LS-s,15,0.0030522911870921,0.01,2025-12-06T14:52:42Z
bqcd,,LS-s,16,0.0133437134931375,0.01,2025-12-06T14:52:42Z
bqcd,,LS-s,17,0.0072326603167629,0.01,2025-12-06T14:52:43Z
bqcd,,LS-s,18,0.004134860927852,0.01,2025-12-06T14:52:43Z
bqcd,,LS-s,19,0.0119803045562164,0.01,2025-12-06T14:52:44Z
bqcd,,LS-s,20,0.00183701517356,0.01,2025-12-06T14:52:44Z
bqcd,,LS-s,21,0.0158600130732929,0.01,2025-12-06T14:52:44Z
bqcd,,LS-s,22,0.0085101507033312,0.01,2025-12-06T14:52:45Z
bqcd,,LS-s,23,0.0079486661833196,0.01,2025-12-06T14:52:45Z
bqcd,,LS-s,24,0.011161731872343,0.01,2025-12-06T14:52:46Z
bqcd,,LS-s,25,0.0017406148601538,0.01,2025-12-06T14:52:46Z
bqcd,,LS-s,26,0.00536306753693,0.01,2025-12-06T14:52:46Z
bqcd,,LS-s,27,0.0050397989738972,0.01,2025-12-06T14:52:47Z
bqcd,,LS-s,28,0.0105606370646437,0.01,2025-12-06T14:52:47Z
bqcd,,LS-s,29,0.0024521846717527,0.01,2025-12-06T14:52:48Z
bqcd,,LS-s,30,6.408822434903e-4,0.01,2025-12-06T14:52:48Z
bqcd,,LS-s,31,0.005002673141046,0.01,2025-12-06T14:52:48Z
bqcd,,LS-s,32,0.0010923276305206,0.01,2025-12-06T14:52:49Z
bqcd,,LS-s,33,0.0046548360773925,0.01,2025-12-06T14:52:49Z
bqcd,,LS-s,34,0.0112335425031756,0.01,2025-12-06T14:52:49Z
bqcd,,LS-s,35,0.0076531713261268,0.01,2025-12-06T14:52:50Z
bqcd,,LS-s,36,5.784954383181e-4,0.01,2025-12-06T14:52:50Z
bqcd,,LS-s,37,0.003716285951571,0.01,2025-12-06T14:52:51Z
bqcd,,LS-s,38,0.0029135563370037,0.01,2025-12-06T14:52:51Z
bqcd,,LS-s,39,0.0064107753372708,0.01,2025-12-06T14:52:51Z
bqcd,,LS-s,40,0.0031020419026068,0.01,2025-12-06T14:52:52Z
bqcd,,LS-s,41,0.0044729343759993,0.01,2025-12-06T14:52:52Z
bqcd,,LS-s,42,0.0111733309900083,0.01,2025-12-06T14:52:53Z
bqcd,,LS-s,43,7.888042530065e-4,0.01,2025-12-06T14:52:53Z
bqcd,,LS-s,44,0.0022086008841575,0.01,2025-12-06T14:52:54Z
bqcd,,LS-s,45,0.0027143148679379,0.01,2025-12-06T14:52:54Z
bqcd,,LS-s,46,0.0127266763387394,0.01,2025-12-06T14:52:54Z
bqcd,,LS-s,47,0.0141434208576558,0.01,2025-12-06T14:52:55Z
bqcd,,LS-s,48,0.0022970172129835,0.01,2025-12-06T14:52:55Z
bqcd,,LS-s,49,8.198283663657e-4,0.01,2025-12-06T14:52:56Z
bqcd,,LS-s,50,0.0012918107007016,0.01,2025-12-06T14:52:56Z
bqcd,,LS-s,51,1.522885551326e-4,0.01,2025-12-06T14:52:56Z
bqcd,,LS-s,52,0.0025953025018641,0.01,2025-12-06T14:52:57Z
bqcd,,LS-s,53,0.0032390669056745,0.01,2025-12-06T14:52:57Z
bqcd,,LS-s,54,0.0010108614173623,0.01,2025-12-06T14:52:58Z
bqcd,,LS-s,55,0.008065713211669,0.01,2025-12-06T14:52:58Z
bqcd,,LS-s,56,0.0115095753539224,0.01,2025-12-06T14:52:59Z
bqcd,,LS-s,57,0.0062229037390877,0.01,2025-12-06T14:52:59Z
bqcd,,LS-s,58,0.0022997405847822,0.01,2025-12-06T14:53:00Z
bqcd,,LS-s,59,0.012235663073723,0.01,2025-12-06T14:53:00Z
bqcd,,LS-s,60,0.0017986004710136,0.01,2025-12-06T14:53:01Z
bqcd,,LS-s,61,0.0091135796200874,0.01,2025-12-06T14:53:01Z
bqcd,,LS-s,62,0.001100011831601,0.01,2025-12-06T14:53:02Z
bqcd,,LS-s,63,6.895232326408e-4,0.01,2025-12-06T14:53:02Z
bqcd,,LS-s,64,0.0098867811321989,0.01,2025-12-06T14:53:03Z
bqcd,,LS-s,65,0.0066844645404463,0.01,2025-12-06T14:53:03Z
bqcd,,LS-s,66,0.0091657762173406,0.01,2025-12-06T14:53:04Z
bqcd,,LS-s,67,6.290477637758e-4,0.01,2025-12-06T14:53:04Z
bqcd,,LS-s,68,0.0081354038706881009,0.01,2025-12-06T14:53:05Z
bqcd,,LS-s,69,0.0017382009443703,0.01,2025-12-06T14:53:05Z
bqcd,,LS-s,70,0.0044802028407165,0.01,2025-12-06T14:53:05Z
bqcd,,LS-s,71,0.0076381828131437,0.01,2025-12-06T14:53:06Z
bqcd,,LS-s,72,0.0013943918930091,0.01,2025-12-06T14:53:06Z
bqcd,,LS-s,73,0.0024456206827606,0.01,2025-12-06T14:53:07Z
bqcd,,LS-s,74,0.0013316836726647,0.01,2025-12-06T14:53:07Z
bqcd,,LS-s,75,0.0024088597772327,0.01,2025-12-06T14:53:08Z
bqcd,,LS-s,76,0.0083912289092346,0.01,2025-12-06T14:53:08Z
bqcd,,LS-s,77,0.0127372110221001,0.01,2025-12-06T14:53:09Z
bqcd,,LS-s,78,0.0056809341698077,0.01,2025-12-06T14:53:09Z
bqcd,,LS-s,79,0.0025838467513343002,0.01,2025-12-06T14:53:10Z
bqcd,,LS-s,80,0.0089027616227074,0.01,2025-12-06T14:53:10Z
bqcd,,LS-s,81,0.0012626626137691,0.01,2025-12-06T14:53:11Z
bqcd,,LS-s,82,8.082923420347e-4,0.01,2025-12-06T14:53:12Z
bqcd,,LS-s,83,0.0010589537831163,0.01,2025-12-06T14:53:12Z
bqcd,,LS-s,84,6.272497855253e-4,0.01,2025-12-06T14:53:12Z
bqcd,,LS-s,85,0.0095959925947547,0.01,2025-12-06T14:53:13Z
bqcd,,LS-s,86,0.0087548556096883,0.01,2025-12-06T14:53:13Z
bqcd,,LS-s,87,0.0069752878041383,0.01,2025-12-06T14:53:14Z
bqcd,,LS-s,88,0.0010533503902803,0.01,2025-12-06T14:53:14Z
bqcd,,LS-s,89,0.0039160158546043,0.01,2025-12-06T14:53:15Z
bqcd,,LS-s,90,0.0033065938942093,0.01,2025-12-06T14:53:15Z
bqcd,,LS-s,91,0.0016370721433471,0.01,2025-12-06T14:53:16Z
bqcd,,LS-s,92,0.0119095200767622,0.01,2025-12-06T14:53:16Z
bqcd,,LS-s,93,1.864341661148e-4,0.01,2025-12-06T14:53:17Z
bqcd,,LS-s,94,0.0015572107051272,0.01,2025-12-06T14:53:17Z
bqcd,,LS-s,95,0.0121250866448002,0.01,2025-12-06T14:53:18Z
bqcd,,LS-s,96,0.0019218066506958,0.01,2025-12-06T14:53:18Z
bqcd,,LS-s,97,0.0084034304247945,0.01,2025-12-06T14:53:19Z
bqcd,,LS-s,98,0.0014325007553072,0.01,2025-12-06T14:53:19Z
bqcd,,LS-s,99,4.988342182229e-4,0.01,2025-12-06T14:53:20Z
bqcd,,LS-s,100,0.0024432993502958,0.01,2025-12-06T14:53:20Z
bqcd,,MN-U,1,0.0068065302923057,0.01,2025-12-06T14:53:21Z
bqcd,,MN-U,2,0.0029963419163887,0.01,2025-12-06T14:53:22Z
bqcd,,MN-U,3,0.0071077678009373,0.01,2025-12-06T14:53:22Z
bqcd,,MN-U,4,0.0066073529301796,0.01,2025-12-06T14:53:23Z
bqcd,,MN-U,5,0.0039475405887573,0.01,2025-12-06T14:53:23Z
bqcd,,MN-U,6,0.006608987456326,0.01,2025-12-06T14:53:24Z
bqcd,,MN-U,7,0.002535166088985,0.01,2025-12-06T14:53:24Z
bqcd,,MN-U,8,0.0033837451523616,0.01,2025-12-06T14:53:25Z
bqcd,,MN-U,9,0.0051367057119996,0.01,2025-12-06T14:53:26Z
bqcd,,MN-U,10,0.0097754176018538,0.01,2025-12-06T14:53:26Z
bqcd,,MN-U,11,0.001665245864715,0.01,2025-12-06T14:53:26Z
bqcd,,MN-U,12,0.0101222068933163,0.01,2025-12-06T14:53:27Z
bqcd,,MN-U,13,0.0103949277911457,0.01,2025-12-06T14:53:27Z
bqcd,,MN-U,14,0.0058287897598245,0.01,2025-12-06T14:53:28Z
bqcd,,MN-U,15,0.004324084023047,0.01,2025-12-06T14:53:28Z
bqcd,,MN-U,16,0.0056966712341448,0.01,2025-12-06T14:53:29Z
bqcd,,MN-U,17,0.0025186925450307,0.01,2025-12-06T14:53:29Z
bqcd,,MN-U,18,0.0064458271835551,0.01,2025-12-06T14:53:30Z
bqcd,,MN-U,19,0.0071787837721389,0.01,2025-12-06T14:53:30Z
bqcd,,MN-U,20,0.0034565175562177,0.01,2025-12-06T14:53:31Z
bqcd,,MN-U,21,0.0085980327827719,0.01,2025-12-06T14:53:31Z
bqcd,,MN-U,22,0.007372282879537,0.01,2025-12-06T14:53:31Z
bqcd,,MN-U,23,0.0082968323672513,0.01,2025-12-06T14:53:32Z
bqcd,,MN-U,24,0.0063632246601132,0.01,2025-12-06T14:53:32Z
bqcd,,MN-U,25,0.0067789215160657,0.01,2025-12-06T14:53:33Z
bqcd,,MN-U,26,0.0049994845437457,0.01,2025-12-06T14:53:33Z
bqcd,,MN-U,27,0.0057526546787446,0.01,2025-12-06T14:53:34Z
bqcd,,MN-U,28,0.0017717184505008,0.01,2025-12-06T14:53:34Z
bqcd,,MN-U,29,0.0035970932284111,0.01,2025-12-06T14:53:35Z
bqcd,,MN-U,30,0.0042174727817082,0.01,2025-12-06T14:53:35Z
bqcd,,MN-U,31,0.0045790948147117,0.01,2025-12-06T14:53:36Z
bqcd,,MN-U,32,0.00664759990027,0.01,2025-12-06T14:53:36Z
bqcd,,MN-U,33,0.0049964614152804,0.01,2025-12-06T14:53:36Z
bqcd,,MN-U,34,0.0034668659455289,0.01,2025-12-06T14:53:37Z
bqcd,,MN-U,35,0.0103030145790358,0.01,2025-12-06T14:53:37Z
bqcd,,MN-U,36,0.0057004466230918,0.01,2025-12-06T14:53:38Z
bqcd,,MN-U,37,0.0091813212249477,0.01,2025-12-06T14:53:38Z
bqcd,,MN-U,38,0.0033052410435306,0.01,2025-12-06T14:53:39Z
bqcd,,MN-U,39,0.0072429213648035,0.01,2025-12-06T14:53:39Z
bqcd,,MN-U,40,0.0111000733714653,0.01,2025-12-06T14:53:40Z
bqcd,,MN-U,41,0.0030615694355756,0.01,2025-12-06T14:53:40Z
bqcd,,MN-U,42,0.007207919951649,0.01,2025-12-06T14:53:41Z
bqcd,,MN-U,43,0.0034985649504158,0.01,2025-12-06T14:53:41Z
bqcd,,MN-U,44,0.0055132542849672,0.01,2025-12-06T14:53:42Z
bqcd,,MN-U,45,0.0037673375084006,0.01,2025-12-06T14:53:42Z
bqcd,,MN-U,46,0.0048154893079881,0.01,2025-12-06T14:53:43Z
bqcd,,MN-U,47,0.0040283339263489,0.01,2025-12-06T14:53:43Z
bqcd,,MN-U,48,0.002752775865722,0.01,2025-12-06T14:53:44Z
bqcd,,MN-U,49,0.0060119049664107,0.01,2025-12-06T14:53:45Z
bqcd,,MN-U,50,0.0066391389161691,0.01,2025-12-06T14:53:45Z
bqcd,,MN-U,51,0.0087108642602012,0.01,2025-12-06T14:53:46Z
bqcd,,MN-U,52,0.008782913239554,0.01,2025-12-06T14:53:46Z
bqcd,,MN-U,53,0.0030687659679947,0.01,2025-12-06T14:53:46Z
bqcd,,MN-U,54,0.0043333571523287,0.01,2025-12-06T14:53:47Z
bqcd,,MN-U,55,0.0045913190325436,0.01,2025-12-06T14:53:47Z
bqcd,,MN-U,56,0.003771537163565,0.01,2025-12-06T14:53:48Z
bqcd,,MN-U,57,0.0065058374079327,0.01,2025-12-06T14:53:48Z
bqcd,,MN-U,58,0.0053073675474177,0.01,2025-12-06T14:53:49Z
bqcd,,MN-U,59,0.0056824896760193,0.01,2025-12-06T14:53:49Z
bqcd,,MN-U,60,0.0056944060991028,0.01,2025-12-06T14:53:50Z
bqcd,,MN-U,61,0.0067134989553953,0.01,2025-12-06T14:53:50Z
bqcd,,MN-U,62,0.0132955600810997,0.01,2025-12-06T14:53:51Z
bqcd,,MN-U,63,0.0116633287894378,0.01,2025-12-06T14:53:51Z
bqcd,,MN-U,64,0.002980963167268,0.01,2025-12-06T14:53:52Z
bqcd,,MN-U,65,0.0080787286544442,0.01,2025-12-06T14:53:52Z
bqcd,,MN-U,66,0.0066462917753095,0.01,2025-12-06T14:53:53Z
bqcd,,MN-U,67,0.0090099221992538,0.01,2025-12-06T14:53:53Z
bqcd,,MN-U,68,0.0070483062055729,0.01,2025-12-06T14:53:53Z
bqcd,,MN-U,69,0.0041109471767067,0.01,2025-12-06T14:53:54Z
bqcd,,MN-U,70,0.0064897249349659,0.01,2025-12-06T14:53:54Z
bqcd,,MN-U,71,0.0016653078962636,0.01,2025-12-06T14:53:55Z
bqcd,,MN-U,72,0.0056017321987044,0.01,2025-12-06T14:53:55Z
bqcd,,MN-U,73,0.0055179347832692,0.01,2025-12-06T14:53:56Z
bqcd,,MN-U,74,0.0011817605567864,0.01,2025-12-06T14:53:56Z
bqcd,,MN-U,75,0.0063762347865174,0.01,2025-12-06T14:53:57Z
bqcd,,MN-U,76,0.0058468296299966,0.01,2025-12-06T14:53:57Z
bqcd,,MN-U,77,0.005622103914523,0.01,2025-12-06T14:53:58Z
bqcd,,MN-U,78,0.0055068558823326,0.01,2025-12-06T14:53:58Z
bqcd,,MN-U,79,0.0043517679548442,0.01,2025-12-06T14:53:59Z
bqcd,,MN-U,80,0.0019690980814472,0.01,2025-12-06T14:53:59Z
bqcd,,MN-U,81,0.0010936737324127,0.01,2025-12-06T14:54:00Z
bqcd,,MN-U,82,0.0033553903675149,0.01,2025-12-06T14:54:00Z
bqcd,,MN-U,83,0.0070091458616446,0.01,2025-12-06T14:54:00Z
bqcd,,MN-U,84,0.0056075814740683,0.01,2025-12-06T14:54:01Z
bqcd,,MN-U,85,0.0060633812738255,0.01,2025-12-06T14:54:01Z
bqcd,,MN-U,86,2.459978535567e-4,0.01,2025-12-06T14:54:02Z
bqcd,,MN-U,87,0.0013101261394171,0.01,2025-12-06T14:54:02Z
bqcd,,MN-U,88,0.0095715811705484,0.01,2025-12-06T14:54:03Z
bqcd,,MN-U,89,0.0043762330253632,0.01,2025-12-06T14:54:04Z
bqcd,,MN-U,90,0.0047625956808734,0.01,2025-12-06T14:54:04Z
bqcd,,MN-U,91,0.007201476393943,0.01,2025-12-06T14:54:05Z
bqcd,,MN-U,92,0.0057530241234574,0.01,2025-12-06T14:54:05Z
bqcd,,MN-U,93,0.0054263942119121,0.01,2025-12-06T14:54:06Z
bqcd,,MN-U,94,0.0083254040018433,0.01,2025-12-06T14:54:06Z
bqcd,,MN-U,95,0.0083716716591489,0.01,2025-12-06T14:54:07Z
bqcd,,MN-U,96,0.0021807278617202,0.01,2025-12-06T14:54:07Z
bqcd,,MN-U,97,0.0086577519200049,0.01,2025-12-06T14:54:08Z
bqcd,,MN-U,98,0.0047121851626313,0.01,2025-12-06T14:54:08Z
bqcd,,MN-U,99,0.007165132840136,0.01,2025-12-06T14:54:09Z
bqcd,,MN-U,100,0.0058373045603304,0.01,2025-12-06T14:54:09Z
cam,,AN,48,2.4089436196755245,0.01,2025-12-06T15:24:38Z
cam,,AN,49,2.4452855846307666,0.01,2025-12-06T15:24:38Z
cam,,AN,50,2.334297750055561,0.01,2025-12-06T15:24:39Z
cam,,AN,51,2.266322459335879,0.01,2025-12-06T15:24:39Z
cam,,AN,52,2.428281533537187,0.01,2025-12-06T15:24:39Z
cam,,AN,53,2.448936446089397,0.01,2025-12-06T15:24:40Z
cam,,AN,54,2.386045003574075,0.01,2025-12-06T15:24:40Z
cam,,AN,55,2.358806399856985,0.01,2025-12-06T15:24:40Z
cam,,AN,56,2.384469164405701,0.01,2025-12-06T15:24:40Z
cam,,AN,57,2.459252226666358,0.01,2025-12-06T15:24:41Z
cam,,AN,58,2.3982767772266937,0.01,2025-12-06T15:24:41Z
cam,,AN,59,2.4670242106160742,0.01,2025-12-06T15:24:41Z
cam,,AN,60,2.481470668342951,0.01,2025-12-06T15:24:41Z
cam,,AN,61,2.441790958275021,0.01,2025-12-06T15:24:42Z
cam,,AN,62,2.446111082438609,0.01,2025-12-06T15:24:42Z
cam,,AN,63,2.424938511707572,0.01,2025-12-06T15:24:42Z
cam,,AN,64,2.4474022379564127,0.01,2025-12-06T15:24:43Z
cam,,AN,65,2.351116044318884,0.01,2025-12-06T15:24:43Z
cam,,AN,66,2.374745898695574,0.01,2025-12-06T15:24:43Z
cam,,AN,67,2.464079397020767,0.01,2025-12-06T15:24:43Z
cam,,AN,68,2.323545434247539,0.01,2025-12-06T15:24:44Z
cam,,AN,69,2.443872351619007,0.01,2025-12-06T15:24:44Z
cam,,AN,70,2.399728284466259,0.01,2025-12-06T15:24:44Z
cam,,AN,71,2.3366981867619714,0.01,2025-12-06T15:24:44Z
cam,,AN,72,2.3968745268615,0.01,2025-12-06T15:24:45Z
cam,,AN,73,2.26096690445206,0.01,2025-12-06T15:24:45Z
cam,,AN,74,2.3055206681658484,0.01,2025-12-06T15:24:45Z
cam,,AN,75,2.4115469711233883,0.01,2025-12-06T15:24:45Z
cam,,AN,76,2.4150991498709886,0.01,2025-12-06T15:24:46Z
cam,,AN,77,2.257651720278397,0.01,2025-12-06T15:24:46Z
cam,,AN,78,2.4899682597511728,0.01,2025-12-06T15:24:46Z
cam,,AN,79,2.495515342612036,0.01,2025-12-06T15:24:47Z
cam,,AN,80,2.4266696440181192,0.01,2025-12-06T15:24:47Z
cam,,AN,81,2.363529108043295,0.01,2025-12-06T15:24:47Z
cam,,AN,82,2.4835660405233417,0.01,2025-12-06T15:24:47Z
cam,,AN,83,2.439794670218677,0.01,2025-12-06T15:24:48Z
cam,,AN,84,2.497543899805263,0.01,2025-12-06T15:24:48Z
cam,,AN,85,2.4409801347046023,0.01,2025-12-06T15:24:48Z
cam,,AN,86,2.4108649733376524,0.01,2025-12-06T15:24:48Z
cam,,AN,87,2.28779134711652,0.01,2025-12-06T15:24:49Z
cam,,AN,88,2.3197423169893683,0.01,2025-12-06T15:24:49Z
cam,,AN,89,2.4717069128205003,0.01,2025-12-06T15:24:49Z
cam,,AN,90,2.3618633835559564,0.01,2025-12-06T15:24:49Z
cam,,AN,91,2.403164271524161,0.01,2025-12-06T15:24:50Z
cam,,AN,92,2.4332040447868786,0.01,2025-12-06T15:24:50Z
cam,,AN,93,2.3786546244539144,0.01,2025-12-06T15:24:50Z
cam,,AN,94,2.3282192783925817,0.01,2025-12-06T15:24:51Z
cam,,AN,95,2.342824102162073,0.01,2025-12-06T15:24:51Z
cam,,AN,96,2.4474542399235,0.01,2025-12-06T15:24:51Z
cam,,AN,97,2.356306672758498,0.01,2025-12-06T15:24:51Z
cam,,AN,98,2.4513244109302583,0.01,2025-12-06T15:24:52Z
cam,,AN,99,2.291431601240444,0.01,2025-12-06T15:24:52Z
cam,,AN,100,2.371129066723737,0.01,2025-12-06T15:24:52Z
cam,,AN-s,1,2.6855879176829225,0.01,2025-12-06T15:24:53Z
cam,,AN-s,2,3.0531987799324942,0.01,2025-12-06T15:24:53Z
cam,,AN-s,3,2.359409026660768,0.01,2025-12-06T15:24:53Z
cam,,AN-s,4,2.780160435183293,0.01,2025-12-06T15:24:53Z
cam,,AN-s,5,2.8143195886886745,0.01,2025-12-06T15:24:54Z
cam,,AN-s,6,2.4472442258039564,0.01,2025-12-06T15:24:54Z
cam,,AN-s,7,2.14902056241116,0.01,2025-12-06T15:24:54Z
cam,,AN-s,8,2.85504941940001,0.01,2025-12-06T15:24:55Z
cam,,AN-s,9,2.6249733272662645,0.01,2025-12-06T15:24:55Z
cam,,AN-s,10,2.381550225403465,0.01,2025-12-06T15:24:55Z
cam,,AN-s,11,2.2629843368018148,0.01,2025-12-06T15:24:56Z
cam,,AN-s,12,2.3908351674739663,0.01,2025-12-06T15:24:56Z
cam,,AN-s,13,2.2496265127472035,0.01,2025-12-06T15:24:56Z
cam,,AN-s,14,2.7181935414092013,0.01,2025-12-06T15:24:56Z
cam,,AN-s,15,2.407910096653289,0.01,2025-12-06T15:24:57Z
cam,,AN-s,16,2.401411611531158,0.01,2025-12-06T15:24:57Z
cam,,AN-s,17,2.6525225029596857,0.01,2025-12-06T15:24:57Z
cam,,AN-s,18,2.360090432589285,0.01,2025-12-06T15:24:57Z
cam,,AN-s,19,2.781726137200161,0.01,2025-12-06T15:24:58Z
cam,,AN-s,20,2.338354300382856,0.01,2025-12-06T15:24:58Z
cam,,AN-s,21,2.023976834095857,0.01,2025-12-06T15:24:58Z
cam,,AN-s,22,2.5896468182231343,0.01,2025-12-06T15:24:59Z
cam,,AN-s,23,2.7522972543542985,0.01,2025-12-06T15:24:59Z
cam,,AN-s,24,2.3224384411349925,0.01,2025-12-06T15:24:59Z
cam,,AN-s,25,1.9786600954223383,0.01,2025-12-06T15:24:59Z
cam,,AN-s,26,2.387417876520198,0.01,2025-12-06T15:25:00Z
cam,,AN-s,27,2.0695780563069093,0.01,2025-12-06T15:25:00Z
cam,,AN-s,28,2.413179399718787,0.01,2025-12-06T15:25:00Z
cam,,AN-s,29,2.510178049112582,0.01,2025-12-06T15:25:00Z
cam,,AN-s,30,2.569984098979708,0.01,2025-12-06T15:25:01Z
cam,,AN-s,31,1.9868882261121907,0.01,2025-12-06T15:25:01Z
cam,,AN-s,32,2.0371785556585995,0.01,2025-12-06T15:25:01Z
cam,,AN-s,33,2.1197622474329223,0.01,2025-12-06T15:25:02Z
cam,,AN-s,34,2.147919163751501,0.01,2025-12-06T15:25:02Z
cam,,AN-s,35,2.469249560548086,0.01,2025-12-06T15:25:02Z
cam,,AN-s,36,3.103116017062254,0.01,2025-12-06T15:25:02Z
cam,,AN-s,37,2.193407999970832,0.01,2025-12-06T15:25:03Z
cam,,AN-s,38,2.810035180148384,0.01,2025-12-06T15:25:03Z
cam,,AN-s,39,2.207783817606105,0.01,2025-12-06T15:25:03Z
cam,,AN-s,40,2.791461019696177,0.01,2025-12-06T15:25:03Z
cam,,AN-s,41,2.3290871222063285,0.01,2025-12-06T15:25:04Z
cam,,AN-s,42,2.437355311414919,0.01,2025-12-06T15:25:04Z
cam,,AN-s,43,2.67122686640528,0.01,2025-12-06T15:25:04Z
cam,,AN-s,44,2.170433513498584,0.01,2025-12-06T15:25:05Z
cam,,AN-s,45,2.3190302198771824,0.01,2025-12-06T15:25:05Z
cam,,AN-s,46,2.907320263245232,0.01,2025-12-06T15:25:05Z
cam,,AN-s,47,2.324859593224481,0.01,2025-12-06T15:25:05Z
cam,,AN-s,48,2.427598720369628,0.01,2025-12-06T15:25:06Z
cam,,AN-s,49,2.40440763915924,0.01,2025-12-06T15:25:06Z
cam,,AN-s,50,2.992496156655225,0.01,2025-12-06T15:25:06Z
cam,,AN-s,51,2.4583405364178,0.01,2025-12-06T15:25:07Z
cam,,AN-s,52,2.321130196896282,0.01,2025-12-06T15:25:07Z
cam,,AN-s,53,2.208223965993389,0.01,2025-12-06T15:25:07Z
cam,,AN-s,54,2.646528953938875,0.01,2025-12-06T15:25:07Z
cam,,AN-s,55,2.3792385052534564,0.01,2025-12-06T15:25:08Z
cam,,AN-s,56,2.056174680768005,0.01,2025-12-06T15:25:08Z
cam,,AN-s,57,2.115719941827049,0.01,2025-12-06T15:25:08Z
cam,,AN-s,58,2.704386170648315,0.01,2025-12-06T15:25:08Z
cam,,AN-s,59,2.91823260025953,0.01,2025-12-06T15:25:09Z
cam,,AN-s,60,2.944809773050581,0.01,2025-12-06T15:25:09Z
cam,,AN-s,61,2.521866987242557,0.01,2025-12-06T15:25:09Z
cam,,AN-s,62,2.3795508193153383,0.01,2025-12-06T15:25:10Z
cam,,AN-s,63,2.83644761761731,0.01,2025-12-06T15:25:10Z
cam,,AN-s,64,2.29086625764076,0.01,2025-12-06T15:25:10Z
cam,,AN-s,65,2.0354081312248686,0.01,2025-12-06T15:25:10Z
cam,,AN-s,66,2.1250772714710857,0.01,2025-12-06T15:25:11Z
cam,,AN-s,67,2.296050948144129,0.01,2025-12-06T15:25:11Z
cam,,AN-s,68,2.692666991963925,0.01,2025-12-06T15:25:11Z
cam,,AN-s,69,2.6512421109623663,0.01,2025-12-06T15:25:12Z
cam,,AN-s,70,2.597371397534249,0.01,2025-12-06T15:25:12Z
cam,,AN-s,71,2.558066404404588,0.01,2025-12-06T15:25:12Z
cam,,AN-s,72,2.091441368331105,0.01,2025-12-06T15:25:12Z
cam,,AN-s,73,2.1536303161958643,0.01,2025-12-06T15:25:13Z
cam,,AN-s,74,2.1071248879710045,0.01,2025-12-06T15:25:13Z
cam,,AN-s,75,2.224533177136288,0.01,2025-12-06T15:25:13Z
cam,,AN-s,76,2.719381344138532,0.01,2025-12-06T15:25:13Z
cam,,AN-s,77,2.2355690130312524,0.01,2025-12-06T15:25:14Z
cam,,AN-s,78,2.986199262674713,0.01,2025-12-06T15:25:14Z
cam,,AN-s,79,2.5141295861287905,0.01,2025-12-06T15:25:14Z
cam,,AN-s,80,1.948974197594484,0.01,2025-12-06T15:25:15Z
cam,,AN-s,81,2.5438335502189005,0.01,2025-12-06T15:25:15Z
cam,,AN-s,82,2.675699177123509,0.01,2025-12-06T15:25:15Z
cam,,AN-s,83,2.076876666282311,0.01,2025-12-06T15:25:15Z
cam,,AN-s,84,2.7659635618876286,0.01,2025-12-06T15:25:16Z
cam,,AN-s,85,2.8588577632495125,0.01,2025-12-06T15:25:16Z
cam,,AN-s,86,2.26176794943178,0.01,2025-12-06T15:25:16Z
cam,,AN-s,87,2.701222979995942,0.01,2025-12-06T15:25:16Z
cam,,AN-s,88,2.4194439368818488,0.01,2025-12-06T15:25:17Z
cam,,AN-s,89,2.632462586727903,0.01,2025-12-06T15:25:17Z
cam,,AN-s,90,2.915351605501546,0.01,2025-12-06T15:25:17Z
cam,,AN-s,91,2.5282425501159604,0.01,2025-12-06T15:25:18Z
cam,,AN-s,92,2.580822353073998,0.01,2025-12-06T15:25:18Z
cam,,AN-s,93,2.436074824791565,0.01,2025-12-06T15:25:18Z
cam,,AN-s,94,2.7247950559962035,0.01,2025-12-06T15:25:18Z
cam,,AN-s,95,2.5222359017477065,0.01,2025-12-06T15:25:19Z
cam,,AN-s,96,2.29026898225918,0.01,2025-12-06T15:25:19Z
cam,,AN-s,97,1.970813442993378,0.01,2025-12-06T15:25:19Z
cam,,AN-s,98,2.291581931817285,0.01,2025-12-06T15:25:19Z
cam,,AN-s,99,2.5751217114844698,0.01,2025-12-06T15:25:20Z
cam,,AN-s,100,2.2885788609762976,0.01,2025-12-06T15:25:20Z
cam,,LS,1,1.2969682075409086,0.01,2025-12-06T15:25:20Z
cam,,LS,2,1.1753143900545908,0.01,2025-12-06T15:25:21Z
cam,,LS,3,2.925552556647446,0.01,2025-12-06T15:25:21Z
cam,,LS,4,0.6247381765811109,0.01,2025-12-06T15:25:21Z
cam,,LS,5,1.6285939939204543,0.01,2025-12-06T15:25:21Z
cam,,LS,6,0.8525435461832859,0.01,2025-12-06T15:25:22Z
cam,,LS,7,0.8068670296119329,0.01,2025-12-06T15:25:22Z
cam,,LS,8,2.760994014799224,0.01,2025-12-06T15:25:22Z
cam,,LS,9,1.3209939835418103,0.01,2025-12-06T15:25:22Z
cam,,LS,10,2.0200248600375863,0.01,2025-12-06T15:25:23Z
cam,,LS,11,2.503072075038008,0.01,2025-12-06T15:25:23Z
cam,,LS,12,1.33406811217618,0.01,2025-12-06T15:25:23Z
cam,,LS,13,0.0060601745139078,0.01,2025-12-06T15:25:24Z
cam,,LS,14,2.062641230126559,0.01,2025-12-06T15:25:24Z
cam,,LS,15,0.3572447165390313,0.01,2025-12-06T15:25:24Z
cam,,LS,16,0.7939567786264173,0.01,2025-12-06T15:25:24Z
cam,,LS,17,1.9284567360097409,0.01,2025-12-06T15:25:25Z
cam,,LS,18,1.4999485181344427,0.01,2025-12-06T15:25:25Z
cam,,LS,19,0.744693479725365,0.01,2025-12-06T15:25:25Z
cam,,LS,20,2.0157749224595327,0.01,2025-12-06T15:25:25Z
cam,,LS,21,2.3816380506398,0.01,2025-12-06T15:25:26Z
cam,,LS,22,1.672881829875707,0.01,2025-12-06T15:25:26Z
cam,,LS,23,2.783022530526788,0.01,2025-12-06T15:25:26Z
cam,,LS,24,1.7146047621374851,0.01,2025-12-06T15:25:27Z
cam,,LS,25,-0.1159034313912038,0.01,2025-12-06T15:25:27Z
cam,,LS,26,2.8798198825603976,0.01,2025-12-06T15:25:27Z
cam,,LS,27,0.8987019126358493,0.01,2025-12-06T15:25:27Z
cam,,LS,28,1.4958838334496547,0.01,2025-12-06T15:25:28Z
cam,,LS,29,1.1933812578159917,0.01,2025-12-06T15:25:28Z
cam,,LS,30,2.061846240765789,0.01,2025-12-06T15:25:28Z
cam,,LS,31,1.2030587193749125,0.01,2025-12-06T15:25:29Z
cam,,LS,32,2.7427131496379644,0.01,2025-12-06T15:25:29Z
cam,,LS,33,1.039756619085768,0.01,2025-12-06T15:25:29Z
cam,,LS,34,1.314760598387784,0.01,2025-12-06T15:25:29Z
cam,,LS,35,2.400566825011313,0.01,2025-12-06T15:25:30Z
cam,,LS,36,0.498820317740013,0.01,2025-12-06T15:25:30Z
cam,,LS,37,0.9109022963008244,0.01,2025-12-06T15:25:30Z
cam,,LS,38,1.9132957523242344,0.01,2025-12-06T15:25:30Z
cam,,LS,39,2.662154836472863,0.01,2025-12-06T15:25:31Z
cam,,LS,40,2.384649612481988,0.01,2025-12-06T15:25:31Z
cam,,LS,41,0.5071989213889183,0.01,2025-12-06T15:25:31Z
cam,,LS,42,1.933111121499245,0.01,2025-12-06T15:25:32Z
cam,,LS,43,3.039093650398346,0.01,2025-12-06T15:25:32Z
cam,,LS,44,1.8712006903882223,0.01,2025-12-06T15:25:32Z
cam,,LS,45,0.5387263212986919,0.01,2025-12-06T15:25:32Z
cam,,LS,46,2.7001578684741263,0.01,2025-12-06T15:25:33Z
cam,,LS,47,1.3779236800945036,0.01,2025-12-06T15:25:33Z
cam,,LS,48,1.1370306044625729,0.01,2025-12-06T15:25:33Z
cam,,LS,49,1.2648013330306904,0.01,2025-12-06T15:25:34Z
cam,,LS,50,1.78631493437216,0.01,2025-12-06T15:25:34Z
cam,,LS,51,1.8634658002032625,0.01,2025-12-06T15:25:34Z
cam,,LS,52,0.3119744028129628,0.01,2025-12-06T15:25:34Z
cam,,LS,53,-0.067800813713338,0.01,2025-12-06T15:25:35Z
cam,,LS,54,0.972858937204404,0.01,2025-12-06T15:25:35Z
cam,,LS,55,1.1672528361458336,0.01,2025-12-06T15:25:35Z
cam,,LS,56,1.7972749199499465,0.01,2025-12-06T15:25:35Z
cam,,LS,57,1.514965710759788,0.01,2025-12-06T15:25:36Z
cam,,LS,58,3.205524404546425,0.01,2025-12-06T15:25:36Z
cam,,LS,59,2.361396114925858,0.01,2025-12-06T15:25:36Z
cam,,LS,60,0.8456882065302311,0.01,2025-12-06T15:25:37Z
cam,,LS,61,2.1463101857116795,0.01,2025-12-06T15:25:37Z
cam,,LS,62,2.5218365317427143,0.01,2025-12-06T15:25:37Z
cam,,LS,63,3.952920597308182,0.01,2025-12-06T15:25:37Z
cam,,LS,64,3.1257322112014125,0.01,2025-12-06T15:25:38Z
cam,,LS,65,1.9640347863721348,0.01,2025-12-06T15:25:38Z
cam,,LS,66,2.603476751874352,0.01,2025-12-06T15:25:38Z
cam,,LS,67,1.175151028005094,0.01,2025-12-06T15:25:39Z
cam,,LS,68,2.8049830286969386,0.01,2025-12-06T15:25:39Z
cam,,LS,69,2.142582664839184,0.01,2025-12-06T15:25:39Z
cam,,LS,70,2.2585294230192368,0.01,2025-12-06T15:25:39Z
cam,,LS,71,1.902630901270108,0.01,2025-12-06T15:25:40Z
cam,,LS,72,3.05547400771762,0.01,2025-12-06T15:25:40Z
cam,,LS,73,1.7369094241806713,0.01,2025-12-06T15:25:40Z
cam,,LS,74,1.8794289301414,0.01,2025-12-06T15:25:41Z
cam,,LS,75,3.436308397769877,0.01,2025-12-06T15:25:41Z
cam,,LS,76,1.4173125810479257,0.01,2025-12-06T15:25:41Z
cam,,LS,77,1.5884133286008508,0.01,2025-12-06T15:25:41Z
cam,,LS,78,1.2113363110668434,0.01,2025-12-06T15:25:42Z
cam,,LS,79,0.910135344971086,0.01,2025-12-06T15:25:42Z
cam,,LS,80,2.436180581356286,0.01,2025-12-06T15:25:42Z
cam,,LS,81,2.897296448573281,0.01,2025-12-06T15:25:43Z
cam,,LS,82,1.398400276260671,0.01,2025-12-06T15:25:43Z
cam,,LS,83,1.4199134327176188,0.01,2025-12-06T15:25:43Z
cam,,LS,84,3.048576717235681,0.01,2025-12-06T15:25:44Z
cam,,LS,85,1.942775529773165,0.01,2025-12-06T15:25:44Z
cam,,LS,86,1.1002538275570064,0.01,2025-12-06T15:25:44Z
cam,,LS,87,2.9021494572010016,0.01,2025-12-06T15:25:45Z
cam,,LS,88,2.107470901607937,0.01,2025-12-06T15:25:45Z
cam,,LS,89,1.891054567850795,0.01,2025-12-06T15:25:45Z
cam,,LS,90,2.1576562609278644,0.01,2025-12-06T15:25:45Z
cam,,LS,91,1.6478422361863876,0.01,2025-12-06T15:25:46Z
cam,,LS,92,2.85860973799334,0.01,2025-12-06T15:25:46Z
cam,,LS,93,0.5549324850638371,0.01,2025-12-06T15:25:46Z
cam,,LS,94,3.503054786671542,0.01,2025-12-06T15:25:47Z
cam,,LS,95,2.9014715954199675,0.01,2025-12-06T15:25:47Z
cam,,LS,96,4.161770745468896,0.01,2025-12-06T15:25:47Z
cam,,LS,97,1.1884501318541374,0.01,2025-12-06T15:25:47Z
cam,,LS,98,1.3045512512194657,0.01,2025-12-06T15:25:48Z
cam,,LS,99,1.4748053879217775,0.01,2025-12-06T15:25:48Z
cam,,LS,100,1.932621515076004,0.01,2025-12-06T15:25:48Z
cam,,LS-s,1,-2.294573019896478,0.01,2025-12-06T15:25:49Z
cam,,LS-s,2,-2.3513646476283507,0.01,2025-12-06T15:25:49Z
cam,,LS-s,3,1.5890131849612152,0.01,2025-12-06T15:25:49Z
cam,,LS-s,4,-3.6424557388154426,0.01,2025-12-06T15:25:49Z
cam,,LS-s,5,-2.058201204523993,0.01,2025-12-06T15:25:50Z
cam,,LS-s,6,2.0118321240048247,0.01,2025-12-06T15:25:50Z
cam,,LS-s,7,-1.229428504621016,0.01,2025-12-06T15:25:50Z
cam,,LS-s,8,-2.278577463397,0.01,2025-12-06T15:25:51Z
cam,,LS-s,9,4.474226011346634,0.01,2025-12-06T15:25:51Z
cam,,LS-s,10,2.4123433049315417,0.01,2025-12-06T15:25:51Z
cam,,LS-s,11,-3.897018424863224,0.01,2025-12-06T15:25:52Z
cam,,LS-s,12,1.202108495545531,0.01,2025-12-06T15:25:52Z
cam,,LS-s,13,1.992919932858937,0.01,2025-12-06T15:25:52Z
cam,,LS-s,14,2.9745239043360963,0.01,2025-12-06T15:25:52Z
cam,,LS-s,15,-2.910772032666193,0.01,2025-12-06T15:25:53Z
cam,,LS-s,16,1.261969154467522,0.01,2025-12-06T15:25:53Z
cam,,LS-s,17,-2.119088731123711,0.01,2025-12-06T15:25:53Z
cam,,LS-s,18,1.2134912655621692,0.01,2025-12-06T15:25:54Z
cam,,LS-s,19,2.0445547021185293,0.01,2025-12-06T15:25:54Z
cam,,LS-s,20,-2.915619262933628,0.01,2025-12-06T15:25:54Z
cam,,LS-s,21,0.5504138879419613,0.01,2025-12-06T15:25:55Z
cam,,LS-s,22,1.6269713752951682,0.01,2025-12-06T15:25:55Z
cam,,LS-s,23,2.019468032705116,0.01,2025-12-06T15:25:55Z
cam,,LS-s,24,2.069285202033539,0.01,2025-12-06T15:25:55Z
cam,,LS-s,25,-3.006916929820654,0.01,2025-12-06T15:25:56Z
cam,,LS-s,26,1.1487569333233882,0.01,2025-12-06T15:25:56Z
cam,,LS-s,27,2.2423842516811865,0.01,2025-12-06T15:25:56Z
cam,,LS-s,28,1.8908855669805296,0.01,2025-12-06T15:25:57Z
cam,,LS-s,29,-2.7752574922755087,0.01,2025-12-06T15:25:57Z
cam,,LS-s,30,-3.558085460572094,0.01,2025-12-06T15:25:57Z
cam,,LS-s,31,1.9927137058051023,0.01,2025-12-06T15:25:58Z
cam,,LS-s,32,-3.346556661715351,0.01,2025-12-06T15:25:58Z
cam,,LS-s,33,2.0848851685368106,0.01,2025-12-06T15:25:58Z
cam,,LS-s,34,1.5332682142657192,0.01,2025-12-06T15:25:59Z
cam,,LS-s,35,1.979617109375471,0.01,2025-12-06T15:25:59Z
cam,,LS-s,36,-3.6717285718371335,0.01,2025-12-06T15:25:59Z
cam,,LS-s,37,-2.2087379183957703,0.01,2025-12-06T15:25:59Z
cam,,LS-s,38,-2.48378765221422,0.01,2025-12-06T15:26:00Z
cam,,LS-s,39,1.366414036790744,0.01,2025-12-06T15:26:00Z
cam,,LS-s,40,-1.9663252959972883,0.01,2025-12-06T15:26:00Z
cam,,LS-s,41,1.785055908948035,0.01,2025-12-06T15:26:01Z
cam,,LS-s,42,1.5778386651730885,0.01,2025-12-06T15:26:01Z
cam,,LS-s,43,-3.590217279424121,0.01,2025-12-06T15:26:01Z
cam,,LS-s,44,-2.562729533446829,0.01,2025-12-06T15:26:02Z
cam,,LS-s,45,-2.803620043390457,0.01,2025-12-06T15:26:02Z
cam,,LS-s,46,1.7387112935928526,0.01,2025-12-06T15:26:02Z
cam,,LS-s,47,1.469497583121392,0.01,2025-12-06T15:26:02Z
cam,,LS-s,48,-2.3063163691748017,0.01,2025-12-06T15:26:03Z
cam,,LS-s,49,-4.065814668496978,0.01,2025-12-06T15:26:03Z
cam,,LS-s,50,-2.35463420833482,0.01,2025-12-06T15:26:03Z
cam,,LS-s,51,-4.1029770340896885,0.01,2025-12-06T15:26:04Z
cam,,LS-s,52,-2.7746472020485777,0.01,2025-12-06T15:26:04Z
cam,,LS-s,53,-2.590592960511641,0.01,2025-12-06T15:26:04Z
cam,,LS-s,54,2.7965551038569285,0.01,2025-12-06T15:26:05Z
cam,,LS-s,55,1.6510703602813743,0.01,2025-12-06T15:26:05Z
cam,,LS-s,56,1.4513117831051567,0.01,2025-12-06T15:26:05Z
cam,,LS-s,57,2.393956815122615,0.01,2025-12-06T15:26:06Z
cam,,LS-s,58,-2.4872357129406355,0.01,2025-12-06T15:26:06Z
cam,,LS-s,59,1.3868530299935315,0.01,2025-12-06T15:26:06Z
cam,,LS-s,60,-2.8211729525984266,0.01,2025-12-06T15:26:06Z
cam,,LS-s,61,1.9931856554866512,0.01,2025-12-06T15:26:07Z
cam,,LS-s,62,3.0761243219284893,0.01,2025-12-06T15:26:07Z
cam,,LS-s,63,3.307732205021618,0.01,2025-12-06T15:26:07Z
cam,,LS-s,64,1.9552949736526533,0.01,2025-12-06T15:26:08Z
cam,,LS-s,65,1.612046269464135,0.01,2025-12-06T15:26:08Z
cam,,LS-s,66,2.124867255611761,0.01,2025-12-06T15:26:08Z
cam,,LS-s,67,-3.377142764638505,0.01,2025-12-06T15:26:09Z
cam,,LS-s,68,1.3964816233459496,0.01,2025-12-06T15:26:09Z
cam,,LS-s,69,-2.68980122920032,0.01,2025-12-06T15:26:09Z
cam,,LS-s,70,-1.4811629914291125,0.01,2025-12-06T15:26:09Z
cam,,LS-s,71,1.5079473888429988,0.01,2025-12-06T15:26:10Z
cam,,LS-s,72,-2.899752427022999,0.01,2025-12-06T15:26:10Z
cam,,LS-s,73,-2.5802465030367685,0.01,2025-12-06T15:26:10Z
cam,,LS-s,74,-3.34773057276033,0.01,2025-12-06T15:26:11Z
cam,,LS-s,75,-2.345583864033946,0.01,2025-12-06T15:26:11Z
cam,,LS-s,76,1.3428478593246702,0.01,2025-12-06T15:26:11Z
cam,,LS-s,77,-0.351021402424061,0.01,2025-12-06T15:26:12Z
cam,,LS-s,78,-2.4837197034030347,0.01,2025-12-06T15:26:12Z
cam,,LS-s,79,-3.153045685611012,0.01,2025-12-06T15:26:12Z
cam,,LS-s,80,2.2032478318303643,0.01,2025-12-06T15:26:12Z
cam,,LS-s,81,-3.531838063542267,0.01,2025-12-06T15:26:13Z
cam,,LS-s,82,-2.9244436725770395,0.01,2025-12-06T15:26:13Z
cam,,LS-s,83,-2.892706473549272,0.01,2025-12-06T15:26:13Z
cam,,LS-s,84,-3.4317593861104174,0.01,2025-12-06T15:26:14Z
cam,,LS-s,85,1.892641794843388,0.01,2025-12-06T15:26:14Z
cam,,LS-s,86,0.9885657608827632,0.01,2025-12-06T15:26:14Z
cam,,LS-s,87,1.8827508087602287,0.01,2025-12-06T15:26:14Z
cam,,LS-s,88,4.36259034032079,0.01,2025-12-06T15:26:15Z
cam,,LS-s,89,2.38132978678678,0.01,2025-12-06T15:26:15Z
cam,,LS-s,90,-2.695719682901312,0.01,2025-12-06T15:26:15Z
cam,,LS-s,91,-3.0430422902782066,0.01,2025-12-06T15:26:16Z
cam,,LS-s,92,1.4581326416596552,0.01,2025-12-06T15:26:16Z
cam,,LS-s,93,4.422394753705284,0.01,2025-12-06T15:26:16Z
cam,,LS-s,94,3.8828482145305294,0.01,2025-12-06T15:26:17Z
cam,,LS-s,95,1.813598248771166,0.01,2025-12-06T15:26:17Z
cam,,LS-s,96,-3.0368184092375308,0.01,2025-12-06T15:26:17Z
cam,,LS-s,97,2.18309947244197,0.01,2025-12-06T15:26:18Z
cam,,LS-s,98,-3.173393761275423,0.01,2025-12-06T15:26:18Z
cam,,LS-s,99,-3.373204058838735,0.01,2025-12-06T15:26:19Z
cam,,LS-s,100,2.504327339935048,0.01,2025-12-06T15:26:19Z
cam,,MN-U,1,2.669625290539788,0.01,2025-12-06T15:26:19Z
cam,,MN-U,2,-3.0772951434286875,0.01,2025-12-06T15:26:20Z
cam,,MN-U,3,3.488446922280763,0.01,2025-12-06T15:26:20Z
cam,,MN-U,4,-2.813556710535368,0.01,2025-12-06T15:26:21Z
cam,,MN-U,5,3.331812486007129,0.01,2025-12-06T15:26:21Z
cam,,MN-U,6,3.0047077803391584,0.01,2025-12-06T15:26:22Z
cam,,MN-U,7,2.8112146766112827,0.01,2025-12-06T15:26:22Z
cam,,MN-U,8,-3.62879145976404,0.01,2025-12-06T15:26:22Z
cam,,MN-U,9,2.590409481270488,0.01,2025-12-06T15:26:23Z
cam,,MN-U,10,2.628584990913032,0.01,2025-12-06T15:26:23Z
cam,,MN-U,11,2.902892344854396,0.01,2025-12-06T15:26:24Z
cam,,MN-U,12,2.324850966991651,0.01,2025-12-06T15:26:24Z
cam,,MN-U,13,2.7000625235666624,0.01,2025-12-06T15:26:24Z
cam,,MN-U,14,2.544554808106822,0.01,2025-12-06T15:26:25Z
cam,,MN-U,15,3.106185471222328,0.01,2025-12-06T15:26:25Z
cam,,MN-U,16,3.117806470450427,0.01,2025-12-06T15:26:26Z
cam,,MN-U,17,-3.7218797588767742,0.01,2025-12-06T15:26:26Z
cam,,MN-U,18,2.5136950717358464,0.01,2025-12-06T15:26:26Z
cam,,MN-U,19,2.921527356565985,0.01,2025-12-06T15:26:27Z
cam,,MN-U,20,3.238796274139842,0.01,2025-12-06T15:26:27Z
cam,,MN-U,21,2.3921113682318915,0.01,2025-12-06T15:26:27Z
cam,,MN-U,22,3.0604595271808748,0.01,2025-12-06T15:26:28Z
cam,,MN-U,23,2.88358838921633,0.01,2025-12-06T15:26:28Z
cam,,MN-U,24,2.475874303431489,0.01,2025-12-06T15:26:28Z
cam,,MN-U,25,3.6482176750561015,0.01,2025-12-06T15:26:29Z
cam,,MN-U,26,2.619962231394358,0.01,2025-12-06T15:26:29Z
cam,,MN-U,27,2.8968004419786624,0.01,2025-12-06T15:26:29Z
cam,,MN-U,28,2.4344791570568405,0.01,2025-12-06T15:26:29Z
cam,,MN-U,29,3.3997727162710363,0.01,2025-12-06T15:26:30Z
cam,,MN-U,30,2.304111182741358,0.01,2025-12-06T15:26:30Z
cam,,MN-U,31,2.6226614940249715,0.01,2025-12-06T15:26:30Z
cam,,MN-U,32,3.063601713215673,0.01,2025-12-06T15:26:31Z
cam,,MN-U,33,3.5981010042469403,0.01,2025-12-06T15:26:31Z
cam,,MN-U,34,3.097121781619913,0.01,2025-12-06T15:26:31Z
cam,,MN-U,35,2.024590245949761,0.01,2025-12-06T15:26:32Z
cam,,MN-U,36,2.249065040742723,0.01,2025-12-06T15:26:32Z
cam,,MN-U,37,2.9834745846459296,0.01,2025-12-06T15:26:32Z
cam,,MN-U,38,2.602192249624742,0.01,2025-12-06T15:26:33Z
cam,,MN-U,39,2.932376798514066,0.01,2025-12-06T15:26:33Z
cam,,MN-U,40,2.3025987346631096,0.01,2025-12-06T15:26:33Z
cam,,MN-U,41,-2.9794805738526606,0.01,2025-12-06T15:26:34Z
cam,,MN-U,42,2.688942745335376,0.01,2025-12-06T15:26:34Z
cam,,MN-U,43,2.5427407154216484,0.01,2025-12-06T15:26:34Z
cam,,MN-U,44,3.3065012776447418,0.01,2025-12-06T15:26:35Z
cam,,MN-U,45,3.019300195284897,0.01,2025-12-06T15:26:35Z
cam,,MN-U,46,2.994803233567028,0.01,2025-12-06T15:26:35Z
cam,,MN-U,47,2.946999797735173,0.01,2025-12-06T15:26:36Z
cam,,MN-U,48,1.99581906960318,0.01,2025-12-06T15:26:36Z
cam,,MN-U,49,2.6434987517253257,0.01,2025-12-06T15:26:37Z
cam,,MN-U,50,3.164094663266292,0.01,2025-12-06T15:26:37Z
cam,,MN-U,51,2.4288240545801365,0.01,2025-12-06T15:26:37Z
cam,,MN-U,52,2.707771630463676,0.01,2025-12-06T15:26:38Z
cam,,MN-U,53,2.8159397886083606,0.01,2025-12-06T15:26:38Z
cam,,MN-U,54,1.6292556852999387,0.01,2025-12-06T15:26:39Z
cam,,MN-U,55,3.635326792802756,0.01,2025-12-06T15:26:39Z
cam,,MN-U,56,3.24718111607347,0.01,2025-12-06T15:26:39Z
cam,,MN-U,57,2.808079939965768,0.01,2025-12-06T15:26:40Z
cam,,MN-U,58,3.4255491802768163,0.01,2025-12-06T15:26:40Z
cam,,MN-U,59,3.074928572938416,0.01,2025-12-06T15:26:41Z
cam,,MN-U,60,2.8994181839500284,0.01,2025-12-06T15:26:41Z
cam,,MN-U,61,3.313557089658037,0.01,2025-12-06T15:26:42Z
cam,,MN-U,62,1.9821089892553287,0.01,2025-12-06T15:26:42Z
cam,,MN-U,63,2.5996878560807937,0.01,2025-12-06T15:26:43Z
cam,,MN-U,64,-2.9663251150102097,0.01,2025-12-06T15:26:43Z
cam,,MN-U,65,2.266795631667762,0.01,2025-12-06T15:26:43Z
cam,,MN-U,66,2.226313234224268,0.01,2025-12-06T15:26:44Z
cam,,MN-U,67,2.408771676226847,0.01,2025-12-06T15:26:44Z
cam,,MN-U,68,3.004599666669459,0.01,2025-12-06T15:26:45Z
cam,,MN-U,69,2.4086956313725945,0.01,2025-12-06T15:26:45Z
cam,,MN-U,70,3.0850489510884023,0.01,2025-12-06T15:26:45Z
cam,,MN-U,71,-3.066392443908778,0.01,2025-12-06T15:26:46Z
cam,,MN-U,72,2.4898152623389125,0.01,2025-12-06T15:26:46Z
cam,,MN-U,73,3.0754026027981083,0.01,2025-12-06T15:26:47Z
cam,,MN-U,74,-3.280923664430631,0.01,2025-12-06T15:26:47Z
cam,,MN-U,75,3.2677319794390325,0.01,2025-12-06T15:26:48Z
cam,,MN-U,76,2.76721804202048,0.01,2025-12-06T15:26:48Z
cam,,MN-U,77,1.9498509411507,0.01,2025-12-06T15:26:48Z
cam,,MN-U,78,2.8815109888937065,0.01,2025-12-06T15:26:49Z
cam,,MN-U,79,-2.9766459684689903,0.01,2025-12-06T15:26:49Z
cam,,MN-U,80,2.73178850523613,0.01,2025-12-06T15:26:49Z
cam,,MN-U,81,2.2958995137036573,0.01,2025-12-06T15:26:50Z
cam,,MN-U,82,2.0257744527762065,0.01,2025-12-06T15:26:50Z
cam,,MN-U,83,2.7239833300773,0.01,2025-12-06T15:26:51Z
cam,,MN-U,84,2.8153259761291287,0.01,2025-12-06T15:26:51Z
cam,,MN-U,85,2.8143323949445347,0.01,2025-12-06T15:26:51Z
cam,,MN-U,86,2.9162335442508227,0.01,2025-12-06T15:26:52Z
cam,,MN-U,87,-2.347904901799492,0.01,2025-12-06T15:26:52Z
cam,,MN-U,88,3.236787512310864,0.01,2025-12-06T15:26:53Z
cam,,MN-U,89,3.0264609844309405,0.01,2025-12-06T15:26:53Z
cam,,MN-U,90,-3.072991217014596,0.01,2025-12-06T15:26:53Z
cam,,MN-U,91,3.7055990405266455,0.01,2025-12-06T15:26:54Z
cam,,MN-U,92,-3.736876902582566,0.01,2025-12-06T15:26:54Z
cam,,MN-U,93,-3.339884260052691,0.01,2025-12-06T15:26:54Z
cam,,MN-U,94,3.675583371688048,0.01,2025-12-06T15:26:55Z
cam,,MN-U,95,3.2215453679309727,0.01,2025-12-06T15:26:55Z
cam,,MN-U,96,-2.614667087013866,0.01,2025-12-06T15:26:56Z
cam,,MN-U,97,1.6200030218869563,0.01,2025-12-06T15:26:56Z
cam,,MN-U,98,3.257622831210651,0.01,2025-12-06T15:26:56Z
cam,,MN-U,99,2.81105952137496,0.01,2025-12-06T15:26:57Z
cam,,MN-U,100,2.634333328418907,0.01,2025-12-06T15:26:57Z
rdmdl,,AN,1,-0.3129019119326849,0.01,2025-12-06T15:38:52Z
rdmdl,,AN,2,-0.5351363381194174,0.01,2025-12-06T15:38:52Z
rdmdl,,AN,3,-0.6771839438213092,0.01,2025-12-06T15:38:52Z
rdmdl,,AN,4,-0.7876567351725716,0.01,2025-12-06T15:38:52Z
rdmdl,,AN,5,-0.7374298953256175,0.01,2025-12-06T15:38:52Z
rdmdl,,AN,6,-0.6737270476713284,0.01,2025-12-06T15:38:52Z
rdmdl,,AN,7,-0.9144324639677672,0.01,2025-12-06T15:38:52Z
rdmdl,,AN,8,-0.7626483092920607,0.01,2025-12-06T15:38:52Z
rdmdl,,AN,9,-0.3517407825567299,0.01,2025-12-06T15:38:52Z
rdmdl,,AN,10,-0.7061708728266226,0.01,2025-12-06T15:38:52Z
rdmdl,,AN,11,0.1445623565580454,0.01,2025-12-06T15:38:52Z
rdmdl,,AN,12,-0.4319756411861067,0.01,2025-12-06T15:38:52Z
rdmdl,,AN,13,-0.0318253605536454,0.01,2025-12-06T15:38:52Z
rdmdl,,AN,14,-0.0043127366292396,0.01,2025-12-06T15:38:52Z
rdmdl,,AN,15,0.1352647099912469,0.01,2025-12-06T15:38:52Z
rdmdl,,AN,16,0.2260440321823734,0.01,2025-12-06T15:38:52Z
rdmdl,,AN,17,-0.1840374971581609,0.01,2025-12-06T15:38:53Z
rdmdl,,AN,18,0.2764395481577196,0.01,2025-12-06T15:38:53Z
rdmdl,,AN,19,0.2507586918647093,0.01,2025-12-06T15:38:53Z
rdmdl,,AN,20,-0.1972061345070246,0.01,2025-12-06T15:38:53Z
rdmdl,,AN,21,0.2063603993332008,0.01,2025-12-06T15:38:53Z
rdmdl,,AN,22,0.0139369256353345,0.01,2025-12-06T15:38:53Z
rdmdl,,AN,23,0.2833543042510848,0.01,2025-12-06T15:38:53Z
rdmdl,,AN,24,0.101887008151777,0.01,2025-12-06T15:38:53Z
rdmdl,,AN,25,-1.011671244696107,0.01,2025-12-06T15:38:53Z
rdmdl,,AN,26,-1.0469042855443549,0.01,2025-12-06T15:38:53Z
rdmdl,,AN,27,0.294387687017603,0.01,2025-12-06T15:38:53Z
rdmdl,,AN,28,0.2157199801935876,0.01,2025-12-06T15:38:53Z
rdmdl,,AN,29,-0.6546840264680068,0.01,2025-12-06T15:38:53Z
rdmdl,,AN,30,-0.160067015483989,0.01,2025-12-06T15:38:53Z
rdmdl,,AN,31,-0.1380191114748099,0.01,2025-12-06T15:38:53Z
rdmdl,,AN,32,-1.667883631499069,0.01,2025-12-06T15:38:53Z
rdmdl,,AN,33,-0.0583495479646462,0.01,2025-12-06T15:38:53Z
rdmdl,,AN,34,-0.6151011772078996,0.01,2025-12-06T15:38:53Z
rdmdl,,AN,35,-1.141313203267655,0.01,2025-12-06T15:38:53Z
rdmdl,,AN,36,-0.4050154696277691,0.01,2025-12-06T15:38:54Z
rdmdl,,AN,37,0.090622611992127,0.01,2025-12-06T15:38:54Z
rdmdl,,AN,38,0.0677030707708033,0.01,2025-12-06T15:38:54Z
rdmdl,,AN,39,-0.2625673392439471,0.01,2025-12-06T15:38:54Z
rdmdl,,AN,40,-0.0865237629316786,0.01,2025-12-06T15:38:54Z
rdmdl,,AN,41,-0.5472434125492732,0.01,2025-12-06T15:38:54Z
rdmdl,,AN,42,-0.2320151925866944,0.01,2025-12-06T15:38:54Z
rdmdl,,AN,43,-0.1627685858688637,0.01,2025-12-06T15:38:54Z
rdmdl,,AN,44,-0.7055286260022188,0.01,2025-12-06T15:38:54Z
rdmdl,,AN,45,-0.2535849173524375,0.01,2025-12-06T15:38:54Z
rdmdl,,AN,46,-0.066822568440953,0.01,2025-12-06T15:38:54Z
rdmdl,,AN,47,-0.2801537271935199,0.01,2025-12-06T15:38:54Z
rdmdl,,AN,48,-0.981223791818108,0.01,2025-12-06T15:38:54Z
rdmdl,,AN,49,0.1171133602004961,0.01,2025-12-06T15:38:54Z
rdmdl,,AN,50,-0.1220562567299939,0.01,2025-12-06T15:38:54Z
rdmdl,,AN,51,0.1555949002679212,0.01,2025-12-06T15:38:54Z
rdmdl,,AN,52,-0.186794914986704,0.01,2025-12-06T15:38:54Z
rdmdl,,AN,53,-0.6842952228734748,0.01,2025-12-06T15:38:54Z
rdmdl,,AN,54,-0.3456265080744679,0.01,2025-12-06T15:38:55Z
rdmdl,,AN,55,-1.1568941967177129,0.01,2025-12-06T15:38:55Z
rdmdl,,AN,56,0.225047275069769,0.01,2025-12-06T15:38:55Z
rdmdl,,AN,57,-0.5053813879301546,0.01,2025-12-06T15:38:55Z
rdmdl,,AN,58,-0.3060401807492085,0.01,2025-12-06T15:38:55Z
rdmdl,,AN,59,0.1545318364604409,0.01,2025-12-06T15:38:55Z
rdmdl,,AN,60,-0.1229923873779957,0.01,2025-12-06T15:38:55Z
rdmdl,,AN,61,-0.1022885634312292,0.01,2025-12-06T15:38:55Z
rdmdl,,AN,62,0.4146664515402299,0.01,2025-12-06T15:38:55Z
rdmdl,,AN,63,-0.5817668778455011,0.01,2025-12-06T15:38:55Z
rdmdl,,AN,64,-0.3873430233926392,0.01,2025-12-06T15:38:55Z
rdmdl,,AN,65,-1.041287564992881,0.01,2025-12-06T15:38:55Z
rdmdl,,AN,66,0.1053497537158546,0.01,2025-12-06T15:38:55Z
rdmdl,,AN,67,-0.4093633520888511,0.01,2025-12-06T15:38:55Z
rdmdl,,AN,68,-0.1333715397965043,0.01,2025-12-06T15:38:55Z
rdmdl,,AN,69,-0.7475885603928064,0.01,2025-12-06T15:38:55Z
rdmdl,,AN,70,0.2951165398460194,0.01,2025-12-06T15:38:55Z
rdmdl,,AN,71,0.0445941521973554,0.01,2025-12-06T15:38:55Z
rdmdl,,AN,72,-0.6139139241547641,0.01,2025-12-06T15:38:56Z
rdmdl,,AN,73,0.173889535445644,0.01,2025-12-06T15:38:56Z
rdmdl,,AN,74,-0.1480290039028259,0.01,2025-12-06T15:38:56Z
rdmdl,,AN,75,-0.7182312177514737,0.01,2025-12-06T15:38:56Z
rdmdl,,AN,76,-0.0550438499689146,0.01,2025-12-06T15:38:56Z
rdmdl,,AN,77,-0.2894770396470622,0.01,2025-12-06T15:38:56Z
rdmdl,,AN,78,-0.4040578785306415,0.01,2025-12-06T15:38:56Z
rdmdl,,AN,79,-0.2227836018302364,0.01,2025-12-06T15:38:56Z
rdmdl,,AN,80,-0.2440517302954017,0.01,2025-12-06T15:38:56Z
rdmdl,,AN,81,-0.6092905886535748,0.01,2025-12-06T15:38:56Z
rdmdl,,AN,82,-0.4837911575395619,0.01,2025-12-06T15:38:56Z
rdmdl,,AN,83,-0.3517710634580271,0.01,2025-12-06T15:38:56Z
rdmdl,,AN,84,-0.1144084888706236,0.01,2025-12-06T15:38:56Z
rdmdl,,AN,85,-0.526120612945951,0.01,2025-12-06T15:38:56Z
rdmdl,,AN,86,-0.016488357760335,0.01,2025-12-06T15:38:56Z
rdmdl,,AN,87,-0.5918707527271763,0.01,2025-12-06T15:38:56Z
rdmdl,,AN,88,-0.959478899620432,0.01,2025-12-06T15:38:56Z
rdmdl,,AN,89,-0.1120724864248052,0.01,2025-12-06T15:38:56Z
rdmdl,,AN,90,0.0119422624823423,0.01,2025-12-06T15:38:56Z
rdmdl,,AN,91,0.4717611374512307,0.01,2025-12-06T15:38:57Z
rdmdl,,AN,92,-0.5795280787270712,0.01,2025-12-06T15:38:57Z
rdmdl,,AN,93,-0.4330419127588816,0.01,2025-12-06T15:38:57Z
rdmdl,,AN,94,0.1023520997430823,0.01,2025-12-06T15:38:57Z
rdmdl,,AN,95,-0.5057767370517932,0.01,2025-12-06T15:38:57Z
rdmdl,,AN,96,0.5999350696493907,0.01,2025-12-06T15:38:57Z
rdmdl,,AN,97,-0.1873477295307354,0.01,2025-12-06T15:38:57Z
rdmdl,,AN,98,-0.4722522488688387,0.01,2025-12-06T15:38:57Z
rdmdl,,AN,99,-1.012181852190248,0.01,2025-12-06T15:38:57Z
rdmdl,,AN,100,0.2620325566182073,0.01,2025-12-06T15:38:57Z
rdmdl,,AN-s,1,-0.5992479448343565,0.01,2025-12-06T15:38:57Z
rdmdl,,AN-s,2,-0.0692665616105987,0.01,2025-12-06T15:38:57Z
rdmdl,,AN-s,3,-0.263981642506598,0.01,2025-12-06T15:38:57Z
rdmdl,,AN-s,4,-0.0938098130239518,0.01,2025-12-06T15:38:57Z
rdmdl,,AN-s,5,-0.1798059087688095,0.01,2025-12-06T15:38:57Z
rdmdl,,AN-s,6,-0.2015088404237424,0.01,2025-12-06T15:38:57Z
rdmdl,,AN-s,7,0.1964514210239297,0.01,2025-12-06T15:38:57Z
rdmdl,,AN-s,8,0.3866811572174804,0.01,2025-12-06T15:38:57Z
rdmdl,,AN-s,9,0.1045139719959065,0.01,2025-12-06T15:38:58Z
rdmdl,,AN-s,10,0.0469226279469392,0.01,2025-12-06T15:38:58Z
rdmdl,,AN-s,11,-0.0312365283213655,0.01,2025-12-06T15:38:58Z
rdmdl,,AN-s,12,0.0515081641313431,0.01,2025-12-06T15:38:58Z
rdmdl,,AN-s,13,-0.0317029783183709,0.01,2025-12-06T15:38:58Z
rdmdl,,AN-s,14,0.3108097437362339,0.01,2025-12-06T15:38:58Z
rdmdl,,AN-s,15,0.2259798680631213,0.01,2025-12-06T15:38:58Z
rdmdl,,AN-s,16,0.2515026657424185,0.01,2025-12-06T15:38:58Z
rdmdl,,AN-s,17,-0.6240538028535666,0.01,2025-12-06T15:38:58Z
rdmdl,,AN-s,18,-0.0380846364192225,0.01,2025-12-06T15:38:58Z
rdmdl,,AN-s,19,-0.0206848467501452,0.01,2025-12-06T15:38:58Z
rdmdl,,AN-s,20,0.0310560721209831,0.01,2025-12-06T15:38:58Z
rdmdl,,AN-s,21,-0.235671322489148,0.01,2025-12-06T15:38:58Z
rdmdl,,AN-s,22,0.1735599978930201,0.01,2025-12-06T15:38:58Z
rdmdl,,AN-s,23,0.5075570677751043,0.01,2025-12-06T15:38:58Z
rdmdl,,AN-s,24,0.4172788918795334,0.01,2025-12-06T15:38:58Z
rdmdl,,AN-s,25,0.0519000692450138,0.01,2025-12-06T15:38:58Z
rdmdl,,AN-s,26,-0.2457917269325,0.01,2025-12-06T15:38:58Z
rdmdl,,AN-s,27,0.0330405598067307,0.01,2025-12-06T15:38:58Z
rdmdl,,AN-s,28,-0.505672823786545,0.01,2025-12-06T15:38:59Z
rdmdl,,AN-s,29,0.2429577953222399,0.01,2025-12-06T15:38:59Z
rdmdl,,AN-s,30,0.4671147727753973,0.01,2025-12-06T15:38:59Z
rdmdl,,AN-s,31,-0.4227322063551182,0.01,2025-12-06T15:38:59Z
rdmdl,,AN-s,32,0.1100456459917491,0.01,2025-12-06T15:38:59Z
rdmdl,,AN-s,33,-0.195889728520352,0.01,2025-12-06T15:38:59Z
rdmdl,,AN-s,34,-0.0481419746448009,0.01,2025-12-06T15:38:59Z
rdmdl,,AN-s,35,0.7003276496784704,0.01,2025-12-06T15:38:59Z
rdmdl,,AN-s,36,-0.7248739001910239,0.01,2025-12-06T15:38:59Z
rdmdl,,AN-s,37,-0.0042088663674619,0.01,2025-12-06T15:38:59Z
rdmdl,,AN-s,38,0.0274619633960323,0.01,2025-12-06T15:38:59Z
rdmdl,,AN-s,39,0.3110851065884292,0.01,2025-12-06T15:38:59Z
rdmdl,,AN-s,40,-0.7847943560134895,0.01,2025-12-06T15:38:59Z
rdmdl,,AN-s,41,0.388073855423386,0.01,2025-12-06T15:38:59Z
rdmdl,,AN-s,42,0.1690945754458248,0.01,2025-12-06T15:38:59Z
rdmdl,,AN-s,43,-0.6267900002419396,0.01,2025-12-06T15:38:59Z
rdmdl,,AN-s,44,-0.0912862693676117,0.01,2025-12-06T15:38:59Z
rdmdl,,AN-s,45,0.3858095082312329,0.01,2025-12-06T15:38:59Z
rdmdl,,AN-s,46,-0.4891514229826621,0.01,2025-12-06T15:38:59Z
rdmdl,,AN-s,47,-0.0698804675642611,0.01,2025-12-06T15:39:00Z
rdmdl,,AN-s,48,0.1210079745525547,0.01,2025-12-06T15:39:00Z
rdmdl,,AN-s,49,-0.4106465629182435,0.01,2025-12-06T15:39:00Z
rdmdl,,AN-s,50,-0.0241222016599851,0.01,2025-12-06T15:39:00Z
rdmdl,,AN-s,51,-0.0056998740535909,0.01,2025-12-06T15:39:00Z
rdmdl,,AN-s,52,-0.4487703072715435,0.01,2025-12-06T15:39:00Z
rdmdl,,AN-s,53,-0.2085278235455894,0.01,2025-12-06T15:39:00Z
rdmdl,,AN-s,54,0.2147920904686436,0.01,2025-12-06T15:39:00Z
rdmdl,,AN-s,55,0.3941806788610347,0.01,2025-12-06T15:39:00Z
rdmdl,,AN-s,56,0.3647285720558513,0.01,2025-12-06T15:39:00Z
rdmdl,,AN-s,57,0.0781627510448854,0.01,2025-12-06T15:39:00Z
rdmdl,,AN-s,58,0.0958569450001678,0.01,2025-12-06T15:39:00Z
rdmdl,,AN-s,59,-0.5468408126959753,0.01,2025-12-06T15:39:00Z
rdmdl,,AN-s,60,-0.603477127184964,0.01,2025-12-06T15:39:00Z
rdmdl,,AN-s,61,0.4396454337954524,0.01,2025-12-06T15:39:00Z
rdmdl,,AN-s,62,0.5281969708865693,0.01,2025-12-06T15:39:00Z
rdmdl,,AN-s,63,-0.6316076892677251,0.01,2025-12-06T15:39:00Z
rdmdl,,AN-s,64,0.1860985382462663,0.01,2025-12-06T15:39:00Z
rdmdl,,AN-s,65,0.8403042433843202,0.01,2025-12-06T15:39:00Z
rdmdl,,AN-s,66,0.0556455974125315,0.01,2025-12-06T15:39:01Z
rdmdl,,AN-s,67,-0.0271084988412385,0.01,2025-12-06T15:39:01Z
rdmdl,,AN-s,68,0.3705804075956564,0.01,2025-12-06T15:39:01Z
rdmdl,,AN-s,69,0.3351925241761864,0.01,2025-12-06T15:39:01Z
rdmdl,,AN-s,70,-0.4415222149084415,0.01,2025-12-06T15:39:01Z
rdmdl,,AN-s,71,-0.2563378684091606,0.01,2025-12-06T15:39:01Z
rdmdl,,AN-s,72,-0.2162404301364895,0.01,2025-12-06T15:39:01Z
rdmdl,,AN-s,73,0.1576490731421727,0.01,2025-12-06T15:39:01Z
rdmdl,,AN-s,74,0.3511013209607458,0.01,2025-12-06T15:39:01Z
rdmdl,,AN-s,75,-0.0145421470046139,0.01,2025-12-06T15:39:01Z
rdmdl,,AN-s,76,0.1510044873463769,0.01,2025-12-06T15:39:01Z
rdmdl,,AN-s,77,-0.2252513413307542,0.01,2025-12-06T15:39:01Z
rdmdl,,AN-s,78,-0.0561202508902874,0.01,2025-12-06T15:39:01Z
rdmdl,,AN-s,79,-0.156887157951696,0.01,2025-12-06T15:39:01Z
rdmdl,,AN-s,80,0.4771781394602644,0.01,2025-12-06T15:39:01Z
rdmdl,,AN-s,81,-0.4823687316924326,0.01,2025-12-06T15:39:01Z
rdmdl,,AN-s,82,0.524467053930897,0.01,2025-12-06T15:39:01Z
rdmdl,,AN-s,83,-0.3812901696780452,0.01,2025-12-06T15:39:01Z
rdmdl,,AN-s,84,-0.5772534382800127,0.01,2025-12-06T15:39:01Z
rdmdl,,AN-s,85,-0.134506381866292,0.01,2025-12-06T15:39:02Z
rdmdl,,AN-s,86,0.6326497778888464,0.01,2025-12-06T15:39:02Z
rdmdl,,AN-s,87,0.1820058358896804,0.01,2025-12-06T15:39:02Z
rdmdl,,AN-s,88,-0.7319642863916597,0.01,2025-12-06T15:39:02Z
rdmdl,,AN-s,89,-0.6718156310899758,0.01,2025-12-06T15:39:02Z
rdmdl,,AN-s,90,0.0193688392080528,0.01,2025-12-06T15:39:02Z
rdmdl,,AN-s,91,-0.2707474987865584,0.01,2025-12-06T15:39:02Z
rdmdl,,AN-s,92,0.4290937250602312,0.01,2025-12-06T15:39:02Z
rdmdl,,AN-s,93,0.4696914778503485,0.01,2025-12-06T15:39:02Z
rdmdl,,AN-s,94,-0.3631659180980675,0.01,2025-12-06T15:39:02Z
rdmdl,,AN-s,95,-0.3759510982204265,0.01,2025-12-06T15:39:02Z
rdmdl,,AN-s,96,0.5481958232061251,0.01,2025-12-06T15:39:02Z
rdmdl,,AN-s,97,-0.4533561716209383,0.01,2025-12-06T15:39:02Z
rdmdl,,AN-s,98,-0.0604474965080794,0.01,2025-12-06T15:39:02Z
rdmdl,,AN-s,99,0.30463963721971,0.01,2025-12-06T15:39:03Z
rdmdl,,AN-s,100,0.1520884131318648,0.01,2025-12-06T15:39:03Z
rdmdl,,LS,1,0.0840386320875895,0.01,2025-12-06T15:39:03Z
rdmdl,,LS,2,0.002589435781736,0.01,2025-12-06T15:39:03Z
rdmdl,,LS,3,-0.8211038783034447,0.01,2025-12-06T15:39:03Z
rdmdl,,LS,4,-0.3964130474806334,0.01,2025-12-06T15:39:03Z
rdmdl,,LS,5,-0.4922936779902929,0.01,2025-12-06T15:39:03Z
rdmdl,,LS,6,0.1169492159126493,0.01,2025-12-06T15:39:03Z
rdmdl,,LS,7,0.2711183303315069,0.01,2025-12-06T15:39:03Z
rdmdl,,LS,8,-1.2652198328030937,0.01,2025-12-06T15:39:03Z
rdmdl,,LS,9,-0.5336117735824789,0.01,2025-12-06T15:39:03Z
rdmdl,,LS,10,-0.11721414925522,0.01,2025-12-06T15:39:03Z
rdmdl,,LS,11,-0.3662909651288459,0.01,2025-12-06T15:39:03Z
rdmdl,,LS,12,-0.3505726102079611,0.01,2025-12-06T15:39:03Z
rdmdl,,LS,13,0.0832404713056193,0.01,2025-12-06T15:39:03Z
rdmdl,,LS,14,-0.3450074505943639,0.01,2025-12-06T15:39:04Z
rdmdl,,LS,15,-0.2376606281649642,0.01,2025-12-06T15:39:04Z
rdmdl,,LS,16,0.1577929332385092,0.01,2025-12-06T15:39:04Z
rdmdl,,LS,17,0.0810924997852794,0.01,2025-12-06T15:39:04Z
rdmdl,,LS,18,-0.1431268671295238,0.01,2025-12-06T15:39:04Z
rdmdl,,LS,19,-0.2435645610512265,0.01,2025-12-06T15:39:04Z
rdmdl,,LS,20,-0.1189391580950564,0.01,2025-12-06T15:39:04Z
rdmdl,,LS,21,-0.6678393821602804,0.01,2025-12-06T15:39:04Z
rdmdl,,LS,22,-0.0155905912397674,0.01,2025-12-06T15:39:04Z
rdmdl,,LS,23,-0.5669381314798814,0.01,2025-12-06T15:39:04Z
rdmdl,,LS,24,-0.4358853848928092,0.01,2025-12-06T15:39:04Z
rdmdl,,LS,25,-0.3313379096408894,0.01,2025-12-06T15:39:04Z
rdmdl,,LS,26,0.5726130511543516,0.01,2025-12-06T15:39:04Z
rdmdl,,LS,27,-0.1744475159710914,0.01,2025-12-06T15:39:04Z
rdmdl,,LS,28,-0.2106440867415467,0.01,2025-12-06T15:39:05Z
rdmdl,,LS,29,-0.233765800899805,0.01,2025-12-06T15:39:05Z
rdmdl,,LS,30,-0.3270249280507014,0.01,2025-12-06T15:39:05Z
rdmdl,,LS,31,0.1189343538617345,0.01,2025-12-06T15:39:05Z
rdmdl,,LS,32,-0.8039175842064256,0.01,2025-12-06T15:39:05Z
rdmdl,,LS,33,0.038819214700386503,0.01,2025-12-06T15:39:05Z
rdmdl,,LS,34,-0.2202787213239544,0.01,2025-12-06T15:39:05Z
rdmdl,,LS,35,-0.9389971150457828,0.01,2025-12-06T15:39:05Z
rdmdl,,LS,36,-0.1683064157699696,0.01,2025-12-06T15:39:05Z
rdmdl,,LS,37,0.1816075555880611,0.01,2025-12-06T15:39:05Z
rdmdl,,LS,38,-0.4286358151173506,0.01,2025-12-06T15:39:05Z
rdmdl,,LS,39,-0.639901240444627,0.01,2025-12-06T15:39:05Z
rdmdl,,LS,40,-0.2478637943414132,0.01,2025-12-06T15:39:05Z
rdmdl,,LS,41,0.045526328097887,0.01,2025-12-06T15:39:05Z
rdmdl,,LS,42,0.4005681295402191,0.01,2025-12-06T15:39:06Z
rdmdl,,LS,43,-0.4581377817162143,0.01,2025-12-06T15:39:06Z
rdmdl,,LS,44,-0.0792807374106789,0.01,2025-12-06T15:39:06Z
rdmdl,,LS,45,0.5266840088872131,0.01,2025-12-06T15:39:06Z
rdmdl,,LS,46,-0.300366874991711,0.01,2025-12-06T15:39:06Z
rdmdl,,LS,47,0.4345120784856647,0.01,2025-12-06T15:39:06Z
rdmdl,,LS,48,0.4897016360622142,0.01,2025-12-06T15:39:06Z
rdmdl,,LS,49,0.3314536831493133,0.01,2025-12-06T15:39:06Z
rdmdl,,LS,50,-1.1295107438437848,0.01,2025-12-06T15:39:06Z
rdmdl,,LS,51,0.053319878131097,0.01,2025-12-06T15:39:06Z
rdmdl,,LS,52,0.1211058274793799,0.01,2025-12-06T15:39:06Z
rdmdl,,LS,53,0.0083218781643895,0.01,2025-12-06T15:39:06Z
rdmdl,,LS,54,-0.2418574821170618,0.01,2025-12-06T15:39:06Z
rdmdl,,LS,55,-0.0176995768328083,0.01,2025-12-06T15:39:06Z
rdmdl,,LS,56,0.0426998032297515,0.01,2025-12-06T15:39:07Z
rdmdl,,LS,57,0.037762280817612,0.01,2025-12-06T15:39:07Z
rdmdl,,LS,58,0.3266080839396432,0.01,2025-12-06T15:39:07Z
rdmdl,,LS,59,0.287670483540729,0.01,2025-12-06T15:39:07Z
rdmdl,,LS,60,-0.5076580232945009,0.01,2025-12-06T15:39:07Z
rdmdl,,LS,61,-0.3854051736862452,0.01,2025-12-06T15:39:07Z
rdmdl,,LS,62,-0.0802388861987728,0.01,2025-12-06T15:39:07Z
rdmdl,,LS,63,-1.143914322411543,0.01,2025-12-06T15:39:07Z
rdmdl,,LS,64,-1.8886105477239408,0.01,2025-12-06T15:39:07Z
rdmdl,,LS,65,0.127877555344769,0.01,2025-12-06T15:39:07Z
rdmdl,,LS,66,0.1613863807798315,0.01,2025-12-06T15:39:07Z
rdmdl,,LS,67,-0.2285139330875431,0.01,2025-12-06T15:39:07Z
rdmdl,,LS,68,0.2787748793222727,0.01,2025-12-06T15:39:07Z
rdmdl,,LS,69,-0.0732872179473693,0.01,2025-12-06T15:39:07Z
rdmdl,,LS,70,-0.284734586698968,0.01,2025-12-06T15:39:08Z
rdmdl,,LS,71,0.1282774687332475,0.01,2025-12-06T15:39:08Z
rdmdl,,LS,72,-0.614991041144529,0.01,2025-12-06T15:39:08Z
rdmdl,,LS,73,0.0021183248212123,0.01,2025-12-06T15:39:08Z
rdmdl,,LS,74,-0.0970169379821013,0.01,2025-12-06T15:39:08Z
rdmdl,,LS,75,-1.1802397321413491,0.01,2025-12-06T15:39:08Z
rdmdl,,LS,76,0.1729320369294332,0.01,2025-12-06T15:39:08Z
rdmdl,,LS,77,0.0359268842546475,0.01,2025-12-06T15:39:08Z
rdmdl,,LS,78,-0.3332360050600064,0.01,2025-12-06T15:39:08Z
rdmdl,,LS,79,0.4381526265051065,0.01,2025-12-06T15:39:08Z
rdmdl,,LS,80,-0.3471277895409798,0.01,2025-12-06T15:39:08Z
rdmdl,,LS,81,-0.5107637191496688,0.01,2025-12-06T15:39:08Z
rdmdl,,LS,82,-0.1743716413057627,0.01,2025-12-06T15:39:08Z
rdmdl,,LS,83,-0.4547351506223362,0.01,2025-12-06T15:39:08Z
rdmdl,,LS,84,-0.0820713150445103,0.01,2025-12-06T15:39:08Z
rdmdl,,LS,85,-0.7285152251215675,0.01,2025-12-06T15:39:09Z
rdmdl,,LS,86,-0.7091998994595783,0.01,2025-12-06T15:39:09Z
rdmdl,,LS,87,-0.6182509707398276,0.01,2025-12-06T15:39:09Z
rdmdl,,LS,88,-0.2866578453353768,0.01,2025-12-06T15:39:09Z
rdmdl,,LS,89,-0.0726214624805202,0.01,2025-12-06T15:39:09Z
rdmdl,,LS,90,-1.1608257372660624,0.01,2025-12-06T15:39:09Z
rdmdl,,LS,91,-0.6651249703731996,0.01,2025-12-06T15:39:09Z
rdmdl,,LS,92,-1.0720973895858277,0.01,2025-12-06T15:39:09Z
rdmdl,,LS,93,-0.1969088107462471,0.01,2025-12-06T15:39:09Z
rdmdl,,LS,94,-0.1099292850339688,0.01,2025-12-06T15:39:09Z
rdmdl,,LS,95,-0.1611044960424083,0.01,2025-12-06T15:39:09Z
rdmdl,,LS,96,-0.7585961712222338,0.01,2025-12-06T15:39:09Z
rdmdl,,LS,97,0.1273648923942723,0.01,2025-12-06T15:39:09Z
rdmdl,,LS,98,-0.0369441084801028,0.01,2025-12-06T15:39:09Z
rdmdl,,LS,99,-0.0816887415787673,0.01,2025-12-06T15:39:10Z
rdmdl,,LS,100,0.4356155033599894,0.01,2025-12-06T15:39:10Z
rdmdl,,LS-s,1,0.6664274112567369,0.01,2025-12-06T15:39:10Z
rdmdl,,LS-s,2,0.4090623630196362,0.01,2025-12-06T15:39:10Z
rdmdl,,LS-s,3,0.5750180261802377,0.01,2025-12-06T15:39:10Z
rdmdl,,LS-s,4,-0.174947591438332,0.01,2025-12-06T15:39:10Z
rdmdl,,LS-s,5,0.6445433597131146,0.01,2025-12-06T15:39:10Z
rdmdl,,LS-s,6,0.3855495553077205,0.01,2025-12-06T15:39:10Z
rdmdl,,LS-s,7,0.4774054783336187,0.01,2025-12-06T15:39:10Z
rdmdl,,LS-s,8,0.7575882641053368,0.01,2025-12-06T15:39:10Z
rdmdl,,LS-s,9,-0.5520879566743329,0.01,2025-12-06T15:39:10Z
rdmdl,,LS-s,10,0.4739146360724853,0.01,2025-12-06T15:39:10Z
rdmdl,,LS-s,11,0.0776243954315239,0.01,2025-12-06T15:39:10Z
rdmdl,,LS-s,12,-0.0677027298800799,0.01,2025-12-06T15:39:10Z
rdmdl,,LS-s,13,0.0229388029151264,0.01,2025-12-06T15:39:10Z
rdmdl,,LS-s,14,0.2138299566466012,0.01,2025-12-06T15:39:10Z
rdmdl,,LS-s,15,0.5056837924380625,0.01,2025-12-06T15:39:11Z
rdmdl,,LS-s,16,-0.0644444999975212,0.01,2025-12-06T15:39:11Z
rdmdl,,LS-s,17,0.5780668526098861,0.01,2025-12-06T15:39:11Z
rdmdl,,LS-s,18,0.8587390238651961,0.01,2025-12-06T15:39:11Z
rdmdl,,LS-s,19,0.0500221134163402,0.01,2025-12-06T15:39:11Z
rdmdl,,LS-s,20,0.7486691463330244,0.01,2025-12-06T15:39:11Z
rdmdl,,LS-s,21,0.4701191536280471,0.01,2025-12-06T15:39:11Z
rdmdl,,LS-s,22,-0.0900880317770531,0.01,2025-12-06T15:39:11Z
rdmdl,,LS-s,23,-0.2583780537664279,0.01,2025-12-06T15:39:11Z
rdmdl,,LS-s,24,0.213792396152106,0.01,2025-12-06T15:39:11Z
rdmdl,,LS-s,25,0.5631281210703007,0.01,2025-12-06T15:39:11Z
rdmdl,,LS-s,26,0.1716463690698983,0.01,2025-12-06T15:39:11Z
rdmdl,,LS-s,27,0.5115910394718344,0.01,2025-12-06T15:39:11Z
rdmdl,,LS-s,28,0.419419668924751,0.01,2025-12-06T15:39:11Z
rdmdl,,LS-s,29,0.730947123614681,0.01,2025-12-06T15:39:12Z
rdmdl,,LS-s,30,0.0264715699103867,0.01,2025-12-06T15:39:12Z
rdmdl,,LS-s,31,0.935162843310319,0.01,2025-12-06T15:39:12Z
rdmdl,,LS-s,32,0.6265349405055508,0.01,2025-12-06T15:39:12Z
rdmdl,,LS-s,33,0.6325151452996334,0.01,2025-12-06T15:39:12Z
rdmdl,,LS-s,34,0.2524525775856605,0.01,2025-12-06T15:39:12Z
rdmdl,,LS-s,35,0.4064525868919163,0.01,2025-12-06T15:39:12Z
rdmdl,,LS-s,36,-0.2397301869849093,0.01,2025-12-06T15:39:12Z
rdmdl,,LS-s,37,0.9035957956368748,0.01,2025-12-06T15:39:12Z
rdmdl,,LS-s,38,0.4002482474374892,0.01,2025-12-06T15:39:12Z
rdmdl,,LS-s,39,0.5160360124575928,0.01,2025-12-06T15:39:12Z
rdmdl,,LS-s,40,0.4928862206028789,0.01,2025-12-06T15:39:12Z
rdmdl,,LS-s,41,0.6912811036382587,0.01,2025-12-06T15:39:12Z
rdmdl,,LS-s,42,0.401934508507594,0.01,2025-12-06T15:39:12Z
rdmdl,,LS-s,43,0.156808977933075,0.01,2025-12-06T15:39:12Z
rdmdl,,LS-s,44,0.4145898072951733,0.01,2025-12-06T15:39:13Z
rdmdl,,LS-s,45,1.0786810319362312,0.01,2025-12-06T15:39:13Z
rdmdl,,LS-s,46,0.3447157215499735,0.01,2025-12-06T15:39:13Z
rdmdl,,LS-s,47,0.3687586457871043,0.01,2025-12-06T15:39:13Z
rdmdl,,LS-s,48,0.7587480032674371,0.01,2025-12-06T15:39:13Z
rdmdl,,LS-s,49,-0.1541256514749684,0.01,2025-12-06T15:39:13Z
rdmdl,,LS-s,50,0.8907054853713043,0.01,2025-12-06T15:39:13Z
rdmdl,,LS-s,51,0.0142118482184837,0.01,2025-12-06T15:39:13Z
rdmdl,,LS-s,52,0.405954702824541,0.01,2025-12-06T15:39:13Z
rdmdl,,LS-s,53,0.4790040606434704,0.01,2025-12-06T15:39:13Z
rdmdl,,LS-s,54,-0.2263579054698925,0.01,2025-12-06T15:39:13Z
rdmdl,,LS-s,55,0.7592089306508487,0.01,2025-12-06T15:39:13Z
rdmdl,,LS-s,56,0.0859754438194813,0.01,2025-12-06T15:39:13Z
rdmdl,,LS-s,57,0.5037857107517579,0.01,2025-12-06T15:39:13Z
rdmdl,,LS-s,58,0.8597811622460018,0.01,2025-12-06T15:39:13Z
rdmdl,,LS-s,59,0.1197051137050289,0.01,2025-12-06T15:39:14Z
rdmdl,,LS-s,60,0.153597224089583,0.01,2025-12-06T15:39:14Z
rdmdl,,LS-s,61,0.4094484737020309,0.01,2025-12-06T15:39:14Z
rdmdl,,LS-s,62,0.3552494945826672,0.01,2025-12-06T15:39:14Z
rdmdl,,LS-s,63,-0.3452044446719824,0.01,2025-12-06T15:39:14Z
rdmdl,,LS-s,64,0.556428101575405,0.01,2025-12-06T15:39:14Z
rdmdl,,LS-s,65,0.4862228347445234,0.01,2025-12-06T15:39:14Z
rdmdl,,LS-s,66,0.6037024675548237,0.01,2025-12-06T15:39:14Z
rdmdl,,LS-s,67,0.5322590559934384,0.01,2025-12-06T15:39:14Z
rdmdl,,LS-s,68,0.1273926019735652,0.01,2025-12-06T15:39:14Z
rdmdl,,LS-s,69,0.927266808145565,0.01,2025-12-06T15:39:14Z
rdmdl,,LS-s,70,0.6994428029810815,0.01,2025-12-06T15:39:14Z
rdmdl,,LS-s,71,0.3401456708984574,0.01,2025-12-06T15:39:14Z
rdmdl,,LS-s,72,0.3988689460132639,0.01,2025-12-06T15:39:14Z
rdmdl,,LS-s,73,0.5206230543268536,0.01,2025-12-06T15:39:14Z
rdmdl,,LS-s,74,0.6746987622067477,0.01,2025-12-06T15:39:15Z
rdmdl,,LS-s,75,0.5816194884766742,0.01,2025-12-06T15:39:15Z
rdmdl,,LS-s,76,0.7123544453780823,0.01,2025-12-06T15:39:15Z
rdmdl,,LS-s,77,0.2960978809538096,0.01,2025-12-06T15:39:15Z
rdmdl,,LS-s,78,0.6204548953496214,0.01,2025-12-06T15:39:15Z
rdmdl,,LS-s,79,0.4739745532031727,0.01,2025-12-06T15:39:15Z
rdmdl,,LS-s,80,0.2035042056254208,0.01,2025-12-06T15:39:15Z
rdmdl,,LS-s,81,0.4222728792123241,0.01,2025-12-06T15:39:15Z
rdmdl,,LS-s,82,0.4429728041524438,0.01,2025-12-06T15:39:15Z
rdmdl,,LS-s,83,0.674004430621623,0.01,2025-12-06T15:39:15Z
rdmdl,,LS-s,84,0.3334965250577897,0.01,2025-12-06T15:39:15Z
rdmdl,,LS-s,85,0.3915959168402564,0.01,2025-12-06T15:39:15Z
rdmdl,,LS-s,86,0.3548971611925222,0.01,2025-12-06T15:39:15Z
rdmdl,,LS-s,87,0.4895143572965421,0.01,2025-12-06T15:39:15Z
rdmdl,,LS-s,88,-0.6110042877690157,0.01,2025-12-06T15:39:15Z
rdmdl,,LS-s,89,0.8852237997584422,0.01,2025-12-06T15:39:15Z
rdmdl,,LS-s,90,0.4092837698567155,0.01,2025-12-06T15:39:16Z
rdmdl,,LS-s,91,0.6511096676293525,0.01,2025-12-06T15:39:16Z
rdmdl,,LS-s,92,0.3798817568412119,0.01,2025-12-06T15:39:16Z
rdmdl,,LS-s,93,-0.5397123374965795,0.01,2025-12-06T15:39:16Z
rdmdl,,LS-s,94,0.0563141097600364,0.01,2025-12-06T15:39:16Z
rdmdl,,LS-s,95,0.1796328211652894,0.01,2025-12-06T15:39:16Z
rdmdl,,LS-s,96,0.4055659309139305,0.01,2025-12-06T15:39:16Z
rdmdl,,LS-s,97,0.1869098999924067,0.01,2025-12-06T15:39:16Z
rdmdl,,LS-s,98,-0.0926771385813167,0.01,2025-12-06T15:39:16Z
rdmdl,,LS-s,99,0.3010825884391756,0.01,2025-12-06T15:39:16Z
rdmdl,,LS-s,100,0.6798743269831875,0.01,2025-12-06T15:39:16Z
rdmdl,,MN-U,1,0.4489526098945726,0.01,2025-12-06T15:39:16Z
rdmdl,,MN-U,2,-0.0598917224549311,0.01,2025-12-06T15:39:16Z
rdmdl,,MN-U,3,0.5303732538554357,0.01,2025-12-06T15:39:16Z
rdmdl,,MN-U,4,0.0298102310267559,0.01,2025-12-06T15:39:16Z
rdmdl,,MN-U,5,0.1928386086159776,0.01,2025-12-06T15:39:17Z
rdmdl,,MN-U,6,0.1928949311324568,0.01,2025-12-06T15:39:17Z
rdmdl,,MN-U,7,0.4062950491205295,0.01,2025-12-06T15:39:17Z
rdmdl,,MN-U,8,0.106350751851065,0.01,2025-12-06T15:39:17Z
rdmdl,,MN-U,9,-0.112474219083188,0.01,2025-12-06T15:39:17Z
rdmdl,,MN-U,10,0.3602953864922222,0.01,2025-12-06T15:39:17Z
rdmdl,,MN-U,11,0.1926135583034038,0.01,2025-12-06T15:39:17Z
rdmdl,,MN-U,12,0.0427582016535934,0.01,2025-12-06T15:39:17Z
rdmdl,,MN-U,13,0.6577930768553829,0.01,2025-12-06T15:39:17Z
rdmdl,,MN-U,14,0.5252855982290976,0.01,2025-12-06T15:39:17Z
rdmdl,,MN-U,15,0.0548424853008209,0.01,2025-12-06T15:39:17Z
rdmdl,,MN-U,16,0.1550315051252873,0.01,2025-12-06T15:39:17Z
rdmdl,,MN-U,17,-0.0038273906998663,0.01,2025-12-06T15:39:17Z
rdmdl,,MN-U,18,0.4261054624688368,0.01,2025-12-06T15:39:17Z
rdmdl,,MN-U,19,0.31821748892289,0.01,2025-12-06T15:39:18Z
rdmdl,,MN-U,20,0.4656455045247348,0.01,2025-12-06T15:39:18Z
rdmdl,,MN-U,21,0.6660160695653167,0.01,2025-12-06T15:39:18Z
rdmdl,,MN-U,22,0.2913717643792038,0.01,2025-12-06T15:39:18Z
rdmdl,,MN-U,23,-0.080701246995884,0.01,2025-12-06T15:39:18Z
rdmdl,,MN-U,24,0.2583785707659583,0.01,2025-12-06T15:39:18Z
rdmdl,,MN-U,25,0.1440944677595468,0.01,2025-12-06T15:39:18Z
rdmdl,,MN-U,26,0.2574228324648184,0.01,2025-12-06T15:39:18Z
rdmdl,,MN-U,27,0.2193252908357656,0.01,2025-12-06T15:39:18Z
rdmdl,,MN-U,28,0.1107044312218727,0.01,2025-12-06T15:39:18Z
rdmdl,,MN-U,29,0.5877608447957736,0.01,2025-12-06T15:39:18Z
rdmdl,,MN-U,30,0.7272148421183633,0.01,2025-12-06T15:39:18Z
rdmdl,,MN-U,31,0.3599084383346448,0.01,2025-12-06T15:39:18Z
rdmdl,,MN-U,32,0.1622190958152555,0.01,2025-12-06T15:39:18Z
rdmdl,,MN-U,33,0.2271126405790139,0.01,2025-12-06T15:39:18Z
rdmdl,,MN-U,34,0.5392053309095013,0.01,2025-12-06T15:39:18Z
rdmdl,,MN-U,35,0.2124794825691551,0.01,2025-12-06T15:39:19Z
rdmdl,,MN-U,36,0.340758680319404,0.01,2025-12-06T15:39:19Z
rdmdl,,MN-U,37,0.1460581183213898,0.01,2025-12-06T15:39:19Z
rdmdl,,MN-U,38,0.0302955389311086,0.01,2025-12-06T15:39:19Z
rdmdl,,MN-U,39,0.3950285075992069,0.01,2025-12-06T15:39:19Z
rdmdl,,MN-U,40,0.3220835203712977,0.01,2025-12-06T15:39:19Z
rdmdl,,MN-U,41,-0.156029617277512,0.01,2025-12-06T15:39:19Z
rdmdl,,MN-U,42,0.4882336066353187,0.01,2025-12-06T15:39:19Z
rdmdl,,MN-U,43,0.1839843274230957,0.01,2025-12-06T15:39:19Z
rdmdl,,MN-U,44,0.407204367371718,0.01,2025-12-06T15:39:19Z
rdmdl,,MN-U,45,0.5185818447925603,0.01,2025-12-06T15:39:19Z
rdmdl,,MN-U,46,0.4650305260276059,0.01,2025-12-06T15:39:19Z
rdmdl,,MN-U,47,0.2945297095486071,0.01,2025-12-06T15:39:19Z
rdmdl,,MN-U,48,0.3140911484221685,0.01,2025-12-06T15:39:19Z
rdmdl,,MN-U,49,0.3964522310332509,0.01,2025-12-06T15:39:19Z
rdmdl,,MN-U,50,0.2240533951937179,0.01,2025-12-06T15:39:19Z
rdmdl,,MN-U,51,0.1372558834497363,0.01,2025-12-06T15:39:19Z
rdmdl,,MN-U,52,0.3889704367700264,0.01,2025-12-06T15:39:19Z
rdmdl,,MN-U,53,0.3762972854246709,0.01,2025-12-06T15:39:20Z
rdmdl,,MN-U,54,0.410930033572462,0.01,2025-12-06T15:39:20Z
rdmdl,,MN-U,55,-0.0053280377372313,0.01,2025-12-06T15:39:20Z
rdmdl,,MN-U,56,0.4218275412760611,0.01,2025-12-06T15:39:20Z
rdmdl,,MN-U,57,0.1943554379163756,0.01,2025-12-06T15:39:20Z
rdmdl,,MN-U,58,0.4307592910838793,0.01,2025-12-06T15:39:20Z
rdmdl,,MN-U,59,0.4634431684067115,0.01,2025-12-06T15:39:20Z
rdmdl,,MN-U,60,0.2094199045333698,0.01,2025-12-06T15:39:20Z
rdmdl,,MN-U,61,0.3066412685132957,0.01,2025-12-06T15:39:20Z
rdmdl,,MN-U,62,0.0407388054463394,0.01,2025-12-06T15:39:20Z
rdmdl,,MN-U,63,0.3201241046832538,0.01,2025-12-06T15:39:20Z
rdmdl,,MN-U,64,0.4436555866588087,0.01,2025-12-06T15:39:20Z
rdmdl,,MN-U,65,-0.0170476411206418,0.01,2025-12-06T15:39:20Z
rdmdl,,MN-U,66,0.420085773462966,0.01,2025-12-06T15:39:20Z
rdmdl,,MN-U,67,0.7525385384058418,0.01,2025-12-06T15:39:20Z
rdmdl,,MN-U,68,0.0706472137271275,0.01,2025-12-06T15:39:20Z
rdmdl,,MN-U,69,0.336111236351006,0.01,2025-12-06T15:39:20Z
rdmdl,,MN-U,70,0.2599368650706258,0.01,2025-12-06T15:39:20Z
rdmdl,,MN-U,71,0.0936639820833775,0.01,2025-12-06T15:39:21Z
rdmdl,,MN-U,72,0.5197536416630055,0.01,2025-12-06T15:39:21Z
rdmdl,,MN-U,73,0.2353431096575473,0.01,2025-12-06T15:39:21Z
rdmdl,,MN-U,74,0.256800813200231,0.01,2025-12-06T15:39:21Z
rdmdl,,MN-U,75,0.1815128879304527,0.01,2025-12-06T15:39:21Z
rdmdl,,MN-U,76,0.133781310828213,0.01,2025-12-06T15:39:21Z
rdmdl,,MN-U,77,0.1715122673247929,0.01,2025-12-06T15:39:21Z
rdmdl,,MN-U,78,0.4412625724449599,0.01,2025-12-06T15:39:21Z
rdmdl,,MN-U,79,0.1770967460353115,0.01,2025-12-06T15:39:21Z
rdmdl,,MN-U,80,0.1363287379663625,0.01,2025-12-06T15:39:21Z
rdmdl,,MN-U,81,0.2634759229797369,0.01,2025-12-06T15:39:21Z
rdmdl,,MN-U,82,0.3178553054836875,0.01,2025-12-06T15:39:21Z
rdmdl,,MN-U,83,0.5571521271286888,0.01,2025-12-06T15:39:21Z
rdmdl,,MN-U,84,0.6431657319258555,0.01,2025-12-06T15:39:21Z
rdmdl,,MN-U,85,0.024545403842221,0.01,2025-12-06T15:39:21Z
rdmdl,,MN-U,86,0.2657506484419257,0.01,2025-12-06T15:39:21Z
rdmdl,,MN-U,87,0.1059493997426448,0.01,2025-12-06T15:39:21Z
rdmdl,,MN-U,88,0.3498769794437157,0.01,2025-12-06T15:39:21Z
rdmdl,,MN-U,89,0.4504761793141506,0.01,2025-12-06T15:39:21Z
rdmdl,,MN-U,90,0.1341944761979819,0.01,2025-12-06T15:39:22Z
rdmdl,,MN-U,91,0.2204098881739519,0.01,2025-12-06T15:39:22Z
rdmdl,,MN-U,92,0.3341211836882896,0.01,2025-12-06T15:39:22Z
rdmdl,,MN-U,93,0.1886128816946516,0.01,2025-12-06T15:39:22Z
rdmdl,,MN-U,94,0.6618490838477378,0.01,2025-12-06T15:39:22Z
rdmdl,,MN-U,95,0.3532834778004653,0.01,2025-12-06T15:39:22Z
rdmdl,,MN-U,96,0.3346332443910915,0.01,2025-12-06T15:39:22Z
rdmdl,,MN-U,97,0.4069839570062099,0.01,2025-12-06T15:39:22Z
rdmdl,,MN-U,98,0.3317904565055041,0.01,2025-12-06T15:39:22Z
rdmdl,,MN-U,99,0.0922448377469481,0.01,2025-12-06T15:39:22Z
rdmdl,,MN-U,100,0.2062462265150047,0.01,2025-12-06T15:39:22Z
rdmdl,"{""delta"": ""res""}",AN,1,0.1866026298730066,0.01,2025-12-06T15:39:22Z
rdmdl,"{""delta"": ""res""}",AN,2,-0.9138250587050296,0.01,2025-12-06T15:39:22Z
rdmdl,"{""delta"": ""res""}",AN,3,-1.0094401768505576,0.01,2025-12-06T15:39:22Z
rdmdl,"{""delta"": ""res""}",AN,4,-0.5225715185272911,0.01,2025-12-06T15:39:22Z
rdmdl,"{""delta"": ""res""}",AN,5,-1.2902993644291747,0.01,2025-12-06T15:39:22Z
rdmdl,"{""delta"": ""res""}",AN,6,-0.5938073625074121,0.01,2025-12-06T15:39:22Z
rdmdl,"{""delta"": ""res""}",AN,7,-0.2731484961945534,0.01,2025-12-06T15:39:22Z
rdmdl,"{""delta"": ""res""}",AN,8,-0.9112430240614212,0.01,2025-12-06T15:39:23Z
rdmdl,"{""delta"": ""res""}",AN,9,-0.2715973096974994,0.01,2025-12-06T15:39:23Z
rdmdl,"{""delta"": ""res""}",AN,10,-0.189885148055433,0.01,2025-12-06T15:39:23Z
rdmdl,"{""delta"": ""res""}",AN,11,0.7259041496817754,0.01,2025-12-06T15:39:23Z
rdmdl,"{""delta"": ""res""}",AN,12,-0.6978364709225879,0.01,2025-12-06T15:39:23Z
rdmdl,"{""delta"": ""res""}",AN,13,0.8853631912526744,0.01,2025-12-06T15:39:23Z
rdmdl,"{""delta"": ""res""}",AN,14,1.2617797899291037,0.01,2025-12-06T15:39:23Z
rdmdl,"{""delta"": ""res""}",AN,15,0.495483689835848,0.01,2025-12-06T15:39:23Z
rdmdl,"{""delta"": ""res""}",AN,16,0.621104822374311,0.01,2025-12-06T15:39:23Z
rdmdl,"{""delta"": ""res""}",AN,17,0.6398847750425266,0.01,2025-12-06T15:39:23Z
rdmdl,"{""delta"": ""res""}",AN,18,0.6281299302693951,0.01,2025-12-06T15:39:23Z
rdmdl,"{""delta"": ""res""}",AN,19,1.2311180548838092,0.01,2025-12-06T15:39:23Z
rdmdl,"{""delta"": ""res""}",AN,20,0.1350878331840449,0.01,2025-12-06T15:39:23Z
rdmdl,"{""delta"": ""res""}",AN,21,1.054272140641089,0.01,2025-12-06T15:39:23Z
rdmdl,"{""delta"": ""res""}",AN,22,0.2250797184181901,0.01,2025-12-06T15:39:23Z
rdmdl,"{""delta"": ""res""}",AN,23,1.028982629904376,0.01,2025-12-06T15:39:23Z
rdmdl,"{""delta"": ""res""}",AN,24,0.6313605192965897,0.01,2025-12-06T15:39:23Z
rdmdl,"{""delta"": ""res""}",AN,25,-0.5910507360546453,0.01,2025-12-06T15:39:23Z
rdmdl,"{""delta"": ""res""}",AN,26,-1.919890815279616,0.01,2025-12-06T15:39:23Z
rdmdl,"{""delta"": ""res""}",AN,27,1.204508432223176,0.01,2025-12-06T15:39:24Z
rdmdl,"{""delta"": ""res""}",AN,28,0.6853787703084381,0.01,2025-12-06T15:39:24Z
rdmdl,"{""delta"": ""res""}",AN,29,-0.7854336381187095,0.01,2025-12-06T15:39:24Z
rdmdl,"{""delta"": ""res""}",AN,30,0.0516410314485638,0.01,2025-12-06T15:39:24Z
rdmdl,"{""delta"": ""res""}",AN,31,0.6703045495467395,0.01,2025-12-06T15:39:24Z
rdmdl,"{""delta"": ""res""}",AN,32,-2.6203811557230927,0.01,2025-12-06T15:39:24Z
rdmdl,"{""delta"": ""res""}",AN,33,-0.1235738452451205,0.01,2025-12-06T15:39:24Z
rdmdl,"{""delta"": ""res""}",AN,34,-0.8037056719384545,0.01,2025-12-06T15:39:24Z
rdmdl,"{""delta"": ""res""}",AN,35,-0.7961441280444633,0.01,2025-12-06T15:39:24Z
rdmdl,"{""delta"": ""res""}",AN,36,0.1995158779795801,0.01,2025-12-06T15:39:24Z
rdmdl,"{""delta"": ""res""}",AN,37,0.2179480408784584,0.01,2025-12-06T15:39:24Z
rdmdl,"{""delta"": ""res""}",AN,38,0.309302399567292,0.01,2025-12-06T15:39:24Z
rdmdl,"{""delta"": ""res""}",AN,39,-0.3631151229602746,0.01,2025-12-06T15:39:24Z
rdmdl,"{""delta"": ""res""}",AN,40,0.0415135271390918,0.01,2025-12-06T15:39:24Z
rdmdl,"{""delta"": ""res""}",AN,41,-0.9226672088666892,0.01,2025-12-06T15:39:24Z
rdmdl,"{""delta"": ""res""}",AN,42,0.3272507304802038,0.01,2025-12-06T15:39:24Z
rdmdl,"{""delta"": ""res""}",AN,43,0.0458748867341837,0.01,2025-12-06T15:39:24Z
rdmdl,"{""delta"": ""res""}",AN,44,-0.5836870637267985,0.01,2025-12-06T15:39:24Z
rdmdl,"{""delta"": ""res""}",AN,45,0.4630046565241337,0.01,2025-12-06T15:39:25Z
rdmdl,"{""delta"": ""res""}",AN,46,0.8985924840175685,0.01,2025-12-06T15:39:25Z
rdmdl,"{""delta"": ""res""}",AN,47,-0.02261769011272,0.01,2025-12-06T15:39:25Z
rdmdl,"{""delta"": ""res""}",AN,48,-1.3955681140261058,0.01,2025-12-06T15:39:25Z
rdmdl,"{""delta"": ""res""}",AN,49,0.9262181876148424,0.01,2025-12-06T15:39:25Z
rdmdl,"{""delta"": ""res""}",AN,50,0.4667622821197074,0.01,2025-12-06T15:39:25Z
rdmdl,"{""delta"": ""res""}",AN,51,0.8328121970394623,0.01,2025-12-06T15:39:25Z
rdmdl,"{""delta"": ""res""}",AN,52,0.3887309248243582,0.01,2025-12-06T15:39:25Z
rdmdl,"{""delta"": ""res""}",AN,53,-0.2174610042310832,0.01,2025-12-06T15:39:25Z
rdmdl,"{""delta"": ""res""}",AN,54,0.3976358429970059,0.01,2025-12-06T15:39:25Z
rdmdl,"{""delta"": ""res""}",AN,55,-0.6694097371403077,0.01,2025-12-06T15:39:25Z
rdmdl,"{""delta"": ""res""}",AN,56,0.586982934849817,0.01,2025-12-06T15:39:25Z
rdmdl,"{""delta"": ""res""}",AN,57,-0.7870843725306095,0.01,2025-12-06T15:39:25Z
rdmdl,"{""delta"": ""res""}",AN,58,-0.3758611795895631,0.01,2025-12-06T15:39:25Z
rdmdl,"{""delta"": ""res""}",AN,59,0.3676549072452344,0.01,2025-12-06T15:39:25Z
rdmdl,"{""delta"": ""res""}",AN,60,0.3096202754129245,0.01,2025-12-06T15:39:25Z
rdmdl,"{""delta"": ""res""}",AN,61,0.3884385503290359,0.01,2025-12-06T15:39:25Z
rdmdl,"{""delta"": ""res""}",AN,62,0.9320169809037324,0.01,2025-12-06T15:39:26Z
rdmdl,"{""delta"": ""res""}",AN,63,-1.0962560112135271,0.01,2025-12-06T15:39:26Z
rdmdl,"{""delta"": ""res""}",AN,64,0.3780883531681156,0.01,2025-12-06T15:39:26Z
rdmdl,"{""delta"": ""res""}",AN,65,-0.7954365054482023,0.01,2025-12-06T15:39:26Z
rdmdl,"{""delta"": ""res""}",AN,66,0.8466098943510533,0.01,2025-12-06T15:39:26Z
rdmdl,"{""delta"": ""res""}",AN,67,0.3161771933885702,0.01,2025-12-06T15:39:26Z
rdmdl,"{""delta"": ""res""}",AN,68,-0.0860910642731632,0.01,2025-12-06T15:39:26Z
rdmdl,"{""delta"": ""res""}",AN,69,-0.5758530417140719,0.01,2025-12-06T15:39:26Z
rdmdl,"{""delta"": ""res""}",AN,70,0.8819457098903258,0.01,2025-12-06T15:39:26Z
rdmdl,"{""delta"": ""res""}",AN,71,0.9825806675157218,0.01,2025-12-06T15:39:26Z
rdmdl,"{""delta"": ""res""}",AN,72,-0.3364217570165146,0.01,2025-12-06T15:39:26Z
rdmdl,"{""delta"": ""res""}",AN,73,1.036019096144084,0.01,2025-12-06T15:39:26Z
rdmdl,"{""delta"": ""res""}",AN,74,-0.0208834318930112,0.01,2025-12-06T15:39:26Z
rdmdl,"{""delta"": ""res""}",AN,75,-0.3028072956774958,0.01,2025-12-06T15:39:26Z
rdmdl,"{""delta"": ""res""}",AN,76,0.1155310077603044,0.01,2025-12-06T15:39:26Z
rdmdl,"{""delta"": ""res""}",AN,77,0.3066086523789399,0.01,2025-12-06T15:39:26Z
rdmdl,"{""delta"": ""res""}",AN,78,-0.1801292375899647,0.01,2025-12-06T15:39:27Z
rdmdl,"{""delta"": ""res""}",AN,79,0.3278498457502082,0.01,2025-12-06T15:39:27Z
rdmdl,"{""delta"": ""res""}",AN,80,0.0294781484549621,0.01,2025-12-06T15:39:27Z
rdmdl,"{""delta"": ""res""}",AN,81,-0.2604453516493686,0.01,2025-12-06T15:39:27Z
rdmdl,"{""delta"": ""res""}",AN,82,-0.6184954787828083,0.01,2025-12-06T15:39:27Z
rdmdl,"{""delta"": ""res""}",AN,83,0.1064159346600372,0.01,2025-12-06T15:39:27Z
rdmdl,"{""delta"": ""res""}",AN,84,0.5442287938939353,0.01,2025-12-06T15:39:27Z
rdmdl,"{""delta"": ""res""}",AN,85,-0.872594621299273,0.01,2025-12-06T15:39:27Z
rdmdl,"{""delta"": ""res""}",AN,86,0.5733977121451662,0.01,2025-12-06T15:39:27Z
rdmdl,"{""delta"": ""res""}",AN,87,-0.5583956489868924,0.01,2025-12-06T15:39:27Z
rdmdl,"{""delta"": ""res""}",AN,88,-0.785069423948451,0.01,2025-12-06T15:39:27Z
rdmdl,"{""delta"": ""res""}",AN,89,0.5729842103955325,0.01,2025-12-06T15:39:27Z
rdmdl,"{""delta"": ""res""}",AN,90,0.7702075150680284,0.01,2025-12-06T15:39:27Z
rdmdl,"{""delta"": ""res""}",AN,91,1.227410139982736,0.01,2025-12-06T15:39:27Z
rdmdl,"{""delta"": ""res""}",AN,92,-0.5735174489299352,0.01,2025-12-06T15:39:28Z
rdmdl,"{""delta"": ""res""}",AN,93,-0.0868800866268757,0.01,2025-12-06T15:39:28Z
rdmdl,"{""delta"": ""res""}",AN,94,0.9650314348056072,0.01,2025-12-06T15:39:28Z
rdmdl,"{""delta"": ""res""}",AN,95,-0.1850643154046629,0.01,2025-12-06T15:39:28Z
rdmdl,"{""delta"": ""res""}",AN,96,1.4493246222797316,0.01,2025-12-06T15:39:28Z
rdmdl,"{""delta"": ""res""}",AN,97,0.2811478882488736,0.01,2025-12-06T15:39:28Z
rdmdl,"{""delta"": ""res""}",AN,98,-0.2158216397538981,0.01,2025-12-06T15:39:28Z
rdmdl,"{""delta"": ""res""}",AN,99,-0.9570342386559078,0.01,2025-12-06T15:39:28Z
rdmdl,"{""delta"": ""res""}",AN,100,0.7304688941539571,0.01,2025-12-06T15:39:28Z
rdmdl,"{""delta"": ""res""}",AN-s,1,-0.9147411611522184,0.01,2025-12-06T15:39:28Z
rdmdl,"{""delta"": ""res""}",AN-s,2,-0.0332315500329823,0.01,2025-12-06T15:39:28Z
rdmdl,"{""delta"": ""res""}",AN-s,3,-0.2957580430744801,0.01,2025-12-06T15:39:28Z
rdmdl,"{""delta"": ""res""}",AN-s,4,0.0193472800946819,0.01,2025-12-06T15:39:28Z
rdmdl,"{""delta"": ""res""}",AN-s,5,0.0436164321292399,0.01,2025-12-06T15:39:28Z
rdmdl,"{""delta"": ""res""}",AN-s,6,-0.1903588412604221,0.01,2025-12-06T15:39:29Z
rdmdl,"{""delta"": ""res""}",AN-s,7,0.5156810587301661,0.01,2025-12-06T15:39:29Z
rdmdl,"{""delta"": ""res""}",AN-s,8,0.9588856860074666,0.01,2025-12-06T15:39:29Z
rdmdl,"{""delta"": ""res""}",AN-s,9,0.3326074625494984,0.01,2025-12-06T15:39:29Z
rdmdl,"{""delta"": ""res""}",AN-s,10,0.1933079215468187,0.01,2025-12-06T15:39:29Z
rdmdl,"{""delta"": ""res""}",AN-s,11,0.0752532149634807,0.01,2025-12-06T15:39:29Z
rdmdl,"{""delta"": ""res""}",AN-s,12,0.3580927757584068,0.01,2025-12-06T15:39:29Z
rdmdl,"{""delta"": ""res""}",AN-s,13,0.0888437837129477,0.01,2025-12-06T15:39:29Z
rdmdl,"{""delta"": ""res""}",AN-s,14,0.6500945778281075,0.01,2025-12-06T15:39:29Z
rdmdl,"{""delta"": ""res""}",AN-s,15,0.6118135346835679,0.01,2025-12-06T15:39:29Z
rdmdl,"{""delta"": ""res""}",AN-s,16,0.5530676433434619,0.01,2025-12-06T15:39:29Z
rdmdl,"{""delta"": ""res""}",AN-s,17,-1.189528848785323,0.01,2025-12-06T15:39:29Z
rdmdl,"{""delta"": ""res""}",AN-s,18,0.1565787830482277,0.01,2025-12-06T15:39:29Z
rdmdl,"{""delta"": ""res""}",AN-s,19,0.1122132784649529,0.01,2025-12-06T15:39:29Z
rdmdl,"{""delta"": ""res""}",AN-s,20,0.1779799789316621,0.01,2025-12-06T15:39:29Z
rdmdl,"{""delta"": ""res""}",AN-s,21,-0.2669060246213321,0.01,2025-12-06T15:39:30Z
rdmdl,"{""delta"": ""res""}",AN-s,22,0.6132693826076812,0.01,2025-12-06T15:39:30Z
rdmdl,"{""delta"": ""res""}",AN-s,23,1.344175787541131,0.01,2025-12-06T15:39:30Z
rdmdl,"{""delta"": ""res""}",AN-s,24,1.2008270049061012,0.01,2025-12-06T15:39:30Z
rdmdl,"{""delta"": ""res""}",AN-s,25,0.2472806293304675,0.01,2025-12-06T15:39:30Z
rdmdl,"{""delta"": ""res""}",AN-s,26,-0.3156088792371338,0.01,2025-12-06T15:39:30Z
rdmdl,"{""delta"": ""res""}",AN-s,27,0.2553054320200517,0.01,2025-12-06T15:39:30Z
rdmdl,"{""delta"": ""res""}",AN-s,28,-0.8590831082700207,0.01,2025-12-06T15:39:30Z
rdmdl,"{""delta"": ""res""}",AN-s,29,0.6718152797712919,0.01,2025-12-06T15:39:30Z
rdmdl,"{""delta"": ""res""}",AN-s,30,1.2511326997823309,0.01,2025-12-06T15:39:30Z
rdmdl,"{""delta"": ""res""}",AN-s,31,-0.6725640861066767,0.01,2025-12-06T15:39:30Z
rdmdl,"{""delta"": ""res""}",AN-s,32,0.4841661907419693,0.01,2025-12-06T15:39:30Z
rdmdl,"{""delta"": ""res""}",AN-s,33,-0.2470265756313802,0.01,2025-12-06T15:39:30Z
rdmdl,"{""delta"": ""res""}",AN-s,34,0.0428170794503821,0.01,2025-12-06T15:39:30Z
rdmdl,"{""delta"": ""res""}",AN-s,35,1.7163867960185926,0.01,2025-12-06T15:39:31Z
rdmdl,"{""delta"": ""res""}",AN-s,36,-1.3967063549440557,0.01,2025-12-06T15:39:31Z
rdmdl,"{""delta"": ""res""}",AN-s,37,0.2229530918080327,0.01,2025-12-06T15:39:31Z
rdmdl,"{""delta"": ""res""}",AN-s,38,0.1570578015166593,0.01,2025-12-06T15:39:31Z
rdmdl,"{""delta"": ""res""}",AN-s,39,0.7330809808893628,0.01,2025-12-06T15:39:31Z
rdmdl,"{""delta"": ""res""}",AN-s,40,-1.3649130381786436,0.01,2025-12-06T15:39:31Z
rdmdl,"{""delta"": ""res""}",AN-s,41,0.9208312067462704,0.01,2025-12-06T15:39:31Z
rdmdl,"{""delta"": ""res""}",AN-s,42,0.5713424757867979,0.01,2025-12-06T15:39:31Z
rdmdl,"{""delta"": ""res""}",AN-s,43,-1.0374844999504622,0.01,2025-12-06T15:39:31Z
rdmdl,"{""delta"": ""res""}",AN-s,44,0.0053131587586758,0.01,2025-12-06T15:39:31Z
rdmdl,"{""delta"": ""res""}",AN-s,45,0.9589547958494112,0.01,2025-12-06T15:39:31Z
rdmdl,"{""delta"": ""res""}",AN-s,46,-0.8034822869534891,0.01,2025-12-06T15:39:31Z
rdmdl,"{""delta"": ""res""}",AN-s,47,-0.0521635091279949,0.01,2025-12-06T15:39:31Z
rdmdl,"{""delta"": ""res""}",AN-s,48,0.4248512712429746,0.01,2025-12-06T15:39:31Z
rdmdl,"{""delta"": ""res""}",AN-s,49,-0.6877667483078476,0.01,2025-12-06T15:39:31Z
rdmdl,"{""delta"": ""res""}",AN-s,50,0.1430666263184284,0.01,2025-12-06T15:39:32Z
rdmdl,"{""delta"": ""res""}",AN-s,51,0.0943402205413076,0.01,2025-12-06T15:39:32Z
rdmdl,"{""delta"": ""res""}",AN-s,52,-0.751833620075613,0.01,2025-12-06T15:39:32Z
rdmdl,"{""delta"": ""res""}",AN-s,53,-0.3726144143799356,0.01,2025-12-06T15:39:32Z
rdmdl,"{""delta"": ""res""}",AN-s,54,0.561800099413851,0.01,2025-12-06T15:39:32Z
rdmdl,"{""delta"": ""res""}",AN-s,55,1.1446686917997049,0.01,2025-12-06T15:39:32Z
rdmdl,"{""delta"": ""res""}",AN-s,56,0.9198963864140424,0.01,2025-12-06T15:39:32Z
rdmdl,"{""delta"": ""res""}",AN-s,57,0.3233669567764391,0.01,2025-12-06T15:39:32Z
rdmdl,"{""delta"": ""res""}",AN-s,58,0.3053574017368773,0.01,2025-12-06T15:39:32Z
rdmdl,"{""delta"": ""res""}",AN-s,59,-0.8716874970964545,0.01,2025-12-06T15:39:32Z
rdmdl,"{""delta"": ""res""}",AN-s,60,-1.118022585164359,0.01,2025-12-06T15:39:32Z
rdmdl,"{""delta"": ""res""}",AN-s,61,1.0616049475439122,0.01,2025-12-06T15:39:32Z
rdmdl,"{""delta"": ""res""}",AN-s,62,1.102509934534075,0.01,2025-12-06T15:39:32Z
rdmdl,"{""delta"": ""res""}",AN-s,63,-1.1809287113205773,0.01,2025-12-06T15:39:32Z
rdmdl,"{""delta"": ""res""}",AN-s,64,0.5890952599395205,0.01,2025-12-06T15:39:32Z
rdmdl,"{""delta"": ""res""}",AN-s,65,1.867683427606804,0.01,2025-12-06T15:39:33Z
rdmdl,"{""delta"": ""res""}",AN-s,66,0.3223587464182837,0.01,2025-12-06T15:39:33Z
rdmdl,"{""delta"": ""res""}",AN-s,67,0.1319544458304935,0.01,2025-12-06T15:39:33Z
rdmdl,"{""delta"": ""res""}",AN-s,68,0.9052887965003248,0.01,2025-12-06T15:39:33Z
rdmdl,"{""delta"": ""res""}",AN-s,69,0.9233021355436504,0.01,2025-12-06T15:39:33Z
rdmdl,"{""delta"": ""res""}",AN-s,70,-0.6710301614267373,0.01,2025-12-06T15:39:33Z
rdmdl,"{""delta"": ""res""}",AN-s,71,-0.3229983619556824,0.01,2025-12-06T15:39:33Z
rdmdl,"{""delta"": ""res""}",AN-s,72,-0.3345433340615127,0.01,2025-12-06T15:39:33Z
rdmdl,"{""delta"": ""res""}",AN-s,73,0.4929514158473939,0.01,2025-12-06T15:39:33Z
rdmdl,"{""delta"": ""res""}",AN-s,74,0.8935981900862534,0.01,2025-12-06T15:39:33Z
rdmdl,"{""delta"": ""res""}",AN-s,75,0.2726321459818464,0.01,2025-12-06T15:39:33Z
rdmdl,"{""delta"": ""res""}",AN-s,76,0.5742679783031872,0.01,2025-12-06T15:39:33Z
rdmdl,"{""delta"": ""res""}",AN-s,77,-0.2464329641519471,0.01,2025-12-06T15:39:33Z
rdmdl,"{""delta"": ""res""}",AN-s,78,0.1952564377779526,0.01,2025-12-06T15:39:33Z
rdmdl,"{""delta"": ""res""}",AN-s,79,-0.2623630150902882,0.01,2025-12-06T15:39:34Z
rdmdl,"{""delta"": ""res""}",AN-s,80,1.1618987056164969,0.01,2025-12-06T15:39:34Z
rdmdl,"{""delta"": ""res""}",AN-s,81,-0.808728669105778,0.01,2025-12-06T15:39:34Z
rdmdl,"{""delta"": ""res""}",AN-s,82,1.3195195480644837,0.01,2025-12-06T15:39:34Z
rdmdl,"{""delta"": ""res""}",AN-s,83,-0.5946800142376651,0.01,2025-12-06T15:39:34Z
rdmdl,"{""delta"": ""res""}",AN-s,84,-0.9347955623815832,0.01,2025-12-06T15:39:34Z
rdmdl,"{""delta"": ""res""}",AN-s,85,0.0910872242181885,0.01,2025-12-06T15:39:34Z
rdmdl,"{""delta"": ""res""}",AN-s,86,1.5976036394081274,0.01,2025-12-06T15:39:34Z
rdmdl,"{""delta"": ""res""}",AN-s,87,0.5659912444183537,0.01,2025-12-06T15:39:34Z
rdmdl,"{""delta"": ""res""}",AN-s,88,-1.244454813075205,0.01,2025-12-06T15:39:34Z
rdmdl,"{""delta"": ""res""}",AN-s,89,-1.04640092238364,0.01,2025-12-06T15:39:34Z
rdmdl,"{""delta"": ""res""}",AN-s,90,0.1948515308852584,0.01,2025-12-06T15:39:34Z
rdmdl,"{""delta"": ""res""}",AN-s,91,-0.3782208125556826,0.01,2025-12-06T15:39:34Z
rdmdl,"{""delta"": ""res""}",AN-s,92,0.9819466804242802,0.01,2025-12-06T15:39:34Z
rdmdl,"{""delta"": ""res""}",AN-s,93,1.1544339058198092,0.01,2025-12-06T15:39:34Z
rdmdl,"{""delta"": ""res""}",AN-s,94,-0.4194714460134892,0.01,2025-12-06T15:39:34Z
rdmdl,"{""delta"": ""res""}",AN-s,95,-0.6535370401032996,0.01,2025-12-06T15:39:35Z
rdmdl,"{""delta"": ""res""}",AN-s,96,1.3251590920751042,0.01,2025-12-06T15:39:35Z
rdmdl,"{""delta"": ""res""}",AN-s,97,-0.7599172118824372,0.01,2025-12-06T15:39:35Z
rdmdl,"{""delta"": ""res""}",AN-s,98,0.0653241367696755,0.01,2025-12-06T15:39:35Z
rdmdl,"{""delta"": ""res""}",AN-s,99,0.8166821289778327,0.01,2025-12-06T15:39:35Z
rdmdl,"{""delta"": ""res""}",AN-s,100,0.2860953644816945,0.01,2025-12-06T15:39:35Z
rdmdl,"{""delta"": ""res""}",LS,1,0.5016073505450604,0.01,2025-12-06T15:39:35Z
rdmdl,"{""delta"": ""res""}",LS,2,0.3642480551917743,0.01,2025-12-06T15:39:35Z
rdmdl,"{""delta"": ""res""}",LS,3,-0.8512259467356125,0.01,2025-12-06T15:39:35Z
rdmdl,"{""delta"": ""res""}",LS,4,-0.3799884851222559,0.01,2025-12-06T15:39:35Z
rdmdl,"{""delta"": ""res""}",LS,5,-0.4731060151044148,0.01,2025-12-06T15:39:35Z
rdmdl,"{""delta"": ""res""}",LS,6,0.4313501408947304,0.01,2025-12-06T15:39:35Z
rdmdl,"{""delta"": ""res""}",LS,7,0.886225995396775,0.01,2025-12-06T15:39:35Z
rdmdl,"{""delta"": ""res""}",LS,8,-2.2827154818290163,0.01,2025-12-06T15:39:35Z
rdmdl,"{""delta"": ""res""}",LS,9,-0.7690824440789402,0.01,2025-12-06T15:39:35Z
rdmdl,"{""delta"": ""res""}",LS,10,0.3298212838584586,0.01,2025-12-06T15:39:36Z
rdmdl,"{""delta"": ""res""}",LS,11,-0.5727533887201316,0.01,2025-12-06T15:39:36Z
rdmdl,"{""delta"": ""res""}",LS,12,-0.0696006004829396,0.01,2025-12-06T15:39:36Z
rdmdl,"{""delta"": ""res""}",LS,13,0.2330477410975672,0.01,2025-12-06T15:39:36Z
rdmdl,"{""delta"": ""res""}",LS,14,-1.270447491603958,0.01,2025-12-06T15:39:36Z
rdmdl,"{""delta"": ""res""}",LS,15,-0.384465375902324,0.01,2025-12-06T15:39:36Z
rdmdl,"{""delta"": ""res""}",LS,16,0.7969549479412672,0.01,2025-12-06T15:39:36Z
rdmdl,"{""delta"": ""res""}",LS,17,0.2393749827565989,0.01,2025-12-06T15:39:36Z
rdmdl,"{""delta"": ""res""}",LS,18,-0.4433656486090495,0.01,2025-12-06T15:39:36Z
rdmdl,"{""delta"": ""res""}",LS,19,0.1440755863713766,0.01,2025-12-06T15:39:36Z
rdmdl,"{""delta"": ""res""}",LS,20,-0.2474478866338668,0.01,2025-12-06T15:39:36Z
rdmdl,"{""delta"": ""res""}",LS,21,-1.263482200158889,0.01,2025-12-06T15:39:36Z
rdmdl,"{""delta"": ""res""}",LS,22,0.4647055725293885,0.01,2025-12-06T15:39:36Z
rdmdl,"{""delta"": ""res""}",LS,23,-1.764115129194899,0.01,2025-12-06T15:39:36Z
rdmdl,"{""delta"": ""res""}",LS,24,-0.2165915980598947,0.01,2025-12-06T15:39:36Z
rdmdl,"{""delta"": ""res""}",LS,25,-0.1747505375663349,0.01,2025-12-06T15:39:37Z
rdmdl,"{""delta"": ""res""}",LS,26,1.1863124616881942,0.01,2025-12-06T15:39:37Z
rdmdl,"{""delta"": ""res""}",LS,27,0.0701191795243667,0.01,2025-12-06T15:39:37Z
rdmdl,"{""delta"": ""res""}",LS,28,0.1744009041287317,0.01,2025-12-06T15:39:37Z
rdmdl,"{""delta"": ""res""}",LS,29,-0.3760956087805552,0.01,2025-12-06T15:39:37Z
rdmdl,"{""delta"": ""res""}",LS,30,-0.167165719788858,0.01,2025-12-06T15:39:37Z
rdmdl,"{""delta"": ""res""}",LS,31,0.805261436705563,0.01,2025-12-06T15:39:37Z
rdmdl,"{""delta"": ""res""}",LS,32,-1.6353787786314298,0.01,2025-12-06T15:39:37Z
rdmdl,"{""delta"": ""res""}",LS,33,0.3765806844808194,0.01,2025-12-06T15:39:37Z
rdmdl,"{""delta"": ""res""}",LS,34,0.0498594750940919,0.01,2025-12-06T15:39:37Z
rdmdl,"{""delta"": ""res""}",LS,35,-1.5977822859539683,0.01,2025-12-06T15:39:37Z
rdmdl,"{""delta"": ""res""}",LS,36,-0.2335682252163296,0.01,2025-12-06T15:39:37Z
rdmdl,"{""delta"": ""res""}",LS,37,0.8101987560738162,0.01,2025-12-06T15:39:37Z
rdmdl,"{""delta"": ""res""}",LS,38,-0.5704444099370849,0.01,2025-12-06T15:39:37Z
rdmdl,"{""delta"": ""res""}",LS,39,-1.0240366980415183,0.01,2025-12-06T15:39:38Z
rdmdl,"{""delta"": ""res""}",LS,40,-0.3363890750433129,0.01,2025-12-06T15:39:38Z
rdmdl,"{""delta"": ""res""}",LS,41,0.258169812245309,0.01,2025-12-06T15:39:38Z
rdmdl,"{""delta"": ""res""}",LS,42,0.8315551343483893,0.01,2025-12-06T15:39:38Z
rdmdl,"{""delta"": ""res""}",LS,43,-0.9157965817349796,0.01,2025-12-06T15:39:38Z
rdmdl,"{""delta"": ""res""}",LS,44,0.2848013000362498,0.01,2025-12-06T15:39:38Z
rdmdl,"{""delta"": ""res""}",LS,45,1.2013807126480789,0.01,2025-12-06T15:39:38Z
rdmdl,"{""delta"": ""res""}",LS,46,-0.3091175894131629,0.01,2025-12-06T15:39:38Z
rdmdl,"{""delta"": ""res""}",LS,47,1.046181945246686,0.01,2025-12-06T15:39:38Z
rdmdl,"{""delta"": ""res""}",LS,48,1.258258607590953,0.01,2025-12-06T15:39:38Z
rdmdl,"{""delta"": ""res""}",LS,49,0.8092669072411026,0.01,2025-12-06T15:39:38Z
rdmdl,"{""delta"": ""res""}",LS,50,-2.2213952917476343,0.01,2025-12-06T15:39:38Z
rdmdl,"{""delta"": ""res""}",LS,51,-0.1208151504723464,0.01,2025-12-06T15:39:38Z
rdmdl,"{""delta"": ""res""}",LS,52,0.5167150509782278,0.01,2025-12-06T15:39:38Z
rdmdl,"{""delta"": ""res""}",LS,53,0.3685398801684368,0.01,2025-12-06T15:39:38Z
rdmdl,"{""delta"": ""res""}",LS,54,-0.1985118232564764,0.01,2025-12-06T15:39:39Z
rdmdl,"{""delta"": ""res""}",LS,55,0.1020847601824953,0.01,2025-12-06T15:39:39Z
rdmdl,"{""delta"": ""res""}",LS,56,0.5239584361479755,0.01,2025-12-06T15:39:39Z
rdmdl,"{""delta"": ""res""}",LS,57,0.4399449484381857,0.01,2025-12-06T15:39:39Z
rdmdl,"{""delta"": ""res""}",LS,58,0.4065300551114688,0.01,2025-12-06T15:39:39Z
rdmdl,"{""delta"": ""res""}",LS,59,1.3159400354931676,0.01,2025-12-06T15:39:39Z
rdmdl,"{""delta"": ""res""}",LS,60,-0.8878868011507984,0.01,2025-12-06T15:39:39Z
rdmdl,"{""delta"": ""res""}",LS,61,-0.6274126493637304,0.01,2025-12-06T15:39:39Z
rdmdl,"{""delta"": ""res""}",LS,62,-0.2017094965880423,0.01,2025-12-06T15:39:39Z
rdmdl,"{""delta"": ""res""}",LS,63,-2.6604522436143907,0.01,2025-12-06T15:39:39Z
rdmdl,"{""delta"": ""res""}",LS,64,-3.245385816126729,0.01,2025-12-06T15:39:39Z
rdmdl,"{""delta"": ""res""}",LS,65,0.6657066094111251,0.01,2025-12-06T15:39:39Z
rdmdl,"{""delta"": ""res""}",LS,66,0.517106604919125,0.01,2025-12-06T15:39:39Z
rdmdl,"{""delta"": ""res""}",LS,67,-0.1323271643096468,0.01,2025-12-06T15:39:39Z
rdmdl,"{""delta"": ""res""}",LS,68,0.9592296718402776,0.01,2025-12-06T15:39:39Z
rdmdl,"{""delta"": ""res""}",LS,69,0.263174048211642,0.01,2025-12-06T15:39:39Z
rdmdl,"{""delta"": ""res""}",LS,70,-0.314251497953126,0.01,2025-12-06T15:39:40Z
rdmdl,"{""delta"": ""res""}",LS,71,0.6623275158913384,0.01,2025-12-06T15:39:40Z
rdmdl,"{""delta"": ""res""}",LS,72,-0.974414168295638,0.01,2025-12-06T15:39:40Z
rdmdl,"{""delta"": ""res""}",LS,73,0.0513678057900688,0.01,2025-12-06T15:39:40Z
rdmdl,"{""delta"": ""res""}",LS,74,-0.5193129428122611,0.01,2025-12-06T15:39:40Z
rdmdl,"{""delta"": ""res""}",LS,75,-2.3856223276131203,0.01,2025-12-06T15:39:40Z
rdmdl,"{""delta"": ""res""}",LS,76,0.4850808083844367,0.01,2025-12-06T15:39:40Z
rdmdl,"{""delta"": ""res""}",LS,77,0.2192312757929357,0.01,2025-12-06T15:39:40Z
rdmdl,"{""delta"": ""res""}",LS,78,-0.2131184812618812,0.01,2025-12-06T15:39:40Z
rdmdl,"{""delta"": ""res""}",LS,79,1.3193124649365051,0.01,2025-12-06T15:39:40Z
rdmdl,"{""delta"": ""res""}",LS,80,-0.4176201808465721,0.01,2025-12-06T15:39:40Z
rdmdl,"{""delta"": ""res""}",LS,81,-1.209475752375689,0.01,2025-12-06T15:39:40Z
rdmdl,"{""delta"": ""res""}",LS,82,-0.0656045666115296,0.01,2025-12-06T15:39:40Z
rdmdl,"{""delta"": ""res""}",LS,83,-0.4950059894970272,0.01,2025-12-06T15:39:40Z
rdmdl,"{""delta"": ""res""}",LS,84,0.3731125956761643,0.01,2025-12-06T15:39:40Z
rdmdl,"{""delta"": ""res""}",LS,85,-1.3200688441449984,0.01,2025-12-06T15:39:40Z
rdmdl,"{""delta"": ""res""}",LS,86,-0.917263875303186,0.01,2025-12-06T15:39:40Z
rdmdl,"{""delta"": ""res""}",LS,87,-1.2420249405409978,0.01,2025-12-06T15:39:41Z
rdmdl,"{""delta"": ""res""}",LS,88,0.0137590273377827,0.01,2025-12-06T15:39:41Z
rdmdl,"{""delta"": ""res""}",LS,89,3.649964703618e-4,0.01,2025-12-06T15:39:41Z
rdmdl,"{""delta"": ""res""}",LS,90,-2.2786544133080406,0.01,2025-12-06T15:39:41Z
rdmdl,"{""delta"": ""res""}",LS,91,-0.9354704947270528,0.01,2025-12-06T15:39:41Z
rdmdl,"{""delta"": ""res""}",LS,92,-1.8947401955227303,0.01,2025-12-06T15:39:41Z
rdmdl,"{""delta"": ""res""}",LS,93,-0.0874771520546528,0.01,2025-12-06T15:39:41Z
rdmdl,"{""delta"": ""res""}",LS,94,-0.6247656194107404,0.01,2025-12-06T15:39:41Z
rdmdl,"{""delta"": ""res""}",LS,95,0.0217767707831299,0.01,2025-12-06T15:39:41Z
rdmdl,"{""delta"": ""res""}",LS,96,-1.348626535321073,0.01,2025-12-06T15:39:41Z
rdmdl,"{""delta"": ""res""}",LS,97,0.579362960665163,0.01,2025-12-06T15:39:41Z
rdmdl,"{""delta"": ""res""}",LS,98,0.0314539630116378,0.01,2025-12-06T15:39:41Z
rdmdl,"{""delta"": ""res""}",LS,99,0.1654716216627512,0.01,2025-12-06T15:39:41Z
rdmdl,"{""delta"": ""res""}",LS,100,1.125108177213693,0.01,2025-12-06T15:39:41Z
rdmdl,"{""delta"": ""res""}",LS-s,1,0.7949061269153008,0.01,2025-12-06T15:39:41Z
rdmdl,"{""delta"": ""res""}",LS-s,2,0.2921154767392545,0.01,2025-12-06T15:39:41Z
rdmdl,"{""delta"": ""res""}",LS-s,3,1.2161470843169209,0.01,2025-12-06T15:39:42Z
rdmdl,"{""delta"": ""res""}",LS-s,4,-1.48895675766131,0.01,2025-12-06T15:39:42Z
rdmdl,"{""delta"": ""res""}",LS-s,5,1.194676375076864,0.01,2025-12-06T15:39:42Z
rdmdl,"{""delta"": ""res""}",LS-s,6,0.9271326405567416,0.01,2025-12-06T15:39:42Z
rdmdl,"{""delta"": ""res""}",LS-s,7,0.3583177638695324,0.01,2025-12-06T15:39:42Z
rdmdl,"{""delta"": ""res""}",LS-s,8,1.0191829392784202,0.01,2025-12-06T15:39:42Z
rdmdl,"{""delta"": ""res""}",LS-s,9,-2.2735664426818567,0.01,2025-12-06T15:39:42Z
rdmdl,"{""delta"": ""res""}",LS-s,10,0.8082585093555991,0.01,2025-12-06T15:39:42Z
rdmdl,"{""delta"": ""res""}",LS-s,11,-0.3851839458596332,0.01,2025-12-06T15:39:42Z
rdmdl,"{""delta"": ""res""}",LS-s,12,-0.1165580292892136,0.01,2025-12-06T15:39:42Z
rdmdl,"{""delta"": ""res""}",LS-s,13,0.1024184700058376,0.01,2025-12-06T15:39:42Z
rdmdl,"{""delta"": ""res""}",LS-s,14,-0.2914032998019411,0.01,2025-12-06T15:39:42Z
rdmdl,"{""delta"": ""res""}",LS-s,15,0.4007189302138813,0.01,2025-12-06T15:39:42Z
rdmdl,"{""delta"": ""res""}",LS-s,16,-0.0846532599304482,0.01,2025-12-06T15:39:42Z
rdmdl,"{""delta"": ""res""}",LS-s,17,1.0989249522233095,0.01,2025-12-06T15:39:42Z
rdmdl,"{""delta"": ""res""}",LS-s,18,1.672310856703134,0.01,2025-12-06T15:39:42Z
rdmdl,"{""delta"": ""res""}",LS-s,19,0.1798676553616678,0.01,2025-12-06T15:39:42Z
rdmdl,"{""delta"": ""res""}",LS-s,20,0.8753842918090504,0.01,2025-12-06T15:39:42Z
rdmdl,"{""delta"": ""res""}",LS-s,21,1.068093085848857,0.01,2025-12-06T15:39:43Z
rdmdl,"{""delta"": ""res""}",LS-s,22,-0.1070016169310656,0.01,2025-12-06T15:39:43Z
rdmdl,"{""delta"": ""res""}",LS-s,23,-0.4377697454942154,0.01,2025-12-06T15:39:43Z
rdmdl,"{""delta"": ""res""}",LS-s,24,0.4845848953927143,0.01,2025-12-06T15:39:43Z
rdmdl,"{""delta"": ""res""}",LS-s,25,0.7237873435980455,0.01,2025-12-06T15:39:43Z
rdmdl,"{""delta"": ""res""}",LS-s,26,0.3039997786551939,0.01,2025-12-06T15:39:43Z
rdmdl,"{""delta"": ""res""}",LS-s,27,0.8590218599661857,0.01,2025-12-06T15:39:43Z
rdmdl,"{""delta"": ""res""}",LS-s,28,0.9152471976008963,0.01,2025-12-06T15:39:43Z
rdmdl,"{""delta"": ""res""}",LS-s,29,1.1538473437123922,0.01,2025-12-06T15:39:43Z
rdmdl,"{""delta"": ""res""}",LS-s,30,-0.6367221182575177,0.01,2025-12-06T15:39:43Z
rdmdl,"{""delta"": ""res""}",LS-s,31,1.745224016083277,0.01,2025-12-06T15:39:43Z
rdmdl,"{""delta"": ""res""}",LS-s,32,0.4210269855296137,0.01,2025-12-06T15:39:43Z
rdmdl,"{""delta"": ""res""}",LS-s,33,1.1272252471994142,0.01,2025-12-06T15:39:43Z
rdmdl,"{""delta"": ""res""}",LS-s,34,0.534519344211827,0.01,2025-12-06T15:39:43Z
rdmdl,"{""delta"": ""res""}",LS-s,35,0.8376453169864181,0.01,2025-12-06T15:39:43Z
rdmdl,"{""delta"": ""res""}",LS-s,36,-1.7140336273965295,0.01,2025-12-06T15:39:43Z
rdmdl,"{""delta"": ""res""}",LS-s,37,1.6234655670051834,0.01,2025-12-06T15:39:43Z
rdmdl,"{""delta"": ""res""}",LS-s,38,0.5185360411724614,0.01,2025-12-06T15:39:43Z
rdmdl,"{""delta"": ""res""}",LS-s,39,1.2458318842977696,0.01,2025-12-06T15:39:43Z
rdmdl,"{""delta"": ""res""}",LS-s,40,0.5884444593619773,0.01,2025-12-06T15:39:44Z
rdmdl,"{""delta"": ""res""}",LS-s,41,0.9278030976040792,0.01,2025-12-06T15:39:44Z
rdmdl,"{""delta"": ""res""}",LS-s,42,0.9172398265431402,0.01,2025-12-06T15:39:44Z
rdmdl,"{""delta"": ""res""}",LS-s,43,-0.3175872959837252,0.01,2025-12-06T15:39:44Z
rdmdl,"{""delta"": ""res""}",LS-s,44,-0.1641596015376089,0.01,2025-12-06T15:39:44Z
rdmdl,"{""delta"": ""res""}",LS-s,45,1.7706657837470647,0.01,2025-12-06T15:39:44Z
rdmdl,"{""delta"": ""res""}",LS-s,46,0.7480197284231381,0.01,2025-12-06T15:39:44Z
rdmdl,"{""delta"": ""res""}",LS-s,47,0.8021646332192395,0.01,2025-12-06T15:39:44Z
rdmdl,"{""delta"": ""res""}",LS-s,48,0.865948969781317,0.01,2025-12-06T15:39:44Z
rdmdl,"{""delta"": ""res""}",LS-s,49,-0.995078269169193,0.01,2025-12-06T15:39:44Z
rdmdl,"{""delta"": ""res""}",LS-s,50,1.015799467624709,0.01,2025-12-06T15:39:44Z
rdmdl,"{""delta"": ""res""}",LS-s,51,-0.5532618813288682,0.01,2025-12-06T15:39:44Z
rdmdl,"{""delta"": ""res""}",LS-s,52,0.2733805802252427,0.01,2025-12-06T15:39:44Z
rdmdl,"{""delta"": ""res""}",LS-s,53,0.6355692798969685,0.01,2025-12-06T15:39:44Z
rdmdl,"{""delta"": ""res""}",LS-s,54,-1.571187141015209,0.01,2025-12-06T15:39:44Z
rdmdl,"{""delta"": ""res""}",LS-s,55,1.4949064665094884,0.01,2025-12-06T15:39:44Z
rdmdl,"{""delta"": ""res""}",LS-s,56,0.2831851277694477,0.01,2025-12-06T15:39:44Z
rdmdl,"{""delta"": ""res""}",LS-s,57,0.9985673283402484,0.01,2025-12-06T15:39:44Z
rdmdl,"{""delta"": ""res""}",LS-s,58,1.3915513123472956,0.01,2025-12-06T15:39:45Z
rdmdl,"{""delta"": ""res""}",LS-s,59,0.3278199218009777,0.01,2025-12-06T15:39:45Z
rdmdl,"{""delta"": ""res""}",LS-s,60,-0.1495402408769205,0.01,2025-12-06T15:39:45Z
rdmdl,"{""delta"": ""res""}",LS-s,61,0.8653029602421739,0.01,2025-12-06T15:39:45Z
rdmdl,"{""delta"": ""res""}",LS-s,62,0.0458603234857728,0.01,2025-12-06T15:39:45Z
rdmdl,"{""delta"": ""res""}",LS-s,63,-1.7653119311234169,0.01,2025-12-06T15:39:45Z
rdmdl,"{""delta"": ""res""}",LS-s,64,1.308833474512543,0.01,2025-12-06T15:39:45Z
rdmdl,"{""delta"": ""res""}",LS-s,65,0.9653712230137552,0.01,2025-12-06T15:39:45Z
rdmdl,"{""delta"": ""res""}",LS-s,66,1.3609815916904715,0.01,2025-12-06T15:39:45Z
rdmdl,"{""delta"": ""res""}",LS-s,67,0.4925407525236878,0.01,2025-12-06T15:39:45Z
rdmdl,"{""delta"": ""res""}",LS-s,68,0.3044066499863384,0.01,2025-12-06T15:39:45Z
rdmdl,"{""delta"": ""res""}",LS-s,69,1.6249129104513886,0.01,2025-12-06T15:39:45Z
rdmdl,"{""delta"": ""res""}",LS-s,70,0.952671598534822,0.01,2025-12-06T15:39:45Z
rdmdl,"{""delta"": ""res""}",LS-s,71,0.671052373363309,0.01,2025-12-06T15:39:45Z
rdmdl,"{""delta"": ""res""}",LS-s,72,0.0157894672176917,0.01,2025-12-06T15:39:45Z
rdmdl,"{""delta"": ""res""}",LS-s,73,0.3227852404242385,0.01,2025-12-06T15:39:45Z
rdmdl,"{""delta"": ""res""}",LS-s,74,0.9871123613570362,0.01,2025-12-06T15:39:45Z
rdmdl,"{""delta"": ""res""}",LS-s,75,0.8563839687034269,0.01,2025-12-06T15:39:45Z
rdmdl,"{""delta"": ""res""}",LS-s,76,1.4114963141014505,0.01,2025-12-06T15:39:45Z
rdmdl,"{""delta"": ""res""}",LS-s,77,0.6874815377327559,0.01,2025-12-06T15:39:46Z
rdmdl,"{""delta"": ""res""}",LS-s,78,1.11498473517409,0.01,2025-12-06T15:39:46Z
rdmdl,"{""delta"": ""res""}",LS-s,79,-0.0305727951160479,0.01,2025-12-06T15:39:46Z
rdmdl,"{""delta"": ""res""}",LS-s,80,0.5888729157083581,0.01,2025-12-06T15:39:46Z
rdmdl,"{""delta"": ""res""}",LS-s,81,-0.0502035870684339,0.01,2025-12-06T15:39:46Z
rdmdl,"{""delta"": ""res""}",LS-s,82,0.1581065877288565,0.01,2025-12-06T15:39:46Z
rdmdl,"{""delta"": ""res""}",LS-s,83,1.067656849758936,0.01,2025-12-06T15:39:46Z
rdmdl,"{""delta"": ""res""}",LS-s,84,-0.3532533334156505,0.01,2025-12-06T15:39:46Z
rdmdl,"{""delta"": ""res""}",LS-s,85,0.9228878442499516,0.01,2025-12-06T15:39:46Z
rdmdl,"{""delta"": ""res""}",LS-s,86,0.9056108651443828,0.01,2025-12-06T15:39:46Z
rdmdl,"{""delta"": ""res""}",LS-s,87,0.8418403281460196,0.01,2025-12-06T15:39:46Z
rdmdl,"{""delta"": ""res""}",LS-s,88,-2.08816524344555,0.01,2025-12-06T15:39:46Z
rdmdl,"{""delta"": ""res""}",LS-s,89,1.7937521585763387,0.01,2025-12-06T15:39:46Z
rdmdl,"{""delta"": ""res""}",LS-s,90,0.4342815285995748,0.01,2025-12-06T15:39:46Z
rdmdl,"{""delta"": ""res""}",LS-s,91,0.31310011570817,0.01,2025-12-06T15:39:46Z
rdmdl,"{""delta"": ""res""}",LS-s,92,0.8463154187751043,0.01,2025-12-06T15:39:46Z
rdmdl,"{""delta"": ""res""}",LS-s,93,-2.2664953584631364,0.01,2025-12-06T15:39:46Z
rdmdl,"{""delta"": ""res""}",LS-s,94,-0.3396550619568043,0.01,2025-12-06T15:39:46Z
rdmdl,"{""delta"": ""res""}",LS-s,95,0.446572044097933,0.01,2025-12-06T15:39:46Z
rdmdl,"{""delta"": ""res""}",LS-s,96,0.1886992996640037,0.01,2025-12-06T15:39:47Z
rdmdl,"{""delta"": ""res""}",LS-s,97,0.364470906842911,0.01,2025-12-06T15:39:47Z
rdmdl,"{""delta"": ""res""}",LS-s,98,-0.6938673666330851,0.01,2025-12-06T15:39:47Z
rdmdl,"{""delta"": ""res""}",LS-s,99,-0.1713684472809364,0.01,2025-12-06T15:39:47Z
rdmdl,"{""delta"": ""res""}",LS-s,100,0.999236493918528,0.01,2025-12-06T15:39:47Z
rdmdl,"{""delta"": ""res""}",MN-U,1,0.8960112459283482,0.01,2025-12-06T15:39:47Z
rdmdl,"{""delta"": ""res""}",MN-U,2,-0.1418750537131745,0.01,2025-12-06T15:39:47Z
rdmdl,"{""delta"": ""res""}",MN-U,3,1.1759114732756826,0.01,2025-12-06T15:39:47Z
rdmdl,"{""delta"": ""res""}",MN-U,4,1.184513224525e-4,0.01,2025-12-06T15:39:47Z
rdmdl,"{""delta"": ""res""}",MN-U,5,0.4878225761476206,0.01,2025-12-06T15:39:47Z
rdmdl,"{""delta"": ""res""}",MN-U,6,0.3338964785659864,0.01,2025-12-06T15:39:47Z
rdmdl,"{""delta"": ""res""}",MN-U,7,0.9239661115555028,0.01,2025-12-06T15:39:47Z
rdmdl,"{""delta"": ""res""}",MN-U,8,0.2608451665205138,0.01,2025-12-06T15:39:47Z
rdmdl,"{""delta"": ""res""}",MN-U,9,-0.3002923082859306,0.01,2025-12-06T15:39:47Z
rdmdl,"{""delta"": ""res""}",MN-U,10,0.776441204945233,0.01,2025-12-06T15:39:47Z
rdmdl,"{""delta"": ""res""}",MN-U,11,0.3815106479131009,0.01,2025-12-06T15:39:47Z
rdmdl,"{""delta"": ""res""}",MN-U,12,0.227993804963231,0.01,2025-12-06T15:39:47Z
rdmdl,"{""delta"": ""res""}",MN-U,13,1.492295025782796,0.01,2025-12-06T15:39:47Z
rdmdl,"{""delta"": ""res""}",MN-U,14,1.166377350914756,0.01,2025-12-06T15:39:48Z
rdmdl,"{""delta"": ""res""}",MN-U,15,0.0986716228175573,0.01,2025-12-06T15:39:48Z
rdmdl,"{""delta"": ""res""}",MN-U,16,0.4717087046785546,0.01,2025-12-06T15:39:48Z
rdmdl,"{""delta"": ""res""}",MN-U,17,-0.0428497831478562,0.01,2025-12-06T15:39:48Z
rdmdl,"{""delta"": ""res""}",MN-U,18,1.0231552245849815,0.01,2025-12-06T15:39:48Z
rdmdl,"{""delta"": ""res""}",MN-U,19,0.7653062408315782,0.01,2025-12-06T15:39:48Z
rdmdl,"{""delta"": ""res""}",MN-U,20,1.0288909116214926,0.01,2025-12-06T15:39:48Z
rdmdl,"{""delta"": ""res""}",MN-U,21,1.4405323580101104,0.01,2025-12-06T15:39:48Z
rdmdl,"{""delta"": ""res""}",MN-U,22,0.7294180189472154,0.01,2025-12-06T15:39:48Z
rdmdl,"{""delta"": ""res""}",MN-U,23,-0.066499386024785,0.01,2025-12-06T15:39:48Z
rdmdl,"{""delta"": ""res""}",MN-U,24,0.635628886780325,0.01,2025-12-06T15:39:48Z
rdmdl,"{""delta"": ""res""}",MN-U,25,0.3245838285822301,0.01,2025-12-06T15:39:48Z
rdmdl,"{""delta"": ""res""}",MN-U,26,0.548515965296232,0.01,2025-12-06T15:39:48Z
rdmdl,"{""delta"": ""res""}",MN-U,27,0.5268406900070204,0.01,2025-12-06T15:39:48Z
rdmdl,"{""delta"": ""res""}",MN-U,28,0.2163605490635909,0.01,2025-12-06T15:39:48Z
rdmdl,"{""delta"": ""res""}",MN-U,29,1.2470253894195067,0.01,2025-12-06T15:39:48Z
rdmdl,"{""delta"": ""res""}",MN-U,30,1.6690656080502595,0.01,2025-12-06T15:39:48Z
rdmdl,"{""delta"": ""res""}",MN-U,31,0.759630311519204,0.01,2025-12-06T15:39:48Z
rdmdl,"{""delta"": ""res""}",MN-U,32,0.4251069419185805,0.01,2025-12-06T15:39:49Z
rdmdl,"{""delta"": ""res""}",MN-U,33,0.478827952939293,0.01,2025-12-06T15:39:49Z
rdmdl,"{""delta"": ""res""}",MN-U,34,1.202942264755129,0.01,2025-12-06T15:39:49Z
rdmdl,"{""delta"": ""res""}",MN-U,35,0.5896205212762871,0.01,2025-12-06T15:39:49Z
rdmdl,"{""delta"": ""res""}",MN-U,36,0.77202414195112945,0.01,2025-12-06T15:39:49Z
rdmdl,"{""delta"": ""res""}",MN-U,37,0.2890638209163735,0.01,2025-12-06T15:39:49Z
rdmdl,"{""delta"": ""res""}",MN-U,38,0.0527667312246321,0.01,2025-12-06T15:39:49Z
rdmdl,"{""delta"": ""res""}",MN-U,39,0.9708290882572274,0.01,2025-12-06T15:39:49Z
rdmdl,"{""delta"": ""res""}",MN-U,40,0.8491462868628423,0.01,2025-12-06T15:39:49Z
rdmdl,"{""delta"": ""res""}",MN-U,41,-0.3479000694903498,0.01,2025-12-06T15:39:49Z
rdmdl,"{""delta"": ""res""}",MN-U,42,1.0972535444934948,0.01,2025-12-06T15:39:49Z
rdmdl,"{""delta"": ""res""}",MN-U,43,0.4466114420419471,0.01,2025-12-06T15:39:49Z
rdmdl,"{""delta"": ""res""}",MN-U,44,1.0032165590973854,0.01,2025-12-06T15:39:49Z
rdmdl,"{""delta"": ""res""}",MN-U,45,1.1998052245228392,0.01,2025-12-06T15:39:49Z
rdmdl,"{""delta"": ""res""}",MN-U,46,1.0399181366504544,0.01,2025-12-06T15:39:49Z
rdmdl,"{""delta"": ""res""}",MN-U,47,0.7069156877362038,0.01,2025-12-06T15:39:49Z
rdmdl,"{""delta"": ""res""}",MN-U,48,0.7393662867646145,0.01,2025-12-06T15:39:49Z
rdmdl,"{""delta"": ""res""}",MN-U,49,1.073005697104687,0.01,2025-12-06T15:39:49Z
rdmdl,"{""delta"": ""res""}",MN-U,50,0.5637449050558971,0.01,2025-12-06T15:39:50Z
rdmdl,"{""delta"": ""res""}",MN-U,51,0.3339839120505348,0.01,2025-12-06T15:39:50Z
rdmdl,"{""delta"": ""res""}",MN-U,52,0.9250300248369584,0.01,2025-12-06T15:39:50Z
rdmdl,"{""delta"": ""res""}",MN-U,53,0.8607243857203885,0.01,2025-12-06T15:39:50Z
rdmdl,"{""delta"": ""res""}",MN-U,54,0.9229709845739053,0.01,2025-12-06T15:39:50Z
rdmdl,"{""delta"": ""res""}",MN-U,55,-0.0116149825988104,0.01,2025-12-06T15:39:50Z
rdmdl,"{""delta"": ""res""}",MN-U,56,0.8376770387218112,0.01,2025-12-06T15:39:50Z
rdmdl,"{""delta"": ""res""}",MN-U,57,0.4786649408097291,0.01,2025-12-06T15:39:50Z
rdmdl,"{""delta"": ""res""}",MN-U,58,0.8651229776141427,0.01,2025-12-06T15:39:50Z
rdmdl,"{""delta"": ""res""}",MN-U,59,1.028373204185864,0.01,2025-12-06T15:39:50Z
rdmdl,"{""delta"": ""res""}",MN-U,60,0.4853262489598947,0.01,2025-12-06T15:39:50Z
rdmdl,"{""delta"": ""res""}",MN-U,61,0.820898604497641,0.01,2025-12-06T15:39:50Z
rdmdl,"{""delta"": ""res""}",MN-U,62,0.1644938268220921,0.01,2025-12-06T15:39:50Z
rdmdl,"{""delta"": ""res""}",MN-U,63,0.8241732086005177,0.01,2025-12-06T15:39:50Z
rdmdl,"{""delta"": ""res""}",MN-U,64,0.792044716511602,0.01,2025-12-06T15:39:50Z
rdmdl,"{""delta"": ""res""}",MN-U,65,-0.0554172698933252,0.01,2025-12-06T15:39:50Z
rdmdl,"{""delta"": ""res""}",MN-U,66,0.8897611399620491,0.01,2025-12-06T15:39:50Z
rdmdl,"{""delta"": ""res""}",MN-U,67,1.616225536645994,0.01,2025-12-06T15:39:51Z
rdmdl,"{""delta"": ""res""}",MN-U,68,0.2066976778054559,0.01,2025-12-06T15:39:51Z
rdmdl,"{""delta"": ""res""}",MN-U,69,0.6388754402656596,0.01,2025-12-06T15:39:51Z
rdmdl,"{""delta"": ""res""}",MN-U,70,0.6382638131961575,0.01,2025-12-06T15:39:51Z
rdmdl,"{""delta"": ""res""}",MN-U,71,0.2300196945255284,0.01,2025-12-06T15:39:51Z
rdmdl,"{""delta"": ""res""}",MN-U,72,1.1400416616656384,0.01,2025-12-06T15:39:51Z
rdmdl,"{""delta"": ""res""}",MN-U,73,0.5520772702751819,0.01,2025-12-06T15:39:51Z
rdmdl,"{""delta"": ""res""}",MN-U,74,0.4303981452238822,0.01,2025-12-06T15:39:51Z
rdmdl,"{""delta"": ""res""}",MN-U,75,0.4791455572358664,0.01,2025-12-06T15:39:51Z
rdmdl,"{""delta"": ""res""}",MN-U,76,0.303122391704941,0.01,2025-12-06T15:39:51Z
rdmdl,"{""delta"": ""res""}",MN-U,77,0.3320572005465074,0.01,2025-12-06T15:39:51Z
rdmdl,"{""delta"": ""res""}",MN-U,78,1.001993607064789,0.01,2025-12-06T15:39:51Z
rdmdl,"{""delta"": ""res""}",MN-U,79,0.2960625582123812,0.01,2025-12-06T15:39:51Z
rdmdl,"{""delta"": ""res""}",MN-U,80,0.3107813325620264,0.01,2025-12-06T15:39:51Z
rdmdl,"{""delta"": ""res""}",MN-U,81,0.4379189323536575,0.01,2025-12-06T15:39:51Z
rdmdl,"{""delta"": ""res""}",MN-U,82,0.7869738247502027,0.01,2025-12-06T15:39:51Z
rdmdl,"{""delta"": ""res""}",MN-U,83,1.243424533366664,0.01,2025-12-06T15:39:51Z
rdmdl,"{""delta"": ""res""}",MN-U,84,1.4668429023071277,0.01,2025-12-06T15:39:51Z
rdmdl,"{""delta"": ""res""}",MN-U,85,0.085448530132624,0.01,2025-12-06T15:39:52Z
rdmdl,"{""delta"": ""res""}",MN-U,86,0.53699910757416,0.01,2025-12-06T15:39:52Z
rdmdl,"{""delta"": ""res""}",MN-U,87,0.1884074032895223,0.01,2025-12-06T15:39:52Z
rdmdl,"{""delta"": ""res""}",MN-U,88,0.8747190726406261,0.01,2025-12-06T15:39:52Z
rdmdl,"{""delta"": ""res""}",MN-U,89,0.9231676214106374,0.01,2025-12-06T15:39:52Z
rdmdl,"{""delta"": ""res""}",MN-U,90,0.2662607072598148,0.01,2025-12-06T15:39:52Z
rdmdl,"{""delta"": ""res""}",MN-U,91,0.5723102343435421,0.01,2025-12-06T15:39:52Z
rdmdl,"{""delta"": ""res""}",MN-U,92,0.6570371487149732,0.01,2025-12-06T15:39:52Z
rdmdl,"{""delta"": ""res""}",MN-U,93,0.3340807001806406,0.01,2025-12-06T15:39:52Z
rdmdl,"{""delta"": ""res""}",MN-U,94,1.4114252021816285,0.01,2025-12-06T15:39:52Z
rdmdl,"{""delta"": ""res""}",MN-U,95,0.7779012490170335,0.01,2025-12-06T15:39:52Z
rdmdl,"{""delta"": ""res""}",MN-U,96,0.6063617151410982,0.01,2025-12-06T15:39:52Z
rdmdl,"{""delta"": ""res""}",MN-U,97,0.8888163328593092,0.01,2025-12-06T15:39:52Z
rdmdl,"{""delta"": ""res""}",MN-U,98,0.7887458696325576,0.01,2025-12-06T15:39:52Z
rdmdl,"{""delta"": ""res""}",MN-U,99,0.2176487733375997,0.01,2025-12-06T15:39:52Z
rdmdl,"{""delta"": ""res""}",MN-U,100,0.5376990242924458,0.01,2025-12-06T15:39:52Z
reci,,AN,1,0.0106629957375121,0.01,2025-12-06T15:47:55Z
reci,,AN,2,-0.0062077725078481,0.01,2025-12-06T15:47:55Z
reci,,AN,3,-0.004716549576818,0.01,2025-12-06T15:47:55Z
reci,,AN,4,0.0032602382412178,0.01,2025-12-06T15:47:55Z
reci,,AN,5,-0.0059874182628047,0.01,2025-12-06T15:47:55Z
reci,,AN,6,0.0084573677849171,0.01,2025-12-06T15:47:55Z
reci,,AN,7,0.0302899092467362,0.01,2025-12-06T15:47:55Z
reci,,AN,8,-0.004101112226421,0.01,2025-12-06T15:47:55Z
reci,,AN,9,-0.0018871421909156,0.01,2025-12-06T15:47:55Z
reci,,AN,10,0.001467264716944,0.01,2025-12-06T15:47:55Z
reci,,AN,11,0.012261567105228,0.01,2025-12-06T15:47:55Z
reci,,AN,12,-0.0061307780375589,0.01,2025-12-06T15:47:55Z
reci,,AN,13,0.0176346071299943,0.01,2025-12-06T15:47:55Z
reci,,AN,14,0.0439631336971635,0.01,2025-12-06T15:47:55Z
reci,,AN,15,0.0122879224197069,0.01,2025-12-06T15:47:55Z
reci,,AN,16,0.0124130901481156,0.01,2025-12-06T15:47:55Z
reci,,AN,17,0.0306566835429991,0.01,2025-12-06T15:47:55Z
reci,,AN,18,0.0064739260796356,0.01,2025-12-06T15:47:55Z
reci,,AN,19,0.0277096092988797,0.01,2025-12-06T15:47:55Z
reci,,AN,20,0.0135943292222782,0.01,2025-12-06T15:47:55Z
reci,,AN,21,0.0240335309257849,0.01,2025-12-06T15:47:55Z
reci,,AN,22,0.0076187611804317,0.01,2025-12-06T15:47:55Z
reci,,AN,23,0.0132610817558491,0.01,2025-12-06T15:47:55Z
reci,,AN,24,0.0136512029646326,0.01,2025-12-06T15:47:55Z
reci,,AN,25,0.0344241583279395,0.01,2025-12-06T15:47:55Z
reci,,AN,26,-0.0095475654636539,0.01,2025-12-06T15:47:55Z
reci,,AN,27,0.0150670561225613,0.01,2025-12-06T15:47:55Z
reci,,AN,28,0.0065757945522577,0.01,2025-12-06T15:47:55Z
reci,,AN,29,-0.0022188935693753,0.01,2025-12-06T15:47:55Z
reci,,AN,30,0.0031739522156684,0.01,2025-12-06T15:47:55Z
reci,,AN,31,0.0236871691275386,0.01,2025-12-06T15:47:55Z
reci,,AN,32,-0.014528480363526,0.01,2025-12-06T15:47:55Z
reci,,AN,33,2.371133995371e-4,0.01,2025-12-06T15:47:55Z
reci,,AN,34,-5.049358509245e-4,0.01,2025-12-06T15:47:55Z
reci,,AN,35,0.0211828908047089,0.01,2025-12-06T15:47:55Z
reci,,AN,36,0.022811130847131,0.01,2025-12-06T15:47:55Z
reci,,AN,37,0.0044720309944584,0.01,2025-12-06T15:47:55Z
reci,,AN,38,0.0062908806058973,0.01,2025-12-06T15:47:55Z
reci,,AN,39,0.0012488225857943,0.01,2025-12-06T15:47:55Z
reci,,AN,40,0.0069359689828335,0.01,2025-12-06T15:47:55Z
reci,,AN,41,-0.0035348402515707,0.01,2025-12-06T15:47:55Z
reci,,AN,42,0.0268491502783048,0.01,2025-12-06T15:47:55Z
reci,,AN,43,0.0062651125978482,0.01,2025-12-06T15:47:55Z
reci,,AN,44,0.0021684599819009,0.01,2025-12-06T15:47:55Z
reci,,AN,45,0.0067498064863242,0.01,2025-12-06T15:47:55Z
reci,,AN,46,0.0264525974318313,0.01,2025-12-06T15:47:55Z
reci,,AN,47,0.0102338032970818,0.01,2025-12-06T15:47:55Z
reci,,AN,48,-0.0087946168428627,0.01,2025-12-06T15:47:55Z
reci,,AN,49,0.0183067655139998,0.01,2025-12-06T15:47:55Z
reci,,AN,50,0.0211585222101168,0.01,2025-12-06T15:47:55Z
reci,,AN,51,0.0199264451461743,0.01,2025-12-06T15:47:55Z
reci,,AN,52,0.0147764229950064,0.01,2025-12-06T15:47:55Z
reci,,AN,53,0.0183617701290871,0.01,2025-12-06T15:47:55Z
reci,,AN,54,0.0428156349919645,0.01,2025-12-06T15:47:55Z
reci,,AN,55,0.018138136915197,0.01,2025-12-06T15:47:55Z
reci,,AN,56,0.0140978181170674,0.01,2025-12-06T15:47:55Z
reci,,AN,57,-0.0019803086790429,0.01,2025-12-06T15:47:55Z
reci,,AN,58,-2.983570528621e-4,0.01,2025-12-06T15:47:55Z
reci,,AN,59,0.0025838605837608,0.01,2025-12-06T15:47:55Z
reci,,AN,60,0.0088751137180412,0.01,2025-12-06T15:47:55Z
reci,,AN,61,0.0177479381334359,0.01,2025-12-06T15:47:55Z
reci,,AN,62,0.012015774964424,0.01,2025-12-06T15:47:55Z
reci,,AN,63,-0.0080603688860364,0.01,2025-12-06T15:47:55Z
reci,,AN,64,0.036052916268833,0.01,2025-12-06T15:47:55Z
reci,,AN,65,0.0105467528747218,0.01,2025-12-06T15:47:55Z
reci,,AN,66,0.0323049366090506,0.01,2025-12-06T15:47:55Z
reci,,AN,67,0.0136807930722262,0.01,2025-12-06T15:47:55Z
reci,,AN,68,0.0016813153510787,0.01,2025-12-06T15:47:55Z
reci,,AN,69,0.0111464566400092,0.01,2025-12-06T15:47:55Z
reci,,AN,70,0.015448951349977,0.01,2025-12-06T15:47:55Z
reci,,AN,71,0.0315663987939754,0.01,2025-12-06T15:47:55Z
reci,,AN,72,0.0093833144514669,0.01,2025-12-06T15:47:55Z
reci,,AN,73,0.0255196591067127,0.01,2025-12-06T15:47:55Z
reci,,AN,74,0.0047474382706854,0.01,2025-12-06T15:47:55Z
reci,,AN,75,0.0161106001683561,0.01,2025-12-06T15:47:55Z
reci,,AN,76,0.0013076093122136,0.01,2025-12-06T15:47:55Z
reci,,AN,77,0.0165700889335683,0.01,2025-12-06T15:47:55Z
reci,,AN,78,0.0161267721998121,0.01,2025-12-06T15:47:56Z
reci,,AN,79,0.024364945587238,0.01,2025-12-06T15:47:56Z
reci,,AN,80,0.0102184872308512,0.01,2025-12-06T15:47:56Z
reci,,AN,81,0.0212395817629191,0.01,2025-12-06T15:47:56Z
reci,,AN,82,-0.0028428792196445,0.01,2025-12-06T15:47:56Z
reci,,AN,83,0.0068696895725429,0.01,2025-12-06T15:47:56Z
reci,,AN,84,0.0145593660192988,0.01,2025-12-06T15:47:56Z
reci,,AN,85,-0.004998663811987,0.01,2025-12-06T15:47:56Z
reci,,AN,86,0.0135436519456592,0.01,2025-12-06T15:47:56Z
reci,,AN,87,0.0028245317838014,0.01,2025-12-06T15:47:56Z
reci,,AN,88,0.0047945754436264,0.01,2025-12-06T15:47:56Z
reci,,AN,89,0.0191907963301901,0.01,2025-12-06T15:47:56Z
reci,,AN,90,0.0229598058696086,0.01,2025-12-06T15:47:56Z
reci,,AN,91,0.0249902561627338,0.01,2025-12-06T15:47:56Z
reci,,AN,92,6.405008372634e-4,0.01,2025-12-06T15:47:56Z
reci,,AN,93,-0.002278511580419,0.01,2025-12-06T15:47:56Z
reci,,AN,94,0.0184181827286393,0.01,2025-12-06T15:47:56Z
reci,,AN,95,0.0063070638056787,0.01,2025-12-06T15:47:56Z
reci,,AN,96,0.0286476380812331,0.01,2025-12-06T15:47:56Z
reci,,AN,97,0.0091808566307044,0.01,2025-12-06T15:47:56Z
reci,,AN,98,0.0023319127451289,0.01,2025-12-06T15:47:56Z
reci,,AN,99,0.0133463748492155,0.01,2025-12-06T15:47:56Z
reci,,AN,100,0.0146783196012861,0.01,2025-12-06T15:47:56Z
reci,,AN-s,1,-0.0077401318153694,0.01,2025-12-06T15:47:56Z
reci,,AN-s,2,0.0068772335269921,0.01,2025-12-06T15:47:56Z
reci,,AN-s,3,0.0130687392908794,0.01,2025-12-06T15:47:56Z
reci,,AN-s,4,-0.00331411746013,0.01,2025-12-06T15:47:56Z
reci,,AN-s,5,-0.0010871582084658,0.01,2025-12-06T15:47:56Z
reci,,AN-s,6,0.0097688958287898,0.01,2025-12-06T15:47:56Z
reci,,AN-s,7,0.008932502101621,0.01,2025-12-06T15:47:56Z
reci,,AN-s,8,0.0077206587034209,0.01,2025-12-06T15:47:56Z
reci,,AN-s,9,0.0055674723160684,0.01,2025-12-06T15:47:56Z
reci,,AN-s,10,0.0070948200277825,0.01,2025-12-06T15:47:56Z
reci,,AN-s,11,0.0059399088659725,0.01,2025-12-06T15:47:56Z
reci,,AN-s,12,0.0058070053851513,0.01,2025-12-06T15:47:56Z
reci,,AN-s,13,-0.0027662483709223,0.01,2025-12-06T15:47:56Z
reci,,AN-s,14,0.0037545617967318,0.01,2025-12-06T15:47:56Z
reci,,AN-s,15,0.0067275532249863,0.01,2025-12-06T15:47:56Z
reci,,AN-s,16,0.0029044926382676,0.01,2025-12-06T15:47:56Z
reci,,AN-s,17,2.109595356633e-4,0.01,2025-12-06T15:47:56Z
reci,,AN-s,18,0.0100555836565096,0.01,2025-12-06T15:47:56Z
reci,,AN-s,19,0.0063100553287126,0.01,2025-12-06T15:47:56Z
reci,,AN-s,20,0.0051741720064359,0.01,2025-12-06T15:47:56Z
reci,,AN-s,21,0.0149418788303493,0.01,2025-12-06T15:47:56Z
reci,,AN-s,22,0.0076899185570005,0.01,2025-12-06T15:47:56Z
reci,,AN-s,23,0.0126792862104917,0.01,2025-12-06T15:47:56Z
reci,,AN-s,24,0.0032843042434037,0.01,2025-12-06T15:47:56Z
reci,,AN-s,25,-5.927765172233e-4,0.01,2025-12-06T15:47:56Z
reci,,AN-s,26,0.0069376846590234,0.01,2025-12-06T15:47:56Z
reci,,AN-s,27,-2.268306302339e-4,0.01,2025-12-06T15:47:56Z
reci,,AN-s,28,-0.0082770710583873,0.01,2025-12-06T15:47:56Z
reci,,AN-s,29,0.0119841653991874,0.01,2025-12-06T15:47:56Z
reci,,AN-s,30,0.0143639063069476,0.01,2025-12-06T15:47:56Z
reci,,AN-s,31,0.0105542475365166,0.01,2025-12-06T15:47:56Z
reci,,AN-s,32,-5.220727204707e-4,0.01,2025-12-06T15:47:56Z
reci,,AN-s,33,-0.0046413397081842,0.01,2025-12-06T15:47:56Z
reci,,AN-s,34,-0.0016606229392124,0.01,2025-12-06T15:47:56Z
reci,,AN-s,35,0.0101066765290105,0.01,2025-12-06T15:47:56Z
reci,,AN-s,36,-0.0044427149247771,0.01,2025-12-06T15:47:56Z
reci,,AN-s,37,0.0149757936419383,0.01,2025-12-06T15:47:56Z
reci,,AN-s,38,0.0074773296842475,0.01,2025-12-06T15:47:56Z
reci,,AN-s,39,0.0082737528574236,0.01,2025-12-06T15:47:56Z
reci,,AN-s,40,-0.0058223863693841,0.01,2025-12-06T15:47:56Z
reci,,AN-s,41,0.0161554927172826,0.01,2025-12-06T15:47:56Z
reci,,AN-s,42,0.0136106742955989,0.01,2025-12-06T15:47:56Z
reci,,AN-s,43,-0.0072151761908941,0.01,2025-12-06T15:47:56Z
reci,,AN-s,44,-0.0015394594555424,0.01,2025-12-06T15:47:56Z
reci,,AN-s,45,0.0243366758525608,0.01,2025-12-06T15:47:56Z
reci,,AN-s,46,3.574538640606e-4,0.01,2025-12-06T15:47:56Z
reci,,AN-s,47,-9.35191420336e-4,0.01,2025-12-06T15:47:56Z
reci,,AN-s,48,-2.655221866716e-4,0.01,2025-12-06T15:47:56Z
reci,,AN-s,49,-2.603925623487e-4,0.01,2025-12-06T15:47:56Z
reci,,AN-s,50,0.0047149629014851,0.01,2025-12-06T15:47:56Z
reci,,AN-s,51,-0.0035493625266267,0.01,2025-12-06T15:47:56Z
reci,,AN-s,52,-0.0078884932285279,0.01,2025-12-06T15:47:56Z
reci,,AN-s,53,-0.0042712246407467,0.01,2025-12-06T15:47:56Z
reci,,AN-s,54,-3.604046106107234e-5,0.01,2025-12-06T15:47:56Z
reci,,AN-s,55,0.0041460784222957,0.01,2025-12-06T15:47:56Z
reci,,AN-s,56,0.0098243968397213,0.01,2025-12-06T15:47:56Z
reci,,AN-s,57,-7.097150973325e-4,0.01,2025-12-06T15:47:56Z
reci,,AN-s,58,0.0032329773243982,0.01,2025-12-06T15:47:56Z
reci,,AN-s,59,-0.0076015672587102,0.01,2025-12-06T15:47:57Z
reci,,AN-s,60,-0.00942492336671479,0.01,2025-12-06T15:47:57Z
reci,,AN-s,61,0.0030697017047695,0.01,2025-12-06T15:47:57Z
reci,,AN-s,62,0.0079776924647264,0.01,2025-12-06T15:47:57Z
reci,,AN-s,63,-0.0097649860547563,0.01,2025-12-06T15:47:57Z
reci,,AN-s,64,-5.014924304032e-4,0.01,2025-12-06T15:47:57Z
reci,,AN-s,65,0.0081528622135973,0.01,2025-12-06T15:47:57Z
reci,,AN-s,66,0.0138862602715036,0.01,2025-12-06T15:47:57Z
reci,,AN-s,67,4.762649774285e-4,0.01,2025-12-06T15:47:57Z
reci,,AN-s,68,0.0167810857654157,0.01,2025-12-06T15:47:57Z
reci,,AN-s,69,3.714851296861e-4,0.01,2025-12-06T15:47:57Z
reci,,AN-s,70,0.0089257261176408,0.01,2025-12-06T15:47:57Z
reci,,AN-s,71,-0.0035622929781689,0.01,2025-12-06T15:47:57Z
reci,,AN-s,72,-0.0062473056043888,0.01,2025-12-06T15:47:57Z
reci,,AN-s,73,0.0317101643142685,0.01,2025-12-06T15:47:57Z
reci,,AN-s,74,0.003943237352752,0.01,2025-12-06T15:47:57Z
reci,,AN-s,75,0.0019370737576328,0.01,2025-12-06T15:47:57Z
reci,,AN-s,76,6.459872533227766e-5,0.01,2025-12-06T15:47:57Z
reci,,AN-s,77,-0.0034290701560073,0.01,2025-12-06T15:47:57Z
reci,,AN-s,78,-5.87895163362e-4,0.01,2025-12-06T15:47:57Z
reci,,AN-s,79,-0.0039387956999312,0.01,2025-12-06T15:47:57Z
reci,,AN-s,80,0.0044964598691014,0.01,2025-12-06T15:47:57Z
reci,,AN-s,81,0.0014964658524732,0.01,2025-12-06T15:47:57Z
reci,,AN-s,82,0.003425239552835,0.01,2025-12-06T15:47:57Z
reci,,AN-s,83,0.0049510371206676,0.01,2025-12-06T15:47:57Z
reci,,AN-s,84,0.0011916151248575,0.01,2025-12-06T15:47:57Z
reci,,AN-s,85,-0.0030397450334477,0.01,2025-12-06T15:47:57Z
reci,,AN-s,86,0.013636150311477,0.01,2025-12-06T15:47:57Z
reci,,AN-s,87,0.0033114625817043,0.01,2025-12-06T15:47:57Z
reci,,AN-s,88,0.0135349851083345,0.01,2025-12-06T15:47:57Z
reci,,AN-s,89,0.0020915182205775,0.01,2025-12-06T15:47:57Z
reci,,AN-s,90,0.008948821960983,0.01,2025-12-06T15:47:57Z
reci,,AN-s,91,-0.004964601830602,0.01,2025-12-06T15:47:57Z
reci,,AN-s,92,0.0088769342033369,0.01,2025-12-06T15:47:57Z
reci,,AN-s,93,0.0179052853345252,0.01,2025-12-06T15:47:57Z
reci,,AN-s,94,0.0100178301910681,0.01,2025-12-06T15:47:57Z
reci,,AN-s,95,-0.0062719521148517,0.01,2025-12-06T15:47:57Z
reci,,AN-s,96,0.0171930384770578,0.01,2025-12-06T15:47:57Z
reci,,AN-s,97,-0.0071775170175332,0.01,2025-12-06T15:47:57Z
reci,,AN-s,98,0.0065253618980512,0.01,2025-12-06T15:47:57Z
reci,,AN-s,99,0.0028646176112811,0.01,2025-12-06T15:47:57Z
reci,,AN-s,100,0.0012876450754031,0.01,2025-12-06T15:47:57Z
reci,,LS,1,0.0109445795943889,0.01,2025-12-06T15:47:57Z
reci,,LS,2,0.0029462558863035,0.01,2025-12-06T15:47:57Z
reci,,LS,3,0.0188156690430307,0.01,2025-12-06T15:47:57Z
reci,,LS,4,5.53335172308e-4,0.01,2025-12-06T15:47:57Z
reci,,LS,5,0.0074967517469472,0.01,2025-12-06T15:47:57Z
reci,,LS,6,0.0087757287961956,0.01,2025-12-06T15:47:57Z
reci,,LS,7,0.0118171261430837,0.01,2025-12-06T15:47:57Z
reci,,LS,8,0.0055647426775772,0.01,2025-12-06T15:47:57Z
reci,,LS,9,0.0111019808919395,0.01,2025-12-06T15:47:57Z
reci,,LS,10,0.0240866969078416,0.01,2025-12-06T15:47:57Z
reci,,LS,11,7.389965840212e-4,0.01,2025-12-06T15:47:57Z
reci,,LS,12,0.0106155752709519,0.01,2025-12-06T15:47:57Z
reci,,LS,13,5.592286954747e-4,0.01,2025-12-06T15:47:57Z
reci,,LS,14,0.0164469024028691,0.01,2025-12-06T15:47:57Z
reci,,LS,15,0.0018703483077569,0.01,2025-12-06T15:47:57Z
reci,,LS,16,0.0179670446960306,0.01,2025-12-06T15:47:57Z
reci,,LS,17,0.00358308421633,0.01,2025-12-06T15:47:57Z
reci,,LS,18,-0.0090512659772055,0.01,2025-12-06T15:47:57Z
reci,,LS,19,0.0212134304822548,0.01,2025-12-06T15:47:57Z
reci,,LS,20,-5.194821670212e-4,0.01,2025-12-06T15:47:57Z
reci,,LS,21,-0.0067987187544829,0.01,2025-12-06T15:47:57Z
reci,,LS,22,0.019814160025062,0.01,2025-12-06T15:47:57Z
reci,,LS,23,0.009726486856506,0.01,2025-12-06T15:47:57Z
reci,,LS,24,0.0189885537537711,0.01,2025-12-06T15:47:57Z
reci,,LS,25,5.685308930061e-4,0.01,2025-12-06T15:47:57Z
reci,,LS,26,0.0300485754391465,0.01,2025-12-06T15:47:57Z
reci,,LS,27,0.0050738160747624,0.01,2025-12-06T15:47:57Z
reci,,LS,28,0.0163217705243963,0.01,2025-12-06T15:47:57Z
reci,,LS,29,-0.0061081579441744,0.01,2025-12-06T15:47:57Z
reci,,LS,30,0.0020913022877973,0.01,2025-12-06T15:47:57Z
reci,,LS,31,0.0133325926666862,0.01,2025-12-06T15:47:57Z
reci,,LS,32,-0.0056597955135347,0.01,2025-12-06T15:47:57Z
reci,,LS,33,0.0048167914269902,0.01,2025-12-06T15:47:57Z
reci,,LS,34,0.010002580127958,0.01,2025-12-06T15:47:57Z
reci,,LS,35,-0.0078583685260351,0.01,2025-12-06T15:47:57Z
reci,,LS,36,0.0011681318206035,0.01,2025-12-06T15:47:57Z
reci,,LS,37,0.0113560778034536,0.01,2025-12-06T15:47:57Z
reci,,LS,38,-0.0016365668312038,0.01,2025-12-06T15:47:57Z
reci,,LS,39,2.840437093749e-4,0.01,2025-12-06T15:47:57Z
reci,,LS,40,-0.0018064591000504,0.01,2025-12-06T15:47:57Z
reci,,LS,41,0.0020191477352704,0.01,2025-12-06T15:47:57Z
reci,,LS,42,0.0210033063732607,0.01,2025-12-06T15:47:58Z
reci,,LS,43,-0.0020541113452434,0.01,2025-12-06T15:47:58Z
reci,,LS,44,0.0120597871065747,0.01,2025-12-06T15:47:58Z
reci,,LS,45,0.0063170630343145,0.01,2025-12-06T15:47:58Z
reci,,LS,46,0.0042812805019281,0.01,2025-12-06T15:47:58Z
reci,,LS,47,0.025746885446342,0.01,2025-12-06T15:47:58Z
reci,,LS,48,0.012327412957492,0.01,2025-12-06T15:47:58Z
reci,,LS,49,0.016789331283851,0.01,2025-12-06T15:47:58Z
reci,,LS,50,-0.010133142301921,0.01,2025-12-06T15:47:58Z
reci,,LS,51,-0.0031383467054935,0.01,2025-12-06T15:47:58Z
reci,,LS,52,0.0128505843416436,0.01,2025-12-06T15:47:58Z
reci,,LS,53,0.0030992490713052,0.01,2025-12-06T15:47:58Z
reci,,LS,54,0.0015339097572515,0.01,2025-12-06T15:47:58Z
reci,,LS,55,0.0035605954427209,0.01,2025-12-06T15:47:58Z
reci,,LS,56,0.0129976044151557,0.01,2025-12-06T15:47:58Z
reci,,LS,57,0.0062344931464133,0.01,2025-12-06T15:47:58Z
reci,,LS,58,0.0018586281776915,0.01,2025-12-06T15:47:58Z
reci,,LS,59,0.0186729827937763,0.01,2025-12-06T15:47:58Z
reci,,LS,60,-0.0055814911174908,0.01,2025-12-06T15:47:58Z
reci,,LS,61,-0.0026945179887725,0.01,2025-12-06T15:47:58Z
reci,,LS,62,0.0096174537640308,0.01,2025-12-06T15:47:58Z
reci,,LS,63,-0.0093410082147323,0.01,2025-12-06T15:47:58Z
reci,,LS,64,-0.0041272709608902,0.01,2025-12-06T15:47:58Z
reci,,LS,65,0.0314796428834106,0.01,2025-12-06T15:47:58Z
reci,,LS,66,0.0098680091420699,0.01,2025-12-06T15:47:58Z
reci,,LS,67,0.0124899968590682,0.01,2025-12-06T15:47:58Z
reci,,LS,68,0.0263432566509847,0.01,2025-12-06T15:47:58Z
reci,,LS,69,0.0229218603778356,0.01,2025-12-06T15:47:58Z
reci,,LS,70,0.0131986625925521,0.01,2025-12-06T15:47:58Z
reci,,LS,71,0.017233447732208,0.01,2025-12-06T15:47:58Z
reci,,LS,72,-0.0017429617879014,0.01,2025-12-06T15:47:58Z
reci,,LS,73,0.0021516080459136,0.01,2025-12-06T15:47:58Z
reci,,LS,74,0.0042606969392517,0.01,2025-12-06T15:47:58Z
reci,,LS,75,-0.0040278713648514,0.01,2025-12-06T15:47:58Z
reci,,LS,76,0.0078427187282548,0.01,2025-12-06T15:47:58Z
reci,,LS,77,0.0114276606435803,0.01,2025-12-06T15:47:58Z
reci,,LS,78,0.0018966429525945,0.01,2025-12-06T15:47:58Z
reci,,LS,79,0.0140348855098504,0.01,2025-12-06T15:47:58Z
reci,,LS,80,0.0086865925307125,0.01,2025-12-06T15:47:58Z
reci,,LS,81,-0.0047420153664233,0.01,2025-12-06T15:47:58Z
reci,,LS,82,0.0120623871515632,0.01,2025-12-06T15:47:58Z
reci,,LS,83,2.514334481106e-4,0.01,2025-12-06T15:47:58Z
reci,,LS,84,0.0160162209736607,0.01,2025-12-06T15:47:58Z
reci,,LS,85,0.0079627083119619,0.01,2025-12-06T15:47:58Z
reci,,LS,86,-0.0031718085857751,0.01,2025-12-06T15:47:58Z
reci,,LS,87,0.0082786891350629,0.01,2025-12-06T15:47:58Z
reci,,LS,88,0.0225350732269978,0.01,2025-12-06T15:47:58Z
reci,,LS,89,0.0016254718667398,0.01,2025-12-06T15:47:58Z
reci,,LS,90,-0.0098741772093394,0.01,2025-12-06T15:47:58Z
reci,,LS,91,-0.0024011111215266,0.01,2025-12-06T15:47:58Z
reci,,LS,92,0.0012253695446304,0.01,2025-12-06T15:47:58Z
reci,,LS,93,0.0062584855842077,0.01,2025-12-06T15:47:58Z
reci,,LS,94,5.783374256555e-4,0.01,2025-12-06T15:47:58Z
reci,,LS,95,0.0063141375274322,0.01,2025-12-06T15:47:58Z
reci,,LS,96,0.0025505657607019,0.01,2025-12-06T15:47:58Z
reci,,LS,97,0.0056957461044068,0.01,2025-12-06T15:47:58Z
reci,,LS,98,-6.925696648167e-4,0.01,2025-12-06T15:47:58Z
reci,,LS,99,0.0045290953217029,0.01,2025-12-06T15:47:58Z
reci,,LS,100,0.010190790680752,0.01,2025-12-06T15:47:58Z
reci,,LS-s,1,0.0068143232936186,0.01,2025-12-06T15:47:58Z
reci,,LS-s,2,-0.0074900782621944,0.01,2025-12-06T15:47:58Z
reci,,LS-s,3,0.0032265074338333,0.01,2025-12-06T15:47:58Z
reci,,LS-s,4,-0.0035611483135926,0.01,2025-12-06T15:47:58Z
reci,,LS-s,5,0.004689414319525,0.01,2025-12-06T15:47:58Z
reci,,LS-s,6,0.0023505698370043,0.01,2025-12-06T15:47:58Z
reci,,LS-s,7,-0.0058875018527363,0.01,2025-12-06T15:47:58Z
reci,,LS-s,8,0.0016130224467951,0.01,2025-12-06T15:47:58Z
reci,,LS-s,9,-0.0174379847287643,0.01,2025-12-06T15:47:58Z
reci,,LS-s,10,0.005135387202406,0.01,2025-12-06T15:47:58Z
reci,,LS-s,11,-0.0112272618140819,0.01,2025-12-06T15:47:58Z
reci,,LS-s,12,-0.0067090888859959,0.01,2025-12-06T15:47:58Z
reci,,LS-s,13,-0.0043806532166345,0.01,2025-12-06T15:47:58Z
reci,,LS-s,14,-0.0073920147119149,0.01,2025-12-06T15:47:58Z
reci,,LS-s,15,-0.0046458299318948,0.01,2025-12-06T15:47:58Z
reci,,LS-s,16,-0.0053772055514833,0.01,2025-12-06T15:47:58Z
reci,,LS-s,17,0.0065745888489509,0.01,2025-12-06T15:47:58Z
reci,,LS-s,18,0.0108457251212753,0.01,2025-12-06T15:47:58Z
reci,,LS-s,19,-0.0031846880673475,0.01,2025-12-06T15:47:58Z
reci,,LS-s,20,-0.0011320412300932,0.01,2025-12-06T15:47:58Z
reci,,LS-s,21,0.0053837990797799,0.01,2025-12-06T15:47:58Z
reci,,LS-s,22,-0.0059581582914608,0.01,2025-12-06T15:47:58Z
reci,,LS-s,23,-0.003016202861955,0.01,2025-12-06T15:47:58Z
reci,,LS-s,24,-0.0032686036276668,0.01,2025-12-06T15:47:58Z
reci,,LS-s,25,0.0051245441583724,0.01,2025-12-06T15:47:58Z
reci,,LS-s,26,0.0016154587095073,0.01,2025-12-06T15:47:58Z
reci,,LS-s,27,0.006822266339777,0.01,2025-12-06T15:47:58Z
reci,,LS-s,28,0.0100371565156217,0.01,2025-12-06T15:47:58Z
reci,,LS-s,29,0.0011212559868866,0.01,2025-12-06T15:47:59Z
reci,,LS-s,30,-0.0113553009458514,0.01,2025-12-06T15:47:59Z
reci,,LS-s,31,0.0172103371769769,0.01,2025-12-06T15:47:59Z
reci,,LS-s,32,-0.006217684377233,0.01,2025-12-06T15:47:59Z
reci,,LS-s,33,0.0025139891596259,0.01,2025-12-06T15:47:59Z
reci,,LS-s,34,0.0068238149564687,0.01,2025-12-06T15:47:59Z
reci,,LS-s,35,-0.0010126039319731,0.01,2025-12-06T15:47:59Z
reci,,LS-s,36,-0.0022422044017706,0.01,2025-12-06T15:47:59Z
reci,,LS-s,37,0.0065677572292003,0.01,2025-12-06T15:47:59Z
reci,,LS-s,38,-3.142251755763e-4,0.01,2025-12-06T15:47:59Z
reci,,LS-s,39,0.0021747596610176,0.01,2025-12-06T15:47:59Z
reci,,LS-s,40,-0.0025402731289582,0.01,2025-12-06T15:47:59Z
reci,,LS-s,41,0.008392303596984,0.01,2025-12-06T15:47:59Z
reci,,LS-s,42,-5.527409749296e-4,0.01,2025-12-06T15:47:59Z
reci,,LS-s,43,-3.185819614169e-4,0.01,2025-12-06T15:47:59Z
reci,,LS-s,44,0.010445020485021,0.01,2025-12-06T15:47:59Z
reci,,LS-s,45,0.0086564211818424,0.01,2025-12-06T15:47:59Z
reci,,LS-s,46,0.005936801118844,0.01,2025-12-06T15:47:59Z
reci,,LS-s,47,0.0095846324140693,0.01,2025-12-06T15:47:59Z
reci,,LS-s,48,0.0086772629106461,0.01,2025-12-06T15:47:59Z
reci,,LS-s,49,-0.0029871845233166,0.01,2025-12-06T15:47:59Z
reci,,LS-s,50,0.0012353352694007,0.01,2025-12-06T15:47:59Z
reci,,LS-s,51,-4.209818481916e-4,0.01,2025-12-06T15:47:59Z
reci,,LS-s,52,-0.0046868352467704,0.01,2025-12-06T15:47:59Z
reci,,LS-s,53,0.0022506847787476,0.01,2025-12-06T15:47:59Z
reci,,LS-s,54,-0.0011541083700367,0.01,2025-12-06T15:47:59Z
reci,,LS-s,55,0.0177205685958477,0.01,2025-12-06T15:47:59Z
reci,,LS-s,56,0.0049947259807622,0.01,2025-12-06T15:47:59Z
reci,,LS-s,57,0.0086394283431277,0.01,2025-12-06T15:47:59Z
reci,,LS-s,58,0.0022471935528999,0.01,2025-12-06T15:47:59Z
reci,,LS-s,59,-0.0014397379689292,0.01,2025-12-06T15:47:59Z
reci,,LS-s,60,-0.0025576715658512,0.01,2025-12-06T15:47:59Z
reci,,LS-s,61,0.011515211416278,0.01,2025-12-06T15:47:59Z
reci,,LS-s,62,0.0072076550950811,0.01,2025-12-06T15:47:59Z
reci,,LS-s,63,-0.0134171612305482,0.01,2025-12-06T15:47:59Z
reci,,LS-s,64,0.0116728234040746,0.01,2025-12-06T15:47:59Z
reci,,LS-s,65,0.0064396186241711,0.01,2025-12-06T15:47:59Z
reci,,LS-s,66,0.0102116167388842,0.01,2025-12-06T15:47:59Z
reci,,LS-s,67,-0.0051472838970305,0.01,2025-12-06T15:47:59Z
reci,,LS-s,68,-0.0039401176735923,0.01,2025-12-06T15:47:59Z
reci,,LS-s,69,0.0061422613236947,0.01,2025-12-06T15:47:59Z
reci,,LS-s,70,0.0054272306929668,0.01,2025-12-06T15:47:59Z
reci,,LS-s,71,-0.0012065628652765,0.01,2025-12-06T15:47:59Z
reci,,LS-s,72,0.0061393440555579,0.01,2025-12-06T15:47:59Z
reci,,LS-s,73,0.0074031772440874,0.01,2025-12-06T15:47:59Z
reci,,LS-s,74,5.9823685648e-4,0.01,2025-12-06T15:47:59Z
reci,,LS-s,75,0.0077100976211124,0.01,2025-12-06T15:47:59Z
reci,,LS-s,76,0.004558054954325,0.01,2025-12-06T15:47:59Z
reci,,LS-s,77,9.645028172703891e-5,0.01,2025-12-06T15:47:59Z
reci,,LS-s,78,0.0066478661577306,0.01,2025-12-06T15:47:59Z
reci,,LS-s,79,-0.0080847307769486,0.01,2025-12-06T15:47:59Z
reci,,LS-s,80,0.0056718342489604,0.01,2025-12-06T15:47:59Z
reci,,LS-s,81,-0.0089712660522926,0.01,2025-12-06T15:47:59Z
reci,,LS-s,82,-0.0083912372667127,0.01,2025-12-06T15:47:59Z
reci,,LS-s,83,0.0074155484657101,0.01,2025-12-06T15:47:59Z
reci,,LS-s,84,0.0032438569756011,0.01,2025-12-06T15:47:59Z
reci,,LS-s,85,0.0140423784204796,0.01,2025-12-06T15:47:59Z
reci,,LS-s,86,4.747784725809e-4,0.01,2025-12-06T15:47:59Z
reci,,LS-s,87,0.003537871612678,0.01,2025-12-06T15:47:59Z
reci,,LS-s,88,-0.0161017625502771,0.01,2025-12-06T15:47:59Z
reci,,LS-s,89,0.0093595678817089,0.01,2025-12-06T15:47:59Z
reci,,LS-s,90,-0.0028659148580619,0.01,2025-12-06T15:47:59Z
reci,,LS-s,91,-0.0035501976899993,0.01,2025-12-06T15:47:59Z
reci,,LS-s,92,-8.443022939068692e-5,0.01,2025-12-06T15:47:59Z
reci,,LS-s,93,-0.0167214676331581,0.01,2025-12-06T15:47:59Z
reci,,LS-s,94,-1.046998199456e-4,0.01,2025-12-06T15:47:59Z
reci,,LS-s,95,0.0067143846849234,0.01,2025-12-06T15:47:59Z
reci,,LS-s,96,6.939594901883e-4,0.01,2025-12-06T15:47:59Z
reci,,LS-s,97,0.0016111678658971,0.01,2025-12-06T15:47:59Z
reci,,LS-s,98,-0.0050868014307461,0.01,2025-12-06T15:47:59Z
reci,,LS-s,99,-0.0094925931946607,0.01,2025-12-06T15:47:59Z
reci,,LS-s,100,0.010762550308507,0.01,2025-12-06T15:47:59Z
reci,,MN-U,1,0.0042491601902485,0.01,2025-12-06T15:47:59Z
reci,,MN-U,2,-0.0022855863749617,0.01,2025-12-06T15:47:59Z
reci,,MN-U,3,0.0040583282064896,0.01,2025-12-06T15:47:59Z
reci,,MN-U,4,0.0044041555132242,0.01,2025-12-06T15:47:59Z
reci,,MN-U,5,0.0075456637866713,0.01,2025-12-06T15:47:59Z
reci,,MN-U,6,7.486763078663e-4,0.01,2025-12-06T15:47:59Z
reci,,MN-U,7,0.0022147223823319,0.01,2025-12-06T15:47:59Z
reci,,MN-U,8,5.890601167379e-4,0.01,2025-12-06T15:47:59Z
reci,,MN-U,9,0.0020517353839088,0.01,2025-12-06T15:47:59Z
reci,,MN-U,10,0.0029241642438477,0.01,2025-12-06T15:47:59Z
reci,,MN-U,11,-0.0011537658169191,0.01,2025-12-06T15:47:59Z
reci,,MN-U,12,0.012216059786348,0.01,2025-12-06T15:47:59Z
reci,,MN-U,13,0.012614125748695,0.01,2025-12-06T15:47:59Z
reci,,MN-U,14,0.0099504475809409,0.01,2025-12-06T15:47:59Z
reci,,MN-U,15,-0.0015912992559678,0.01,2025-12-06T15:48:00Z
reci,,MN-U,16,7.940623530867e-4,0.01,2025-12-06T15:48:00Z
reci,,MN-U,17,-0.0018899987420523,0.01,2025-12-06T15:48:00Z
reci,,MN-U,18,0.0049319106492369,0.01,2025-12-06T15:48:00Z
reci,,MN-U,19,0.0104890794095517,0.01,2025-12-06T15:48:00Z
reci,,MN-U,20,0.0035535006537509,0.01,2025-12-06T15:48:00Z
reci,,MN-U,21,0.0154724454616895,0.01,2025-12-06T15:48:00Z
reci,,MN-U,22,0.0057007189742616,0.01,2025-12-06T15:48:00Z
reci,,MN-U,23,-0.0024705826492369,0.01,2025-12-06T15:48:00Z
reci,,MN-U,24,0.0020630541001632,0.01,2025-12-06T15:48:00Z
reci,,MN-U,25,-0.0015454661147499,0.01,2025-12-06T15:48:00Z
reci,,MN-U,26,0.0104947536562752,0.01,2025-12-06T15:48:00Z
reci,,MN-U,27,0.00758751030903,0.01,2025-12-06T15:48:00Z
reci,,MN-U,28,0.0041397370994201,0.01,2025-12-06T15:48:00Z
reci,,MN-U,29,0.0087225990943295,0.01,2025-12-06T15:48:00Z
reci,,MN-U,30,0.0082917735717432,0.01,2025-12-06T15:48:00Z
reci,,MN-U,31,0.0131515851378143,0.01,2025-12-06T15:48:00Z
reci,,MN-U,32,3.059869045419e-4,0.01,2025-12-06T15:48:00Z
reci,,MN-U,33,3.403379786084e-4,0.01,2025-12-06T15:48:00Z
reci,,MN-U,34,0.0045272015216656,0.01,2025-12-06T15:48:00Z
reci,,MN-U,35,0.0064021438225999,0.01,2025-12-06T15:48:00Z
reci,,MN-U,36,0.0087284031660062,0.01,2025-12-06T15:48:00Z
reci,,MN-U,37,0.0017151013680998,0.01,2025-12-06T15:48:00Z
reci,,MN-U,38,-0.0031228793113597,0.01,2025-12-06T15:48:00Z
reci,,MN-U,39,0.0135422383924426,0.01,2025-12-06T15:48:00Z
reci,,MN-U,40,0.0106401423671139,0.01,2025-12-06T15:48:00Z
reci,,MN-U,41,-0.0071292058307791,0.01,2025-12-06T15:48:00Z
reci,,MN-U,42,0.0090892594656122,0.01,2025-12-06T15:48:00Z
reci,,MN-U,43,0.0081041676512723,0.01,2025-12-06T15:48:00Z
reci,,MN-U,44,0.0075089272796074,0.01,2025-12-06T15:48:00Z
reci,,MN-U,45,0.009738585570145,0.01,2025-12-06T15:48:00Z
reci,,MN-U,46,0.0041048611673146,0.01,2025-12-06T15:48:00Z
reci,,MN-U,47,0.0080067789921782,0.01,2025-12-06T15:48:00Z
reci,,MN-U,48,0.0130802630774305,0.01,2025-12-06T15:48:00Z
reci,,MN-U,49,0.0039688489985659,0.01,2025-12-06T15:48:00Z
reci,,MN-U,50,0.0013328655212625,0.01,2025-12-06T15:48:00Z
reci,,MN-U,51,0.010717627115093,0.01,2025-12-06T15:48:00Z
reci,,MN-U,52,0.0092457836768302,0.01,2025-12-06T15:48:00Z
reci,,MN-U,53,0.002740590604991,0.01,2025-12-06T15:48:00Z
reci,,MN-U,54,0.0134862855622534,0.01,2025-12-06T15:48:00Z
reci,,MN-U,55,0.0029458455597449,0.01,2025-12-06T15:48:00Z
reci,,MN-U,56,0.0017486532325617,0.01,2025-12-06T15:48:00Z
reci,,MN-U,57,-7.680617837164e-4,0.01,2025-12-06T15:48:00Z
reci,,MN-U,58,0.004738857358736,0.01,2025-12-06T15:48:00Z
reci,,MN-U,59,0.0115736449186791,0.01,2025-12-06T15:48:00Z
reci,,MN-U,60,1.0098740173556178e-5,0.01,2025-12-06T15:48:00Z
reci,,MN-U,61,0.0033089191024387,0.01,2025-12-06T15:48:00Z
reci,,MN-U,62,-0.0026388103782524,0.01,2025-12-06T15:48:00Z
reci,,MN-U,63,0.001758967627499,0.01,2025-12-06T15:48:00Z
reci,,MN-U,64,0.0055120573347513,0.01,2025-12-06T15:48:00Z
reci,,MN-U,65,0.0035342242782903,0.01,2025-12-06T15:48:00Z
reci,,MN-U,66,0.0119818895354883,0.01,2025-12-06T15:48:00Z
reci,,MN-U,67,0.0110889237388277,0.01,2025-12-06T15:48:00Z
reci,,MN-U,68,0.0074435520038929,0.01,2025-12-06T15:48:00Z
reci,,MN-U,69,0.0113119003436068,0.01,2025-12-06T15:48:00Z
reci,,MN-U,70,4.658485317979e-4,0.01,2025-12-06T15:48:00Z
reci,,MN-U,71,0.0033055811539883,0.01,2025-12-06T15:48:00Z
reci,,MN-U,72,0.0065244877297146,0.01,2025-12-06T15:48:00Z
reci,,MN-U,73,0.0029362582997054,0.01,2025-12-06T15:48:00Z
reci,,MN-U,74,0.0063481217798846,0.01,2025-12-06T15:48:00Z
reci,,MN-U,75,0.0084186583642996,0.01,2025-12-06T15:48:00Z
reci,,MN-U,76,0.0059020825972258,0.01,2025-12-06T15:48:00Z
reci,,MN-U,77,0.0025396571704512,0.01,2025-12-06T15:48:00Z
reci,,MN-U,78,0.0026118746014056,0.01,2025-12-06T15:48:00Z
reci,,MN-U,79,0.0063359183725544,0.01,2025-12-06T15:48:00Z
reci,,MN-U,80,0.0102347069516826,0.01,2025-12-06T15:48:00Z
reci,,MN-U,81,0.0035770331771923,0.01,2025-12-06T15:48:00Z
reci,,MN-U,82,0.0116481357864331,0.01,2025-12-06T15:48:00Z
reci,,MN-U,83,0.0069695455711845,0.01,2025-12-06T15:48:00Z
reci,,MN-U,84,0.0149321917442114,0.01,2025-12-06T15:48:00Z
reci,,MN-U,85,0.0036890296547141,0.01,2025-12-06T15:48:00Z
reci,,MN-U,86,0.0013782741085033,0.01,2025-12-06T15:48:00Z
reci,,MN-U,87,-0.0016663457876012,0.01,2025-12-06T15:48:00Z
reci,,MN-U,88,0.0033791884529101,0.01,2025-12-06T15:48:00Z
reci,,MN-U,89,0.0026647061148581,0.01,2025-12-06T15:48:00Z
reci,,MN-U,90,-0.0014184432152853,0.01,2025-12-06T15:48:00Z
reci,,MN-U,91,0.0019154770642451,0.01,2025-12-06T15:48:00Z
reci,,MN-U,92,0.0050402965592606,0.01,2025-12-06T15:48:00Z
reci,,MN-U,93,0.0043087103708022,0.01,2025-12-06T15:48:00Z
reci,,MN-U,94,0.0099689386463006,0.01,2025-12-06T15:48:00Z
reci,,MN-U,95,0.0038234740921817,0.01,2025-12-06T15:48:00Z
reci,,MN-U,96,0.0049798928395647,0.01,2025-12-06T15:48:00Z
reci,,MN-U,97,0.0107954410686445,0.01,2025-12-06T15:48:00Z
reci,,MN-U,98,0.0133330360800293,0.01,2025-12-06T15:48:00Z
reci,,MN-U,99,-0.0014269352259521,0.01,2025-12-06T15:48:00Z
reci,,MN-U,100,0.0086547646610212,0.01,2025-12-06T15:48:00Z
anm,,AN,1,0,0.01,2025-12-06T15:48:01Z
anm,,AN,2,-6.661338147750939e-16,0.01,2025-12-06T15:48:01Z
anm,,AN,3,0,0.01,2025-12-06T15:48:01Z
anm,,AN,4,0,0.01,2025-12-06T15:48:01Z
anm,,AN,5,0,0.01,2025-12-06T15:48:01Z
anm,,AN,6,0,0.01,2025-12-06T15:48:01Z
anm,,AN,7,0,0.01,2025-12-06T15:48:02Z
anm,,AN,8,0,0.01,2025-12-06T15:48:02Z
anm,,AN,9,0,0.01,2025-12-06T15:48:02Z
anm,,AN,10,-3.552713678800501e-15,0.01,2025-12-06T15:48:02Z
anm,,AN,11,0,0.01,2025-12-06T15:48:02Z
anm,,AN,12,0,0.01,2025-12-06T15:48:02Z
anm,,AN,13,1.7763568394002505e-15,0.01,2025-12-06T15:48:03Z
anm,,AN,14,3.552713678800501e-15,0.01,2025-12-06T15:48:03Z
anm,,AN,15,0,0.01,2025-12-06T15:48:03Z
anm,,AN,16,-2.664535259100376e-15,0.01,2025-12-06T15:48:03Z
anm,,AN,17,-1.7763568394002505e-15,0.01,2025-12-06T15:48:03Z
anm,,AN,18,-3.552713678800501e-15,0.01,2025-12-06T15:48:03Z
anm,,AN,19,0,0.01,2025-12-06T15:48:04Z
anm,,AN,20,0,0.01,2025-12-06T15:48:04Z
anm,,AN,21,0,0.01,2025-12-06T15:48:04Z
anm,,AN,22,1.7763568394002505e-15,0.01,2025-12-06T15:48:04Z
anm,,AN,23,0,0.01,2025-12-06T15:48:04Z
anm,,AN,24,0,0.01,2025-12-06T15:48:04Z
anm,,AN,25,0,0.01,2025-12-06T15:48:04Z
anm,,AN,26,-1.7763568394002505e-15,0.01,2025-12-06T15:48:05Z
anm,,AN,27,0,0.01,2025-12-06T15:48:05Z
anm,,AN,28,0,0.01,2025-12-06T15:48:05Z
anm,,AN,29,-8.881784197001252e-16,0.01,2025-12-06T15:48:05Z
anm,,AN,30,0,0.01,2025-12-06T15:48:05Z
anm,,AN,31,-5.3290705182007506e-15,0.01,2025-12-06T15:48:05Z
anm,,AN,32,1.7763568394002505e-15,0.01,2025-12-06T15:48:06Z
anm,,AN,33,0,0.01,2025-12-06T15:48:06Z
anm,,AN,34,8.881784197001252e-16,0.01,2025-12-06T15:48:06Z
anm,,AN,35,1.7763568394002505e-15,0.01,2025-12-06T15:48:06Z
anm,,AN,36,0,0.01,2025-12-06T15:48:06Z
anm,,AN,37,0,0.01,2025-12-06T15:48:06Z
anm,,AN,38,0,0.01,2025-12-06T15:48:07Z
anm,,AN,39,-2.664535259100376e-15,0.01,2025-12-06T15:48:07Z
anm,,AN,40,8.881784197001252e-16,0.01,2025-12-06T15:48:07Z
anm,,AN,41,0,0.01,2025-12-06T15:48:07Z
anm,,AN,42,0,0.01,2025-12-06T15:48:07Z
anm,,AN,43,5.3290705182007506e-15,0.01,2025-12-06T15:48:07Z
anm,,AN,44,-8.881784197001252e-16,0.01,2025-12-06T15:48:08Z
anm,,AN,45,0,0.01,2025-12-06T15:48:08Z
anm,,AN,46,1.7763568394002505e-15,0.01,2025-12-06T15:48:08Z
anm,,AN,47,0,0.01,2025-12-06T15:48:08Z
anm,,AN,48,-1.7763568394002505e-15,0.01,2025-12-06T15:48:08Z
anm,,AN,49,0,0.01,2025-12-06T15:48:08Z
anm,,AN,50,0,0.01,2025-12-06T15:48:09Z
anm,,AN,51,0,0.01,2025-12-06T15:48:09Z
anm,,AN,52,1.7763568394002505e-15,0.01,2025-12-06T15:48:09Z
anm,,AN,53,0,0.01,2025-12-06T15:48:09Z
anm,,AN,54,0,0.01,2025-12-06T15:48:09Z
anm,,AN,55,0,0.01,2025-12-06T15:48:09Z
anm,,AN,56,8.881784197001252e-16,0.01,2025-12-06T15:48:10Z
anm,,AN,57,-8.881784197001252e-16,0.01,2025-12-06T15:48:10Z
anm,,AN,58,0,0.01,2025-12-06T15:48:10Z
anm,,AN,59,0,0.01,2025-12-06T15:48:10Z
anm,,AN,60,1.7763568394002505e-15,0.01,2025-12-06T15:48:10Z
anm,,AN,61,0,0.01,2025-12-06T15:48:10Z
anm,,AN,62,8.881784197001252e-16,0.01,2025-12-06T15:48:11Z
anm,,AN,63,0,0.01,2025-12-06T15:48:11Z
anm,,AN,64,0,0.01,2025-12-06T15:48:11Z
anm,,AN,65,1.7763568394002505e-15,0.01,2025-12-06T15:48:11Z
anm,,AN,66,1.7763568394002505e-15,0.01,2025-12-06T15:48:11Z
anm,,AN,67,-3.552713678800501e-15,0.01,2025-12-06T15:48:11Z
anm,,AN,68,1.7763568394002505e-15,0.01,2025-12-06T15:48:12Z
anm,,AN,69,0,0.01,2025-12-06T15:48:12Z
anm,,AN,70,-1.7763568394002505e-15,0.01,2025-12-06T15:48:12Z
anm,,AN,71,0,0.01,2025-12-06T15:48:12Z
anm,,AN,72,1.7763568394002505e-15,0.01,2025-12-06T15:48:12Z
anm,,AN,73,-3.552713678800501e-15,0.01,2025-12-06T15:48:12Z
anm,,AN,74,0,0.01,2025-12-06T15:48:13Z
anm,,AN,75,1.7763568394002505e-15,0.01,2025-12-06T15:48:13Z
anm,,AN,76,0,0.01,2025-12-06T15:48:13Z
anm,,AN,77,0,0.01,2025-12-06T15:48:13Z
anm,,AN,78,1.7763568394002505e-15,0.01,2025-12-06T15:48:13Z
anm,,AN,79,1.7763568394002505e-15,0.01,2025-12-06T15:48:13Z
anm,,AN,80,0,0.01,2025-12-06T15:48:14Z
anm,,AN,81,0,0.01,2025-12-06T15:48:14Z
anm,,AN,82,-1.7763568394002505e-15,0.01,2025-12-06T15:48:14Z
anm,,AN,83,-1.7763568394002505e-15,0.01,2025-12-06T15:48:14Z
anm,,AN,84,0,0.01,2025-12-06T15:48:14Z
anm,,AN,85,-4.440892098500626e-16,0.01,2025-12-06T15:48:14Z
anm,,AN,86,0,0.01,2025-12-06T15:48:15Z
anm,,AN,87,4.440892098500626e-16,0.01,2025-12-06T15:48:15Z
anm,,AN,88,-1.7763568394002505e-15,0.01,2025-12-06T15:48:15Z
anm,,AN,89,-1.7763568394002505e-15,0.01,2025-12-06T15:48:15Z
anm,,AN,90,0,0.01,2025-12-06T15:48:15Z
anm,,AN,91,-1.7763568394002505e-15,0.01,2025-12-06T15:48:15Z
anm,,AN,92,0,0.01,2025-12-06T15:48:16Z
anm,,AN,93,0,0.01,2025-12-06T15:48:16Z
anm,,AN,94,0,0.01,2025-12-06T15:48:16Z
anm,,AN,95,0,0.01,2025-12-06T15:48:16Z
anm,,AN,96,0,0.01,2025-12-06T15:48:16Z
anm,,AN,97,0,0.01,2025-12-06T15:48:16Z
anm,,AN,98,0,0.01,2025-12-06T15:48:16Z
anm,,AN,99,0,0.01,2025-12-06T15:48:17Z
anm,,AN,100,-1.7763568394002505e-15,0.01,2025-12-06T15:48:17Z
anm,,AN-s,1,0,0.01,2025-12-06T15:48:17Z
anm,,AN-s,2,-1.7763568394002505e-15,0.01,2025-12-06T15:48:17Z
anm,,AN-s,3,0,0.01,2025-12-06T15:48:17Z
anm,,AN-s,4,-1.7763568394002505e-15,0.01,2025-12-06T15:48:17Z
anm,,AN-s,5,1.7763568394002505e-15,0.01,2025-12-06T15:48:18Z
anm,,AN-s,6,1.7763568394002505e-15,0.01,2025-12-06T15:48:18Z
anm,,AN-s,7,-8.881784197001252e-16,0.01,2025-12-06T15:48:18Z
anm,,AN-s,8,0,0.01,2025-12-06T15:48:18Z
anm,,AN-s,9,0,0.01,2025-12-06T15:48:18Z
anm,,AN-s,10,0,0.01,2025-12-06T15:48:18Z
anm,,AN-s,11,0,0.01,2025-12-06T15:48:19Z
anm,,AN-s,12,3.552713678800501e-15,0.01,2025-12-06T15:48:19Z
anm,,AN-s,13,0,0.01,2025-12-06T15:48:19Z
anm,,AN-s,14,0,0.01,2025-12-06T15:48:19Z
anm,,AN-s,15,0,0.01,2025-12-06T15:48:19Z
anm,,AN-s,16,0,0.01,2025-12-06T15:48:19Z
anm,,AN-s,17,0,0.01,2025-12-06T15:48:20Z
anm,,AN-s,18,0,0.01,2025-12-06T15:48:20Z
anm,,AN-s,19,0,0.01,2025-12-06T15:48:20Z
anm,,AN-s,20,-8.881784197001252e-16,0.01,2025-12-06T15:48:20Z
anm,,AN-s,21,5.3290705182007506e-15,0.01,2025-12-06T15:48:20Z
anm,,AN-s,22,-7.105427357601002e-15,0.01,2025-12-06T15:48:20Z
anm,,AN-s,23,-3.552713678800501e-15,0.01,2025-12-06T15:48:20Z
anm,,AN-s,24,0,0.01,2025-12-06T15:48:21Z
anm,,AN-s,25,0,0.01,2025-12-06T15:48:21Z
anm,,AN-s,26,0,0.01,2025-12-06T15:48:21Z
anm,,AN-s,27,1.7763568394002505e-15,0.01,2025-12-06T15:48:21Z
anm,,AN-s,28,-1.7763568394002505e-15,0.01,2025-12-06T15:48:21Z
anm,,AN-s,29,0,0.01,2025-12-06T15:48:21Z
anm,,AN-s,30,0,0.01,2025-12-06T15:48:22Z
anm,,AN-s,31,-1.7763568394002505e-15,0.01,2025-12-06T15:48:22Z
anm,,AN-s,32,0,0.01,2025-12-06T15:48:22Z
anm,,AN-s,33,0,0.01,2025-12-06T15:48:22Z
anm,,AN-s,34,0,0.01,2025-12-06T15:48:22Z
anm,,AN-s,35,0,0.01,2025-12-06T15:48:22Z
anm,,AN-s,36,0,0.01,2025-12-06T15:48:23Z
anm,,AN-s,37,1.7763568394002505e-15,0.01,2025-12-06T15:48:23Z
anm,,AN-s,38,0,0.01,2025-12-06T15:48:23Z
anm,,AN-s,39,-1.7763568394002505e-15,0.01,2025-12-06T15:48:23Z
anm,,AN-s,40,-1.7763568394002505e-15,0.01,2025-12-06T15:48:23Z
anm,,AN-s,41,3.552713678800501e-15,0.01,2025-12-06T15:48:23Z
anm,,AN-s,42,0,0.01,2025-12-06T15:48:24Z
anm,,AN-s,43,0,0.01,2025-12-06T15:48:24Z
anm,,AN-s,44,-2.664535259100376e-15,0.01,2025-12-06T15:48:24Z
anm,,AN-s,45,0,0.01,2025-12-06T15:48:24Z
anm,,AN-s,46,0,0.01,2025-12-06T15:48:24Z
anm,,AN-s,47,-8.881784197001252e-16,0.01,2025-12-06T15:48:24Z
anm,,AN-s,48,-3.552713678800501e-15,0.01,2025-12-06T15:48:25Z
anm,,AN-s,49,0,0.01,2025-12-06T15:48:25Z
anm,,AN-s,50,0,0.01,2025-12-06T15:48:25Z
anm,,AN-s,51,0,0.01,2025-12-06T15:48:25Z
anm,,AN-s,52,-8.881784197001252e-16,0.01,2025-12-06T15:48:25Z
anm,,AN-s,53,0,0.01,2025-12-06T15:48:25Z
anm,,AN-s,54,-8.881784197001252e-16,0.01,2025-12-06T15:48:26Z
anm,,AN-s,55,0,0.01,2025-12-06T15:48:26Z
anm,,AN-s,56,0,0.01,2025-12-06T15:48:26Z
anm,,AN-s,57,3.552713678800501e-15,0.01,2025-12-06T15:48:26Z
anm,,AN-s,58,0,0.01,2025-12-06T15:48:26Z
anm,,AN-s,59,0,0.01,2025-12-06T15:48:26Z
anm,,AN-s,60,4.440892098500626e-16,0.01,2025-12-06T15:48:27Z
anm,,AN-s,61,0,0.01,2025-12-06T15:48:27Z
anm,,AN-s,62,0,0.01,2025-12-06T15:48:27Z
anm,,AN-s,63,-8.881784197001252e-16,0.01,2025-12-06T15:48:27Z
anm,,AN-s,64,0,0.01,2025-12-06T15:48:27Z
anm,,AN-s,65,0,0.01,2025-12-06T15:48:27Z
anm,,AN-s,66,-1.7763568394002505e-15,0.01,2025-12-06T15:48:28Z
anm,,AN-s,67,8.881784197001252e-16,0.01,2025-12-06T15:48:28Z
anm,,AN-s,68,-3.552713678800501e-15,0.01,2025-12-06T15:48:28Z
anm,,AN-s,69,0,0.01,2025-12-06T15:48:28Z
anm,,AN-s,70,0,0.01,2025-12-06T15:48:28Z
anm,,AN-s,71,-1.3322676295501878e-15,0.01,2025-12-06T15:48:28Z
anm,,AN-s,72,0,0.01,2025-12-06T15:48:28Z
anm,,AN-s,73,0,0.01,2025-12-06T15:48:29Z
anm,,AN-s,74,0,0.01,2025-12-06T15:48:29Z
anm,,AN-s,75,1.7763568394002505e-15,0.01,2025-12-06T15:48:29Z
anm,,AN-s,76,3.552713678800501e-15,0.01,2025-12-06T15:48:29Z
anm,,AN-s,77,-8.881784197001252e-16,0.01,2025-12-06T15:48:29Z
anm,,AN-s,78,0,0.01,2025-12-06T15:48:29Z
anm,,AN-s,79,0,0.01,2025-12-06T15:48:30Z
anm,,AN-s,80,0,0.01,2025-12-06T15:48:30Z
anm,,AN-s,81,-1.7763568394002505e-15,0.01,2025-12-06T15:48:30Z
anm,,AN-s,82,0,0.01,2025-12-06T15:48:30Z
anm,,AN-s,83,1.7763568394002505e-15,0.01,2025-12-06T15:48:30Z
anm,,AN-s,84,0,0.01,2025-12-06T15:48:30Z
anm,,AN-s,85,1.7763568394002505e-15,0.01,2025-12-06T15:48:31Z
anm,,AN-s,86,0,0.01,2025-12-06T15:48:31Z
anm,,AN-s,87,0,0.01,2025-12-06T15:48:31Z
anm,,AN-s,88,1.7763568394002505e-15,0.01,2025-12-06T15:48:31Z
anm,,AN-s,89,0,0.01,2025-12-06T15:48:31Z
anm,,AN-s,90,8.881784197001252e-16,0.01,2025-12-06T15:48:31Z
anm,,AN-s,91,0,0.01,2025-12-06T15:48:31Z
anm,,AN-s,92,0,0.01,2025-12-06T15:48:32Z
anm,,AN-s,93,0,0.01,2025-12-06T15:48:32Z
anm,,AN-s,94,-1.7763568394002505e-15,0.01,2025-12-06T15:48:32Z
anm,,AN-s,95,-1.3322676295501878e-15,0.01,2025-12-06T15:48:32Z
anm,,AN-s,96,-3.552713678800501e-15,0.01,2025-12-06T15:48:32Z
anm,,AN-s,97,4.440892098500626e-16,0.01,2025-12-06T15:48:32Z
anm,,AN-s,98,1.7763568394002505e-15,0.01,2025-12-06T15:48:33Z
anm,,AN-s,99,0,0.01,2025-12-06T15:48:33Z
anm,,AN-s,100,8.881784197001252e-16,0.01,2025-12-06T15:48:33Z
anm,,LS,1,-4.440892098500626e-16,0.01,2025-12-06T15:48:33Z
anm,,LS,2,0,0.01,2025-12-06T15:48:33Z
anm,,LS,3,-1.7763568394002505e-15,0.01,2025-12-06T15:48:33Z
anm,,LS,4,0,0.01,2025-12-06T15:48:34Z
anm,,LS,5,1.7763568394002505e-15,0.01,2025-12-06T15:48:34Z
anm,,LS,6,0,0.01,2025-12-06T15:48:34Z
anm,,LS,7,0,0.01,2025-12-06T15:48:34Z
anm,,LS,8,0,0.01,2025-12-06T15:48:34Z
anm,,LS,9,1.7763568394002505e-15,0.01,2025-12-06T15:48:34Z
anm,,LS,10,0,0.01,2025-12-06T15:48:35Z
anm,,LS,11,0,0.01,2025-12-06T15:48:35Z
anm,,LS,12,0,0.01,2025-12-06T15:48:35Z
anm,,LS,13,-8.881784197001252e-16,0.01,2025-12-06T15:48:35Z
anm,,LS,14,0,0.01,2025-12-06T15:48:35Z
anm,,LS,15,-1.3322676295501878e-15,0.01,2025-12-06T15:48:35Z
anm,,LS,16,0,0.01,2025-12-06T15:48:36Z
anm,,LS,17,8.881784197001252e-16,0.01,2025-12-06T15:48:36Z
anm,,LS,18,0,0.01,2025-12-06T15:48:36Z
anm,,LS,19,-1.7763568394002505e-15,0.01,2025-12-06T15:48:36Z
anm,,LS,20,0,0.01,2025-12-06T15:48:36Z
anm,,LS,21,0,0.01,2025-12-06T15:48:36Z
anm,,LS,22,0,0.01,2025-12-06T15:48:37Z
anm,,LS,23,-2.664535259100376e-15,0.01,2025-12-06T15:48:37Z
anm,,LS,24,1.7763568394002505e-15,0.01,2025-12-06T15:48:37Z
anm,,LS,25,0,0.01,2025-12-06T15:48:37Z
anm,,LS,26,0,0.01,2025-12-06T15:48:37Z
anm,,LS,27,-1.7763568394002505e-15,0.01,2025-12-06T15:48:37Z
anm,,LS,28,8.881784197001252e-16,0.01,2025-12-06T15:48:38Z
anm,,LS,29,4.440892098500626e-16,0.01,2025-12-06T15:48:38Z
anm,,LS,30,0,0.01,2025-12-06T15:48:38Z
anm,,LS,31,0,0.01,2025-12-06T15:48:38Z
anm,,LS,32,0,0.01,2025-12-06T15:48:38Z
anm,,LS,33,0,0.01,2025-12-06T15:48:38Z
anm,,LS,34,0,0.01,2025-12-06T15:48:38Z
anm,,LS,35,-8.881784197001252e-16,0.01,2025-12-06T15:48:39Z
anm,,LS,36,-8.881784197001252e-16,0.01,2025-12-06T15:48:39Z
anm,,LS,37,0,0.01,2025-12-06T15:48:39Z
anm,,LS,38,0,0.01,2025-12-06T15:48:39Z
anm,,LS,39,0,0.01,2025-12-06T15:48:39Z
anm,,LS,40,2.220446049250313e-16,0.01,2025-12-06T15:48:39Z
anm,,LS,41,0,0.01,2025-12-06T15:48:40Z
anm,,LS,42,-1.7763568394002505e-15,0.01,2025-12-06T15:48:40Z
anm,,LS,43,1.7763568394002505e-15,0.01,2025-12-06T15:48:40Z
anm,,LS,44,0,0.01,2025-12-06T15:48:40Z
anm,,LS,45,0,0.01,2025-12-06T15:48:40Z
anm,,LS,46,0,0.01,2025-12-06T15:48:40Z
anm,,LS,47,0,0.01,2025-12-06T15:48:41Z
anm,,LS,48,0,0.01,2025-12-06T15:48:41Z
anm,,LS,49,1.7763568394002505e-15,0.01,2025-12-06T15:48:41Z
anm,,LS,50,4.440892098500626e-16,0.01,2025-12-06T15:48:41Z
anm,,LS,51,0,0.01,2025-12-06T15:48:41Z
anm,,LS,52,0,0.01,2025-12-06T15:48:41Z
anm,,LS,53,8.881784197001252e-16,0.01,2025-12-06T15:48:42Z
anm,,LS,54,-1.7763568394002505e-15,0.01,2025-12-06T15:48:42Z
anm,,LS,55,4.440892098500626e-16,0.01,2025-12-06T15:48:42Z
anm,,LS,56,0,0.01,2025-12-06T15:48:42Z
anm,,LS,57,-1.3322676295501878e-15,0.01,2025-12-06T15:48:42Z
anm,,LS,58,-8.881784197001252e-16,0.01,2025-12-06T15:48:42Z
anm,,LS,59,0,0.01,2025-12-06T15:48:43Z
anm,,LS,60,-1.3322676295501878e-15,0.01,2025-12-06T15:48:43Z
anm,,LS,61,-4.440892098500626e-16,0.01,2025-12-06T15:48:43Z
anm,,LS,62,0,0.01,2025-12-06T15:48:43Z
anm,,LS,63,-1.7763568394002505e-15,0.01,2025-12-06T15:48:43Z
anm,,LS,64,-1.7763568394002505e-15,0.01,2025-12-06T15:48:43Z
anm,,LS,65,-1.7763568394002505e-15,0.01,2025-12-06T15:48:43Z
anm,,LS,66,-8.881784197001252e-16,0.01,2025-12-06T15:48:44Z
anm,,LS,67,0,0.01,2025-12-06T15:48:44Z
anm,,LS,68,0,0.01,2025-12-06T15:48:44Z
anm,,LS,69,0,0.01,2025-12-06T15:48:44Z
anm,,LS,70,0,0.01,2025-12-06T15:48:44Z
anm,,LS,71,0,0.01,2025-12-06T15:48:44Z
anm,,LS,72,3.552713678800501e-15,0.01,2025-12-06T15:48:45Z
anm,,LS,73,-1.3322676295501878e-15,0.01,2025-12-06T15:48:45Z
anm,,LS,74,0,0.01,2025-12-06T15:48:45Z
anm,,LS,75,-1.7763568394002505e-15,0.01,2025-12-06T15:48:45Z
anm,,LS,76,0,0.01,2025-12-06T15:48:45Z
anm,,LS,77,8.881784197001252e-16,0.01,2025-12-06T15:48:45Z
anm,,LS,78,0,0.01,2025-12-06T15:48:46Z
anm,,LS,79,8.881784197001252e-16,0.01,2025-12-06T15:48:46Z
anm,,LS,80,0,0.01,2025-12-06T15:48:46Z
anm,,LS,81,0,0.01,2025-12-06T15:48:46Z
anm,,LS,82,1.7763568394002505e-15,0.01,2025-12-06T15:48:46Z
anm,,LS,83,-8.881784197001252e-16,0.01,2025-12-06T15:48:46Z
anm,,LS,84,0,0.01,2025-12-06T15:48:46Z
anm,,LS,85,0,0.01,2025-12-06T15:48:47Z
anm,,LS,86,0,0.01,2025-12-06T15:48:47Z
anm,,LS,87,0,0.01,2025-12-06T15:48:47Z
anm,,LS,88,0,0.01,2025-12-06T15:48:47Z
anm,,LS,89,1.7763568394002505e-15,0.01,2025-12-06T15:48:47Z
anm,,LS,90,-8.881784197001252e-16,0.01,2025-12-06T15:48:47Z
anm,,LS,91,0,0.01,2025-12-06T15:48:48Z
anm,,LS,92,2.664535259100376e-15,0.01,2025-12-06T15:48:48Z
anm,,LS,93,0,0.01,2025-12-06T15:48:48Z
anm,,LS,94,-2.664535259100376e-15,0.01,2025-12-06T15:48:48Z
anm,,LS,95,-4.440892098500626e-16,0.01,2025-12-06T15:48:48Z
anm,,LS,96,-1.7763568394002505e-15,0.01,2025-12-06T15:48:48Z
anm,,LS,97,0,0.01,2025-12-06T15:48:49Z
anm,,LS,98,0,0.01,2025-12-06T15:48:49Z
anm,,LS,99,1.7763568394002505e-15,0.01,2025-12-06T15:48:49Z
anm,,LS,100,0,0.01,2025-12-06T15:48:49Z
anm,,LS-s,1,0,0.01,2025-12-06T15:48:49Z
anm,,LS-s,2,0,0.01,2025-12-06T15:48:49Z
anm,,LS-s,3,0,0.01,2025-12-06T15:48:50Z
anm,,LS-s,4,0,0.01,2025-12-06T15:48:50Z
anm,,LS-s,5,-3.552713678800501e-15,0.01,2025-12-06T15:48:50Z
anm,,LS-s,6,-4.440892098500626e-16,0.01,2025-12-06T15:48:50Z
anm,,LS-s,7,0,0.01,2025-12-06T15:48:50Z
anm,,LS-s,8,0,0.01,2025-12-06T15:48:50Z
anm,,LS-s,9,1.7763568394002505e-15,0.01,2025-12-06T15:48:51Z
anm,,LS-s,10,0,0.01,2025-12-06T15:48:51Z
anm,,LS-s,11,0,0.01,2025-12-06T15:48:51Z
anm,,LS-s,12,0,0.01,2025-12-06T15:48:51Z
anm,,LS-s,13,0,0.01,2025-12-06T15:48:51Z
anm,,LS-s,14,0,0.01,2025-12-06T15:48:51Z
anm,,LS-s,15,3.552713678800501e-15,0.01,2025-12-06T15:48:51Z
anm,,LS-s,16,-8.881784197001252e-16,0.01,2025-12-06T15:48:52Z
anm,,LS-s,17,0,0.01,2025-12-06T15:48:52Z
anm,,LS-s,18,0,0.01,2025-12-06T15:48:52Z
anm,,LS-s,19,-8.881784197001252e-16,0.01,2025-12-06T15:48:52Z
anm,,LS-s,20,1.7763568394002505e-15,0.01,2025-12-06T15:48:52Z
anm,,LS-s,21,-4.440892098500626e-16,0.01,2025-12-06T15:48:52Z
anm,,LS-s,22,1.7763568394002505e-15,0.01,2025-12-06T15:48:53Z
anm,,LS-s,23,0,0.01,2025-12-06T15:48:53Z
anm,,LS-s,24,1.7763568394002505e-15,0.01,2025-12-06T15:48:53Z
anm,,LS-s,25,0,0.01,2025-12-06T15:48:53Z
anm,,LS-s,26,5.3290705182007506e-15,0.01,2025-12-06T15:48:53Z
anm,,LS-s,27,0,0.01,2025-12-06T15:48:53Z
anm,,LS-s,28,-8.881784197001252e-16,0.01,2025-12-06T15:48:54Z
anm,,LS-s,29,0,0.01,2025-12-06T15:48:54Z
anm,,LS-s,30,-1.7763568394002505e-15,0.01,2025-12-06T15:48:54Z
anm,,LS-s,31,-3.552713678800501e-15,0.01,2025-12-06T15:48:54Z
anm,,LS-s,32,0,0.01,2025-12-06T15:48:54Z
anm,,LS-s,33,0,0.01,2025-12-06T15:48:54Z
anm,,LS-s,34,0,0.01,2025-12-06T15:48:55Z
anm,,LS-s,35,0,0.01,2025-12-06T15:48:55Z
anm,,LS-s,36,-3.552713678800501e-15,0.01,2025-12-06T15:48:55Z
anm,,LS-s,37,0,0.01,2025-12-06T15:48:55Z
anm,,LS-s,38,0,0.01,2025-12-06T15:48:55Z
anm,,LS-s,39,0,0.01,2025-12-06T15:48:55Z
anm,,LS-s,40,0,0.01,2025-12-06T15:48:55Z
anm,,LS-s,41,0,0.01,2025-12-06T15:48:56Z
anm,,LS-s,42,0,0.01,2025-12-06T15:48:56Z
anm,,LS-s,43,-3.552713678800501e-15,0.01,2025-12-06T15:48:56Z
anm,,LS-s,44,0,0.01,2025-12-06T15:48:56Z
anm,,LS-s,45,0,0.01,2025-12-06T15:48:56Z
anm,,LS-s,46,0,0.01,2025-12-06T15:48:56Z
anm,,LS-s,47,1.3322676295501878e-15,0.01,2025-12-06T15:48:57Z
anm,,LS-s,48,-3.552713678800501e-15,0.01,2025-12-06T15:48:57Z
anm,,LS-s,49,0,0.01,2025-12-06T15:48:57Z
anm,,LS-s,50,-1.7763568394002505e-15,0.01,2025-12-06T15:48:57Z
anm,,LS-s,51,0,0.01,2025-12-06T15:48:57Z
anm,,LS-s,52,-1.7763568394002505e-15,0.01,2025-12-06T15:48:57Z
anm,,LS-s,53,-3.552713678800501e-15,0.01,2025-12-06T15:48:58Z
anm,,LS-s,54,1.7763568394002505e-15,0.01,2025-12-06T15:48:58Z
anm,,LS-s,55,0,0.01,2025-12-06T15:48:58Z
anm,,LS-s,56,8.881784197001252e-16,0.01,2025-12-06T15:48:58Z
anm,,LS-s,57,3.552713678800501e-15,0.01,2025-12-06T15:48:58Z
anm,,LS-s,58,3.552713678800501e-15,0.01,2025-12-06T15:48:58Z
anm,,LS-s,59,-4.440892098500626e-16,0.01,2025-12-06T15:48:59Z
anm,,LS-s,60,-3.552713678800501e-15,0.01,2025-12-06T15:48:59Z
anm,,LS-s,61,0,0.01,2025-12-06T15:48:59Z
anm,,LS-s,62,0,0.01,2025-12-06T15:48:59Z
anm,,LS-s,63,0,0.01,2025-12-06T15:48:59Z
anm,,LS-s,64,8.881784197001252e-16,0.01,2025-12-06T15:48:59Z
anm,,LS-s,65,0,0.01,2025-12-06T15:48:59Z
anm,,LS-s,66,0,0.01,2025-12-06T15:49:00Z
anm,,LS-s,67,0,0.01,2025-12-06T15:49:00Z
anm,,LS-s,68,-1.7763568394002505e-15,0.01,2025-12-06T15:49:00Z
anm,,LS-s,69,1.7763568394002505e-15,0.01,2025-12-06T15:49:00Z
anm,,LS-s,70,0,0.01,2025-12-06T15:49:00Z
anm,,LS-s,71,-1.7763568394002505e-15,0.01,2025-12-06T15:49:00Z
anm,,LS-s,72,5.3290705182007506e-15,0.01,2025-12-06T15:49:01Z
anm,,LS-s,73,0,0.01,2025-12-06T15:49:01Z
anm,,LS-s,74,5.3290705182007506e-15,0.01,2025-12-06T15:49:01Z
anm,,LS-s,75,3.552713678800501e-15,0.01,2025-12-06T15:49:01Z
anm,,LS-s,76,0,0.01,2025-12-06T15:49:01Z
anm,,LS-s,77,-8.881784197001252e-16,0.01,2025-12-06T15:49:01Z
anm,,LS-s,78,3.552713678800501e-15,0.01,2025-12-06T15:49:02Z
anm,,LS-s,79,-1.7763568394002505e-15,0.01,2025-12-06T15:49:02Z
anm,,LS-s,80,0,0.01,2025-12-06T15:49:02Z
anm,,LS-s,81,1.7763568394002505e-15,0.01,2025-12-06T15:49:02Z
anm,,LS-s,82,0,0.01,2025-12-06T15:49:02Z
anm,,LS-s,83,0,0.01,2025-12-06T15:49:02Z
anm,,LS-s,84,-1.7763568394002505e-15,0.01,2025-12-06T15:49:03Z
anm,,LS-s,85,0,0.01,2025-12-06T15:49:03Z
anm,,LS-s,86,0,0.01,2025-12-06T15:49:03Z
anm,,LS-s,87,0,0.01,2025-12-06T15:49:03Z
anm,,LS-s,88,-1.7763568394002505e-15,0.01,2025-12-06T15:49:03Z
anm,,LS-s,89,0,0.01,2025-12-06T15:49:03Z
anm,,LS-s,90,0,0.01,2025-12-06T15:49:04Z
anm,,LS-s,91,-1.7763568394002505e-15,0.01,2025-12-06T15:49:04Z
anm,,LS-s,92,3.552713678800501e-15,0.01,2025-12-06T15:49:04Z
anm,,LS-s,93,0,0.01,2025-12-06T15:49:04Z
anm,,LS-s,94,0,0.01,2025-12-06T15:49:04Z
anm,,LS-s,95,0,0.01,2025-12-06T15:49:04Z
anm,,LS-s,96,-1.7763568394002505e-15,0.01,2025-12-06T15:49:05Z
anm,,LS-s,97,0,0.01,2025-12-06T15:49:05Z
anm,,LS-s,98,0,0.01,2025-12-06T15:49:05Z
anm,,LS-s,99,-1.7763568394002505e-15,0.01,2025-12-06T15:49:05Z
anm,,LS-s,100,-3.552713678800501e-15,0.01,2025-12-06T15:49:05Z
anm,,MN-U,1,-8.881784197001252e-16,0.01,2025-12-06T15:49:05Z
anm,,MN-U,2,0,0.01,2025-12-06T15:49:05Z
anm,,MN-U,3,0,0.01,2025-12-06T15:49:06Z
anm,,MN-U,4,4.440892098500626e-16,0.01,2025-12-06T15:49:06Z
anm,,MN-U,5,0,0.01,2025-12-06T15:49:06Z
anm,,MN-U,6,0,0.01,2025-12-06T15:49:06Z
anm,,MN-U,7,0,0.01,2025-12-06T15:49:06Z
anm,,MN-U,8,-1.7763568394002505e-15,0.01,2025-12-06T15:49:06Z
anm,,MN-U,9,0,0.01,2025-12-06T15:49:07Z
anm,,MN-U,10,-1.3322676295501878e-15,0.01,2025-12-06T15:49:07Z
anm,,MN-U,11,-4.440892098500626e-16,0.01,2025-12-06T15:49:07Z
anm,,MN-U,12,0,0.01,2025-12-06T15:49:07Z
anm,,MN-U,13,0,0.01,2025-12-06T15:49:07Z
anm,,MN-U,14,0,0.01,2025-12-06T15:49:07Z
anm,,MN-U,15,-4.440892098500626e-16,0.01,2025-12-06T15:49:08Z
anm,,MN-U,16,0,0.01,2025-12-06T15:49:08Z
anm,,MN-U,17,1.7763568394002505e-15,0.01,2025-12-06T15:49:08Z
anm,,MN-U,18,1.7763568394002505e-15,0.01,2025-12-06T15:49:08Z
anm,,MN-U,19,0,0.01,2025-12-06T15:49:08Z
anm,,MN-U,20,1.7763568394002505e-15,0.01,2025-12-06T15:49:08Z
anm,,MN-U,21,0,0.01,2025-12-06T15:49:08Z
anm,,MN-U,22,-1.7763568394002505e-15,0.01,2025-12-06T15:49:09Z
anm,,MN-U,23,3.552713678800501e-15,0.01,2025-12-06T15:49:09Z
anm,,MN-U,24,-8.881784197001252e-16,0.01,2025-12-06T15:49:09Z
anm,,MN-U,25,1.7763568394002505e-15,0.01,2025-12-06T15:49:09Z
anm,,MN-U,26,0,0.01,2025-12-06T15:49:09Z
anm,,MN-U,27,0,0.01,2025-12-06T15:49:09Z
anm,,MN-U,28,4.440892098500626e-16,0.01,2025-12-06T15:49:10Z
anm,,MN-U,29,0,0.01,2025-12-06T15:49:10Z
anm,,MN-U,30,0,0.01,2025-12-06T15:49:10Z
anm,,MN-U,31,0,0.01,2025-12-06T15:49:10Z
anm,,MN-U,32,0,0.01,2025-12-06T15:49:10Z
anm,,MN-U,33,0,0.01,2025-12-06T15:49:10Z
anm,,MN-U,34,0,0.01,2025-12-06T15:49:10Z
anm,,MN-U,35,0,0.01,2025-12-06T15:49:11Z
anm,,MN-U,36,-1.7763568394002505e-15,0.01,2025-12-06T15:49:11Z
anm,,MN-U,37,0,0.01,2025-12-06T15:49:11Z
anm,,MN-U,38,0,0.01,2025-12-06T15:49:11Z
anm,,MN-U,39,0,0.01,2025-12-06T15:49:11Z
anm,,MN-U,40,0,0.01,2025-12-06T15:49:11Z
anm,,MN-U,41,0,0.01,2025-12-06T15:49:12Z
anm,,MN-U,42,0,0.01,2025-12-06T15:49:12Z
anm,,MN-U,43,0,0.01,2025-12-06T15:49:12Z
anm,,MN-U,44,0,0.01,2025-12-06T15:49:12Z
anm,,MN-U,45,0,0.01,2025-12-06T15:49:12Z
anm,,MN-U,46,0,0.01,2025-12-06T15:49:12Z
anm,,MN-U,47,-1.7763568394002505e-15,0.01,2025-12-06T15:49:13Z
anm,,MN-U,48,0,0.01,2025-12-06T15:49:13Z
anm,,MN-U,49,0,0.01,2025-12-06T15:49:13Z
anm,,MN-U,50,0,0.01,2025-12-06T15:49:13Z
anm,,MN-U,51,0,0.01,2025-12-06T15:49:13Z
anm,,MN-U,52,0,0.01,2025-12-06T15:49:13Z
anm,,MN-U,53,8.881784197001252e-16,0.01,2025-12-06T15:49:13Z
anm,,MN-U,54,0,0.01,2025-12-06T15:49:14Z
anm,,MN-U,55,0,0.01,2025-12-06T15:49:14Z
anm,,MN-U,56,0,0.01,2025-12-06T15:49:14Z
anm,,MN-U,57,-8.881784197001252e-16,0.01,2025-12-06T15:49:14Z
anm,,MN-U,58,0,0.01,2025-12-06T15:49:14Z
anm,,MN-U,59,-1.7763568394002505e-15,0.01,2025-12-06T15:49:14Z
anm,,MN-U,60,0,0.01,2025-12-06T15:49:15Z
anm,,MN-U,61,0,0.01,2025-12-06T15:49:15Z
anm,,MN-U,62,-8.881784197001252e-16,0.01,2025-12-06T15:49:15Z
anm,,MN-U,63,0,0.01,2025-12-06T15:49:15Z
anm,,MN-U,64,0,0.01,2025-12-06T15:49:15Z
anm,,MN-U,65,-4.440892098500626e-16,0.01,2025-12-06T15:49:15Z
anm,,MN-U,66,-4.440892098500626e-16,0.01,2025-12-06T15:49:16Z
anm,,MN-U,67,0,0.01,2025-12-06T15:49:16Z
anm,,MN-U,68,8.881784197001252e-16,0.01,2025-12-06T15:49:16Z
anm,,MN-U,69,0,0.01,2025-12-06T15:49:16Z
anm,,MN-U,70,0,0.01,2025-12-06T15:49:16Z
anm,,MN-U,71,-3.552713678800501e-15,0.01,2025-12-06T15:49:16Z
anm,,MN-U,72,-1.7763568394002505e-15,0.01,2025-12-06T15:49:16Z
anm,,MN-U,73,0,0.01,2025-12-06T15:49:17Z
anm,,MN-U,74,-2.664535259100376e-15,0.01,2025-12-06T15:49:17Z
anm,,MN-U,75,-1.7763568394002505e-15,0.01,2025-12-06T15:49:17Z
anm,,MN-U,76,1.7763568394002505e-15,0.01,2025-12-06T15:49:17Z
anm,,MN-U,77,0,0.01,2025-12-06T15:49:17Z
anm,,MN-U,78,-8.881784197001252e-16,0.01,2025-12-06T15:49:17Z
anm,,MN-U,79,4.440892098500626e-16,0.01,2025-12-06T15:49:18Z
anm,,MN-U,80,-1.3322676295501878e-15,0.01,2025-12-06T15:49:18Z
anm,,MN-U,81,0,0.01,2025-12-06T15:49:18Z
anm,,MN-U,82,-8.881784197001252e-16,0.01,2025-12-06T15:49:18Z
anm,,MN-U,83,0,0.01,2025-12-06T15:49:18Z
anm,,MN-U,84,0,0.01,2025-12-06T15:49:18Z
anm,,MN-U,85,0,0.01,2025-12-06T15:49:18Z
anm,,MN-U,86,0,0.01,2025-12-06T15:49:19Z
anm,,MN-U,87,-1.7763568394002505e-15,0.01,2025-12-06T15:49:19Z
anm,,MN-U,88,0,0.01,2025-12-06T15:49:19Z
anm,,MN-U,89,0,0.01,2025-12-06T15:49:19Z
anm,,MN-U,90,0,0.01,2025-12-06T15:49:19Z
anm,,MN-U,91,0,0.01,2025-12-06T15:49:19Z
anm,,MN-U,92,1.7763568394002505e-15,0.01,2025-12-06T15:49:20Z
anm,,MN-U,93,0,0.01,2025-12-06T15:49:20Z
anm,,MN-U,94,1.7763568394002505e-15,0.01,2025-12-06T15:49:20Z
anm,,MN-U,95,0,0.01,2025-12-06T15:49:20Z
anm,,MN-U,96,-8.881784197001252e-16,0.01,2025-12-06T15:49:20Z
anm,,MN-U,97,0,0.01,2025-12-06T15:49:20Z
anm,,MN-U,98,0,0.01,2025-12-06T15:49:21Z
anm,,MN-U,99,0,0.01,2025-12-06T15:49:21Z
anm,,MN-U,100,8.881784197001252e-16,0.01,2025-12-06T15:49:21Z
cdci,,AN,1,-0.2273846451501842,0.01,2025-12-06T15:49:21Z
cdci,,AN,2,-0.1531662698030456,0.01,2025-12-06T15:49:21Z
cdci,,AN,3,-0.1965169612051359,0.01,2025-12-06T15:49:21Z
cdci,,AN,4,-0.1784535520951004,0.01,2025-12-06T15:49:21Z
cdci,,AN,5,-0.1763892751311481,0.01,2025-12-06T15:49:21Z
cdci,,AN,6,-0.2492776484942556,0.01,2025-12-06T15:49:21Z
cdci,,AN,7,-0.1830921277588936,0.01,2025-12-06T15:49:21Z
cdci,,AN,8,-0.1188216940126155,0.01,2025-12-06T15:49:21Z
cdci,,AN,9,-0.0520102472487588,0.01,2025-12-06T15:49:21Z
cdci,,AN,10,-0.20615784584776,0.01,2025-12-06T15:49:21Z
cdci,,AN,11,-0.1297873122759958,0.01,2025-12-06T15:49:21Z
cdci,,AN,12,-0.126341032411287,0.01,2025-12-06T15:49:21Z
cdci,,AN,13,-0.1721462284833978,0.01,2025-12-06T15:49:21Z
cdci,,AN,14,-0.2283028727547259,0.01,2025-12-06T15:49:21Z
cdci,,AN,15,-0.1456103653349976,0.01,2025-12-06T15:49:21Z
cdci,,AN,16,-0.2250008589334542,0.01,2025-12-06T15:49:21Z
cdci,,AN,17,-0.2109834565049053,0.01,2025-12-06T15:49:21Z
cdci,,AN,18,-0.0627594949402442,0.01,2025-12-06T15:49:21Z
cdci,,AN,19,-0.1908930790983284,0.01,2025-12-06T15:49:21Z
cdci,,AN,20,-0.2920469545932291,0.01,2025-12-06T15:49:21Z
cdci,,AN,21,-0.2413602566141438,0.01,2025-12-06T15:49:21Z
cdci,,AN,22,-0.2129767199246561,0.01,2025-12-06T15:49:21Z
cdci,,AN,23,-0.1867665655612744,0.01,2025-12-06T15:49:21Z
cdci,,AN,24,-0.128164536296843,0.01,2025-12-06T15:49:21Z
cdci,,AN,25,-0.2843127881260489,0.01,2025-12-06T15:49:21Z
cdci,,AN,26,-0.1188808604435522,0.01,2025-12-06T15:49:21Z
cdci,,AN,27,-0.1374018871415057,0.01,2025-12-06T15:49:21Z
cdci,,AN,28,-0.0543503345301654,0.01,2025-12-06T15:49:21Z
cdci,,AN,29,-0.1449561663785014,0.01,2025-12-06T15:49:21Z
cdci,,AN,30,-0.1361399085395427,0.01,2025-12-06T15:49:21Z
cdci,,AN,31,-0.1914854180806933,0.01,2025-12-06T15:49:21Z
cdci,,AN,32,-0.2082619010572431,0.01,2025-12-06T15:49:21Z
cdci,,AN,33,-0.2115880277809051,0.01,2025-12-06T15:49:21Z
cdci,,AN,34,-0.2793364951734253,0.01,2025-12-06T15:49:21Z
cdci,,AN,35,-0.1985284282104365,0.01,2025-12-06T15:49:21Z
cdci,,AN,36,-0.2252523004098137,0.01,2025-12-06T15:49:21Z
cdci,,AN,37,-0.0981219641672883,0.01,2025-12-06T15:49:21Z
cdci,,AN,38,-0.0746882600246659,0.01,2025-12-06T15:49:21Z
cdci,,AN,39,-0.3223734558028585,0.01,2025-12-06T15:49:21Z
cdci,,AN,40,-0.1021512557119212,0.01,2025-12-06T15:49:21Z
cdci,,AN,41,-0.2307057269559733,0.01,2025-12-06T15:49:21Z
cdci,,AN,42,-0.1418849824786556,0.01,2025-12-06T15:49:21Z
cdci,,AN,43,-0.1851202636989467,0.01,2025-12-06T15:49:21Z
cdci,,AN,44,-0.2096677022112623,0.01,2025-12-06T15:49:21Z
cdci,,AN,45,-0.1533778197537286,0.01,2025-12-06T15:49:21Z
cdci,,AN,46,-0.1562447019362279,0.01,2025-12-06T15:49:21Z
cdci,,AN,47,-0.1728144327815159,0.01,2025-12-06T15:49:21Z
cdci,,AN,48,-0.1490423074039151,0.01,2025-12-06T15:49:21Z
cdci,,AN,49,-0.129227249948452,0.01,2025-12-06T15:49:21Z
cdci,,AN,50,-0.2643286567041915,0.01,2025-12-06T15:49:21Z
cdci,,AN,51,-0.2299612729446157,0.01,2025-12-06T15:49:21Z
cdci,,AN,52,-0.1785030433135263,0.01,2025-12-06T15:49:21Z
cdci,,AN,53,-0.1316274161949644,0.01,2025-12-06T15:49:21Z
cdci,,AN,54,-0.2065135848654035,0.01,2025-12-06T15:49:22Z
cdci,,AN,55,-0.1911444004435524,0.01,2025-12-06T15:49:22Z
cdci,,AN,56,-0.1528567733292342,0.01,2025-12-06T15:49:22Z
cdci,,AN,57,-0.107402362832236,0.01,2025-12-06T15:49:22Z
cdci,,AN,58,-0.1456176810281318,0.01,2025-12-06T15:49:22Z
cdci,,AN,59,-0.2087205345182017,0.01,2025-12-06T15:49:22Z
cdci,,AN,60,-0.1203550736982179,0.01,2025-12-06T15:49:22Z
cdci,,AN,61,-0.1175213251192958,0.01,2025-12-06T15:49:22Z
cdci,,AN,62,-0.2492499657262279,0.01,2025-12-06T15:49:22Z
cdci,,AN,63,-0.2069485575184451,0.01,2025-12-06T15:49:22Z
cdci,,AN,64,-0.1975495588253388,0.01,2025-12-06T15:49:22Z
cdci,,AN,65,-0.1389642587847676,0.01,2025-12-06T15:49:22Z
cdci,,AN,66,-0.2261523375521329,0.01,2025-12-06T15:49:22Z
cdci,,AN,67,-0.1595953566405279,0.01,2025-12-06T15:49:22Z
cdci,,AN,68,-0.1955725031299105,0.01,2025-12-06T15:49:22Z
cdci,,AN,69,-0.2245983355430428,0.01,2025-12-06T15:49:22Z
cdci,,AN,70,-0.2127779473764127,0.01,2025-12-06T15:49:22Z
cdci,,AN,71,-0.2502595687293372,0.01,2025-12-06T15:49:22Z
cdci,,AN,72,-0.1921960854679566,0.01,2025-12-06T15:49:22Z
cdci,,AN,73,-0.1776475462303989,0.01,2025-12-06T15:49:22Z
cdci,,AN,74,-0.112516317338224,0.01,2025-12-06T15:49:22Z
cdci,,AN,75,-0.1946370770410613,0.01,2025-12-06T15:49:22Z
cdci,,AN,76,-0.082036698944121,0.01,2025-12-06T15:49:22Z
cdci,,AN,77,-0.224020825220833,0.01,2025-12-06T15:49:22Z
cdci,,AN,78,-0.2167976740032165,0.01,2025-12-06T15:49:22Z
cdci,,AN,79,-0.1621725230941345,0.01,2025-12-06T15:49:22Z
cdci,,AN,80,-0.1069515656973928,0.01,2025-12-06T15:49:22Z
cdci,,AN,81,-0.1895450435769816,0.01,2025-12-06T15:49:22Z
cdci,,AN,82,-0.2994475578924542,0.01,2025-12-06T15:49:22Z
cdci,,AN,83,-0.1024752563463939,0.01,2025-12-06T15:49:22Z
cdci,,AN,84,-0.1479469633276106,0.01,2025-12-06T15:49:22Z
cdci,,AN,85,-0.1351378244835201,0.01,2025-12-06T15:49:22Z
cdci,,AN,86,-0.1122800477643859,0.01,2025-12-06T15:49:22Z
cdci,,AN,87,-0.2022266552863024,0.01,2025-12-06T15:49:22Z
cdci,,AN,88,-0.2125894227267372,0.01,2025-12-06T15:49:22Z
cdci,,AN,89,-0.1675452163889352,0.01,2025-12-06T15:49:22Z
cdci,,AN,90,-0.1298402660940034,0.01,2025-12-06T15:49:22Z
cdci,,AN,91,-0.1668913850322382,0.01,2025-12-06T15:49:22Z
cdci,,AN,92,-0.3026617005215224,0.01,2025-12-06T15:49:22Z
cdci,,AN,93,-0.1192938626443173,0.01,2025-12-06T15:49:22Z
cdci,,AN,94,-0.1521638600848938,0.01,2025-12-06T15:49:22Z
cdci,,AN,95,-0.1248583083094073,0.01,2025-12-06T15:49:22Z
cdci,,AN,96,-0.2177083991557361,0.01,2025-12-06T15:49:22Z
cdci,,AN,97,-0.1154797176002664,0.01,2025-12-06T15:49:22Z
cdci,,AN,98,-0.1187376368211918,0.01,2025-12-06T15:49:22Z
cdci,,AN,99,-0.2677189130806955,0.01,2025-12-06T15:49:22Z
cdci,,AN,100,-0.1255538309667698,0.01,2025-12-06T15:49:22Z
cdci,,AN-s,1,-0.0733822551751159,0.01,2025-12-06T15:49:22Z
cdci,,AN-s,2,-0.049516782790442,0.01,2025-12-06T15:49:22Z
cdci,,AN-s,3,-0.0953098756687229,0.01,2025-12-06T15:49:22Z
cdci,,AN-s,4,-0.0503004266865413,0.01,2025-12-06T15:49:22Z
cdci,,AN-s,5,-0.0678162834428039,0.01,2025-12-06T15:49:22Z
cdci,,AN-s,6,-0.0366930521032664,0.01,2025-12-06T15:49:22Z
cdci,,AN-s,7,-0.0083880115502601,0.01,2025-12-06T15:49:22Z
cdci,,AN-s,8,-0.0709116347039368,0.01,2025-12-06T15:49:22Z
cdci,,AN-s,9,0.0045460020205172,0.01,2025-12-06T15:49:22Z
cdci,,AN-s,10,-0.0397158471496971,0.01,2025-12-06T15:49:22Z
cdci,,AN-s,11,-0.0723798311807827,0.01,2025-12-06T15:49:22Z
cdci,,AN-s,12,-0.0511419380229855,0.01,2025-12-06T15:49:22Z
cdci,,AN-s,13,-0.0480057214288153,0.01,2025-12-06T15:49:22Z
cdci,,AN-s,14,-0.0279885123936343,0.01,2025-12-06T15:49:22Z
cdci,,AN-s,15,-0.0507528511249367,0.01,2025-12-06T15:49:22Z
cdci,,AN-s,16,-0.0153601873341178,0.01,2025-12-06T15:49:22Z
cdci,,AN-s,17,0.0120943692783047,0.01,2025-12-06T15:49:22Z
cdci,,AN-s,18,-0.0151691118776428,0.01,2025-12-06T15:49:22Z
cdci,,AN-s,19,-0.039010305864622,0.01,2025-12-06T15:49:22Z
cdci,,AN-s,20,-0.0415042805018095,0.01,2025-12-06T15:49:22Z
cdci,,AN-s,21,-0.039997778062946,0.01,2025-12-06T15:49:22Z
cdci,,AN-s,22,-0.0380378541690155,0.01,2025-12-06T15:49:22Z
cdci,,AN-s,23,-0.0913803617263722,0.01,2025-12-06T15:49:22Z
cdci,,AN-s,24,-0.0172128058085364,0.01,2025-12-06T15:49:22Z
cdci,,AN-s,25,0.0149166247787752,0.01,2025-12-06T15:49:22Z
cdci,,AN-s,26,-0.0628941213487822,0.01,2025-12-06T15:49:22Z
cdci,,AN-s,27,-0.0378373899781464,0.01,2025-12-06T15:49:22Z
cdci,,AN-s,28,-0.0651309293733322,0.01,2025-12-06T15:49:22Z
cdci,,AN-s,29,-0.0284788530273777,0.01,2025-12-06T15:49:22Z
cdci,,AN-s,30,-0.060884517737648,0.01,2025-12-06T15:49:22Z
cdci,,AN-s,31,-0.0851868712558511,0.01,2025-12-06T15:49:22Z
cdci,,AN-s,32,-0.03387450481299,0.01,2025-12-06T15:49:22Z
cdci,,AN-s,33,-0.0615779251909537,0.01,2025-12-06T15:49:22Z
cdci,,AN-s,34,-0.0562902571164861,0.01,2025-12-06T15:49:22Z
cdci,,AN-s,35,-0.04573082559485,0.01,2025-12-06T15:49:22Z
cdci,,AN-s,36,-0.0500828188673693,0.01,2025-12-06T15:49:22Z
cdci,,AN-s,37,-0.0529941064803965,0.01,2025-12-06T15:49:22Z
cdci,,AN-s,38,-0.0096284408748417,0.01,2025-12-06T15:49:22Z
cdci,,AN-s,39,-0.0615665529550178,0.01,2025-12-06T15:49:22Z
cdci,,AN-s,40,-0.053847746552461,0.01,2025-12-06T15:49:22Z
cdci,,AN-s,41,-0.0279957226246622,0.01,2025-12-06T15:49:22Z
cdci,,AN-s,42,-0.0511772835959826,0.01,2025-12-06T15:49:22Z
cdci,,AN-s,43,-0.0567498479377498,0.01,2025-12-06T15:49:22Z
cdci,,AN-s,44,-0.0914292570683769,0.01,2025-12-06T15:49:22Z
cdci,,AN-s,45,-0.0307741389147525,0.01,2025-12-06T15:49:22Z
cdci,,AN-s,46,-0.0534796696525485,0.01,2025-12-06T15:49:22Z
cdci,,AN-s,47,-0.0410863293724035,0.01,2025-12-06T15:49:22Z
cdci,,AN-s,48,-0.0408528206286557,0.01,2025-12-06T15:49:22Z
cdci,,AN-s,49,-0.027489323279671,0.01,2025-12-06T15:49:22Z
cdci,,AN-s,50,-0.0408537668571033,0.01,2025-12-06T15:49:22Z
cdci,,AN-s,51,-0.0109452144813665,0.01,2025-12-06T15:49:22Z
cdci,,AN-s,52,-0.0360875413791353,0.01,2025-12-06T15:49:23Z
cdci,,AN-s,53,-0.059475972460896503,0.01,2025-12-06T15:49:23Z
cdci,,AN-s,54,-0.0615990076561869,0.01,2025-12-06T15:49:23Z
cdci,,AN-s,55,-0.0442106476368373,0.01,2025-12-06T15:49:23Z
cdci,,AN-s,56,-0.0680909157375578,0.01,2025-12-06T15:49:23Z
cdci,,AN-s,57,-0.0505600362677556,0.01,2025-12-06T15:49:23Z
cdci,,AN-s,58,-0.0555824791879786,0.01,2025-12-06T15:49:23Z
cdci,,AN-s,59,-0.0413520887531377,0.01,2025-12-06T15:49:23Z
cdci,,AN-s,60,-0.0360196083647954,0.01,2025-12-06T15:49:23Z
cdci,,AN-s,61,-0.0459333087102858,0.01,2025-12-06T15:49:23Z
cdci,,AN-s,62,-0.0366210722948849,0.01,2025-12-06T15:49:23Z
cdci,,AN-s,63,-0.0457677639761079,0.01,2025-12-06T15:49:23Z
cdci,,AN-s,64,-0.0446719671465562,0.01,2025-12-06T15:49:23Z
cdci,,AN-s,65,-0.0068171960641964,0.01,2025-12-06T15:49:23Z
cdci,,AN-s,66,-0.0362567998112162,0.01,2025-12-06T15:49:23Z
cdci,,AN-s,67,-0.0582607174552655,0.01,2025-12-06T15:49:23Z
cdci,,AN-s,68,-0.0441461445984403,0.01,2025-12-06T15:49:23Z
cdci,,AN-s,69,-0.0194014012757186,0.01,2025-12-06T15:49:23Z
cdci,,AN-s,70,-0.0431449801144072,0.01,2025-12-06T15:49:23Z
cdci,,AN-s,71,-0.0730847801710636,0.01,2025-12-06T15:49:23Z
cdci,,AN-s,72,-0.0309348170271306,0.01,2025-12-06T15:49:23Z
cdci,,AN-s,73,-0.0827184461398362,0.01,2025-12-06T15:49:23Z
cdci,,AN-s,74,-0.0523572056151843,0.01,2025-12-06T15:49:23Z
cdci,,AN-s,75,-0.0425692414787289,0.01,2025-12-06T15:49:23Z
cdci,,AN-s,76,-0.0535586480967643,0.01,2025-12-06T15:49:23Z
cdci,,AN-s,77,-0.0483626375009089,0.01,2025-12-06T15:49:23Z
cdci,,AN-s,78,-0.0542104108874197,0.01,2025-12-06T15:49:23Z
cdci,,AN-s,79,0.0177692708349099,0.01,2025-12-06T15:49:23Z
cdci,,AN-s,80,-0.0158040079697971,0.01,2025-12-06T15:49:23Z
cdci,,AN-s,81,-0.0233108501396876,0.01,2025-12-06T15:49:23Z
cdci,,AN-s,82,-0.0270603008037609,0.01,2025-12-06T15:49:23Z
cdci,,AN-s,83,-0.0628530757300602,0.01,2025-12-06T15:49:23Z
cdci,,AN-s,84,-0.090348463487581,0.01,2025-12-06T15:49:23Z
cdci,,AN-s,85,-0.0332972319755554,0.01,2025-12-06T15:49:23Z
cdci,,AN-s,86,-0.067543371106368,0.01,2025-12-06T15:49:23Z
cdci,,AN-s,87,-0.0291673430561274,0.01,2025-12-06T15:49:23Z
cdci,,AN-s,88,-0.0416240804086788,0.01,2025-12-06T15:49:23Z
cdci,,AN-s,89,-0.0901176666572072,0.01,2025-12-06T15:49:23Z
cdci,,AN-s,90,-0.028295227067628,0.01,2025-12-06T15:49:23Z
cdci,,AN-s,91,-0.1030444373865429,0.01,2025-12-06T15:49:23Z
cdci,,AN-s,92,-0.0281855390182257,0.01,2025-12-06T15:49:23Z
cdci,,AN-s,93,-0.0201509392005701,0.01,2025-12-06T15:49:23Z
cdci,,AN-s,94,-0.0415577673192691,0.01,2025-12-06T15:49:23Z
cdci,,AN-s,95,-0.0037670895209942,0.01,2025-12-06T15:49:23Z
cdci,,AN-s,96,-0.0627291674770691,0.01,2025-12-06T15:49:23Z
cdci,,AN-s,97,-0.0958138165640678,0.01,2025-12-06T15:49:23Z
cdci,,AN-s,98,-0.040920051827848,0.01,2025-12-06T15:49:23Z
cdci,,AN-s,99,-0.0481805132707566,0.01,2025-12-06T15:49:23Z
cdci,,AN-s,100,0.0249634245623488,0.01,2025-12-06T15:49:23Z
cdci,,LS,1,-0.1467216628962762,0.01,2025-12-06T15:49:23Z
cdci,,LS,2,-0.143924874759859,0.01,2025-12-06T15:49:23Z
cdci,,LS,3,-0.0876461128129686,0.01,2025-12-06T15:49:23Z
cdci,,LS,4,-0.1906895966188824,0.01,2025-12-06T15:49:23Z
cdci,,LS,5,-0.2505776127974868,0.01,2025-12-06T15:49:23Z
cdci,,LS,6,-0.0883499035845562,0.01,2025-12-06T15:49:23Z
cdci,,LS,7,-0.0974162738310922,0.01,2025-12-06T15:49:23Z
cdci,,LS,8,-0.2088724125091756,0.01,2025-12-06T15:49:23Z
cdci,,LS,9,-0.158158743394651,0.01,2025-12-06T15:49:23Z
cdci,,LS,10,-0.2026703171313586,0.01,2025-12-06T15:49:23Z
cdci,,LS,11,-0.2254497768953987,0.01,2025-12-06T15:49:23Z
cdci,,LS,12,-0.2413759002270721,0.01,2025-12-06T15:49:23Z
cdci,,LS,13,-0.0600363507135696,0.01,2025-12-06T15:49:23Z
cdci,,LS,14,-0.1247054128250903,0.01,2025-12-06T15:49:23Z
cdci,,LS,15,-0.0420973728929438,0.01,2025-12-06T15:49:23Z
cdci,,LS,16,-0.0855410896282589,0.01,2025-12-06T15:49:23Z
cdci,,LS,17,-0.1410028740776228,0.01,2025-12-06T15:49:23Z
cdci,,LS,18,-0.0286404604239971,0.01,2025-12-06T15:49:23Z
cdci,,LS,19,-0.1018702471712975,0.01,2025-12-06T15:49:23Z
cdci,,LS,20,-0.1274586241002385,0.01,2025-12-06T15:49:23Z
cdci,,LS,21,-0.1889047664343018,0.01,2025-12-06T15:49:23Z
cdci,,LS,22,-0.1330132664964195,0.01,2025-12-06T15:49:23Z
cdci,,LS,23,-0.2098556960206163,0.01,2025-12-06T15:49:23Z
cdci,,LS,24,-0.053563687128599,0.01,2025-12-06T15:49:23Z
cdci,,LS,25,-0.1651033789109777,0.01,2025-12-06T15:49:23Z
cdci,,LS,26,-0.0892847421328108,0.01,2025-12-06T15:49:23Z
cdci,,LS,27,-0.1642181722757243,0.01,2025-12-06T15:49:23Z
cdci,,LS,28,-0.106351137501662,0.01,2025-12-06T15:49:23Z
cdci,,LS,29,-0.1145066474694852,0.01,2025-12-06T15:49:23Z
cdci,,LS,30,-0.1477766021485502,0.01,2025-12-06T15:49:23Z
cdci,,LS,31,-0.096805045480933,0.01,2025-12-06T15:49:23Z
cdci,,LS,32,-0.1634707575368929,0.01,2025-12-06T15:49:23Z
cdci,,LS,33,-0.1045572102802574,0.01,2025-12-06T15:49:23Z
cdci,,LS,34,-0.1488906232682478,0.01,2025-12-06T15:49:23Z
cdci,,LS,35,-0.2170083859077932,0.01,2025-12-06T15:49:23Z
cdci,,LS,36,-0.0350892465047449,0.01,2025-12-06T15:49:23Z
cdci,,LS,37,-0.0715027633536691,0.01,2025-12-06T15:49:23Z
cdci,,LS,38,-0.1434372817231251,0.01,2025-12-06T15:49:23Z
cdci,,LS,39,-0.232414993928335,0.01,2025-12-06T15:49:23Z
cdci,,LS,40,-0.0731491394091049,0.01,2025-12-06T15:49:23Z
cdci,,LS,41,-0.1658822331347204,0.01,2025-12-06T15:49:23Z
cdci,,LS,42,-0.0880835347148833,0.01,2025-12-06T15:49:23Z
cdci,,LS,43,-0.1900245491078415,0.01,2025-12-06T15:49:23Z
cdci,,LS,44,-0.1753967096186923,0.01,2025-12-06T15:49:23Z
cdci,,LS,45,-0.1544182424609385,0.01,2025-12-06T15:49:23Z
cdci,,LS,46,-0.1059013839167319,0.01,2025-12-06T15:49:23Z
cdci,,LS,47,-0.1003813346757843,0.01,2025-12-06T15:49:23Z
cdci,,LS,48,-0.0528725593905197,0.01,2025-12-06T15:49:23Z
cdci,,LS,49,-0.1086837519321714,0.01,2025-12-06T15:49:24Z
cdci,,LS,50,-0.1941938302627928,0.01,2025-12-06T15:49:24Z
cdci,,LS,51,-0.1104405784109528,0.01,2025-12-06T15:49:24Z
cdci,,LS,52,-0.1510303252300242,0.01,2025-12-06T15:49:24Z
cdci,,LS,53,-0.0324761478837053,0.01,2025-12-06T15:49:24Z
cdci,,LS,54,-0.12568946443224,0.01,2025-12-06T15:49:24Z
cdci,,LS,55,-0.1660381237164456,0.01,2025-12-06T15:49:24Z
cdci,,LS,56,-0.1302568609078956,0.01,2025-12-06T15:49:24Z
cdci,,LS,57,-0.1019881008527578,0.01,2025-12-06T15:49:24Z
cdci,,LS,58,-0.1212354285057298,0.01,2025-12-06T15:49:24Z
cdci,,LS,59,-0.1749670395233689,0.01,2025-12-06T15:49:24Z
cdci,,LS,60,-0.0614796488972056,0.01,2025-12-06T15:49:24Z
cdci,,LS,61,-0.1111106203853088,0.01,2025-12-06T15:49:24Z
cdci,,LS,62,-0.1736905289437136,0.01,2025-12-06T15:49:24Z
cdci,,LS,63,-0.2013591036376922,0.01,2025-12-06T15:49:24Z
cdci,,LS,64,-0.2335347222036244,0.01,2025-12-06T15:49:24Z
cdci,,LS,65,-0.2741538450896336,0.01,2025-12-06T15:49:24Z
cdci,,LS,66,-0.1227371864711438,0.01,2025-12-06T15:49:24Z
cdci,,LS,67,-0.127703481490718,0.01,2025-12-06T15:49:24Z
cdci,,LS,68,-0.1449766740492348,0.01,2025-12-06T15:49:24Z
cdci,,LS,69,-0.1802172332863648,0.01,2025-12-06T15:49:24Z
cdci,,LS,70,-0.2372596317618092,0.01,2025-12-06T15:49:24Z
cdci,,LS,71,-0.1333858800569803,0.01,2025-12-06T15:49:24Z
cdci,,LS,72,-0.1768265054471008,0.01,2025-12-06T15:49:24Z
cdci,,LS,73,-0.1954229001053362,0.01,2025-12-06T15:49:24Z
cdci,,LS,74,-0.1015926925113574,0.01,2025-12-06T15:49:24Z
cdci,,LS,75,-0.1413730006669153,0.01,2025-12-06T15:49:24Z
cdci,,LS,76,-0.0577885918341931,0.01,2025-12-06T15:49:24Z
cdci,,LS,77,-0.1818332315638131,0.01,2025-12-06T15:49:24Z
cdci,,LS,78,-0.1747123061468206,0.01,2025-12-06T15:49:24Z
cdci,,LS,79,-0.1381036351783267,0.01,2025-12-06T15:49:24Z
cdci,,LS,80,-0.1831938873588556,0.01,2025-12-06T15:49:24Z
cdci,,LS,81,-0.0879318843787695,0.01,2025-12-06T15:49:24Z
cdci,,LS,82,-0.2188049287274893,0.01,2025-12-06T15:49:24Z
cdci,,LS,83,-0.1502309462676078,0.01,2025-12-06T15:49:24Z
cdci,,LS,84,-0.1855412000405741,0.01,2025-12-06T15:49:24Z
cdci,,LS,85,-0.1731677397803707,0.01,2025-12-06T15:49:24Z
cdci,,LS,86,-0.1920239628852357,0.01,2025-12-06T15:49:24Z
cdci,,LS,87,-0.2867296556893731,0.01,2025-12-06T15:49:24Z
cdci,,LS,88,-0.1365587558378529,0.01,2025-12-06T15:49:24Z
cdci,,LS,89,-0.1139903234897136,0.01,2025-12-06T15:49:24Z
cdci,,LS,90,-0.1973918126404155,0.01,2025-12-06T15:49:24Z
cdci,,LS,91,-0.148533269599127,0.01,2025-12-06T15:49:24Z
cdci,,LS,92,-0.2494180249425118,0.01,2025-12-06T15:49:24Z
cdci,,LS,93,-0.1068439010249816,0.01,2025-12-06T15:49:24Z
cdci,,LS,94,-0.2729280291135224,0.01,2025-12-06T15:49:24Z
cdci,,LS,95,-0.1753819550758864,0.01,2025-12-06T15:49:24Z
cdci,,LS,96,-0.2460509943645656,0.01,2025-12-06T15:49:24Z
cdci,,LS,97,-0.0531049134859447,0.01,2025-12-06T15:49:24Z
cdci,,LS,98,-0.0438184485628925,0.01,2025-12-06T15:49:24Z
cdci,,LS,99,-0.1379888102318743,0.01,2025-12-06T15:49:24Z
cdci,,LS,100,-0.0642745881386005,0.01,2025-12-06T15:49:24Z
cdci,,LS-s,1,-0.0183794306438171,0.01,2025-12-06T15:49:24Z
cdci,,LS-s,2,-0.0170430457706288,0.01,2025-12-06T15:49:24Z
cdci,,LS-s,3,-0.0217889158167698,0.01,2025-12-06T15:49:24Z
cdci,,LS-s,4,-0.0840438917380126,0.01,2025-12-06T15:49:24Z
cdci,,LS-s,5,0.0023073396696342,0.01,2025-12-06T15:49:24Z
cdci,,LS-s,6,-0.0586917314631517,0.01,2025-12-06T15:49:24Z
cdci,,LS-s,7,-0.0022153655571438,0.01,2025-12-06T15:49:24Z
cdci,,LS-s,8,-0.0248352375547411,0.01,2025-12-06T15:49:24Z
cdci,,LS-s,9,-0.0309043624861588,0.01,2025-12-06T15:49:24Z
cdci,,LS-s,10,-0.0028810738356298,0.01,2025-12-06T15:49:24Z
cdci,,LS-s,11,0.0114850001128977,0.01,2025-12-06T15:49:24Z
cdci,,LS-s,12,-0.0695366216554941,0.01,2025-12-06T15:49:24Z
cdci,,LS-s,13,-0.057812917149123,0.01,2025-12-06T15:49:24Z
cdci,,LS-s,14,-0.0579116044952937,0.01,2025-12-06T15:49:24Z
cdci,,LS-s,15,-0.036731861801479,0.01,2025-12-06T15:49:24Z
cdci,,LS-s,16,-0.0925264549432687,0.01,2025-12-06T15:49:24Z
cdci,,LS-s,17,-0.0445011605452138,0.01,2025-12-06T15:49:24Z
cdci,,LS-s,18,-0.0013539852360424,0.01,2025-12-06T15:49:24Z
cdci,,LS-s,19,0.0104386205291676,0.01,2025-12-06T15:49:24Z
cdci,,LS-s,20,-0.0544699921872293,0.01,2025-12-06T15:49:24Z
cdci,,LS-s,21,-0.1139613415386403,0.01,2025-12-06T15:49:24Z
cdci,,LS-s,22,-0.0636009985638837,0.01,2025-12-06T15:49:24Z
cdci,,LS-s,23,-0.0034521638444541,0.01,2025-12-06T15:49:24Z
cdci,,LS-s,24,-0.0822096886764666,0.01,2025-12-06T15:49:24Z
cdci,,LS-s,25,-0.0499232858258381,0.01,2025-12-06T15:49:24Z
cdci,,LS-s,26,-0.0120999305131839,0.01,2025-12-06T15:49:24Z
cdci,,LS-s,27,-0.0396894599975754,0.01,2025-12-06T15:49:24Z
cdci,,LS-s,28,-0.07635118184716,0.01,2025-12-06T15:49:24Z
cdci,,LS-s,29,-0.0216858315338122,0.01,2025-12-06T15:49:24Z
cdci,,LS-s,30,-0.0069742262810385,0.01,2025-12-06T15:49:24Z
cdci,,LS-s,31,-0.0571675032998123,0.01,2025-12-06T15:49:24Z
cdci,,LS-s,32,-8.029829368256e-4,0.01,2025-12-06T15:49:24Z
cdci,,LS-s,33,-0.0224507999950582,0.01,2025-12-06T15:49:24Z
cdci,,LS-s,34,-0.0688142859627625,0.01,2025-12-06T15:49:24Z
cdci,,LS-s,35,-0.0583293427745997,0.01,2025-12-06T15:49:24Z
cdci,,LS-s,36,-0.0866659145827094,0.01,2025-12-06T15:49:24Z
cdci,,LS-s,37,-0.0236230768468907,0.01,2025-12-06T15:49:24Z
cdci,,LS-s,38,-0.0356560428337109,0.01,2025-12-06T15:49:24Z
cdci,,LS-s,39,-0.0106524466412706,0.01,2025-12-06T15:49:24Z
cdci,,LS-s,40,-0.0563077470795142,0.01,2025-12-06T15:49:24Z
cdci,,LS-s,41,-0.0075414251081175,0.01,2025-12-06T15:49:24Z
cdci,,LS-s,42,-0.0367097187155271,0.01,2025-12-06T15:49:24Z
cdci,,LS-s,43,-0.0126157743192721,0.01,2025-12-06T15:49:24Z
cdci,,LS-s,44,-0.0721040744600072,0.01,2025-12-06T15:49:25Z
cdci,,LS-s,45,-0.0372904773322997,0.01,2025-12-06T15:49:25Z
cdci,,LS-s,46,-0.0434528800433923,0.01,2025-12-06T15:49:25Z
cdci,,LS-s,47,-0.0439027366374339,0.01,2025-12-06T15:49:25Z
cdci,,LS-s,48,-0.0136396724927146,0.01,2025-12-06T15:49:25Z
cdci,,LS-s,49,-0.0440063438008091,0.01,2025-12-06T15:49:25Z
cdci,,LS-s,50,-0.0672658783553461,0.01,2025-12-06T15:49:25Z
cdci,,LS-s,51,-0.0055644543185003,0.01,2025-12-06T15:49:25Z
cdci,,LS-s,52,-0.0436956873576762,0.01,2025-12-06T15:49:25Z
cdci,,LS-s,53,-0.0046639166047015,0.01,2025-12-06T15:49:25Z
cdci,,LS-s,54,-0.092648139520811107,0.01,2025-12-06T15:49:25Z
cdci,,LS-s,55,-0.0267132228120161,0.01,2025-12-06T15:49:25Z
cdci,,LS-s,56,-0.0538051154924518,0.01,2025-12-06T15:49:25Z
cdci,,LS-s,57,-0.0224440877371434,0.01,2025-12-06T15:49:25Z
cdci,,LS-s,58,-0.0178396626315751,0.01,2025-12-06T15:49:25Z
cdci,,LS-s,59,-0.0602898365341757,0.01,2025-12-06T15:49:25Z
cdci,,LS-s,60,-0.0238976526008552,0.01,2025-12-06T15:49:25Z
cdci,,LS-s,61,-0.0541926443983624,0.01,2025-12-06T15:49:25Z
cdci,,LS-s,62,-0.0165785738540968,0.01,2025-12-06T15:49:25Z
cdci,,LS-s,63,-0.0714696029118835,0.01,2025-12-06T15:49:25Z
cdci,,LS-s,64,-0.0584275831153885,0.01,2025-12-06T15:49:25Z
cdci,,LS-s,65,-0.0721289558640364,0.01,2025-12-06T15:49:25Z
cdci,,LS-s,66,-0.0291044363622917,0.01,2025-12-06T15:49:25Z
cdci,,LS-s,67,-0.0095410002815741,0.01,2025-12-06T15:49:25Z
cdci,,LS-s,68,-0.1109044874813382,0.01,2025-12-06T15:49:25Z
cdci,,LS-s,69,-0.0493971971650657,0.01,2025-12-06T15:49:25Z
cdci,,LS-s,70,-0.0239501946026046,0.01,2025-12-06T15:49:25Z
cdci,,LS-s,71,-0.0279664409028606,0.01,2025-12-06T15:49:25Z
cdci,,LS-s,72,-0.0592573941884214,0.01,2025-12-06T15:49:25Z
cdci,,LS-s,73,-0.0635542212558309,0.01,2025-12-06T15:49:25Z
cdci,,LS-s,74,-0.0212167204815099,0.01,2025-12-06T15:49:25Z
cdci,,LS-s,75,-0.0107169202348982,0.01,2025-12-06T15:49:25Z
cdci,,LS-s,76,-0.0390700842169142,0.01,2025-12-06T15:49:25Z
cdci,,LS-s,77,-0.0731534188975817,0.01,2025-12-06T15:49:25Z
cdci,,LS-s,78,-0.0407254393333961,0.01,2025-12-06T15:49:25Z
cdci,,LS-s,79,-0.0606805960285689,0.01,2025-12-06T15:49:25Z
cdci,,LS-s,80,-0.0206117430379363,0.01,2025-12-06T15:49:25Z
cdci,,LS-s,81,-0.0052228974739624,0.01,2025-12-06T15:49:25Z
cdci,,LS-s,82,-0.0424520671308029,0.01,2025-12-06T15:49:25Z
cdci,,LS-s,83,-0.0304929157871558,0.01,2025-12-06T15:49:25Z
cdci,,LS-s,84,0.0128449831012575,0.01,2025-12-06T15:49:25Z
cdci,,LS-s,85,-0.0445086622716345,0.01,2025-12-06T15:49:25Z
cdci,,LS-s,86,-0.0407081516994768,0.01,2025-12-06T15:49:25Z
cdci,,LS-s,87,-0.0597848802502655,0.01,2025-12-06T15:49:25Z
cdci,,LS-s,88,-0.0170205517163803,0.01,2025-12-06T15:49:25Z
cdci,,LS-s,89,-0.0247476640904845,0.01,2025-12-06T15:49:25Z
cdci,,LS-s,90,-0.0239678522115975,0.01,2025-12-06T15:49:25Z
cdci,,LS-s,91,-0.0690057851029455,0.01,2025-12-06T15:49:25Z
cdci,,LS-s,92,-0.0608744286971022,0.01,2025-12-06T15:49:25Z
cdci,,LS-s,93,-0.0505072239895408,0.01,2025-12-06T15:49:25Z
cdci,,LS-s,94,0.0011290502288593,0.01,2025-12-06T15:49:25Z
cdci,,LS-s,95,-0.0777892314287302,0.01,2025-12-06T15:49:25Z
cdci,,LS-s,96,-0.0301937424629745,0.01,2025-12-06T15:49:25Z
cdci,,LS-s,97,-0.0375863652921094,0.01,2025-12-06T15:49:25Z
cdci,,LS-s,98,-0.0325503514495033,0.01,2025-12-06T15:49:25Z
cdci,,LS-s,99,-0.0374863679781146,0.01,2025-12-06T15:49:25Z
cdci,,LS-s,100,-0.0219611033039433,0.01,2025-12-06T15:49:25Z
cdci,,MN-U,1,-0.0545351470878403,0.01,2025-12-06T15:49:25Z
cdci,,MN-U,2,-0.0905368085991116,0.01,2025-12-06T15:49:25Z
cdci,,MN-U,3,-0.084414535887307,0.01,2025-12-06T15:49:25Z
cdci,,MN-U,4,0.0115638116699262,0.01,2025-12-06T15:49:25Z
cdci,,MN-U,5,-0.0764683400711066,0.01,2025-12-06T15:49:25Z
cdci,,MN-U,6,-0.0352278381588734,0.01,2025-12-06T15:49:25Z
cdci,,MN-U,7,-0.05851110037526,0.01,2025-12-06T15:49:25Z
cdci,,MN-U,8,-0.0645740283621692,0.01,2025-12-06T15:49:25Z
cdci,,MN-U,9,-0.0725829320983938,0.01,2025-12-06T15:49:25Z
cdci,,MN-U,10,-0.0819153770639058,0.01,2025-12-06T15:49:25Z
cdci,,MN-U,11,-0.0514063637076186,0.01,2025-12-06T15:49:25Z
cdci,,MN-U,12,-0.1068599649899906,0.01,2025-12-06T15:49:25Z
cdci,,MN-U,13,-0.0821062658273963,0.01,2025-12-06T15:49:25Z
cdci,,MN-U,14,-0.0998121194276334,0.01,2025-12-06T15:49:25Z
cdci,,MN-U,15,-0.0521275252252576,0.01,2025-12-06T15:49:25Z
cdci,,MN-U,16,-0.09586225299765,0.01,2025-12-06T15:49:25Z
cdci,,MN-U,17,-0.0796044931812319,0.01,2025-12-06T15:49:25Z
cdci,,MN-U,18,-0.0740108587611671,0.01,2025-12-06T15:49:25Z
cdci,,MN-U,19,-0.0728456484617724,0.01,2025-12-06T15:49:25Z
cdci,,MN-U,20,-0.0304119531966076,0.01,2025-12-06T15:49:25Z
cdci,,MN-U,21,-0.0904048302785537,0.01,2025-12-06T15:49:25Z
cdci,,MN-U,22,-0.0965404807165694,0.01,2025-12-06T15:49:25Z
cdci,,MN-U,23,-0.0962571312640727,0.01,2025-12-06T15:49:25Z
cdci,,MN-U,24,-0.0236862930174449,0.01,2025-12-06T15:49:25Z
cdci,,MN-U,25,-0.0914719417451742,0.01,2025-12-06T15:49:25Z
cdci,,MN-U,26,-0.0991048086150914,0.01,2025-12-06T15:49:25Z
cdci,,MN-U,27,-0.068457620924224,0.01,2025-12-06T15:49:25Z
cdci,,MN-U,28,0.0366122874070433,0.01,2025-12-06T15:49:25Z
cdci,,MN-U,29,-0.0728791662403018,0.01,2025-12-06T15:49:25Z
cdci,,MN-U,30,-0.0696155125371918,0.01,2025-12-06T15:49:25Z
cdci,,MN-U,31,-0.0812717151079144,0.01,2025-12-06T15:49:25Z
cdci,,MN-U,32,-0.0798195092562752,0.01,2025-12-06T15:49:25Z
cdci,,MN-U,33,-0.0641373607358014,0.01,2025-12-06T15:49:25Z
cdci,,MN-U,34,-0.0998670593205951,0.01,2025-12-06T15:49:26Z
cdci,,MN-U,35,-0.1109372972731167,0.01,2025-12-06T15:49:26Z
cdci,,MN-U,36,-0.0746256010871539,0.01,2025-12-06T15:49:26Z
cdci,,MN-U,37,-0.0661110103301902,0.01,2025-12-06T15:49:26Z
cdci,,MN-U,38,-0.0107541440639539,0.01,2025-12-06T15:49:26Z
cdci,,MN-U,39,-0.0841255448192996,0.01,2025-12-06T15:49:26Z
cdci,,MN-U,40,-0.0892267056819865,0.01,2025-12-06T15:49:26Z
cdci,,MN-U,41,-0.0748922526044218,0.01,2025-12-06T15:49:26Z
cdci,,MN-U,42,-0.0676022215689568,0.01,2025-12-06T15:49:26Z
cdci,,MN-U,43,-0.0578272426590864,0.01,2025-12-06T15:49:26Z
cdci,,MN-U,44,-0.0765145978146536,0.01,2025-12-06T15:49:26Z
cdci,,MN-U,45,-0.0991516728471363,0.01,2025-12-06T15:49:26Z
cdci,,MN-U,46,-0.0911178587603028,0.01,2025-12-06T15:49:26Z
cdci,,MN-U,47,-0.1103799195685322,0.01,2025-12-06T15:49:26Z
cdci,,MN-U,48,-0.0302531802119583,0.01,2025-12-06T15:49:26Z
cdci,,MN-U,49,-0.0704589194823891,0.01,2025-12-06T15:49:26Z
cdci,,MN-U,50,-0.0745291025130754,0.01,2025-12-06T15:49:26Z
cdci,,MN-U,51,-0.0490868296039619,0.01,2025-12-06T15:49:26Z
cdci,,MN-U,52,-0.0622148023491546,0.01,2025-12-06T15:49:26Z
cdci,,MN-U,53,-0.0820711612736097,0.01,2025-12-06T15:49:26Z
cdci,,MN-U,54,-0.0778941449320031,0.01,2025-12-06T15:49:26Z
cdci,,MN-U,55,-0.0827297340891381,0.01,2025-12-06T15:49:26Z
cdci,,MN-U,56,-0.1009975635614675,0.01,2025-12-06T15:49:26Z
cdci,,MN-U,57,-0.1112127439008603,0.01,2025-12-06T15:49:26Z
cdci,,MN-U,58,-0.0974272158131326,0.01,2025-12-06T15:49:26Z
cdci,,MN-U,59,-0.0847084052259014,0.01,2025-12-06T15:49:26Z
cdci,,MN-U,60,-0.0823294509877887,0.01,2025-12-06T15:49:26Z
cdci,,MN-U,61,-0.0633453764922968,0.01,2025-12-06T15:49:26Z
cdci,,MN-U,62,-0.1036132480406537,0.01,2025-12-06T15:49:26Z
cdci,,MN-U,63,-0.0398547901159055,0.01,2025-12-06T15:49:26Z
cdci,,MN-U,64,-0.0605127488030482,0.01,2025-12-06T15:49:26Z
cdci,,MN-U,65,-0.0289100394114684,0.01,2025-12-06T15:49:26Z
cdci,,MN-U,66,-0.0818769536586233,0.01,2025-12-06T15:49:26Z
cdci,,MN-U,67,-0.0858354068576255,0.01,2025-12-06T15:49:26Z
cdci,,MN-U,68,-0.100976937533926,0.01,2025-12-06T15:49:26Z
cdci,,MN-U,69,-0.0806279231864596,0.01,2025-12-06T15:49:26Z
cdci,,MN-U,70,-0.0887020788319027,0.01,2025-12-06T15:49:26Z
cdci,,MN-U,71,-0.0915846638055886,0.01,2025-12-06T15:49:26Z
cdci,,MN-U,72,-0.0845543510515806,0.01,2025-12-06T15:49:26Z
cdci,,MN-U,73,-0.0773863713678042,0.01,2025-12-06T15:49:26Z
cdci,,MN-U,74,0.0086776449825508,0.01,2025-12-06T15:49:26Z
cdci,,MN-U,75,-0.0679406227926325,0.01,2025-12-06T15:49:26Z
cdci,,MN-U,76,-0.0722213067774559,0.01,2025-12-06T15:49:26Z
cdci,,MN-U,77,-0.0305914327759485,0.01,2025-12-06T15:49:26Z
cdci,,MN-U,78,-0.0877193304338315,0.01,2025-12-06T15:49:26Z
cdci,,MN-U,79,-0.0180705974509228,0.01,2025-12-06T15:49:26Z
cdci,,MN-U,80,-0.0526773441911155,0.01,2025-12-06T15:49:26Z
cdci,,MN-U,81,1.729336105093e-4,0.01,2025-12-06T15:49:26Z
cdci,,MN-U,82,-0.0720510676209132,0.01,2025-12-06T15:49:26Z
cdci,,MN-U,83,-0.0837549849897087,0.01,2025-12-06T15:49:26Z
cdci,,MN-U,84,-0.0851961761103632,0.01,2025-12-06T15:49:26Z
cdci,,MN-U,85,-0.0927792731390284,0.01,2025-12-06T15:49:26Z
cdci,,MN-U,86,-0.0502976812003509,0.01,2025-12-06T15:49:26Z
cdci,,MN-U,87,-0.0476369850109045,0.01,2025-12-06T15:49:26Z
cdci,,MN-U,88,-0.0930953572495016,0.01,2025-12-06T15:49:26Z
cdci,,MN-U,89,-0.1167552938951825,0.01,2025-12-06T15:49:26Z
cdci,,MN-U,90,-0.0708165412601629,0.01,2025-12-06T15:49:26Z
cdci,,MN-U,91,-0.1046300621651187,0.01,2025-12-06T15:49:26Z
cdci,,MN-U,92,-0.0869325546967694,0.01,2025-12-06T15:49:26Z
cdci,,MN-U,93,0.0069595024213786,0.01,2025-12-06T15:49:26Z
cdci,,MN-U,94,-0.1147708854426409,0.01,2025-12-06T15:49:26Z
cdci,,MN-U,95,-0.0683046247647291,0.01,2025-12-06T15:49:26Z
cdci,,MN-U,96,-0.0318776108293644,0.01,2025-12-06T15:49:26Z
cdci,,MN-U,97,-0.0922612908591112,0.01,2025-12-06T15:49:26Z
cdci,,MN-U,98,-0.0764932160190777,0.01,2025-12-06T15:49:26Z
cdci,,MN-U,99,-0.0241500643195405,0.01,2025-12-06T15:49:26Z
cdci,,MN-U,100,-0.0588701227648411,0.01,2025-12-06T15:49:26Z
cds,,AN,1,-0.0741187051742358,0.01,2025-12-06T15:49:26Z
cds,,AN,2,-0.0386429855134403,0.01,2025-12-06T15:49:26Z
cds,,AN,3,-0.0739042789792767,0.01,2025-12-06T15:49:26Z
cds,,AN,4,-0.0780224733457526,0.01,2025-12-06T15:49:26Z
cds,,AN,5,-0.0593018453278102,0.01,2025-12-06T15:49:26Z
cds,,AN,6,-0.0562761000003593,0.01,2025-12-06T15:49:26Z
cds,,AN,7,-0.0922174622577425,0.01,2025-12-06T15:49:27Z
cds,,AN,8,-0.036196069559777,0.01,2025-12-06T15:49:27Z
cds,,AN,9,0.0040463614318876,0.01,2025-12-06T15:49:27Z
cds,,AN,10,-0.0120246482817131,0.01,2025-12-06T15:49:27Z
cds,,AN,11,-0.0345143755944221,0.01,2025-12-06T15:49:27Z
cds,,AN,12,-0.0284238454307832,0.01,2025-12-06T15:49:27Z
cds,,AN,13,-0.0464070538478355,0.01,2025-12-06T15:49:27Z
cds,,AN,14,-0.0298380796910213,0.01,2025-12-06T15:49:27Z
cds,,AN,15,-0.0433010474685052,0.01,2025-12-06T15:49:27Z
cds,,AN,16,-0.0664539075227343,0.01,2025-12-06T15:49:27Z
cds,,AN,17,-0.0686880777162757,0.01,2025-12-06T15:49:27Z
cds,,AN,18,-0.0239925929483181,0.01,2025-12-06T15:49:27Z
cds,,AN,19,-0.0535539401454302,0.01,2025-12-06T15:49:27Z
cds,,AN,20,-0.0777669379301597,0.01,2025-12-06T15:49:27Z
cds,,AN,21,-0.089286662994454,0.01,2025-12-06T15:49:27Z
cds,,AN,22,-0.0618590692468735,0.01,2025-12-06T15:49:27Z
cds,,AN,23,-0.0404762468782831,0.01,2025-12-06T15:49:27Z
cds,,AN,24,-0.0345611820477345,0.01,2025-12-06T15:49:27Z
cds,,AN,25,-0.0552134138086103,0.01,2025-12-06T15:49:27Z
cds,,AN,26,-0.0550503304938384,0.01,2025-12-06T15:49:27Z
cds,,AN,27,-0.0809366417315552,0.01,2025-12-06T15:49:27Z
cds,,AN,28,-0.0224738026980762,0.01,2025-12-06T15:49:27Z
cds,,AN,29,-0.0631159247836979,0.01,2025-12-06T15:49:27Z
cds,,AN,30,-0.0622597887761114,0.01,2025-12-06T15:49:27Z
cds,,AN,31,-0.0746991190820594,0.01,2025-12-06T15:49:28Z
cds,,AN,32,-0.0762487705382072,0.01,2025-12-06T15:49:28Z
cds,,AN,33,-0.0598139056461638,0.01,2025-12-06T15:49:28Z
cds,,AN,34,-0.0709013885458964,0.01,2025-12-06T15:49:28Z
cds,,AN,35,-0.0865951930129309,0.01,2025-12-06T15:49:28Z
cds,,AN,36,-0.034679393879448,0.01,2025-12-06T15:49:28Z
cds,,AN,37,-0.0172758178931302,0.01,2025-12-06T15:49:28Z
cds,,AN,38,-0.0202906362524883,0.01,2025-12-06T15:49:28Z
cds,,AN,39,-0.0819240037604869,0.01,2025-12-06T15:49:28Z
cds,,AN,40,-0.0521736883415184,0.01,2025-12-06T15:49:28Z
cds,,AN,41,-0.0888286153019128,0.01,2025-12-06T15:49:28Z
cds,,AN,42,-0.0682548748309935,0.01,2025-12-06T15:49:28Z
cds,,AN,43,-0.0575990082220937,0.01,2025-12-06T15:49:28Z
cds,,AN,44,-0.0678412066667113,0.01,2025-12-06T15:49:28Z
cds,,AN,45,-0.0566796862210656,0.01,2025-12-06T15:49:28Z
cds,,AN,46,-0.0574095769451498,0.01,2025-12-06T15:49:28Z
cds,,AN,47,-0.0500111792880328,0.01,2025-12-06T15:49:28Z
cds,,AN,48,-0.0371956973410204,0.01,2025-12-06T15:49:28Z
cds,,AN,49,-0.0290271890100905,0.01,2025-12-06T15:49:28Z
cds,,AN,50,-0.0564822876764304,0.01,2025-12-06T15:49:28Z
cds,,AN,51,-0.0889696297321799,0.01,2025-12-06T15:49:28Z
cds,,AN,52,-0.0796797269874665,0.01,2025-12-06T15:49:28Z
cds,,AN,53,-0.0956200339298861,0.01,2025-12-06T15:49:28Z
cds,,AN,54,-0.0627930423985976,0.01,2025-12-06T15:49:28Z
cds,,AN,55,-0.0799148933412321,0.01,2025-12-06T15:49:28Z
cds,,AN,56,-0.0633018248883049,0.01,2025-12-06T15:49:29Z
cds,,AN,57,-0.0514463039815978,0.01,2025-12-06T15:49:29Z
cds,,AN,58,-0.0504142551493714,0.01,2025-12-06T15:49:29Z
cds,,AN,59,-0.0562331862850655,0.01,2025-12-06T15:49:29Z
cds,,AN,60,-0.0745002147795316,0.01,2025-12-06T15:49:29Z
cds,,AN,61,-0.0527984373073229,0.01,2025-12-06T15:49:29Z
cds,,AN,62,-0.0796420915706732,0.01,2025-12-06T15:49:29Z
cds,,AN,63,-0.0405042342019687,0.01,2025-12-06T15:49:29Z
cds,,AN,64,-0.0823704693532615,0.01,2025-12-06T15:49:29Z
cds,,AN,65,-0.0832334191563697,0.01,2025-12-06T15:49:29Z
cds,,AN,66,-0.0726743542976601,0.01,2025-12-06T15:49:29Z
cds,,AN,67,-0.0518770544536812,0.01,2025-12-06T15:49:29Z
cds,,AN,68,-0.0633646073184427,0.01,2025-12-06T15:49:29Z
cds,,AN,69,-0.0659736865622069,0.01,2025-12-06T15:49:29Z
cds,,AN,70,-0.060274672515022,0.01,2025-12-06T15:49:29Z
cds,,AN,71,-0.0866129247039189,0.01,2025-12-06T15:49:29Z
cds,,AN,72,-0.0787499805320497,0.01,2025-12-06T15:49:29Z
cds,,AN,73,-0.073311531351752,0.01,2025-12-06T15:49:29Z
cds,,AN,74,-0.0365458007516329,0.01,2025-12-06T15:49:29Z
cds,,AN,75,-0.0506069891007701,0.01,2025-12-06T15:49:29Z
cds,,AN,76,-0.054443185728158,0.01,2025-12-06T15:49:29Z
cds,,AN,77,-0.0476801249230914,0.01,2025-12-06T15:49:29Z
cds,,AN,78,-0.0473267766397614,0.01,2025-12-06T15:49:29Z
cds,,AN,79,-0.0659964580042293,0.01,2025-12-06T15:49:29Z
cds,,AN,80,-0.0408012608555731,0.01,2025-12-06T15:49:29Z
cds,,AN,81,-0.0450509798617635,0.01,2025-12-06T15:49:30Z
cds,,AN,82,-0.0818995859953594,0.01,2025-12-06T15:49:30Z
cds,,AN,83,-0.0927706621828696,0.01,2025-12-06T15:49:30Z
cds,,AN,84,-0.0058137763449036,0.01,2025-12-06T15:49:30Z
cds,,AN,85,-0.0462218473722843,0.01,2025-12-06T15:49:30Z
cds,,AN,86,-0.0354811871992089,0.01,2025-12-06T15:49:30Z
cds,,AN,87,-0.0646745037259708,0.01,2025-12-06T15:49:30Z
cds,,AN,88,-0.0754749830988987,0.01,2025-12-06T15:49:30Z
cds,,AN,89,-0.0481846083978608,0.01,2025-12-06T15:49:30Z
cds,,AN,90,-0.081729309176227,0.01,2025-12-06T15:49:30Z
cds,,AN,91,-0.0584430961847496,0.01,2025-12-06T15:49:30Z
cds,,AN,92,-0.0779100654824517,0.01,2025-12-06T15:49:30Z
cds,,AN,93,-0.0382373746104652,0.01,2025-12-06T15:49:30Z
cds,,AN,94,-0.0657764404850267,0.01,2025-12-06T15:49:30Z
cds,,AN,95,-0.0377615411226693,0.01,2025-12-06T15:49:30Z
cds,,AN,96,-0.054942292596256,0.01,2025-12-06T15:49:30Z
cds,,AN,97,-0.0247090803557857,0.01,2025-12-06T15:49:30Z
cds,,AN,98,-0.0693167528465935,0.01,2025-12-06T15:49:30Z
cds,,AN,99,-0.0827751440392621,0.01,2025-12-06T15:49:30Z
cds,,AN,100,-0.0638243444111293,0.01,2025-12-06T15:49:30Z
cds,,AN-s,1,-0.0677751116871458,0.01,2025-12-06T15:49:30Z
cds,,AN-s,2,-0.0195667815864541,0.01,2025-12-06T15:49:30Z
cds,,AN-s,3,-0.0513646122801603,0.01,2025-12-06T15:49:30Z
cds,,AN-s,4,-0.0387645485323008,0.01,2025-12-06T15:49:30Z
cds,,AN-s,5,-0.0581322402989712,0.01,2025-12-06T15:49:30Z
cds,,AN-s,6,-0.0311338096590002,0.01,2025-12-06T15:49:31Z
cds,,AN-s,7,-0.0127270308211644,0.01,2025-12-06T15:49:31Z
cds,,AN-s,8,-0.0472491336529483,0.01,2025-12-06T15:49:31Z
cds,,AN-s,9,-0.0037383578214396,0.01,2025-12-06T15:49:31Z
cds,,AN-s,10,-0.0151915472012904,0.01,2025-12-06T15:49:31Z
cds,,AN-s,11,-0.029229216321441,0.01,2025-12-06T15:49:31Z
cds,,AN-s,12,-0.045545443377359,0.01,2025-12-06T15:49:31Z
cds,,AN-s,13,-0.0191899285126259,0.01,2025-12-06T15:49:31Z
cds,,AN-s,14,-0.0158963474915251,0.01,2025-12-06T15:49:31Z
cds,,AN-s,15,-0.019122586691811,0.01,2025-12-06T15:49:31Z
cds,,AN-s,16,-0.0120530878044015,0.01,2025-12-06T15:49:31Z
cds,,AN-s,17,-0.016668240742325,0.01,2025-12-06T15:49:31Z
cds,,AN-s,18,-0.0295088569019448,0.01,2025-12-06T15:49:31Z
cds,,AN-s,19,-0.0268506513073834,0.01,2025-12-06T15:49:31Z
cds,,AN-s,20,-0.0236323804504326,0.01,2025-12-06T15:49:31Z
cds,,AN-s,21,-0.0400520421828488,0.01,2025-12-06T15:49:31Z
cds,,AN-s,22,-0.0239415040719164,0.01,2025-12-06T15:49:31Z
cds,,AN-s,23,-0.0517179973843831,0.01,2025-12-06T15:49:31Z
cds,,AN-s,24,-0.0252874556094279,0.01,2025-12-06T15:49:31Z
cds,,AN-s,25,-0.0044564957594702,0.01,2025-12-06T15:49:31Z
cds,,AN-s,26,-0.0303522962396312,0.01,2025-12-06T15:49:31Z
cds,,AN-s,27,-0.0200961025040762,0.01,2025-12-06T15:49:31Z
cds,,AN-s,28,-0.0212608067730618,0.01,2025-12-06T15:49:31Z
cds,,AN-s,29,-0.0196516485643118,0.01,2025-12-06T15:49:31Z
cds,,AN-s,30,-0.0409558365997256,0.01,2025-12-06T15:49:32Z
cds,,AN-s,31,-0.0289066025445535,0.01,2025-12-06T15:49:32Z
cds,,AN-s,32,-0.0273433971866189,0.01,2025-12-06T15:49:32Z
cds,,AN-s,33,-0.0309155392796633,0.01,2025-12-06T15:49:32Z
cds,,AN-s,34,-0.0261380296542346,0.01,2025-12-06T15:49:32Z
cds,,AN-s,35,-0.0383124129597955,0.01,2025-12-06T15:49:32Z
cds,,AN-s,36,-0.0249310894707755,0.01,2025-12-06T15:49:32Z
cds,,AN-s,37,-0.02975341382962,0.01,2025-12-06T15:49:32Z
cds,,AN-s,38,-0.0014962662532813,0.01,2025-12-06T15:49:32Z
cds,,AN-s,39,-0.0195540955149564,0.01,2025-12-06T15:49:32Z
cds,,AN-s,40,-0.043221980001613,0.01,2025-12-06T15:49:32Z
cds,,AN-s,41,-0.0341578974697294,0.01,2025-12-06T15:49:32Z
cds,,AN-s,42,-0.0172879262682036,0.01,2025-12-06T15:49:32Z
cds,,AN-s,43,-0.0463891971270758,0.01,2025-12-06T15:49:32Z
cds,,AN-s,44,-0.0510248863166707,0.01,2025-12-06T15:49:32Z
cds,,AN-s,45,-0.040183684271399,0.01,2025-12-06T15:49:32Z
cds,,AN-s,46,-0.0264670814580298,0.01,2025-12-06T15:49:32Z
cds,,AN-s,47,-0.015497997500613,0.01,2025-12-06T15:49:32Z
cds,,AN-s,48,-0.019055740200764,0.01,2025-12-06T15:49:32Z
cds,,AN-s,49,-0.0207973579185265,0.01,2025-12-06T15:49:32Z
cds,,AN-s,50,-0.0352768648673796,0.01,2025-12-06T15:49:32Z
cds,,AN-s,51,-0.0068860983659331,0.01,2025-12-06T15:49:32Z
cds,,AN-s,52,-0.0228338323244102,0.01,2025-12-06T15:49:32Z
cds,,AN-s,53,-0.0244987990669988,0.01,2025-12-06T15:49:32Z
cds,,AN-s,54,-0.0294017593647339,0.01,2025-12-06T15:49:33Z
cds,,AN-s,55,-0.034928706628324,0.01,2025-12-06T15:49:33Z
cds,,AN-s,56,-0.0271280810665389,0.01,2025-12-06T15:49:33Z
cds,,AN-s,57,-0.0222147315642542,0.01,2025-12-06T15:49:33Z
cds,,AN-s,58,-0.0048728278352814,0.01,2025-12-06T15:49:33Z
cds,,AN-s,59,-0.0477587982949844,0.01,2025-12-06T15:49:33Z
cds,,AN-s,60,-0.0267106711361343,0.01,2025-12-06T15:49:33Z
cds,,AN-s,61,-0.0290583018283203,0.01,2025-12-06T15:49:33Z
cds,,AN-s,62,-0.0216638099849133,0.01,2025-12-06T15:49:33Z
cds,,AN-s,63,-0.037867233685604,0.01,2025-12-06T15:49:33Z
cds,,AN-s,64,-0.0321171168886248,0.01,2025-12-06T15:49:33Z
cds,,AN-s,65,0.00653997001976,0.01,2025-12-06T15:49:33Z
cds,,AN-s,66,-0.0358773671559436,0.01,2025-12-06T15:49:33Z
cds,,AN-s,67,-0.0529988779777457,0.01,2025-12-06T15:49:33Z
cds,,AN-s,68,-0.0408680783863506,0.01,2025-12-06T15:49:33Z
cds,,AN-s,69,-0.0287407500456019,0.01,2025-12-06T15:49:33Z
cds,,AN-s,70,-0.0296881495375331,0.01,2025-12-06T15:49:33Z
cds,,AN-s,71,-0.050476116531918,0.01,2025-12-06T15:49:33Z
cds,,AN-s,72,-0.0127461223191029,0.01,2025-12-06T15:49:33Z
cds,,AN-s,73,-0.040006217759597,0.01,2025-12-06T15:49:33Z
cds,,AN-s,74,-0.0132472431224855,0.01,2025-12-06T15:49:33Z
cds,,AN-s,75,-0.0508755878336502,0.01,2025-12-06T15:49:33Z
cds,,AN-s,76,-0.0249270258057844,0.01,2025-12-06T15:49:33Z
cds,,AN-s,77,-0.0389459891366709,0.01,2025-12-06T15:49:33Z
cds,,AN-s,78,-0.0407775990712384,0.01,2025-12-06T15:49:34Z
cds,,AN-s,79,-0.0092807380447779,0.01,2025-12-06T15:49:34Z
cds,,AN-s,80,-0.0104189566037726,0.01,2025-12-06T15:49:34Z
cds,,AN-s,81,-0.0226849109919358,0.01,2025-12-06T15:49:34Z
cds,,AN-s,82,-0.0237588523719669,0.01,2025-12-06T15:49:34Z
cds,,AN-s,83,-0.0514125399314229,0.01,2025-12-06T15:49:34Z
cds,,AN-s,84,-0.0407351501673263,0.01,2025-12-06T15:49:34Z
cds,,AN-s,85,-0.0399507185098814,0.01,2025-12-06T15:49:34Z
cds,,AN-s,86,-0.0261554762783586,0.01,2025-12-06T15:49:34Z
cds,,AN-s,87,-0.0335916242314941,0.01,2025-12-06T15:49:34Z
cds,,AN-s,88,-0.0461780943378337,0.01,2025-12-06T15:49:34Z
cds,,AN-s,89,-0.0249914518640751,0.01,2025-12-06T15:49:34Z
cds,,AN-s,90,-0.0235511309844382,0.01,2025-12-06T15:49:34Z
cds,,AN-s,91,-0.0472570693444054,0.01,2025-12-06T15:49:34Z
cds,,AN-s,92,-0.0145408624372172,0.01,2025-12-06T15:49:34Z
cds,,AN-s,93,-0.0279199097156384,0.01,2025-12-06T15:49:34Z
cds,,AN-s,94,-0.0447913213985072,0.01,2025-12-06T15:49:34Z
cds,,AN-s,95,-0.0181397559181152,0.01,2025-12-06T15:49:34Z
cds,,AN-s,96,-0.0434682736247565,0.01,2025-12-06T15:49:34Z
cds,,AN-s,97,-0.0523813870468753,0.01,2025-12-06T15:49:34Z
cds,,AN-s,98,-0.025217727997684,0.01,2025-12-06T15:49:34Z
cds,,AN-s,99,-0.0224364733983426,0.01,2025-12-06T15:49:34Z
cds,,AN-s,100,-0.0018831971633669,0.01,2025-12-06T15:49:34Z
cds,,LS,1,-0.055205388595836,0.01,2025-12-06T15:49:34Z
cds,,LS,2,-0.0178990108845595,0.01,2025-12-06T15:49:35Z
cds,,LS,3,-0.0195761852184251,0.01,2025-12-06T15:49:35Z
cds,,LS,4,-0.0566122374784077,0.01,2025-12-06T15:49:35Z
cds,,LS,5,-0.0576775921144468,0.01,2025-12-06T15:49:35Z
cds,,LS,6,0.0147224121001183,0.01,2025-12-06T15:49:35Z
cds,,LS,7,-0.0458814971033557,0.01,2025-12-06T15:49:35Z
cds,,LS,8,-0.0310741887776119,0.01,2025-12-06T15:49:35Z
cds,,LS,9,-0.0334376171033283,0.01,2025-12-06T15:49:35Z
cds,,LS,10,-0.0377647970264974,0.01,2025-12-06T15:49:35Z
cds,,LS,11,-0.047752904826472,0.01,2025-12-06T15:49:35Z
cds,,LS,12,-0.0211847584700596,0.01,2025-12-06T15:49:35Z
cds,,LS,13,-0.021365756008187,0.01,2025-12-06T15:49:35Z
cds,,LS,14,0.0291290305821377,0.01,2025-12-06T15:49:35Z
cds,,LS,15,3.800511331553125e-5,0.01,2025-12-06T15:49:35Z
cds,,LS,16,-0.0238936154966313,0.01,2025-12-06T15:49:35Z
cds,,LS,17,-0.0260466163634424,0.01,2025-12-06T15:49:35Z
cds,,LS,18,0.0326886559701745,0.01,2025-12-06T15:49:35Z
cds,,LS,19,0.0069993692681262,0.01,2025-12-06T15:49:35Z
cds,,LS,20,0.0096803993249892,0.01,2025-12-06T15:49:35Z
cds,,LS,21,-0.0157840641736817,0.01,2025-12-06T15:49:35Z
cds,,LS,22,0.0079746899869834,0.01,2025-12-06T15:49:35Z
cds,,LS,23,0.0231880685754707,0.01,2025-12-06T15:49:35Z
cds,,LS,24,-0.0356815266859552,0.01,2025-12-06T15:49:35Z
cds,,LS,25,-0.0330582017862633,0.01,2025-12-06T15:49:35Z
cds,,LS,26,-0.0326007604871094,0.01,2025-12-06T15:49:36Z
cds,,LS,27,-0.0329576955256655,0.01,2025-12-06T15:49:36Z
cds,,LS,28,-0.0183793273146272,0.01,2025-12-06T15:49:36Z
cds,,LS,29,-0.0190736867751534,0.01,2025-12-06T15:49:36Z
cds,,LS,30,-0.0235093656054718,0.01,2025-12-06T15:49:36Z
cds,,LS,31,-0.0160638927470842,0.01,2025-12-06T15:49:36Z
cds,,LS,32,-0.0179644399817798,0.01,2025-12-06T15:49:36Z
cds,,LS,33,-1.018186350296e-4,0.01,2025-12-06T15:49:36Z
cds,,LS,34,-0.0413567550180816,0.01,2025-12-06T15:49:36Z
cds,,LS,35,-0.0386895633551678,0.01,2025-12-06T15:49:36Z
cds,,LS,36,-0.0165767927723189,0.01,2025-12-06T15:49:36Z
cds,,LS,37,-0.0046449620114891,0.01,2025-12-06T15:49:36Z
cds,,LS,38,0.0133704338820601,0.01,2025-12-06T15:49:36Z
cds,,LS,39,-0.0580562525698658,0.01,2025-12-06T15:49:36Z
cds,,LS,40,-0.0250245700722964,0.01,2025-12-06T15:49:36Z
cds,,LS,41,-0.0107417666439176,0.01,2025-12-06T15:49:36Z
cds,,LS,42,-0.016814946638597,0.01,2025-12-06T15:49:36Z
cds,,LS,43,-0.0107257770371461,0.01,2025-12-06T15:49:36Z
cds,,LS,44,0.008244407214405,0.01,2025-12-06T15:49:36Z
cds,,LS,45,-0.0026823051523364,0.01,2025-12-06T15:49:36Z
cds,,LS,46,0.0359515679515938,0.01,2025-12-06T15:49:36Z
cds,,LS,47,-0.0097961558848877,0.01,2025-12-06T15:49:36Z
cds,,LS,48,0.0248677144969033,0.01,2025-12-06T15:49:36Z
cds,,LS,49,-0.0386948814776605,0.01,2025-12-06T15:49:36Z
cds,,LS,50,-0.0454601121345772,0.01,2025-12-06T15:49:37Z
cds,,LS,51,0.0262429147160132,0.01,2025-12-06T15:49:37Z
cds,,LS,52,-0.017957862551885,0.01,2025-12-06T15:49:37Z
cds,,LS,53,-0.0323416884253334,0.01,2025-12-06T15:49:37Z
cds,,LS,54,-0.0530300763206896,0.01,2025-12-06T15:49:37Z
cds,,LS,55,-0.0293304542039152,0.01,2025-12-06T15:49:37Z
cds,,LS,56,-0.0140119713259339,0.01,2025-12-06T15:49:37Z
cds,,LS,57,-0.0242621390813312,0.01,2025-12-06T15:49:37Z
cds,,LS,58,-0.0068427791828014,0.01,2025-12-06T15:49:37Z
cds,,LS,59,-0.0132778503779829,0.01,2025-12-06T15:49:37Z
cds,,LS,60,-0.0181434542230354,0.01,2025-12-06T15:49:37Z
cds,,LS,61,-0.0416079873649354,0.01,2025-12-06T15:49:37Z
cds,,LS,62,-0.0437173457461046,0.01,2025-12-06T15:49:37Z
cds,,LS,63,0.0194684364399267,0.01,2025-12-06T15:49:37Z
cds,,LS,64,-0.0447575553973862,0.01,2025-12-06T15:49:37Z
cds,,LS,65,-0.0437572318945133,0.01,2025-12-06T15:49:37Z
cds,,LS,66,-0.0041559026420725,0.01,2025-12-06T15:49:37Z
cds,,LS,67,-0.0207504115146101,0.01,2025-12-06T15:49:37Z
cds,,LS,68,-0.0495946748743339,0.01,2025-12-06T15:49:37Z
cds,,LS,69,-0.0336771318204216,0.01,2025-12-06T15:49:37Z
cds,,LS,70,-0.0247121225603808,0.01,2025-12-06T15:49:37Z
cds,,LS,71,0.0030792513983235,0.01,2025-12-06T15:49:37Z
cds,,LS,72,-0.0127391161677178,0.01,2025-12-06T15:49:37Z
cds,,LS,73,-0.0671900811844845,0.01,2025-12-06T15:49:37Z
cds,,LS,74,0.0089207377084737,0.01,2025-12-06T15:49:38Z
cds,,LS,75,-0.0069187199924293,0.01,2025-12-06T15:49:38Z
cds,,LS,76,0.0281435181290341,0.01,2025-12-06T15:49:38Z
cds,,LS,77,-0.0018710858693135,0.01,2025-12-06T15:49:38Z
cds,,LS,78,-0.0383309483669025,0.01,2025-12-06T15:49:38Z
cds,,LS,79,-0.0196555304321823,0.01,2025-12-06T15:49:38Z
cds,,LS,80,-0.0162571824811623,0.01,2025-12-06T15:49:38Z
cds,,LS,81,0.0208590314202662,0.01,2025-12-06T15:49:38Z
cds,,LS,82,-0.0269205728630557,0.01,2025-12-06T15:49:38Z
cds,,LS,83,-0.048933734546171,0.01,2025-12-06T15:49:38Z
cds,,LS,84,-0.0310303146386978,0.01,2025-12-06T15:49:38Z
cds,,LS,85,0.0142721402224781,0.01,2025-12-06T15:49:38Z
cds,,LS,86,-0.056136827960838,0.01,2025-12-06T15:49:38Z
cds,,LS,87,-0.027225132793867,0.01,2025-12-06T15:49:38Z
cds,,LS,88,0.0022032357053751,0.01,2025-12-06T15:49:38Z
cds,,LS,89,0.004585679197606,0.01,2025-12-06T15:49:38Z
cds,,LS,90,-0.0278988660261005,0.01,2025-12-06T15:49:38Z
cds,,LS,91,-0.0250790373105801,0.01,2025-12-06T15:49:38Z
cds,,LS,92,-0.0354997690814244,0.01,2025-12-06T15:49:38Z
cds,,LS,93,0.0180740131313294,0.01,2025-12-06T15:49:38Z
cds,,LS,94,-0.0336732029286678,0.01,2025-12-06T15:49:38Z
cds,,LS,95,-0.0404816352567021,0.01,2025-12-06T15:49:38Z
cds,,LS,96,-0.0339546582437712,0.01,2025-12-06T15:49:38Z
cds,,LS,97,0.0150720515992411,0.01,2025-12-06T15:49:39Z
cds,,LS,98,-0.0170785970039562,0.01,2025-12-06T15:49:39Z
cds,,LS,99,-0.0127995766015809,0.01,2025-12-06T15:49:39Z
cds,,LS,100,0.0129078681591378,0.01,2025-12-06T15:49:39Z
cds,,LS-s,1,0.0569030955975299,0.01,2025-12-06T15:49:39Z
cds,,LS-s,2,0.0630888750660058,0.01,2025-12-06T15:49:39Z
cds,,LS-s,3,0.017358409929858,0.01,2025-12-06T15:49:39Z
cds,,LS-s,4,0.0422661855779797,0.01,2025-12-06T15:49:39Z
cds,,LS-s,5,0.0522451037333158,0.01,2025-12-06T15:49:39Z
cds,,LS-s,6,0.009694019126482,0.01,2025-12-06T15:49:39Z
cds,,LS-s,7,0.0668407344402762,0.01,2025-12-06T15:49:39Z
cds,,LS-s,8,0.0581066577568883,0.01,2025-12-06T15:49:39Z
cds,,LS-s,9,0.0276827055247833,0.01,2025-12-06T15:49:39Z
cds,,LS-s,10,0.0503852198908875,0.01,2025-12-06T15:49:39Z
cds,,LS-s,11,0.0590147874499559,0.01,2025-12-06T15:49:39Z
cds,,LS-s,12,0.0279617125767091,0.01,2025-12-06T15:49:39Z
cds,,LS-s,13,0.0076188750431601,0.01,2025-12-06T15:49:39Z
cds,,LS-s,14,0.038969868255611,0.01,2025-12-06T15:49:39Z
cds,,LS-s,15,0.0338436179920491,0.01,2025-12-06T15:49:39Z
cds,,LS-s,16,-0.0340009730421388,0.01,2025-12-06T15:49:39Z
cds,,LS-s,17,0.0420379285839383,0.01,2025-12-06T15:49:39Z
cds,,LS-s,18,0.0471773625258605,0.01,2025-12-06T15:49:39Z
cds,,LS-s,19,0.0056666715450391,0.01,2025-12-06T15:49:39Z
cds,,LS-s,20,0.0529721234643535,0.01,2025-12-06T15:49:39Z
cds,,LS-s,21,-0.0146217967598036,0.01,2025-12-06T15:49:40Z
cds,,LS-s,22,-0.0219932747750438,0.01,2025-12-06T15:49:40Z
cds,,LS-s,23,0.0204319062847826,0.01,2025-12-06T15:49:40Z
cds,,LS-s,24,0.0237974376461422,0.01,2025-12-06T15:49:40Z
cds,,LS-s,25,0.0418281427673738,0.01,2025-12-06T15:49:40Z
cds,,LS-s,26,0.0450792158663199,0.01,2025-12-06T15:49:40Z
cds,,LS-s,27,0.0422424101230128,0.01,2025-12-06T15:49:40Z
cds,,LS-s,28,0.0289271757708739,0.01,2025-12-06T15:49:40Z
cds,,LS-s,29,0.0530383189775845,0.01,2025-12-06T15:49:40Z
cds,,LS-s,30,0.0492811017991625,0.01,2025-12-06T15:49:40Z
cds,,LS-s,31,0.0394326542866259,0.01,2025-12-06T15:49:40Z
cds,,LS-s,32,0.0366331569770667,0.01,2025-12-06T15:49:40Z
cds,,LS-s,33,0.0591878166271444,0.01,2025-12-06T15:49:40Z
cds,,LS-s,34,-0.0023685353799162,0.01,2025-12-06T15:49:40Z
cds,,LS-s,35,0.0465669755198651,0.01,2025-12-06T15:49:40Z
cds,,LS-s,36,0.0315819507274753,0.01,2025-12-06T15:49:40Z
cds,,LS-s,37,0.0399230011741869,0.01,2025-12-06T15:49:40Z
cds,,LS-s,38,0.0507123798030996,0.01,2025-12-06T15:49:40Z
cds,,LS-s,39,0.0247672126632699,0.01,2025-12-06T15:49:40Z
cds,,LS-s,40,0.0456739127853325,0.01,2025-12-06T15:49:40Z
cds,,LS-s,41,0.0407106668777061,0.01,2025-12-06T15:49:40Z
cds,,LS-s,42,0.0186662522104549,0.01,2025-12-06T15:49:40Z
cds,,LS-s,43,0.0417084617667026,0.01,2025-12-06T15:49:40Z
cds,,LS-s,44,0.038632184988062,0.01,2025-12-06T15:49:40Z
cds,,LS-s,45,0.0462498853580136,0.01,2025-12-06T15:49:40Z
cds,,LS-s,46,0.015000377629705,0.01,2025-12-06T15:49:41Z
cds,,LS-s,47,0.0313277145519173,0.01,2025-12-06T15:49:41Z
cds,,LS-s,48,0.0468911964549942,0.01,2025-12-06T15:49:41Z
cds,,LS-s,49,0.0392351856778353,0.01,2025-12-06T15:49:41Z
cds,,LS-s,50,0.0522268180869677,0.01,2025-12-06T15:49:41Z
cds,,LS-s,51,0.0578493723243226,0.01,2025-12-06T15:49:41Z
cds,,LS-s,52,0.0452822860299324,0.01,2025-12-06T15:49:41Z
cds,,LS-s,53,0.0622436055263436,0.01,2025-12-06T15:49:41Z
cds,,LS-s,54,0.0331848960779066,0.01,2025-12-06T15:49:41Z
cds,,LS-s,55,0.0389204750386908,0.01,2025-12-06T15:49:41Z
cds,,LS-s,56,0.022305879012191,0.01,2025-12-06T15:49:41Z
cds,,LS-s,57,0.0299851322448982,0.01,2025-12-06T15:49:41Z
cds,,LS-s,58,0.0433348356966978,0.01,2025-12-06T15:49:41Z
cds,,LS-s,59,0.0028709099363981,0.01,2025-12-06T15:49:41Z
cds,,LS-s,60,0.0613506063007416,0.01,2025-12-06T15:49:41Z
cds,,LS-s,61,0.0315951131214662,0.01,2025-12-06T15:49:41Z
cds,,LS-s,62,0.0307831596045166,0.01,2025-12-06T15:49:41Z
cds,,LS-s,63,0.047905037059407,0.01,2025-12-06T15:49:41Z
cds,,LS-s,64,0.0415929215043274,0.01,2025-12-06T15:49:41Z
cds,,LS-s,65,0.032407675322528,0.01,2025-12-06T15:49:41Z
cds,,LS-s,66,0.0218726285343424,0.01,2025-12-06T15:49:41Z
cds,,LS-s,67,0.0599223050163,0.01,2025-12-06T15:49:41Z
cds,,LS-s,68,0.0131075456287745,0.01,2025-12-06T15:49:41Z
cds,,LS-s,69,0.0430178932291163,0.01,2025-12-06T15:49:41Z
cds,,LS-s,70,0.0547467715788821,0.01,2025-12-06T15:49:42Z
cds,,LS-s,71,0.0306037546704714,0.01,2025-12-06T15:49:42Z
cds,,LS-s,72,0.0260329350598422,0.01,2025-12-06T15:49:42Z
cds,,LS-s,73,0.0441884852592841,0.01,2025-12-06T15:49:42Z
cds,,LS-s,74,0.0498768064788913,0.01,2025-12-06T15:49:42Z
cds,,LS-s,75,0.063266062198689,0.01,2025-12-06T15:49:42Z
cds,,LS-s,76,0.0286237654091176,0.01,2025-12-06T15:49:42Z
cds,,LS-s,77,0.0188917202770146,0.01,2025-12-06T15:49:42Z
cds,,LS-s,78,0.049724441500121,0.01,2025-12-06T15:49:42Z
cds,,LS-s,79,0.04915523442616529,0.01,2025-12-06T15:49:42Z
cds,,LS-s,80,0.0231355668695458,0.01,2025-12-06T15:49:42Z
cds,,LS-s,81,0.0403154795242004,0.01,2025-12-06T15:49:42Z
cds,,LS-s,82,0.0432719344825142,0.01,2025-12-06T15:49:42Z
cds,,LS-s,83,0.0604051505328106,0.01,2025-12-06T15:49:42Z
cds,,LS-s,84,0.0458914286422651,0.01,2025-12-06T15:49:42Z
cds,,LS-s,85,0.0386378620314525,0.01,2025-12-06T15:49:42Z
cds,,LS-s,86,0.0212865884268504,0.01,2025-12-06T15:49:42Z
cds,,LS-s,87,0.0374468031658957,0.01,2025-12-06T15:49:42Z
cds,,LS-s,88,0.0323914469892201,0.01,2025-12-06T15:49:42Z
cds,,LS-s,89,0.0480962807168378,0.01,2025-12-06T15:49:42Z
cds,,LS-s,90,0.0584769169270976,0.01,2025-12-06T15:49:42Z
cds,,LS-s,91,0.0350852597697887,0.01,2025-12-06T15:49:42Z
cds,,LS-s,92,0.0391395594901785,0.01,2025-12-06T15:49:42Z
cds,,LS-s,93,0.0458822801175095,0.01,2025-12-06T15:49:43Z
cds,,LS-s,94,0.035340203487976,0.01,2025-12-06T15:49:43Z
cds,,LS-s,95,-0.0087196935977402,0.01,2025-12-06T15:49:43Z
cds,,LS-s,96,0.0492274377814098,0.01,2025-12-06T15:49:43Z
cds,,LS-s,97,0.039321422967111,0.01,2025-12-06T15:49:43Z
cds,,LS-s,98,0.0546836944258668,0.01,2025-12-06T15:49:43Z
cds,,LS-s,99,0.0396987652161423,0.01,2025-12-06T15:49:43Z
cds,,LS-s,100,0.0356083067520759,0.01,2025-12-06T15:49:43Z
cds,,MN-U,1,-0.0098094283377566,0.01,2025-12-06T15:49:43Z
cds,,MN-U,2,-0.0117542862805446,0.01,2025-12-06T15:49:43Z
cds,,MN-U,3,-0.0076732800197388,0.01,2025-12-06T15:49:43Z
cds,,MN-U,4,0.0156964163791841,0.01,2025-12-06T15:49:43Z
cds,,MN-U,5,-0.005727678957995,0.01,2025-12-06T15:49:43Z
cds,,MN-U,6,-0.0148922594138342,0.01,2025-12-06T15:49:43Z
cds,,MN-U,7,-0.0027238326832774,0.01,2025-12-06T15:49:43Z
cds,,MN-U,8,0.0092015246306316,0.01,2025-12-06T15:49:43Z
cds,,MN-U,9,-0.0119098685139502,0.01,2025-12-06T15:49:43Z
cds,,MN-U,10,-0.0044644761992936,0.01,2025-12-06T15:49:43Z
cds,,MN-U,11,0.0011733229367529,0.01,2025-12-06T15:49:43Z
cds,,MN-U,12,-0.0098068737339475,0.01,2025-12-06T15:49:43Z
cds,,MN-U,13,-0.0083439115083183,0.01,2025-12-06T15:49:43Z
cds,,MN-U,14,-0.0117541072234969,0.01,2025-12-06T15:49:43Z
cds,,MN-U,15,-0.0145735223247977,0.01,2025-12-06T15:49:43Z
cds,,MN-U,16,-0.0020667610908439,0.01,2025-12-06T15:49:43Z
cds,,MN-U,17,0.0165361343567439,0.01,2025-12-06T15:49:44Z
cds,,MN-U,18,-0.0012720595783049,0.01,2025-12-06T15:49:44Z
cds,,MN-U,19,-0.0037088769071095,0.01,2025-12-06T15:49:44Z
cds,,MN-U,20,0.0072173693645471,0.01,2025-12-06T15:49:44Z
cds,,MN-U,21,-0.011201971144572,0.01,2025-12-06T15:49:44Z
cds,,MN-U,22,-0.0143602469361469,0.01,2025-12-06T15:49:44Z
cds,,MN-U,23,-1.872406103927e-4,0.01,2025-12-06T15:49:44Z
cds,,MN-U,24,-0.0145913696551581,0.01,2025-12-06T15:49:44Z
cds,,MN-U,25,-0.0027983232311817,0.01,2025-12-06T15:49:44Z
cds,,MN-U,26,-0.0023610489514425,0.01,2025-12-06T15:49:44Z
cds,,MN-U,27,0.0083929030315213,0.01,2025-12-06T15:49:44Z
cds,,MN-U,28,0.0210029267130063,0.01,2025-12-06T15:49:44Z
cds,,MN-U,29,0.0050315470786552,0.01,2025-12-06T15:49:44Z
cds,,MN-U,30,-0.0072194464363014,0.01,2025-12-06T15:49:44Z
cds,,MN-U,31,-0.0086207551627788,0.01,2025-12-06T15:49:44Z
cds,,MN-U,32,-0.0205652016684684,0.01,2025-12-06T15:49:44Z
cds,,MN-U,33,0.0190594974555899,0.01,2025-12-06T15:49:44Z
cds,,MN-U,34,0.0042551939599074,0.01,2025-12-06T15:49:44Z
cds,,MN-U,35,-0.0076673132207293,0.01,2025-12-06T15:49:44Z
cds,,MN-U,36,0.001149224880034,0.01,2025-12-06T15:49:44Z
cds,,MN-U,37,0.0060704935490885,0.01,2025-12-06T15:49:44Z
cds,,MN-U,38,-0.001579065343362,0.01,2025-12-06T15:49:44Z
cds,,MN-U,39,-0.0040850437265579,0.01,2025-12-06T15:49:45Z
cds,,MN-U,40,-0.0139326491887435,0.01,2025-12-06T15:49:45Z
cds,,MN-U,41,0.002686083903727,0.01,2025-12-06T15:49:45Z
cds,,MN-U,42,-0.0070741820895853,0.01,2025-12-06T15:49:45Z
cds,,MN-U,43,-0.036007765544006,0.01,2025-12-06T15:49:45Z
cds,,MN-U,44,-0.0056788060432329,0.01,2025-12-06T15:49:45Z
cds,,MN-U,45,5.311122361003e-4,0.01,2025-12-06T15:49:45Z
cds,,MN-U,46,-0.0029091225791257,0.01,2025-12-06T15:49:45Z
cds,,MN-U,47,-0.0167947333409957,0.01,2025-12-06T15:49:45Z
cds,,MN-U,48,-0.0077233937842732,0.01,2025-12-06T15:49:45Z
cds,,MN-U,49,-0.0110504581347133,0.01,2025-12-06T15:49:45Z
cds,,MN-U,50,-0.0067915970119289,0.01,2025-12-06T15:49:45Z
cds,,MN-U,51,-0.0189795283537767,0.01,2025-12-06T15:49:45Z
cds,,MN-U,52,-0.0057421900301486,0.01,2025-12-06T15:49:45Z
cds,,MN-U,53,-0.0202363454013353,0.01,2025-12-06T15:49:45Z
cds,,MN-U,54,-0.0133677984897139,0.01,2025-12-06T15:49:45Z
cds,,MN-U,55,0.0147563680175602,0.01,2025-12-06T15:49:45Z
cds,,MN-U,56,0.0053603403150554,0.01,2025-12-06T15:49:45Z
cds,,MN-U,57,-0.0085794924702974,0.01,2025-12-06T15:49:45Z
cds,,MN-U,58,-0.0055304411615993,0.01,2025-12-06T15:49:45Z
cds,,MN-U,59,-0.0130806055183294,0.01,2025-12-06T15:49:45Z
cds,,MN-U,60,0.0090135751894231,0.01,2025-12-06T15:49:45Z
cds,,MN-U,61,0.0080354678322529,0.01,2025-12-06T15:49:45Z
cds,,MN-U,62,-0.0109422089681828,0.01,2025-12-06T15:49:46Z
cds,,MN-U,63,-0.0180072858737355,0.01,2025-12-06T15:49:46Z
cds,,MN-U,64,0.026089620625664,0.01,2025-12-06T15:49:46Z
cds,,MN-U,65,-5.225642785888e-4,0.01,2025-12-06T15:49:46Z
cds,,MN-U,66,-0.0143186500182321,0.01,2025-12-06T15:49:46Z
cds,,MN-U,67,-0.0093296657689819,0.01,2025-12-06T15:49:46Z
cds,,MN-U,68,-0.0144877426212726,0.01,2025-12-06T15:49:46Z
cds,,MN-U,69,-0.0277643186927051,0.01,2025-12-06T15:49:46Z
cds,,MN-U,70,-0.015219857008772,0.01,2025-12-06T15:49:46Z
cds,,MN-U,71,0.0104006269281062,0.01,2025-12-06T15:49:46Z
cds,,MN-U,72,-0.0068651219048861,0.01,2025-12-06T15:49:46Z
cds,,MN-U,73,-0.0108982371126411,0.01,2025-12-06T15:49:46Z
cds,,MN-U,74,0.0071121353844302,0.01,2025-12-06T15:49:46Z
cds,,MN-U,75,-0.0114732249121322,0.01,2025-12-06T15:49:46Z
cds,,MN-U,76,0.0102933687653673,0.01,2025-12-06T15:49:46Z
cds,,MN-U,77,-0.0045324323527713,0.01,2025-12-06T15:49:46Z
cds,,MN-U,78,-0.019786129039155,0.01,2025-12-06T15:49:46Z
cds,,MN-U,79,0.0080596015844682,0.01,2025-12-06T15:49:46Z
cds,,MN-U,80,-0.0163902233190241,0.01,2025-12-06T15:49:46Z
cds,,MN-U,81,-0.0032954968897267,0.01,2025-12-06T15:49:46Z
cds,,MN-U,82,-0.0064290150575898,0.01,2025-12-06T15:49:46Z
cds,,MN-U,83,-0.0140097327572356,0.01,2025-12-06T15:49:46Z
cds,,MN-U,84,-0.0107194966284349,0.01,2025-12-06T15:49:46Z
cds,,MN-U,85,-0.0186432049690331,0.01,2025-12-06T15:49:47Z
cds,,MN-U,86,-0.0096156114058795,0.01,2025-12-06T15:49:47Z
cds,,MN-U,87,0.0089311518458815,0.01,2025-12-06T15:49:47Z
cds,,MN-U,88,-3.89616127363e-4,0.01,2025-12-06T15:49:47Z
cds,,MN-U,89,-0.0053767174380949,0.01,2025-12-06T15:49:47Z
cds,,MN-U,90,0.0172357533973527,0.01,2025-12-06T15:49:47Z
cds,,MN-U,91,0.0046560077993183,0.01,2025-12-06T15:49:47Z
cds,,MN-U,92,0.003832080829484,0.01,2025-12-06T15:49:47Z
cds,,MN-U,93,0.0107542509362322,0.01,2025-12-06T15:49:47Z
cds,,MN-U,94,-0.0054818165315086,0.01,2025-12-06T15:49:47Z
cds,,MN-U,95,-0.0059156886247299,0.01,2025-12-06T15:49:47Z
cds,,MN-U,96,-0.0056517794391686,0.01,2025-12-06T15:49:47Z
cds,,MN-U,97,-0.0083240717010998,0.01,2025-12-06T15:49:47Z
cds,,MN-U,98,0.0036475528301637,0.01,2025-12-06T15:49:47Z
cds,,MN-U,99,0.004395588955107,0.01,2025-12-06T15:49:47Z
cds,,MN-U,100,-0.002380430383656,0.01,2025-12-06T15:49:47Z
heci,,AN,1,-491.938601865867,0.01,2025-12-06T15:49:47Z
heci,,AN,2,-1030.25804251907,0.01,2025-12-06T15:49:47Z
heci,,AN,3,-1353.8998244788245,0.01,2025-12-06T15:49:47Z
heci,,AN,4,-1452.879076564857,0.01,2025-12-06T15:49:47Z
heci,,AN,5,-1897.242801557372,0.01,2025-12-06T15:49:48Z
heci,,AN,6,-1678.1747528978149,0.01,2025-12-06T15:49:48Z
heci,,AN,7,-1851.907960318592,0.01,2025-12-06T15:49:48Z
heci,,AN,8,-1106.3758356653188,0.01,2025-12-06T15:49:48Z
heci,,AN,9,-557.0549175452161,0.01,2025-12-06T15:49:48Z
heci,,AN,10,-1734.1951424025556,0.01,2025-12-06T15:49:48Z
heci,,AN,11,-250.35474449032424,0.01,2025-12-06T15:49:48Z
heci,,AN,12,-1107.9822423856394,0.01,2025-12-06T15:49:48Z
heci,,AN,13,-414.2689885838663,0.01,2025-12-06T15:49:48Z
heci,,AN,14,-1074.9571149210933,0.01,2025-12-06T15:49:48Z
heci,,AN,15,-1101.340711072242,0.01,2025-12-06T15:49:48Z
heci,,AN,16,-1134.0080266327425,0.01,2025-12-06T15:49:48Z
heci,,AN,17,-1270.2767337077148,0.01,2025-12-06T15:49:48Z
heci,,AN,18,284.1940512980382,0.01,2025-12-06T15:49:48Z
heci,,AN,19,-486.9757704937674,0.01,2025-12-06T15:49:48Z
heci,,AN,20,-1502.5853683270425,0.01,2025-12-06T15:49:48Z
heci,,AN,21,-1012.8781413364686,0.01,2025-12-06T15:49:48Z
heci,,AN,22,-976.2719826244374,0.01,2025-12-06T15:49:48Z
heci,,AN,23,-365.855378054358,0.01,2025-12-06T15:49:48Z
heci,,AN,24,-548.6346488068975,0.01,2025-12-06T15:49:49Z
heci,,AN,25,-1905.2826570431464,0.01,2025-12-06T15:49:49Z
heci,,AN,26,-2176.1847347331686,0.01,2025-12-06T15:49:49Z
heci,,AN,27,-508.8852041360442,0.01,2025-12-06T15:49:49Z
heci,,AN,28,181.96233097670927,0.01,2025-12-06T15:49:49Z
heci,,AN,29,-1207.69110985902,0.01,2025-12-06T15:49:49Z
heci,,AN,30,-726.115972178146,0.01,2025-12-06T15:49:49Z
heci,,AN,31,-1108.4578907044397,0.01,2025-12-06T15:49:49Z
heci,,AN,32,-2381.468966219464,0.01,2025-12-06T15:49:49Z
heci,,AN,33,-1728.7996988271798,0.01,2025-12-06T15:49:49Z
heci,,AN,34,-1897.7109186888829,0.01,2025-12-06T15:49:49Z
heci,,AN,35,-2034.19577759636,0.01,2025-12-06T15:49:49Z
heci,,AN,36,-1316.803740284603,0.01,2025-12-06T15:49:49Z
heci,,AN,37,-516.4046528850631,0.01,2025-12-06T15:49:49Z
heci,,AN,38,-155.17155977347102,0.01,2025-12-06T15:49:49Z
heci,,AN,39,-1493.5255924409494,0.01,2025-12-06T15:49:49Z
heci,,AN,40,-346.1353901625598,0.01,2025-12-06T15:49:49Z
heci,,AN,41,-2020.1903609998265,0.01,2025-12-06T15:49:49Z
heci,,AN,42,-617.1009164031457,0.01,2025-12-06T15:49:49Z
heci,,AN,43,-1112.142387613544,0.01,2025-12-06T15:49:49Z
heci,,AN,44,-923.2388019626832,0.01,2025-12-06T15:49:50Z
heci,,AN,45,-565.5635374008143,0.01,2025-12-06T15:49:50Z
heci,,AN,46,-1098.7207384998128,0.01,2025-12-06T15:49:50Z
heci,,AN,47,-995.4581972924916,0.01,2025-12-06T15:49:50Z
heci,,AN,48,-1829.7321561342903,0.01,2025-12-06T15:49:50Z
heci,,AN,49,-250.7836269991521,0.01,2025-12-06T15:49:50Z
heci,,AN,50,-1142.4152636422425,0.01,2025-12-06T15:49:50Z
heci,,AN,51,-951.1071052569214,0.01,2025-12-06T15:49:50Z
heci,,AN,52,-708.7084734235432,0.01,2025-12-06T15:49:50Z
heci,,AN,53,-1494.4671951028631,0.01,2025-12-06T15:49:50Z
heci,,AN,54,-1691.3932698809997,0.01,2025-12-06T15:49:50Z
heci,,AN,55,-2075.5780596315008,0.01,2025-12-06T15:49:50Z
heci,,AN,56,-405.0306719020064,0.01,2025-12-06T15:49:50Z
heci,,AN,57,-1202.968167433295,0.01,2025-12-06T15:49:50Z
heci,,AN,58,-519.5181032527944,0.01,2025-12-06T15:49:50Z
heci,,AN,59,-921.680173511456,0.01,2025-12-06T15:49:50Z
heci,,AN,60,-345.4530535852591,0.01,2025-12-06T15:49:50Z
heci,,AN,61,-319.26057074116034,0.01,2025-12-06T15:49:50Z
heci,,AN,62,-979.2998757272262,0.01,2025-12-06T15:49:50Z
heci,,AN,63,-1813.4830890241144,0.01,2025-12-06T15:49:51Z
heci,,AN,64,-1460.539795392384,0.01,2025-12-06T15:49:51Z
heci,,AN,65,-1821.459492110439,0.01,2025-12-06T15:49:51Z
heci,,AN,66,-1124.9435732036643,0.01,2025-12-06T15:49:51Z
heci,,AN,67,-1586.7676977517676,0.01,2025-12-06T15:49:51Z
heci,,AN,68,-1675.7192076882538,0.01,2025-12-06T15:49:51Z
heci,,AN,69,-1772.0464247446562,0.01,2025-12-06T15:49:51Z
heci,,AN,70,-668.8749083327648,0.01,2025-12-06T15:49:51Z
heci,,AN,71,-991.5588165516164,0.01,2025-12-06T15:49:51Z
heci,,AN,72,-1122.885164866514,0.01,2025-12-06T15:49:51Z
heci,,AN,73,-1464.2852628298642,0.01,2025-12-06T15:49:51Z
heci,,AN,74,-760.8933922495908,0.01,2025-12-06T15:49:51Z
heci,,AN,75,-1474.2303195143804,0.01,2025-12-06T15:49:51Z
heci,,AN,76,-320.1800090338411,0.01,2025-12-06T15:49:51Z
heci,,AN,77,-897.659741702968,0.01,2025-12-06T15:49:51Z
heci,,AN,78,-1221.7070833046282,0.01,2025-12-06T15:49:51Z
heci,,AN,79,-1384.9007022381677,0.01,2025-12-06T15:49:51Z
heci,,AN,80,-756.385866755204,0.01,2025-12-06T15:49:51Z
heci,,AN,81,-1406.5867397985012,0.01,2025-12-06T15:49:51Z
heci,,AN,82,-2030.54722938346,0.01,2025-12-06T15:49:52Z
heci,,AN,83,-553.9068644867375,0.01,2025-12-06T15:49:52Z
heci,,AN,84,-1299.3343698045585,0.01,2025-12-06T15:49:52Z
heci,,AN,85,-1118.930526605126,0.01,2025-12-06T15:49:52Z
heci,,AN,86,-299.53338071482995,0.01,2025-12-06T15:49:52Z
heci,,AN,87,-1086.4980710084892,0.01,2025-12-06T15:49:52Z
heci,,AN,88,-1599.818863583082,0.01,2025-12-06T15:49:52Z
heci,,AN,89,-356.3515660944504,0.01,2025-12-06T15:49:52Z
heci,,AN,90,-730.501907848251,0.01,2025-12-06T15:49:52Z
heci,,AN,91,-705.483126757159,0.01,2025-12-06T15:49:52Z
heci,,AN,92,-1712.2582164556115,0.01,2025-12-06T15:49:52Z
heci,,AN,93,-825.6237009004735,0.01,2025-12-06T15:49:52Z
heci,,AN,94,-302.54656053859435,0.01,2025-12-06T15:49:52Z
heci,,AN,95,-803.6151965016788,0.01,2025-12-06T15:49:52Z
heci,,AN,96,-945.4534632379136,0.01,2025-12-06T15:49:52Z
heci,,AN,97,-1340.0099922615864,0.01,2025-12-06T15:49:52Z
heci,,AN,98,-1307.7199028550858,0.01,2025-12-06T15:49:52Z
heci,,AN,99,-1504.162257621072,0.01,2025-12-06T15:49:52Z
heci,,AN,100,-828.7706097225646,0.01,2025-12-06T15:49:53Z
heci,,AN-s,1,-863.3647308263689,0.01,2025-12-06T15:49:53Z
heci,,AN-s,2,-88.08827961276802,0.01,2025-12-06T15:49:53Z
heci,,AN-s,3,-548.635674517438,0.01,2025-12-06T15:49:53Z
heci,,AN-s,4,-114.30065642197223,0.01,2025-12-06T15:49:53Z
heci,,AN-s,5,-283.0189760502017,0.01,2025-12-06T15:49:53Z
heci,,AN-s,6,-331.709405019159,0.01,2025-12-06T15:49:53Z
heci,,AN-s,7,264.9616625418348,0.01,2025-12-06T15:49:53Z
heci,,AN-s,8,412.5777025578436,0.01,2025-12-06T15:49:53Z
heci,,AN-s,9,129.5119568447035,0.01,2025-12-06T15:49:53Z
heci,,AN-s,10,23.993728281308904,0.01,2025-12-06T15:49:53Z
heci,,AN-s,11,-45.25944944477396,0.01,2025-12-06T15:49:53Z
heci,,AN-s,12,-157.08977030718052,0.01,2025-12-06T15:49:53Z
heci,,AN-s,13,-120.68093228679936,0.01,2025-12-06T15:49:53Z
heci,,AN-s,14,390.36596287331486,0.01,2025-12-06T15:49:53Z
heci,,AN-s,15,197.6942534334348,0.01,2025-12-06T15:49:53Z
heci,,AN-s,16,305.3542291871745,0.01,2025-12-06T15:49:53Z
heci,,AN-s,17,-897.5779213973692,0.01,2025-12-06T15:49:53Z
heci,,AN-s,18,-78.44793371516243,0.01,2025-12-06T15:49:54Z
heci,,AN-s,19,-33.52460162507396,0.01,2025-12-06T15:49:54Z
heci,,AN-s,20,-24.82457479425921,0.01,2025-12-06T15:49:54Z
heci,,AN-s,21,-341.6563192728636,0.01,2025-12-06T15:49:54Z
heci,,AN-s,22,71.46782449395596,0.01,2025-12-06T15:49:54Z
heci,,AN-s,23,642.5414178657029,0.01,2025-12-06T15:49:54Z
heci,,AN-s,24,472.8120133645825,0.01,2025-12-06T15:49:54Z
heci,,AN-s,25,50.14734064992172,0.01,2025-12-06T15:49:54Z
heci,,AN-s,26,-462.0828727625431,0.01,2025-12-06T15:49:54Z
heci,,AN-s,27,-79.88450419694618,0.01,2025-12-06T15:49:54Z
heci,,AN-s,28,-766.8030439577597,0.01,2025-12-06T15:49:54Z
heci,,AN-s,29,173.1789948293208,0.01,2025-12-06T15:49:54Z
heci,,AN-s,30,526.0398308151389,0.01,2025-12-06T15:49:54Z
heci,,AN-s,31,-707.5870540870237,0.01,2025-12-06T15:49:54Z
heci,,AN-s,32,47.21440128871291,0.01,2025-12-06T15:49:54Z
heci,,AN-s,33,-333.5268425802906,0.01,2025-12-06T15:49:54Z
heci,,AN-s,34,-212.65612964667616,0.01,2025-12-06T15:49:54Z
heci,,AN-s,35,850.5405790109071,0.01,2025-12-06T15:49:54Z
heci,,AN-s,36,-1086.504801645654,0.01,2025-12-06T15:49:54Z
heci,,AN-s,37,-205.4940397088785,0.01,2025-12-06T15:49:55Z
heci,,AN-s,38,5.486215089717916,0.01,2025-12-06T15:49:55Z
heci,,AN-s,39,387.7440672423127,0.01,2025-12-06T15:49:55Z
heci,,AN-s,40,-1133.8486937099406,0.01,2025-12-06T15:49:55Z
heci,,AN-s,41,395.5034298291739,0.01,2025-12-06T15:49:55Z
heci,,AN-s,42,205.8373299822597,0.01,2025-12-06T15:49:55Z
heci,,AN-s,43,-900.026087759893,0.01,2025-12-06T15:49:55Z
heci,,AN-s,44,-217.3305189857765,0.01,2025-12-06T15:49:55Z
heci,,AN-s,45,268.19147606587194,0.01,2025-12-06T15:49:55Z
heci,,AN-s,46,-726.5221728495699,0.01,2025-12-06T15:49:55Z
heci,,AN-s,47,-163.7181035132162,0.01,2025-12-06T15:49:55Z
heci,,AN-s,48,147.32977527278672,0.01,2025-12-06T15:49:55Z
heci,,AN-s,49,-625.0105009825365,0.01,2025-12-06T15:49:55Z
heci,,AN-s,50,-6.948072402072285,0.01,2025-12-06T15:49:55Z
heci,,AN-s,51,-33.31472118016336,0.01,2025-12-06T15:49:55Z
heci,,AN-s,52,-652.270719005628,0.01,2025-12-06T15:49:55Z
heci,,AN-s,53,-303.25115466035004,0.01,2025-12-06T15:49:55Z
heci,,AN-s,54,264.98519820722777,0.01,2025-12-06T15:49:55Z
heci,,AN-s,55,159.79756666253888,0.01,2025-12-06T15:49:56Z
heci,,AN-s,56,390.9932585526558,0.01,2025-12-06T15:49:56Z
heci,,AN-s,57,107.00552982653336,0.01,2025-12-06T15:49:56Z
heci,,AN-s,58,93.5664499483728,0.01,2025-12-06T15:49:56Z
heci,,AN-s,59,-780.7460336949434,0.01,2025-12-06T15:49:56Z
heci,,AN-s,60,-866.0277816078797,0.01,2025-12-06T15:49:56Z
heci,,AN-s,61,466.6891201133485,0.01,2025-12-06T15:49:56Z
heci,,AN-s,62,698.9870775008694,0.01,2025-12-06T15:49:56Z
heci,,AN-s,63,-853.0720088874514,0.01,2025-12-06T15:49:56Z
heci,,AN-s,64,180.74977629931607,0.01,2025-12-06T15:49:56Z
heci,,AN-s,65,1163.4885819568372,0.01,2025-12-06T15:49:56Z
heci,,AN-s,66,-11.79379179226362,0.01,2025-12-06T15:49:56Z
heci,,AN-s,67,-146.41997969099157,0.01,2025-12-06T15:49:56Z
heci,,AN-s,68,467.3950010279887,0.01,2025-12-06T15:49:56Z
heci,,AN-s,69,555.4398652078535,0.01,2025-12-06T15:49:56Z
heci,,AN-s,70,-648.6873279885576,0.01,2025-12-06T15:49:56Z
heci,,AN-s,71,-455.6281625771098,0.01,2025-12-06T15:49:56Z
heci,,AN-s,72,-335.03314041589783,0.01,2025-12-06T15:49:56Z
heci,,AN-s,73,84.27863469857311,0.01,2025-12-06T15:49:57Z
heci,,AN-s,74,419.5159668650576,0.01,2025-12-06T15:49:57Z
heci,,AN-s,75,-203.39281966088947,0.01,2025-12-06T15:49:57Z
heci,,AN-s,76,211.5219586303301,0.01,2025-12-06T15:49:57Z
heci,,AN-s,77,-425.7214152531278,0.01,2025-12-06T15:49:57Z
heci,,AN-s,78,-194.3280936156561,0.01,2025-12-06T15:49:57Z
heci,,AN-s,79,-242.44460794270344,0.01,2025-12-06T15:49:57Z
heci,,AN-s,80,619.6833410721101,0.01,2025-12-06T15:49:57Z
heci,,AN-s,81,-676.3462134961828,0.01,2025-12-06T15:49:57Z
heci,,AN-s,82,744.2114247262525,0.01,2025-12-06T15:49:57Z
heci,,AN-s,83,-619.90881247870675,0.01,2025-12-06T15:49:57Z
heci,,AN-s,84,-809.0067470282729,0.01,2025-12-06T15:49:57Z
heci,,AN-s,85,-126.15896174571208,0.01,2025-12-06T15:49:57Z
heci,,AN-s,86,671.739569255612,0.01,2025-12-06T15:49:57Z
heci,,AN-s,87,164.02432626765676,0.01,2025-12-06T15:49:57Z
heci,,AN-s,88,-1077.883278270473,0.01,2025-12-06T15:49:57Z
heci,,AN-s,89,-1056.650071768553,0.01,2025-12-06T15:49:57Z
heci,,AN-s,90,18.171426041500126,0.01,2025-12-06T15:49:57Z
heci,,AN-s,91,-453.4222995779792,0.01,2025-12-06T15:49:58Z
heci,,AN-s,92,509.5544409607155,0.01,2025-12-06T15:49:58Z
heci,,AN-s,93,521.2514483266586,0.01,2025-12-06T15:49:58Z
heci,,AN-s,94,-483.8779342327398,0.01,2025-12-06T15:49:58Z
heci,,AN-s,95,-596.2158685841332,0.01,2025-12-06T15:49:58Z
heci,,AN-s,96,678.4898387965677,0.01,2025-12-06T15:49:58Z
heci,,AN-s,97,-743.6111856713014,0.01,2025-12-06T15:49:58Z
heci,,AN-s,98,-48.695042216727416,0.01,2025-12-06T15:49:58Z
heci,,AN-s,99,354.80934472624176,0.01,2025-12-06T15:49:58Z
heci,,AN-s,100,220.7318261500177,0.01,2025-12-06T15:49:58Z
heci,,LS,1,86.21015098294447,0.01,2025-12-06T15:49:58Z
heci,,LS,2,-244.54786309202245,0.01,2025-12-06T15:49:58Z
heci,,LS,3,-3050.328493551806,0.01,2025-12-06T15:49:58Z
heci,,LS,4,-901.972566456745,0.01,2025-12-06T15:49:58Z
heci,,LS,5,-1700.8461416079426,0.01,2025-12-06T15:49:58Z
heci,,LS,6,-1358.7671164262574,0.01,2025-12-06T15:49:58Z
heci,,LS,7,192.50643307285367,0.01,2025-12-06T15:49:58Z
heci,,LS,8,-4272.270065886293,0.01,2025-12-06T15:49:58Z
heci,,LS,9,-1820.4936319242552,0.01,2025-12-06T15:49:58Z
heci,,LS,10,-2011.5621103245453,0.01,2025-12-06T15:49:58Z
heci,,LS,11,-2058.318052057959,0.01,2025-12-06T15:49:59Z
heci,,LS,12,-1786.6917830450948,0.01,2025-12-06T15:49:59Z
heci,,LS,13,35.68077128008281,0.01,2025-12-06T15:49:59Z
heci,,LS,14,-4473.46268869356,0.01,2025-12-06T15:49:59Z
heci,,LS,15,-610.1634619418792,0.01,2025-12-06T15:49:59Z
heci,,LS,16,183.5869061504509,0.01,2025-12-06T15:49:59Z
heci,,LS,17,-897.4683402890842,0.01,2025-12-06T15:49:59Z
heci,,LS,18,-1523.1679649638309,0.01,2025-12-06T15:49:59Z
heci,,LS,19,-1553.4149185378292,0.01,2025-12-06T15:49:59Z
heci,,LS,20,-2386.5237723262144,0.01,2025-12-06T15:49:59Z
heci,,LS,21,-3011.639801472884,0.01,2025-12-06T15:49:59Z
heci,,LS,22,-1141.8255225954372,0.01,2025-12-06T15:49:59Z
heci,,LS,23,-3253.54997102545,0.01,2025-12-06T15:49:59Z
heci,,LS,24,-2396.0180504756217,0.01,2025-12-06T15:49:59Z
heci,,LS,25,-566.3959573077609,0.01,2025-12-06T15:49:59Z
heci,,LS,26,-1610.5895499992585,0.01,2025-12-06T15:49:59Z
heci,,LS,27,-1100.3494022025516,0.01,2025-12-06T15:49:59Z
heci,,LS,28,-644.74134727199,0.01,2025-12-06T15:49:59Z
heci,,LS,29,-901.5222205855634,0.01,2025-12-06T15:49:59Z
heci,,LS,30,-1501.258667232771,0.01,2025-12-06T15:49:59Z
heci,,LS,31,-806.829969704555,0.01,2025-12-06T15:50:00Z
heci,,LS,32,-2477.602335638549,0.01,2025-12-06T15:50:00Z
heci,,LS,33,-190.3699073902472,0.01,2025-12-06T15:50:00Z
heci,,LS,34,-963.9135199250986,0.01,2025-12-06T15:50:00Z
heci,,LS,35,-2289.631998743381,0.01,2025-12-06T15:50:00Z
heci,,LS,36,-414.7570471357458,0.01,2025-12-06T15:50:00Z
heci,,LS,37,-241.5886560568497,0.01,2025-12-06T15:50:00Z
heci,,LS,38,-2285.83869094624,0.01,2025-12-06T15:50:00Z
heci,,LS,39,-2838.459800561185,0.01,2025-12-06T15:50:00Z
heci,,LS,40,-419.31743163149713,0.01,2025-12-06T15:50:00Z
heci,,LS,41,-514.1466258552964,0.01,2025-12-06T15:50:00Z
heci,,LS,42,-1093.3258262966574,0.01,2025-12-06T15:50:00Z
heci,,LS,43,-2748.364165136684,0.01,2025-12-06T15:50:00Z
heci,,LS,44,-2133.188183218649,0.01,2025-12-06T15:50:00Z
heci,,LS,45,76.25090975442527,0.01,2025-12-06T15:50:00Z
heci,,LS,46,-2340.067484463252,0.01,2025-12-06T15:50:00Z
heci,,LS,47,-962.4672370716626,0.01,2025-12-06T15:50:00Z
heci,,LS,48,-62.32163981487702,0.01,2025-12-06T15:50:00Z
heci,,LS,49,-810.4358841809099,0.01,2025-12-06T15:50:00Z
heci,,LS,50,-2674.57829552013,0.01,2025-12-06T15:50:01Z
heci,,LS,51,-1179.4276674500006,0.01,2025-12-06T15:50:01Z
heci,,LS,52,-851.0719841170458,0.01,2025-12-06T15:50:01Z
heci,,LS,53,46.996006075564765,0.01,2025-12-06T15:50:01Z
heci,,LS,54,-454.0586937958524,0.01,2025-12-06T15:50:01Z
heci,,LS,55,-227.1443924570204,0.01,2025-12-06T15:50:01Z
heci,,LS,56,-628.1874433259754,0.01,2025-12-06T15:50:01Z
heci,,LS,57,-128.8797383058636,0.01,2025-12-06T15:50:01Z
heci,,LS,58,-1355.186972126453,0.01,2025-12-06T15:50:01Z
heci,,LS,59,-240.76936294056577,0.01,2025-12-06T15:50:01Z
heci,,LS,60,-882.5461228463164,0.01,2025-12-06T15:50:01Z
heci,,LS,61,-957.1473270978186,0.01,2025-12-06T15:50:01Z
heci,,LS,62,-1986.2912744108528,0.01,2025-12-06T15:50:01Z
heci,,LS,63,-4357.550531309868,0.01,2025-12-06T15:50:01Z
heci,,LS,64,-4744.404187058128,0.01,2025-12-06T15:50:01Z
heci,,LS,65,-1937.0554326464,0.01,2025-12-06T15:50:01Z
heci,,LS,66,-667.0601253465229,0.01,2025-12-06T15:50:02Z
heci,,LS,67,-1551.7937764446378,0.01,2025-12-06T15:50:02Z
heci,,LS,68,-1148.6982444806672,0.01,2025-12-06T15:50:02Z
heci,,LS,69,-1908.300614586968,0.01,2025-12-06T15:50:02Z
heci,,LS,70,-2769.5063937445675,0.01,2025-12-06T15:50:02Z
heci,,LS,71,-1326.669352334795,0.01,2025-12-06T15:50:02Z
heci,,LS,72,-3213.922896454729,0.01,2025-12-06T15:50:02Z
heci,,LS,73,-1070.0265312496376,0.01,2025-12-06T15:50:02Z
heci,,LS,74,-2196.127127146663,0.01,2025-12-06T15:50:02Z
heci,,LS,75,-3447.883812798,0.01,2025-12-06T15:50:02Z
heci,,LS,76,78.78950152204015,0.01,2025-12-06T15:50:02Z
heci,,LS,77,-1891.170301946705,0.01,2025-12-06T15:50:02Z
heci,,LS,78,-841.8835429944929,0.01,2025-12-06T15:50:02Z
heci,,LS,79,131.67291276962987,0.01,2025-12-06T15:50:02Z
heci,,LS,80,-2471.9353871875155,0.01,2025-12-06T15:50:02Z
heci,,LS,81,-1536.3620037693215,0.01,2025-12-06T15:50:03Z
heci,,LS,82,-2212.150549233444,0.01,2025-12-06T15:50:03Z
heci,,LS,83,-1450.6056247950055,0.01,2025-12-06T15:50:03Z
heci,,LS,84,-924.9178823250322,0.01,2025-12-06T15:50:03Z
heci,,LS,85,-2904.867113289356,0.01,2025-12-06T15:50:03Z
heci,,LS,86,-1429.6688440052412,0.01,2025-12-06T15:50:03Z
heci,,LS,87,-4021.1235069497616,0.01,2025-12-06T15:50:03Z
heci,,LS,88,-2349.19904536163,0.01,2025-12-06T15:50:03Z
heci,,LS,89,-700.0956911628746,0.01,2025-12-06T15:50:03Z
heci,,LS,90,-2296.447043836129,0.01,2025-12-06T15:50:03Z
heci,,LS,91,-1609.9931204708737,0.01,2025-12-06T15:50:03Z
heci,,LS,92,-3791.50088301026,0.01,2025-12-06T15:50:03Z
heci,,LS,93,-775.2828339755242,0.01,2025-12-06T15:50:03Z
heci,,LS,94,-3801.570050686992,0.01,2025-12-06T15:50:03Z
heci,,LS,95,-800.2437738400076,0.01,2025-12-06T15:50:03Z
heci,,LS,96,-3381.5909015120305,0.01,2025-12-06T15:50:03Z
heci,,LS,97,-681.4666344367288,0.01,2025-12-06T15:50:03Z
heci,,LS,98,-123.2709948783795,0.01,2025-12-06T15:50:03Z
heci,,LS,99,-493.930489791348,0.01,2025-12-06T15:50:03Z
heci,,LS,100,-692.2469658213795,0.01,2025-12-06T15:50:04Z
heci,,LS-s,1,-35.389159469210426,0.01,2025-12-06T15:50:04Z
heci,,LS-s,2,-223.42844038037947,0.01,2025-12-06T15:50:04Z
heci,,LS-s,3,566.2915156520539,0.01,2025-12-06T15:50:04Z
heci,,LS-s,4,-2106.786155890537,0.01,2025-12-06T15:50:04Z
heci,,LS-s,5,388.6212427034079,0.01,2025-12-06T15:50:04Z
heci,,LS-s,6,378.6827731787598,0.01,2025-12-06T15:50:04Z
heci,,LS-s,7,-234.35566717017537,0.01,2025-12-06T15:50:04Z
heci,,LS-s,8,-24.251488179692387,0.01,2025-12-06T15:50:04Z
heci,,LS-s,9,-2441.0979200145666,0.01,2025-12-06T15:50:04Z
heci,,LS-s,10,126.82839386867818,0.01,2025-12-06T15:50:04Z
heci,,LS-s,11,-746.1649762940651,0.01,2025-12-06T15:50:04Z
heci,,LS-s,12,-454.9389614335787,0.01,2025-12-06T15:50:04Z
heci,,LS-s,13,-151.881746487913,0.01,2025-12-06T15:50:04Z
heci,,LS-s,14,-955.607169184017,0.01,2025-12-06T15:50:04Z
heci,,LS-s,15,-489.8395719574492,0.01,2025-12-06T15:50:04Z
heci,,LS-s,16,-225.9545677584292,0.01,2025-12-06T15:50:04Z
heci,,LS-s,17,414.97896556869,0.01,2025-12-06T15:50:04Z
heci,,LS-s,18,476.5750054975106,0.01,2025-12-06T15:50:05Z
heci,,LS-s,19,-151.2985031222397,0.01,2025-12-06T15:50:05Z
heci,,LS-s,20,-67.24684354941928,0.01,2025-12-06T15:50:05Z
heci,,LS-s,21,451.46911905997695,0.01,2025-12-06T15:50:05Z
heci,,LS-s,22,-229.8002354515256,0.01,2025-12-06T15:50:05Z
heci,,LS-s,23,-555.4886713450678,0.01,2025-12-06T15:50:05Z
heci,,LS-s,24,-53.56442349143981,0.01,2025-12-06T15:50:05Z
heci,,LS-s,25,67.99303933217197,0.01,2025-12-06T15:50:05Z
heci,,LS-s,26,-160.96691474227737,0.01,2025-12-06T15:50:05Z
heci,,LS-s,27,35.41567507077525,0.01,2025-12-06T15:50:05Z
heci,,LS-s,28,204.4595728388213,0.01,2025-12-06T15:50:05Z
heci,,LS-s,29,235.9663483117729,0.01,2025-12-06T15:50:05Z
heci,,LS-s,30,-982.522904442103,0.01,2025-12-06T15:50:05Z
heci,,LS-s,31,670.3952367828388,0.01,2025-12-06T15:50:05Z
heci,,LS-s,32,-397.358245729758,0.01,2025-12-06T15:50:05Z
heci,,LS-s,33,177.6176805546611,0.01,2025-12-06T15:50:05Z
heci,,LS-s,34,187.33928092016868,0.01,2025-12-06T15:50:05Z
heci,,LS-s,35,156.88470527007755,0.01,2025-12-06T15:50:06Z
heci,,LS-s,36,-2401.417191635681,0.01,2025-12-06T15:50:06Z
heci,,LS-s,37,699.8968477704384,0.01,2025-12-06T15:50:06Z
heci,,LS-s,38,-36.81068634338044,0.01,2025-12-06T15:50:06Z
heci,,LS-s,39,407.42244729507456,0.01,2025-12-06T15:50:06Z
heci,,LS-s,40,-142.65909797556742,0.01,2025-12-06T15:50:06Z
heci,,LS-s,41,-246.89556145129973,0.01,2025-12-06T15:50:06Z
heci,,LS-s,42,325.325818043606,0.01,2025-12-06T15:50:06Z
heci,,LS-s,43,-764.3192549150444,0.01,2025-12-06T15:50:06Z
heci,,LS-s,44,-1050.7864484995644,0.01,2025-12-06T15:50:06Z
heci,,LS-s,45,729.9495177920544,0.01,2025-12-06T15:50:06Z
heci,,LS-s,46,305.7490268901329,0.01,2025-12-06T15:50:06Z
heci,,LS-s,47,198.5848492764817,0.01,2025-12-06T15:50:06Z
heci,,LS-s,48,-250.3650917031264,0.01,2025-12-06T15:50:06Z
heci,,LS-s,49,-1366.5019238007262,0.01,2025-12-06T15:50:06Z
heci,,LS-s,50,-150.69075077920934,0.01,2025-12-06T15:50:06Z
heci,,LS-s,51,-732.1858009865864,0.01,2025-12-06T15:50:07Z
heci,,LS-s,52,-484.5365310305333,0.01,2025-12-06T15:50:07Z
heci,,LS-s,53,-17.74831415360768,0.01,2025-12-06T15:50:07Z
heci,,LS-s,54,-2074.9992653620266,0.01,2025-12-06T15:50:07Z
heci,,LS-s,55,484.3435180768365,0.01,2025-12-06T15:50:07Z
heci,,LS-s,56,-148.39766695939306,0.01,2025-12-06T15:50:07Z
heci,,LS-s,57,480.9567286055981,0.01,2025-12-06T15:50:07Z
heci,,LS-s,58,449.3150959696941,0.01,2025-12-06T15:50:07Z
heci,,LS-s,59,-43.58918970601098,0.01,2025-12-06T15:50:07Z
heci,,LS-s,60,-550.1417373487293,0.01,2025-12-06T15:50:07Z
heci,,LS-s,61,174.80244912095714,0.01,2025-12-06T15:50:07Z
heci,,LS-s,62,-721.9080851772942,0.01,2025-12-06T15:50:07Z
heci,,LS-s,63,-2514.939543559147,0.01,2025-12-06T15:50:07Z
heci,,LS-s,64,404.72532838931056,0.01,2025-12-06T15:50:07Z
heci,,LS-s,65,303.7609056956717,0.01,2025-12-06T15:50:07Z
heci,,LS-s,66,504.621043227713,0.01,2025-12-06T15:50:07Z
heci,,LS-s,67,-230.4007102148244,0.01,2025-12-06T15:50:07Z
heci,,LS-s,68,-129.11634686639354,0.01,2025-12-06T15:50:08Z
heci,,LS-s,69,667.9981150360654,0.01,2025-12-06T15:50:08Z
heci,,LS-s,70,17.8308747646588,0.01,2025-12-06T15:50:08Z
heci,,LS-s,71,206.86593150995668,0.01,2025-12-06T15:50:08Z
heci,,LS-s,72,-777.3108545694395,0.01,2025-12-06T15:50:08Z
heci,,LS-s,73,-711.1707311549908,0.01,2025-12-06T15:50:08Z
heci,,LS-s,74,468.71254847405726,0.01,2025-12-06T15:50:08Z
heci,,LS-s,75,181.4759743490522,0.01,2025-12-06T15:50:08Z
heci,,LS-s,76,258.89407580339866,0.01,2025-12-06T15:50:08Z
heci,,LS-s,77,65.72386645876395,0.01,2025-12-06T15:50:08Z
heci,,LS-s,78,394.4649867704229,0.01,2025-12-06T15:50:08Z
heci,,LS-s,79,-855.9790666320496,0.01,2025-12-06T15:50:08Z
heci,,LS-s,80,28.62402929962809,0.01,2025-12-06T15:50:08Z
heci,,LS-s,81,-732.0952687419485,0.01,2025-12-06T15:50:08Z
heci,,LS-s,82,-577.4567698003848,0.01,2025-12-06T15:50:08Z
heci,,LS-s,83,331.5867012348863,0.01,2025-12-06T15:50:08Z
heci,,LS-s,84,-1040.6034965120652,0.01,2025-12-06T15:50:08Z
heci,,LS-s,85,126.8729660681638,0.01,2025-12-06T15:50:09Z
heci,,LS-s,86,236.9191894240585,0.01,2025-12-06T15:50:09Z
heci,,LS-s,87,26.921047983282733,0.01,2025-12-06T15:50:09Z
heci,,LS-s,88,-2287.234792527748,0.01,2025-12-06T15:50:09Z
heci,,LS-s,89,812.4289707699245,0.01,2025-12-06T15:50:09Z
heci,,LS-s,90,-237.64660757998263,0.01,2025-12-06T15:50:09Z
heci,,LS-s,91,-785.6980081861384,0.01,2025-12-06T15:50:09Z
heci,,LS-s,92,52.61240646204351,0.01,2025-12-06T15:50:09Z
heci,,LS-s,93,-2193.1273069164217,0.01,2025-12-06T15:50:09Z
heci,,LS-s,94,-620.8167552728137,0.01,2025-12-06T15:50:09Z
heci,,LS-s,95,61.55999559193333,0.01,2025-12-06T15:50:09Z
heci,,LS-s,96,-375.7454975295586,0.01,2025-12-06T15:50:09Z
heci,,LS-s,97,-115.06348055518812,0.01,2025-12-06T15:50:09Z
heci,,LS-s,98,-892.9628961891085,0.01,2025-12-06T15:50:09Z
heci,,LS-s,99,-760.8931602827852,0.01,2025-12-06T15:50:09Z
heci,,LS-s,100,177.8357965644973,0.01,2025-12-06T15:50:09Z
heci,,MN-U,1,580.8157726091431,0.01,2025-12-06T15:50:09Z
heci,,MN-U,2,-544.6596823536847,0.01,2025-12-06T15:50:10Z
heci,,MN-U,3,458.9683168373722,0.01,2025-12-06T15:50:10Z
heci,,MN-U,4,11.048791977464134,0.01,2025-12-06T15:50:10Z
heci,,MN-U,5,-103.02365330943394,0.01,2025-12-06T15:50:10Z
heci,,MN-U,6,156.30792630046926,0.01,2025-12-06T15:50:10Z
heci,,MN-U,7,282.53233154107966,0.01,2025-12-06T15:50:10Z
heci,,MN-U,8,-285.3653064601185,0.01,2025-12-06T15:50:10Z
heci,,MN-U,9,-196.19482915974004,0.01,2025-12-06T15:50:10Z
heci,,MN-U,10,369.4975341314212,0.01,2025-12-06T15:50:10Z
heci,,MN-U,11,292.1481303642904,0.01,2025-12-06T15:50:10Z
heci,,MN-U,12,-39.101350965775055,0.01,2025-12-06T15:50:10Z
heci,,MN-U,13,606.6065484510455,0.01,2025-12-06T15:50:10Z
heci,,MN-U,14,395.4260836319081,0.01,2025-12-06T15:50:10Z
heci,,MN-U,15,-59.85081932732646,0.01,2025-12-06T15:50:10Z
heci,,MN-U,16,-86.28488059107076,0.01,2025-12-06T15:50:10Z
heci,,MN-U,17,-571.5189095481219,0.01,2025-12-06T15:50:10Z
heci,,MN-U,18,285.22209643708084,0.01,2025-12-06T15:50:11Z
heci,,MN-U,19,168.0184690151682,0.01,2025-12-06T15:50:11Z
heci,,MN-U,20,328.80580745984935,0.01,2025-12-06T15:50:11Z
heci,,MN-U,21,734.705812403432,0.01,2025-12-06T15:50:11Z
heci,,MN-U,22,-7.666744703406948,0.01,2025-12-06T15:50:11Z
heci,,MN-U,23,-670.4901317309623,0.01,2025-12-06T15:50:11Z
heci,,MN-U,24,215.45402685624688,0.01,2025-12-06T15:50:11Z
heci,,MN-U,25,-277.41292411564154,0.01,2025-12-06T15:50:11Z
heci,,MN-U,26,215.9569477485784,0.01,2025-12-06T15:50:11Z
heci,,MN-U,27,-23.837463299146293,0.01,2025-12-06T15:50:11Z
heci,,MN-U,28,110.70083958753456,0.01,2025-12-06T15:50:11Z
heci,,MN-U,29,540.7174869277587,0.01,2025-12-06T15:50:11Z
heci,,MN-U,30,744.2577119699017,0.01,2025-12-06T15:50:11Z
heci,,MN-U,31,415.05004455685776,0.01,2025-12-06T15:50:11Z
heci,,MN-U,32,-175.81787205755973,0.01,2025-12-06T15:50:11Z
heci,,MN-U,33,2.941395840934092,0.01,2025-12-06T15:50:11Z
heci,,MN-U,34,369.0248856582075,0.01,2025-12-06T15:50:11Z
heci,,MN-U,35,-122.14928410928768,0.01,2025-12-06T15:50:12Z
heci,,MN-U,36,258.9489262100433,0.01,2025-12-06T15:50:12Z
heci,,MN-U,37,-12.552481991382592,0.01,2025-12-06T15:50:12Z
heci,,MN-U,38,-24.52661692569928,0.01,2025-12-06T15:50:12Z
heci,,MN-U,39,350.9578220862268,0.01,2025-12-06T15:50:12Z
heci,,MN-U,40,159.7692518476506,0.01,2025-12-06T15:50:12Z
heci,,MN-U,41,-451.3887869387036,0.01,2025-12-06T15:50:12Z
heci,,MN-U,42,381.0461285848505,0.01,2025-12-06T15:50:12Z
heci,,MN-U,43,192.28724765882,0.01,2025-12-06T15:50:12Z
heci,,MN-U,44,172.87373305067194,0.01,2025-12-06T15:50:12Z
heci,,MN-U,45,409.6673224905881,0.01,2025-12-06T15:50:12Z
heci,,MN-U,46,210.8719070051102,0.01,2025-12-06T15:50:12Z
heci,,MN-U,47,197.7109176866861,0.01,2025-12-06T15:50:12Z
heci,,MN-U,48,396.9914632787804,0.01,2025-12-06T15:50:12Z
heci,,MN-U,49,305.14429925229524,0.01,2025-12-06T15:50:12Z
heci,,MN-U,50,-36.597660956502295,0.01,2025-12-06T15:50:12Z
heci,,MN-U,51,97.1826389208045,0.01,2025-12-06T15:50:12Z
heci,,MN-U,52,173.9105560908965,0.01,2025-12-06T15:50:13Z
heci,,MN-U,53,434.1577340074464,0.01,2025-12-06T15:50:13Z
heci,,MN-U,54,375.2791894732454,0.01,2025-12-06T15:50:13Z
heci,,MN-U,55,-311.7547593603531,0.01,2025-12-06T15:50:13Z
heci,,MN-U,56,56.50455352107838,0.01,2025-12-06T15:50:13Z
heci,,MN-U,57,212.8205253751421,0.01,2025-12-06T15:50:13Z
heci,,MN-U,58,176.4714328284026,0.01,2025-12-06T15:50:13Z
heci,,MN-U,59,513.3529661530447,0.01,2025-12-06T15:50:13Z
heci,,MN-U,60,-97.86973306597974,0.01,2025-12-06T15:50:13Z
heci,,MN-U,61,265.4283793037903,0.01,2025-12-06T15:50:13Z
heci,,MN-U,62,-132.3784109223625,0.01,2025-12-06T15:50:13Z
heci,,MN-U,63,273.0895337661741,0.01,2025-12-06T15:50:13Z
heci,,MN-U,64,490.0448975300187,0.01,2025-12-06T15:50:13Z
heci,,MN-U,65,-11.294297546459347,0.01,2025-12-06T15:50:13Z
heci,,MN-U,66,525.4347290488531,0.01,2025-12-06T15:50:13Z
heci,,MN-U,67,690.6741994802178,0.01,2025-12-06T15:50:13Z
heci,,MN-U,68,-108.69304527869645,0.01,2025-12-06T15:50:13Z
heci,,MN-U,69,461.121024624229,0.01,2025-12-06T15:50:13Z
heci,,MN-U,70,117.05368610418827,0.01,2025-12-06T15:50:14Z
heci,,MN-U,71,-276.9590325824993,0.01,2025-12-06T15:50:14Z
heci,,MN-U,72,521.6013807196614,0.01,2025-12-06T15:50:14Z
heci,,MN-U,73,5.798355022478972,0.01,2025-12-06T15:50:14Z
heci,,MN-U,74,93.99821892753243,0.01,2025-12-06T15:50:14Z
heci,,MN-U,75,-138.42456181202488,0.01,2025-12-06T15:50:14Z
heci,,MN-U,76,-221.68409311003504,0.01,2025-12-06T15:50:14Z
heci,,MN-U,77,235.9816422005042,0.01,2025-12-06T15:50:14Z
heci,,MN-U,78,362.8321561768671,0.01,2025-12-06T15:50:14Z
heci,,MN-U,79,140.46341989313714,0.01,2025-12-06T15:50:14Z
heci,,MN-U,80,186.5702179181125,0.01,2025-12-06T15:50:14Z
heci,,MN-U,81,407.1649482882285,0.01,2025-12-06T15:50:14Z
heci,,MN-U,82,250.0134737160115,0.01,2025-12-06T15:50:14Z
heci,,MN-U,83,319.24804307341765,0.01,2025-12-06T15:50:14Z
heci,,MN-U,84,766.1046554464692,0.01,2025-12-06T15:50:14Z
heci,,MN-U,85,-233.45151755485583,0.01,2025-12-06T15:50:14Z
heci,,MN-U,86,343.1797947122004,0.01,2025-12-06T15:50:14Z
heci,,MN-U,87,-108.80747978463114,0.01,2025-12-06T15:50:15Z
heci,,MN-U,88,152.63666771086264,0.01,2025-12-06T15:50:15Z
heci,,MN-U,89,176.729982975432,0.01,2025-12-06T15:50:15Z
heci,,MN-U,90,-113.75708561446208,0.01,2025-12-06T15:50:15Z
heci,,MN-U,91,-116.46628569154564,0.01,2025-12-06T15:50:15Z
heci,,MN-U,92,-55.17487877041094,0.01,2025-12-06T15:50:15Z
heci,,MN-U,93,38.57168133283085,0.01,2025-12-06T15:50:15Z
heci,,MN-U,94,546.5145586106719,0.01,2025-12-06T15:50:15Z
heci,,MN-U,95,56.14495685939164,0.01,2025-12-06T15:50:15Z
heci,,MN-U,96,481.751844181862,0.01,2025-12-06T15:50:15Z
heci,,MN-U,97,270.53661892679884,0.01,2025-12-06T15:50:15Z
heci,,MN-U,98,68.42715768077687,0.01,2025-12-06T15:50:15Z
heci,,MN-U,99,-29.15847942270011,0.01,2025-12-06T15:50:15Z
heci,,MN-U,100,-8.463029888419442,0.01,2025-12-06T15:50:15Z
nncl,,AN,1,-4.678972994814226,0.01,2025-12-06T15:50:15Z
nncl,,AN,2,-6.564588837545807,0.01,2025-12-06T15:50:15Z
nncl,,AN,3,-1.808424246869197,0.01,2025-12-06T15:50:15Z
nncl,,AN,4,-47.677580068512654,0.01,2025-12-06T15:50:15Z
nncl,,AN,5,1.0077490580479922,0.01,2025-12-06T15:50:15Z
nncl,,AN,6,-3.037392642943758,0.01,2025-12-06T15:50:15Z
nncl,,AN,7,-7.685446062045424,0.01,2025-12-06T15:50:15Z
nncl,,AN,8,-2.339500062688876,0.01,2025-12-06T15:50:15Z
nncl,,AN,9,-2.3877540834338693,0.01,2025-12-06T15:50:16Z
nncl,,AN,10,-1.3833969250468934,0.01,2025-12-06T15:50:16Z
nncl,,AN,11,1.2738399016383344,0.01,2025-12-06T15:50:16Z
nncl,,AN,12,-1.3451392972505825,0.01,2025-12-06T15:50:16Z
nncl,,AN,13,-2.6766695073293736,0.01,2025-12-06T15:50:16Z
nncl,,AN,14,-2.85305463620864,0.01,2025-12-06T15:50:16Z
nncl,,AN,15,2.964284472912119,0.01,2025-12-06T15:50:16Z
nncl,,AN,16,1.071771052951408,0.01,2025-12-06T15:50:16Z
nncl,,AN,17,-101.55065340072706,0.01,2025-12-06T15:50:16Z
nncl,,AN,18,-1.386962582659037,0.01,2025-12-06T15:50:16Z
nncl,,AN,19,1.2870660424703164,0.01,2025-12-06T15:50:16Z
nncl,,AN,20,-4.691096296445206,0.01,2025-12-06T15:50:16Z
nncl,,AN,21,1.4660542096956748,0.01,2025-12-06T15:50:16Z
nncl,,AN,22,-1.162488644077222,0.01,2025-12-06T15:50:16Z
nncl,,AN,23,1.281780407441066,0.01,2025-12-06T15:50:16Z
nncl,,AN,24,-1.6045206252220576,0.01,2025-12-06T15:50:16Z
nncl,,AN,25,-2.590242546721893,0.01,2025-12-06T15:50:16Z
nncl,,AN,26,-2.897576175780519,0.01,2025-12-06T15:50:16Z
nncl,,AN,27,-5.821815191983907,0.01,2025-12-06T15:50:16Z
nncl,,AN,28,-1.0453951077059052,0.01,2025-12-06T15:50:16Z
nncl,,AN,29,-2.853133766883989,0.01,2025-12-06T15:50:16Z
nncl,,AN,30,-7.890127956976789,0.01,2025-12-06T15:50:16Z
nncl,,AN,31,-10.88290259390518,0.01,2025-12-06T15:50:16Z
nncl,,AN,32,-6.4774584041013386,0.01,2025-12-06T15:50:16Z
nncl,,AN,33,-1.6943391451930172,0.01,2025-12-06T15:50:16Z
nncl,,AN,34,-1.4623302023706033,0.01,2025-12-06T15:50:16Z
nncl,,AN,35,-12.583001067368668,0.01,2025-12-06T15:50:16Z
nncl,,AN,36,1.5025813058197826,0.01,2025-12-06T15:50:16Z
nncl,,AN,37,-1.6823855513909427,0.01,2025-12-06T15:50:16Z
nncl,,AN,38,-1.6648680002028649,0.01,2025-12-06T15:50:16Z
nncl,,AN,39,-13.333771649606858,0.01,2025-12-06T15:50:16Z
nncl,,AN,40,1.46848062244009,0.01,2025-12-06T15:50:16Z
nncl,,AN,41,-1.0618515552218226,0.01,2025-12-06T15:50:16Z
nncl,,AN,42,-3.953990152300279,0.01,2025-12-06T15:50:16Z
nncl,,AN,43,2.143252382942366,0.01,2025-12-06T15:50:16Z
nncl,,AN,44,-5.831413117540551,0.01,2025-12-06T15:50:16Z
nncl,,AN,45,-12.209069468837614,0.01,2025-12-06T15:50:16Z
nncl,,AN,46,-5.795917335183322,0.01,2025-12-06T15:50:16Z
nncl,,AN,47,-1.7601796310408924,0.01,2025-12-06T15:50:16Z
nncl,,AN,48,-1.0548024526558022,0.01,2025-12-06T15:50:16Z
nncl,,AN,49,1.6849518435578428,0.01,2025-12-06T15:50:16Z
nncl,,AN,50,1.230670236065646,0.01,2025-12-06T15:50:16Z
nncl,,AN,51,-13.182571721635664,0.01,2025-12-06T15:50:16Z
nncl,,AN,52,-2.0241431528539926,0.01,2025-12-06T15:50:16Z
nncl,,AN,53,-60.85096423817837,0.01,2025-12-06T15:50:16Z
nncl,,AN,54,-4.882728099445469,0.01,2025-12-06T15:50:16Z
nncl,,AN,55,-29.12880275925549,0.01,2025-12-06T15:50:16Z
nncl,,AN,56,-1.678951037924357,0.01,2025-12-06T15:50:16Z
nncl,,AN,57,-1.6744669403396186,0.01,2025-12-06T15:50:17Z
nncl,,AN,58,-19.43294117142891,0.01,2025-12-06T15:50:17Z
nncl,,AN,59,1.0411430201008025,0.01,2025-12-06T15:50:17Z
nncl,,AN,60,-21.864399672629425,0.01,2025-12-06T15:50:17Z
nncl,,AN,61,1.1647484270037092,0.01,2025-12-06T15:50:17Z
nncl,,AN,62,-1.4488443768440338,0.01,2025-12-06T15:50:17Z
nncl,,AN,63,-1.587922456467042,0.01,2025-12-06T15:50:17Z
nncl,,AN,64,-6.682219562462761,0.01,2025-12-06T15:50:17Z
nncl,,AN,65,-8.52291944994517,0.01,2025-12-06T15:50:17Z
nncl,,AN,66,-20.450413544651223,0.01,2025-12-06T15:50:17Z
nncl,,AN,67,-3.1429671970587503,0.01,2025-12-06T15:50:17Z
nncl,,AN,68,-1.4019284527283853,0.01,2025-12-06T15:50:17Z
nncl,,AN,69,1.6976684969804825,0.01,2025-12-06T15:50:17Z
nncl,,AN,70,-3.584300430773772,0.01,2025-12-06T15:50:17Z
nncl,,AN,71,-12.00373548599734,0.01,2025-12-06T15:50:17Z
nncl,,AN,72,-7.532980497049964,0.01,2025-12-06T15:50:17Z
nncl,,AN,73,-8.294106365137981,0.01,2025-12-06T15:50:17Z
nncl,,AN,74,-1.4871421250342232,0.01,2025-12-06T15:50:17Z
nncl,,AN,75,-3.218209708831155,0.01,2025-12-06T15:50:17Z
nncl,,AN,76,2.1194031110522413,0.01,2025-12-06T15:50:17Z
nncl,,AN,77,-1.8589005451287963,0.01,2025-12-06T15:50:17Z
nncl,,AN,78,-3.620287443070136,0.01,2025-12-06T15:50:17Z
nncl,,AN,79,-12.018090051751996,0.01,2025-12-06T15:50:17Z
nncl,,AN,80,-1.370751549214504,0.01,2025-12-06T15:50:17Z
nncl,,AN,81,-2.334457394931391,0.01,2025-12-06T15:50:17Z
nncl,,AN,82,-22.416468658853088,0.01,2025-12-06T15:50:17Z
nncl,,AN,83,-34.41214061407235,0.01,2025-12-06T15:50:17Z
nncl,,AN,84,-2.03616214779206,0.01,2025-12-06T15:50:17Z
nncl,,AN,85,-1.5599322354847764,0.01,2025-12-06T15:50:17Z
nncl,,AN,86,-2.180515848656441,0.01,2025-12-06T15:50:17Z
nncl,,AN,87,-66.05326676454257,0.01,2025-12-06T15:50:17Z
nncl,,AN,88,-3.2550604091360404,0.01,2025-12-06T15:50:17Z
nncl,,AN,89,-4.17247173442587,0.01,2025-12-06T15:50:17Z
nncl,,AN,90,-50.01678459150159,0.01,2025-12-06T15:50:17Z
nncl,,AN,91,-7.0111713548682975,0.01,2025-12-06T15:50:17Z
nncl,,AN,92,-11.51854394928487,0.01,2025-12-06T15:50:17Z
nncl,,AN,93,-2.04475132759696,0.01,2025-12-06T15:50:17Z
nncl,,AN,94,-2.107850856435854,0.01,2025-12-06T15:50:17Z
nncl,,AN,95,-1.3721996244839278,0.01,2025-12-06T15:50:17Z
nncl,,AN,96,-1.7502528323590896,0.01,2025-12-06T15:50:17Z
nncl,,AN,97,-1.864256613183244,0.01,2025-12-06T15:50:17Z
nncl,,AN,98,-8.623757046918923,0.01,2025-12-06T15:50:17Z
nncl,,AN,99,-6.845230264213158,0.01,2025-12-06T15:50:17Z
nncl,,AN,100,-2.503959236493129,0.01,2025-12-06T15:50:17Z
nncl,,AN-s,1,-1.1463658645458394,0.01,2025-12-06T15:50:17Z
nncl,,AN-s,2,-1.0596144665333105,0.01,2025-12-06T15:50:17Z
nncl,,AN-s,3,-1.1153599662191775,0.01,2025-12-06T15:50:18Z
nncl,,AN-s,4,-1.0649285533577582,0.01,2025-12-06T15:50:18Z
nncl,,AN-s,5,-1.0086978574744856,0.01,2025-12-06T15:50:18Z
nncl,,AN-s,6,-1.067222606260671,0.01,2025-12-06T15:50:18Z
nncl,,AN-s,7,1.020831885659259,0.01,2025-12-06T15:50:18Z
nncl,,AN-s,8,1.1710324277530757,0.01,2025-12-06T15:50:18Z
nncl,,AN-s,9,1.5074498701973784,0.01,2025-12-06T15:50:18Z
nncl,,AN-s,10,1.2941117781642155,0.01,2025-12-06T15:50:18Z
nncl,,AN-s,11,1.059364903938331,0.01,2025-12-06T15:50:18Z
nncl,,AN-s,12,1.1553189582014856,0.01,2025-12-06T15:50:18Z
nncl,,AN-s,13,1.667511361629986,0.01,2025-12-06T15:50:18Z
nncl,,AN-s,14,1.0041160708856154,0.01,2025-12-06T15:50:18Z
nncl,,AN-s,15,1.1071018347812418,0.01,2025-12-06T15:50:18Z
nncl,,AN-s,16,1.1181388402120824,0.01,2025-12-06T15:50:18Z
nncl,,AN-s,17,1.0846953295390485,0.01,2025-12-06T15:50:18Z
nncl,,AN-s,18,1.0445213843865933,0.01,2025-12-06T15:50:18Z
nncl,,AN-s,19,1.190820545159385,0.01,2025-12-06T15:50:18Z
nncl,,AN-s,20,1.10064017647333,0.01,2025-12-06T15:50:18Z
nncl,,AN-s,21,1.0014579130271604,0.01,2025-12-06T15:50:18Z
nncl,,AN-s,22,1.3391954725569395,0.01,2025-12-06T15:50:18Z
nncl,,AN-s,23,1.145061484181901,0.01,2025-12-06T15:50:18Z
nncl,,AN-s,24,1.5496118564665782,0.01,2025-12-06T15:50:18Z
nncl,,AN-s,25,1.321149293124699,0.01,2025-12-06T15:50:18Z
nncl,,AN-s,26,1.049861917742685,0.01,2025-12-06T15:50:18Z
nncl,,AN-s,27,1.069823964353156,0.01,2025-12-06T15:50:18Z
nncl,,AN-s,28,1.7011810664800149,0.01,2025-12-06T15:50:18Z
nncl,,AN-s,29,1.856580346664324,0.01,2025-12-06T15:50:18Z
nncl,,AN-s,30,1.2502347528090565,0.01,2025-12-06T15:50:18Z
nncl,,AN-s,31,1.0861248564186208,0.01,2025-12-06T15:50:18Z
nncl,,AN-s,32,1.033688743264371,0.01,2025-12-06T15:50:18Z
nncl,,AN-s,33,-1.2382157026719358,0.01,2025-12-06T15:50:18Z
nncl,,AN-s,34,1.0577763720017062,0.01,2025-12-06T15:50:18Z
nncl,,AN-s,35,1.7999344081981556,0.01,2025-12-06T15:50:18Z
nncl,,AN-s,36,-1.2410298743964987,0.01,2025-12-06T15:50:18Z
nncl,,AN-s,37,1.1685850341145525,0.01,2025-12-06T15:50:18Z
nncl,,AN-s,38,1.3765766291851285,0.01,2025-12-06T15:50:18Z
nncl,,AN-s,39,1.2354137963600806,0.01,2025-12-06T15:50:18Z
nncl,,AN-s,40,-1.1426065847265352,0.01,2025-12-06T15:50:18Z
nncl,,AN-s,41,1.2636166464672771,0.01,2025-12-06T15:50:18Z
nncl,,AN-s,42,1.1046655587931942,0.01,2025-12-06T15:50:18Z
nncl,,AN-s,43,1.0041674899342536,0.01,2025-12-06T15:50:18Z
nncl,,AN-s,44,1.0860125015226036,0.01,2025-12-06T15:50:18Z
nncl,,AN-s,45,1.0278586472318394,0.01,2025-12-06T15:50:18Z
nncl,,AN-s,46,-1.2494193064874033,0.01,2025-12-06T15:50:18Z
nncl,,AN-s,47,-1.0223088296478884,0.01,2025-12-06T15:50:18Z
nncl,,AN-s,48,-1.125060453354753,0.01,2025-12-06T15:50:18Z
nncl,,AN-s,49,-1.0215154178359591,0.01,2025-12-06T15:50:18Z
nncl,,AN-s,50,1.0672339244048878,0.01,2025-12-06T15:50:18Z
nncl,,AN-s,51,1.2761444060087477,0.01,2025-12-06T15:50:19Z
nncl,,AN-s,52,-1.165773043695954,0.01,2025-12-06T15:50:19Z
nncl,,AN-s,53,-1.0796224652667337,0.01,2025-12-06T15:50:19Z
nncl,,AN-s,54,1.700196362257809,0.01,2025-12-06T15:50:19Z
nncl,,AN-s,55,1.0378496670837718,0.01,2025-12-06T15:50:19Z
nncl,,AN-s,56,1.561407043753588,0.01,2025-12-06T15:50:19Z
nncl,,AN-s,57,1.2926546981301348,0.01,2025-12-06T15:50:19Z
nncl,,AN-s,58,1.6721512026563314,0.01,2025-12-06T15:50:19Z
nncl,,AN-s,59,1.013705415367956,0.01,2025-12-06T15:50:19Z
nncl,,AN-s,60,-1.0529773723863465,0.01,2025-12-06T15:50:19Z
nncl,,AN-s,61,1.606964710758532,0.01,2025-12-06T15:50:19Z
nncl,,AN-s,62,1.683622308099616,0.01,2025-12-06T15:50:19Z
nncl,,AN-s,63,1.026445930164885,0.01,2025-12-06T15:50:19Z
nncl,,AN-s,64,-1.0866655139844836,0.01,2025-12-06T15:50:19Z
nncl,,AN-s,65,1.1828314659472283,0.01,2025-12-06T15:50:19Z
nncl,,AN-s,66,1.0385618036934017,0.01,2025-12-06T15:50:19Z
nncl,,AN-s,67,-1.199979397047779,0.01,2025-12-06T15:50:19Z
nncl,,AN-s,68,1.150441890132231,0.01,2025-12-06T15:50:19Z
nncl,,AN-s,69,1.1255172829093492,0.01,2025-12-06T15:50:19Z
nncl,,AN-s,70,-1.0064849303843135,0.01,2025-12-06T15:50:19Z
nncl,,AN-s,71,-1.3157351657763714,0.01,2025-12-06T15:50:19Z
nncl,,AN-s,72,-1.039560369870921,0.01,2025-12-06T15:50:19Z
nncl,,AN-s,73,1.0295913749980612,0.01,2025-12-06T15:50:19Z
nncl,,AN-s,74,1.1298853668649953,0.01,2025-12-06T15:50:19Z
nncl,,AN-s,75,-1.0279089389854823,0.01,2025-12-06T15:50:19Z
nncl,,AN-s,76,-1.0111636590021171,0.01,2025-12-06T15:50:19Z
nncl,,AN-s,77,-1.1682733667321807,0.01,2025-12-06T15:50:19Z
nncl,,AN-s,78,1.0506624636511586,0.01,2025-12-06T15:50:19Z
nncl,,AN-s,79,-1.0565347670743417,0.01,2025-12-06T15:50:19Z
nncl,,AN-s,80,1.0258031874208018,0.01,2025-12-06T15:50:19Z
nncl,,AN-s,81,-1.1048270570996477,0.01,2025-12-06T15:50:19Z
nncl,,AN-s,82,-1.0469153173324677,0.01,2025-12-06T15:50:19Z
nncl,,AN-s,83,-1.0743945331002662,0.01,2025-12-06T15:50:19Z
nncl,,AN-s,84,-1.2212024372555,0.01,2025-12-06T15:50:19Z
nncl,,AN-s,85,1.056155140315618,0.01,2025-12-06T15:50:19Z
nncl,,AN-s,86,1.1511889815173677,0.01,2025-12-06T15:50:19Z
nncl,,AN-s,87,1.530409553513802,0.01,2025-12-06T15:50:19Z
nncl,,AN-s,88,1.1358536815789768,0.01,2025-12-06T15:50:19Z
nncl,,AN-s,89,-1.011782617639854,0.01,2025-12-06T15:50:19Z
nncl,,AN-s,90,-1.11652319671958,0.01,2025-12-06T15:50:19Z
nncl,,AN-s,91,-1.3084948215256036,0.01,2025-12-06T15:50:19Z
nncl,,AN-s,92,1.071713496158243,0.01,2025-12-06T15:50:19Z
nncl,,AN-s,93,1.3174449686438872,0.01,2025-12-06T15:50:19Z
nncl,,AN-s,94,-1.149666203519387,0.01,2025-12-06T15:50:19Z
nncl,,AN-s,95,1.6066003365607635,0.01,2025-12-06T15:50:19Z
nncl,,AN-s,96,1.1170205640137425,0.01,2025-12-06T15:50:19Z
nncl,,AN-s,97,1.66963634426867,0.01,2025-12-06T15:50:20Z
nncl,,AN-s,98,1.510475087240073,0.01,2025-12-06T15:50:20Z
nncl,,AN-s,99,1.0898886955395943,0.01,2025-12-06T15:50:20Z
nncl,,AN-s,100,2.005238999223198,0.01,2025-12-06T15:50:20Z
nncl,,LS,1,-3.999571636609328,0.01,2025-12-06T15:50:20Z
nncl,,LS,2,-4.8110583144128185,0.01,2025-12-06T15:50:20Z
nncl,,LS,3,-18.21402190552044,0.01,2025-12-06T15:50:20Z
nncl,,LS,4,-3.3727905931029403,0.01,2025-12-06T15:50:20Z
nncl,,LS,5,-11.995396400762075,0.01,2025-12-06T15:50:20Z
nncl,,LS,6,-1.860541108304821,0.01,2025-12-06T15:50:20Z
nncl,,LS,7,-4.155194661596401,0.01,2025-12-06T15:50:20Z
nncl,,LS,8,-4.071923731320463,0.01,2025-12-06T15:50:20Z
nncl,,LS,9,-2.004883814980757,0.01,2025-12-06T15:50:20Z
nncl,,LS,10,-1.6665432740710595,0.01,2025-12-06T15:50:20Z
nncl,,LS,11,-5.991094008440928,0.01,2025-12-06T15:50:20Z
nncl,,LS,12,-3.6405686113164175,0.01,2025-12-06T15:50:20Z
nncl,,LS,13,-1.4255866837447675,0.01,2025-12-06T15:50:20Z
nncl,,LS,14,2.9621465579334103,0.01,2025-12-06T15:50:20Z
nncl,,LS,15,-2.569195005920856,0.01,2025-12-06T15:50:20Z
nncl,,LS,16,-9.331135760896291,0.01,2025-12-06T15:50:20Z
nncl,,LS,17,1.5085226467778308,0.01,2025-12-06T15:50:20Z
nncl,,LS,18,-1.3772141551352348,0.01,2025-12-06T15:50:20Z
nncl,,LS,19,1.536498002201458,0.01,2025-12-06T15:50:20Z
nncl,,LS,20,2.812441396205074,0.01,2025-12-06T15:50:20Z
nncl,,LS,21,-2.0709244915585683,0.01,2025-12-06T15:50:20Z
nncl,,LS,22,-1.396740578620994,0.01,2025-12-06T15:50:20Z
nncl,,LS,23,2.9632791478946023,0.01,2025-12-06T15:50:20Z
nncl,,LS,24,-9.585387991376736,0.01,2025-12-06T15:50:20Z
nncl,,LS,25,-2.121927518342872,0.01,2025-12-06T15:50:20Z
nncl,,LS,26,-5.483529754208476,0.01,2025-12-06T15:50:20Z
nncl,,LS,27,-4.671621240979529,0.01,2025-12-06T15:50:20Z
nncl,,LS,28,-5.331912567885062,0.01,2025-12-06T15:50:20Z
nncl,,LS,29,-12.812851796993131,0.01,2025-12-06T15:50:20Z
nncl,,LS,30,-1.3438303986783338,0.01,2025-12-06T15:50:20Z
nncl,,LS,31,-3.2824249293495025,0.01,2025-12-06T15:50:20Z
nncl,,LS,32,1.3121612262658175,0.01,2025-12-06T15:50:20Z
nncl,,LS,33,-1.1718648803837426,0.01,2025-12-06T15:50:20Z
nncl,,LS,34,-1.6230717131524757,0.01,2025-12-06T15:50:20Z
nncl,,LS,35,-3.8605344595990014,0.01,2025-12-06T15:50:20Z
nncl,,LS,36,-1.3047045709216354,0.01,2025-12-06T15:50:20Z
nncl,,LS,37,-29.66079233754109,0.01,2025-12-06T15:50:20Z
nncl,,LS,38,-2.1049018579038843,0.01,2025-12-06T15:50:20Z
nncl,,LS,39,-5.288279611537916,0.01,2025-12-06T15:50:20Z
nncl,,LS,40,-4.610911525136514,0.01,2025-12-06T15:50:20Z
nncl,,LS,41,-3.4686236013793765,0.01,2025-12-06T15:50:20Z
nncl,,LS,42,-1.6900781075220717,0.01,2025-12-06T15:50:20Z
nncl,,LS,43,-1.876611442992719,0.01,2025-12-06T15:50:20Z
nncl,,LS,44,-2.824732966448378,0.01,2025-12-06T15:50:21Z
nncl,,LS,45,-2.885302697245281,0.01,2025-12-06T15:50:21Z
nncl,,LS,46,4.997853612435134,0.01,2025-12-06T15:50:21Z
nncl,,LS,47,-1.2336584622432571,0.01,2025-12-06T15:50:21Z
nncl,,LS,48,1.89649139142228,0.01,2025-12-06T15:50:21Z
nncl,,LS,49,1.1318345045931664,0.01,2025-12-06T15:50:21Z
nncl,,LS,50,-2.0779727167053834,0.01,2025-12-06T15:50:21Z
nncl,,LS,51,-1.0375870178759354,0.01,2025-12-06T15:50:21Z
nncl,,LS,52,3.213068574764117,0.01,2025-12-06T15:50:21Z
nncl,,LS,53,-31.34715464913985,0.01,2025-12-06T15:50:21Z
nncl,,LS,54,-32.40221005371805,0.01,2025-12-06T15:50:21Z
nncl,,LS,55,-1.372308646885384,0.01,2025-12-06T15:50:21Z
nncl,,LS,56,1.2132661171539232,0.01,2025-12-06T15:50:21Z
nncl,,LS,57,-6.038488086351501,0.01,2025-12-06T15:50:21Z
nncl,,LS,58,3.54190060212601,0.01,2025-12-06T15:50:21Z
nncl,,LS,59,-6.124906002541084,0.01,2025-12-06T15:50:21Z
nncl,,LS,60,-1.3267637725977923,0.01,2025-12-06T15:50:21Z
nncl,,LS,61,2.706394340531609,0.01,2025-12-06T15:50:21Z
nncl,,LS,62,-2.1459466027787752,0.01,2025-12-06T15:50:21Z
nncl,,LS,63,-3.55772709773972,0.01,2025-12-06T15:50:21Z
nncl,,LS,64,-81.0214761944229,0.01,2025-12-06T15:50:21Z
nncl,,LS,65,-4.983154338434548,0.01,2025-12-06T15:50:21Z
nncl,,LS,66,-9.114624035745814,0.01,2025-12-06T15:50:21Z
nncl,,LS,67,-2.7207679340564384,0.01,2025-12-06T15:50:21Z
nncl,,LS,68,-9.575197141587406,0.01,2025-12-06T15:50:21Z
nncl,,LS,69,-7.076510841725501,0.01,2025-12-06T15:50:21Z
nncl,,LS,70,-2.7357861078849663,0.01,2025-12-06T15:50:21Z
nncl,,LS,71,6.257852006194447,0.01,2025-12-06T15:50:21Z
nncl,,LS,72,-8.339981784034444,0.01,2025-12-06T15:50:21Z
nncl,,LS,73,-2.1324116273383704,0.01,2025-12-06T15:50:21Z
nncl,,LS,74,-2.78884014896415,0.01,2025-12-06T15:50:21Z
nncl,,LS,75,-1.5924032835896862,0.01,2025-12-06T15:50:21Z
nncl,,LS,76,-2.8787679921062628,0.01,2025-12-06T15:50:21Z
nncl,,LS,77,-2.026716458982593,0.01,2025-12-06T15:50:21Z
nncl,,LS,78,-2.079058340206627,0.01,2025-12-06T15:50:21Z
nncl,,LS,79,-3.63151202631421,0.01,2025-12-06T15:50:21Z
nncl,,LS,80,-2.180852214644335,0.01,2025-12-06T15:50:21Z
nncl,,LS,81,-1.3220738748817644,0.01,2025-12-06T15:50:21Z
nncl,,LS,82,-5.360675464287826,0.01,2025-12-06T15:50:21Z
nncl,,LS,83,-2.1014970697772144,0.01,2025-12-06T15:50:21Z
nncl,,LS,84,-2.3042660360774643,0.01,2025-12-06T15:50:21Z
nncl,,LS,85,-2.953884335810959,0.01,2025-12-06T15:50:21Z
nncl,,LS,86,-28.635007524497592,0.01,2025-12-06T15:50:21Z
nncl,,LS,87,-4.779996416425774,0.01,2025-12-06T15:50:21Z
nncl,,LS,88,3.4702049405721853,0.01,2025-12-06T15:50:21Z
nncl,,LS,89,-1.974838412617608,0.01,2025-12-06T15:50:21Z
nncl,,LS,90,-1.2816428465418543,0.01,2025-12-06T15:50:21Z
nncl,,LS,91,-4.913449525756223,0.01,2025-12-06T15:50:21Z
nncl,,LS,92,-9.139327490099468,0.01,2025-12-06T15:50:21Z
nncl,,LS,93,7.790686137249098,0.01,2025-12-06T15:50:22Z
nncl,,LS,94,-1.437623975331347,0.01,2025-12-06T15:50:22Z
nncl,,LS,95,-1.6822875933636217,0.01,2025-12-06T15:50:22Z
nncl,,LS,96,-20.465954246138264,0.01,2025-12-06T15:50:22Z
nncl,,LS,97,-2.199134574630029,0.01,2025-12-06T15:50:22Z
nncl,,LS,98,-3.238264648976704,0.01,2025-12-06T15:50:22Z
nncl,,LS,99,-1.9278627546503733,0.01,2025-12-06T15:50:22Z
nncl,,LS,100,-1.0123809628508178,0.01,2025-12-06T15:50:22Z
nncl,,LS-s,1,1.4592792955412843,0.01,2025-12-06T15:50:22Z
nncl,,LS-s,2,-1.0140626399470989,0.01,2025-12-06T15:50:22Z
nncl,,LS-s,3,1.1167598253495388,0.01,2025-12-06T15:50:22Z
nncl,,LS-s,4,1.0575288597251535,0.01,2025-12-06T15:50:22Z
nncl,,LS-s,5,1.2455958860875231,0.01,2025-12-06T15:50:22Z
nncl,,LS-s,6,-1.302479268590063,0.01,2025-12-06T15:50:22Z
nncl,,LS-s,7,1.2406038526504,0.01,2025-12-06T15:50:22Z
nncl,,LS-s,8,1.3099805897604646,0.01,2025-12-06T15:50:22Z
nncl,,LS-s,9,1.035150097286316,0.01,2025-12-06T15:50:22Z
nncl,,LS-s,10,1.1802783108243151,0.01,2025-12-06T15:50:22Z
nncl,,LS-s,11,1.024773000150251,0.01,2025-12-06T15:50:22Z
nncl,,LS-s,12,1.0848009567746295,0.01,2025-12-06T15:50:22Z
nncl,,LS-s,13,-1.0039673160788796,0.01,2025-12-06T15:50:22Z
nncl,,LS-s,14,1.0207248468504166,0.01,2025-12-06T15:50:22Z
nncl,,LS-s,15,1.221364611217061,0.01,2025-12-06T15:50:22Z
nncl,,LS-s,16,1.1885755285264683,0.01,2025-12-06T15:50:22Z
nncl,,LS-s,17,1.158885306762914,0.01,2025-12-06T15:50:22Z
nncl,,LS-s,18,1.4511627135086882,0.01,2025-12-06T15:50:22Z
nncl,,LS-s,19,-1.011851273616504,0.01,2025-12-06T15:50:22Z
nncl,,LS-s,20,1.1374999254664215,0.01,2025-12-06T15:50:22Z
nncl,,LS-s,21,1.015227286255148,0.01,2025-12-06T15:50:22Z
nncl,,LS-s,22,1.0251418733074984,0.01,2025-12-06T15:50:22Z
nncl,,LS-s,23,-1.0411794737149516,0.01,2025-12-06T15:50:22Z
nncl,,LS-s,24,-1.000042817228682,0.01,2025-12-06T15:50:22Z
nncl,,LS-s,25,1.2285404892365417,0.01,2025-12-06T15:50:22Z
nncl,,LS-s,26,1.1345404874064575,0.01,2025-12-06T15:50:22Z
nncl,,LS-s,27,1.282174462520317,0.01,2025-12-06T15:50:22Z
nncl,,LS-s,28,-1.4198725633169993,0.01,2025-12-06T15:50:22Z
nncl,,LS-s,29,1.2375582491057129,0.01,2025-12-06T15:50:22Z
nncl,,LS-s,30,1.0215246591054468,0.01,2025-12-06T15:50:22Z
nncl,,LS-s,31,1.5700925134756007,0.01,2025-12-06T15:50:22Z
nncl,,LS-s,32,1.0403515918158854,0.01,2025-12-06T15:50:22Z
nncl,,LS-s,33,1.1626063172864791,0.01,2025-12-06T15:50:22Z
nncl,,LS-s,34,1.0165256948935686,0.01,2025-12-06T15:50:22Z
nncl,,LS-s,35,-1.2566072788356706,0.01,2025-12-06T15:50:22Z
nncl,,LS-s,36,1.0454582431338613,0.01,2025-12-06T15:50:22Z
nncl,,LS-s,37,1.2125834943568257,0.01,2025-12-06T15:50:22Z
nncl,,LS-s,38,1.1571291825836254,0.01,2025-12-06T15:50:22Z
nncl,,LS-s,39,-1.604235088213188,0.01,2025-12-06T15:50:22Z
nncl,,LS-s,40,1.20918683845814,0.01,2025-12-06T15:50:23Z
nncl,,LS-s,41,1.5582989143357455,0.01,2025-12-06T15:50:23Z
nncl,,LS-s,42,1.2219493070323957,0.01,2025-12-06T15:50:23Z
nncl,,LS-s,43,1.0137129128352456,0.01,2025-12-06T15:50:23Z
nncl,,LS-s,44,1.2806747045828362,0.01,2025-12-06T15:50:23Z
nncl,,LS-s,45,1.2395429142989292,0.01,2025-12-06T15:50:23Z
nncl,,LS-s,46,-1.2195004861987075,0.01,2025-12-06T15:50:23Z
nncl,,LS-s,47,1.129124705716419,0.01,2025-12-06T15:50:23Z
nncl,,LS-s,48,1.2899911541747922,0.01,2025-12-06T15:50:23Z
nncl,,LS-s,49,1.0125773489261038,0.01,2025-12-06T15:50:23Z
nncl,,LS-s,50,1.390050420232489,0.01,2025-12-06T15:50:23Z
nncl,,LS-s,51,1.0089633509806113,0.01,2025-12-06T15:50:23Z
nncl,,LS-s,52,1.1853575532656826,0.01,2025-12-06T15:50:23Z
nncl,,LS-s,53,1.2671367231858544,0.01,2025-12-06T15:50:23Z
nncl,,LS-s,54,1.2240821556242991,0.01,2025-12-06T15:50:23Z
nncl,,LS-s,55,1.5012861352002087,0.01,2025-12-06T15:50:23Z
nncl,,LS-s,56,-1.1489887200710696,0.01,2025-12-06T15:50:23Z
nncl,,LS-s,57,-1.0845352182903445,0.01,2025-12-06T15:50:23Z
nncl,,LS-s,58,1.2294705770747292,0.01,2025-12-06T15:50:23Z
nncl,,LS-s,59,-1.017786239324977,0.01,2025-12-06T15:50:23Z
nncl,,LS-s,60,1.1722026156426153,0.01,2025-12-06T15:50:23Z
nncl,,LS-s,61,1.051286276044281,0.01,2025-12-06T15:50:23Z
nncl,,LS-s,62,1.1284716171827622,0.01,2025-12-06T15:50:23Z
nncl,,LS-s,63,1.0242226098606593,0.01,2025-12-06T15:50:23Z
nncl,,LS-s,64,-1.2000266358000609,0.01,2025-12-06T15:50:23Z
nncl,,LS-s,65,1.075042650093894,0.01,2025-12-06T15:50:23Z
nncl,,LS-s,66,-1.2640591058404098,0.01,2025-12-06T15:50:23Z
nncl,,LS-s,67,1.0030522922104228,0.01,2025-12-06T15:50:23Z
nncl,,LS-s,68,1.176954267644191,0.01,2025-12-06T15:50:23Z
nncl,,LS-s,69,1.3628960436069673,0.01,2025-12-06T15:50:23Z
nncl,,LS-s,70,1.2399864627958372,0.01,2025-12-06T15:50:23Z
nncl,,LS-s,71,1.1924335928392855,0.01,2025-12-06T15:50:23Z
nncl,,LS-s,72,1.1863385754161342,0.01,2025-12-06T15:50:23Z
nncl,,LS-s,73,1.276340149613474,0.01,2025-12-06T15:50:23Z
nncl,,LS-s,74,1.121998380168714,0.01,2025-12-06T15:50:23Z
nncl,,LS-s,75,1.2948143330099235,0.01,2025-12-06T15:50:23Z
nncl,,LS-s,76,1.1577647335886212,0.01,2025-12-06T15:50:23Z
nncl,,LS-s,77,-1.5382722378474174,0.01,2025-12-06T15:50:23Z
nncl,,LS-s,78,1.10785894153875,0.01,2025-12-06T15:50:23Z
nncl,,LS-s,79,1.2530287554132968,0.01,2025-12-06T15:50:23Z
nncl,,LS-s,80,-1.1519181312034048,0.01,2025-12-06T15:50:23Z
nncl,,LS-s,81,1.1786173040080672,0.01,2025-12-06T15:50:23Z
nncl,,LS-s,82,1.1890695114325738,0.01,2025-12-06T15:50:23Z
nncl,,LS-s,83,1.0079954810900913,0.01,2025-12-06T15:50:23Z
nncl,,LS-s,84,1.034883184020229,0.01,2025-12-06T15:50:23Z
nncl,,LS-s,85,1.1220089912544695,0.01,2025-12-06T15:50:23Z
nncl,,LS-s,86,1.1020867471196232,0.01,2025-12-06T15:50:23Z
nncl,,LS-s,87,1.384489230857434,0.01,2025-12-06T15:50:23Z
nncl,,LS-s,88,1.0155680882087164,0.01,2025-12-06T15:50:23Z
nncl,,LS-s,89,1.3118460883043757,0.01,2025-12-06T15:50:24Z
nncl,,LS-s,90,1.3531505988172126,0.01,2025-12-06T15:50:24Z
nncl,,LS-s,91,1.2600434677778305,0.01,2025-12-06T15:50:24Z
nncl,,LS-s,92,1.0684349487723568,0.01,2025-12-06T15:50:24Z
nncl,,LS-s,93,1.0102366653144048,0.01,2025-12-06T15:50:24Z
nncl,,LS-s,94,-1.0033669380025485,0.01,2025-12-06T15:50:24Z
nncl,,LS-s,95,1.1820068094987175,0.01,2025-12-06T15:50:24Z
nncl,,LS-s,96,1.027235585972399,0.01,2025-12-06T15:50:24Z
nncl,,LS-s,97,-1.1229158411950653,0.01,2025-12-06T15:50:24Z
nncl,,LS-s,98,1.0066776345294923,0.01,2025-12-06T15:50:24Z
nncl,,LS-s,99,1.0517492975416796,0.01,2025-12-06T15:50:24Z
nncl,,LS-s,100,1.3997762525530433,0.01,2025-12-06T15:50:24Z
nncl,,MN-U,1,-1.6133788471226034,0.01,2025-12-06T15:50:24Z
nncl,,MN-U,2,-1.222031092016292,0.01,2025-12-06T15:50:24Z
nncl,,MN-U,3,1.0399567500854514,0.01,2025-12-06T15:50:24Z
nncl,,MN-U,4,-1.3903600072396125,0.01,2025-12-06T15:50:24Z
nncl,,MN-U,5,-1.479140537152154,0.01,2025-12-06T15:50:24Z
nncl,,MN-U,6,-1.233328881317926,0.01,2025-12-06T15:50:24Z
nncl,,MN-U,7,1.0227231317440322,0.01,2025-12-06T15:50:24Z
nncl,,MN-U,8,-1.749208093259448,0.01,2025-12-06T15:50:24Z
nncl,,MN-U,9,-1.121851451524621,0.01,2025-12-06T15:50:24Z
nncl,,MN-U,10,-1.1018022189677403,0.01,2025-12-06T15:50:24Z
nncl,,MN-U,11,-1.0170379827807816,0.01,2025-12-06T15:50:24Z
nncl,,MN-U,12,-2.480555112901496,0.01,2025-12-06T15:50:24Z
nncl,,MN-U,13,1.1032524142369755,0.01,2025-12-06T15:50:24Z
nncl,,MN-U,14,1.0627120459441453,0.01,2025-12-06T15:50:24Z
nncl,,MN-U,15,-1.2924629119192663,0.01,2025-12-06T15:50:24Z
nncl,,MN-U,16,1.076714667708735,0.01,2025-12-06T15:50:24Z
nncl,,MN-U,17,-1.0034566914240766,0.01,2025-12-06T15:50:24Z
nncl,,MN-U,18,1.0126901889169029,0.01,2025-12-06T15:50:24Z
nncl,,MN-U,19,-1.1045055530876224,0.01,2025-12-06T15:50:24Z
nncl,,MN-U,20,1.0116625617613832,0.01,2025-12-06T15:50:24Z
nncl,,MN-U,21,1.0000000000000018,0.01,2025-12-06T15:50:24Z
nncl,,MN-U,22,1.0438950743532,0.01,2025-12-06T15:50:24Z
nncl,,MN-U,23,-1.2315657492270615,0.01,2025-12-06T15:50:24Z
nncl,,MN-U,24,-1.5011724700612004,0.01,2025-12-06T15:50:24Z
nncl,,MN-U,25,-1.3761973783470425,0.01,2025-12-06T15:50:24Z
nncl,,MN-U,26,1.062403417834068,0.01,2025-12-06T15:50:24Z
nncl,,MN-U,27,-1.467366268858585,0.01,2025-12-06T15:50:24Z
nncl,,MN-U,28,-1.4082349230148248,0.01,2025-12-06T15:50:24Z
nncl,,MN-U,29,1.0000000000000029,0.01,2025-12-06T15:50:24Z
nncl,,MN-U,30,1.050805064337605,0.01,2025-12-06T15:50:24Z
nncl,,MN-U,31,-1.9521075902812968,0.01,2025-12-06T15:50:24Z
nncl,,MN-U,32,1.037031376104434,0.01,2025-12-06T15:50:24Z
nncl,,MN-U,33,-2.103830697583279,0.01,2025-12-06T15:50:24Z
nncl,,MN-U,34,1.0107654153716359,0.01,2025-12-06T15:50:24Z
nncl,,MN-U,35,1.0014170326582568,0.01,2025-12-06T15:50:24Z
nncl,,MN-U,36,1.036925365822323,0.01,2025-12-06T15:50:25Z
nncl,,MN-U,37,-1.3863625982711991,0.01,2025-12-06T15:50:25Z
nncl,,MN-U,38,-1.5729208214008696,0.01,2025-12-06T15:50:25Z
nncl,,MN-U,39,-1.0776403643600343,0.01,2025-12-06T15:50:25Z
nncl,,MN-U,40,1.0405613559258298,0.01,2025-12-06T15:50:25Z
nncl,,MN-U,41,-1.3678205525113136,0.01,2025-12-06T15:50:25Z
nncl,,MN-U,42,-1.025965387974019,0.01,2025-12-06T15:50:25Z
nncl,,MN-U,43,-1.595510690961793,0.01,2025-12-06T15:50:25Z
nncl,,MN-U,44,1.021000882901505,0.01,2025-12-06T15:50:25Z
nncl,,MN-U,45,-1.9903875642489908,0.01,2025-12-06T15:50:25Z
nncl,,MN-U,46,1.0082078905357643,0.01,2025-12-06T15:50:25Z
nncl,,MN-U,47,1.0212344523609262,0.01,2025-12-06T15:50:25Z
nncl,,MN-U,48,-1.4341931226384323,0.01,2025-12-06T15:50:25Z
nncl,,MN-U,49,1.0405138260588664,0.01,2025-12-06T15:50:25Z
nncl,,MN-U,50,-1.3390091745343358,0.01,2025-12-06T15:50:25Z
nncl,,MN-U,51,-1.1777856288532207,0.01,2025-12-06T15:50:25Z
nncl,,MN-U,52,-1.0648699129296015,0.01,2025-12-06T15:50:25Z
nncl,,MN-U,53,1.0558945278443364,0.01,2025-12-06T15:50:25Z
nncl,,MN-U,54,1.0953610112339924,0.01,2025-12-06T15:50:25Z
nncl,,MN-U,55,-1.2469994944155949,0.01,2025-12-06T15:50:25Z
nncl,,MN-U,56,-1.121268248310874,0.01,2025-12-06T15:50:25Z
nncl,,MN-U,57,-2.3776009822881283,0.01,2025-12-06T15:50:25Z
nncl,,MN-U,58,1.0173638663539977,0.01,2025-12-06T15:50:25Z
nncl,,MN-U,59,-1.5866106973912275,0.01,2025-12-06T15:50:25Z
nncl,,MN-U,60,-1.0197692033064327,0.01,2025-12-06T15:50:25Z
nncl,,MN-U,61,-1.5099816498135157,0.01,2025-12-06T15:50:25Z
nncl,,MN-U,62,-1.8676818497224088,0.01,2025-12-06T15:50:25Z
nncl,,MN-U,63,-2.6539180014428103,0.01,2025-12-06T15:50:25Z
nncl,,MN-U,64,1.0067043629663497,0.01,2025-12-06T15:50:25Z
nncl,,MN-U,65,-1.8672896710034737,0.01,2025-12-06T15:50:25Z
nncl,,MN-U,66,1.0226170088230746,0.01,2025-12-06T15:50:25Z
nncl,,MN-U,67,1.0140503023602156,0.01,2025-12-06T15:50:25Z
nncl,,MN-U,68,1.0182406443600711,0.01,2025-12-06T15:50:25Z
nncl,,MN-U,69,-1.3078784318210928,0.01,2025-12-06T15:50:25Z
nncl,,MN-U,70,-1.0106164852556592,0.01,2025-12-06T15:50:25Z
nncl,,MN-U,71,1.0042986895177637,0.01,2025-12-06T15:50:25Z
nncl,,MN-U,72,1.0534901585056118,0.01,2025-12-06T15:50:25Z
nncl,,MN-U,73,1.073514940853282,0.01,2025-12-06T15:50:25Z
nncl,,MN-U,74,-1.5807416405931736,0.01,2025-12-06T15:50:25Z
nncl,,MN-U,75,1.0317968410802172,0.01,2025-12-06T15:50:25Z
nncl,,MN-U,76,-1.7464472777701558,0.01,2025-12-06T15:50:25Z
nncl,,MN-U,77,-1.857538023379681,0.01,2025-12-06T15:50:25Z
nncl,,MN-U,78,-1.8011187960122153,0.01,2025-12-06T15:50:25Z
nncl,,MN-U,79,-1.1667826412700015,0.01,2025-12-06T15:50:25Z
nncl,,MN-U,80,1.0098103267207688,0.01,2025-12-06T15:50:25Z
nncl,,MN-U,81,-1.1552159577351877,0.01,2025-12-06T15:50:25Z
nncl,,MN-U,82,-1.008092203357693,0.01,2025-12-06T15:50:25Z
nncl,,MN-U,83,1.0502361535887086,0.01,2025-12-06T15:50:25Z
nncl,,MN-U,84,1.1045739047351804,0.01,2025-12-06T15:50:26Z
nncl,,MN-U,85,-1.4153027075278048,0.01,2025-12-06T15:50:26Z
nncl,,MN-U,86,-1.4681423703167371,0.01,2025-12-06T15:50:26Z
nncl,,MN-U,87,-1.4657526135276575,0.01,2025-12-06T15:50:26Z
nncl,,MN-U,88,1.03130368213446,0.01,2025-12-06T15:50:26Z
nncl,,MN-U,89,1.019810782953686,0.01,2025-12-06T15:50:26Z
nncl,,MN-U,90,-1.3746505044736563,0.01,2025-12-06T15:50:26Z
nncl,,MN-U,91,-1.0155359698273998,0.01,2025-12-06T15:50:26Z
nncl,,MN-U,92,-1.0075445690099802,0.01,2025-12-06T15:50:26Z
nncl,,MN-U,93,-1.161147818823962,0.01,2025-12-06T15:50:26Z
nncl,,MN-U,94,-1.670593407832406,0.01,2025-12-06T15:50:26Z
nncl,,MN-U,95,1.0613880442626051,0.01,2025-12-06T15:50:26Z
nncl,,MN-U,96,1.01081913656321,0.01,2025-12-06T15:50:26Z
nncl,,MN-U,97,-1.0575606742550634,0.01,2025-12-06T15:50:26Z
nncl,,MN-U,98,1.0354065924569016,0.01,2025-12-06T15:50:26Z
nncl,,MN-U,99,-1.5240177753810558,0.01,2025-12-06T15:50:26Z
nncl,,MN-U,100,-1.1034667886493386,0.01,2025-12-06T15:50:26Z
cgnn,"{""nruns"": 3,""test_epochs"": 2,""train_epochs"": 10}",AN,62,0.0065627677641878,0.01,2025-12-06T19:24:06Z
cgnn,"{""nruns"": 3,""test_epochs"": 2,""train_epochs"": 10}",AN,63,-0.0184984341374334,0.01,2025-12-06T19:24:26Z
cgnn,"{""nruns"": 3,""test_epochs"": 2,""train_epochs"": 10}",AN,64,-0.0678288158992387,0.01,2025-12-06T19:24:47Z
cgnn,"{""nruns"": 3,""test_epochs"": 2,""train_epochs"": 10}",AN,65,-0.0959361050125576,0.01,2025-12-06T19:25:08Z
cgnn,"{""nruns"": 3,""test_epochs"": 2,""train_epochs"": 10}",AN,66,-0.0332646165291756,0.01,2025-12-06T19:25:28Z
cgnn,"{""nruns"": 3,""test_epochs"": 2,""train_epochs"": 10}",AN,67,-0.0159988243973623,0.01,2025-12-06T19:25:44Z
cgnn,"{""nruns"": 3,""test_epochs"": 2,""train_epochs"": 10}",AN,68,-0.0070736691339928,0.01,2025-12-06T19:26:02Z
cgnn,"{""nruns"": 3,""test_epochs"": 2,""train_epochs"": 10}",AN,69,-0.0071815822965327,0.01,2025-12-06T19:26:23Z
cgnn,"{""nruns"": 3,""test_epochs"": 2,""train_epochs"": 10}",AN,70,0.0063664890316024,0.01,2025-12-06T19:26:45Z
cgnn,"{""nruns"": 3,""test_epochs"": 2,""train_epochs"": 10}",AN,71,-0.1358212886879693,0.01,2025-12-06T19:27:05Z
cgnn,"{""nruns"": 3,""test_epochs"": 2,""train_epochs"": 10}",AN,72,-0.0478438837029325,0.01,2025-12-06T19:27:26Z
cgnn,"{""nruns"": 3,""test_epochs"": 2,""train_epochs"": 10}",AN,73,-0.0318910232915927,0.01,2025-12-06T19:27:46Z
cgnn,"{""nruns"": 3,""test_epochs"": 2,""train_epochs"": 10}",AN,74,-0.0169280837607231,0.01,2025-12-06T19:28:06Z
cgnn,"{""nruns"": 3,""test_epochs"": 2,""train_epochs"": 10}",AN,75,-0.0815692061196829,0.01,2025-12-06T19:28:28Z
cgnn,"{""nruns"": 3,""test_epochs"": 2,""train_epochs"": 10}",AN,76,-0.006478339539867,0.01,2025-12-06T19:28:45Z
cgnn,"{""nruns"": 3,""test_epochs"": 2,""train_epochs"": 10}",AN,77,-0.0305093977185737,0.01,2025-12-06T19:29:06Z
cgnn,"{""nruns"": 3,""test_epochs"": 2,""train_epochs"": 10}",AN,78,-0.0816310828152124,0.01,2025-12-06T19:29:26Z
cgnn,"{""nruns"": 3,""test_epochs"": 2,""train_epochs"": 10}",AN,79,0.0237405643457646,0.01,2025-12-06T19:29:43Z
cgnn,"{""nruns"": 3,""test_epochs"": 2,""train_epochs"": 10}",AN,80,0.0533852953606093,0.01,2025-12-06T19:30:02Z
cgnn,"{""nruns"": 3,""test_epochs"": 2,""train_epochs"": 10}",AN,81,-0.0130832026363179,0.01,2025-12-06T19:30:23Z
cgnn,"{""nruns"": 3,""test_epochs"": 2,""train_epochs"": 10}",AN,82,0.0223157041451105,0.01,2025-12-06T19:30:43Z
cgnn,"{""nruns"": 3,""test_epochs"": 2,""train_epochs"": 10}",AN,83,-0.0141001979097864,0.01,2025-12-06T19:31:05Z
cgnn,"{""nruns"": 3,""test_epochs"": 2,""train_epochs"": 10}",AN,84,0.0482899900509584,0.01,2025-12-06T19:31:21Z
cgnn,"{""nruns"": 3,""test_epochs"": 2,""train_epochs"": 10}",AN,85,-0.0851487928168882,0.01,2025-12-06T19:31:42Z
cgnn,"{""nruns"": 3,""test_epochs"": 2,""train_epochs"": 10}",AN,86,0.0221387263326725,0.01,2025-12-06T19:32:02Z
cgnn,"{""nruns"": 3,""test_epochs"": 2,""train_epochs"": 10}",AN,87,-0.1019705513847495,0.01,2025-12-06T19:32:23Z
cgnn,"{""nruns"": 3,""test_epochs"": 2,""train_epochs"": 10}",AN,88,-0.1150962071285413,0.01,2025-12-06T19:32:44Z
cgnn,"{""nruns"": 3,""test_epochs"": 2,""train_epochs"": 10}",AN,89,-0.1076739758300614,0.01,2025-12-06T19:33:05Z
cgnn,"{""nruns"": 3,""test_epochs"": 2,""train_epochs"": 10}",AN,90,-0.0388902302057576,0.01,2025-12-06T19:33:25Z
cgnn,"{""nruns"": 3,""test_epochs"": 2,""train_epochs"": 10}",AN,91,-0.0032883272175089,0.01,2025-12-06T19:33:42Z
cgnn,"{""nruns"": 3,""test_epochs"": 2,""train_epochs"": 10}",AN,92,0.0321323677380785,0.01,2025-12-06T19:33:59Z
cgnn,"{""nruns"": 3,""test_epochs"": 2,""train_epochs"": 10}",AN,93,-0.0165899177715192,0.01,2025-12-06T19:34:20Z
cgnn,"{""nruns"": 3,""test_epochs"": 2,""train_epochs"": 10}",AN,94,0.0487713435469202,0.01,2025-12-06T19:34:41Z
cgnn,"{""nruns"": 3,""test_epochs"": 2,""train_epochs"": 10}",AN,95,0.0430451012991608,0.01,2025-12-06T19:35:02Z
cgnn,"{""nruns"": 3,""test_epochs"": 2,""train_epochs"": 10}",AN,96,-0.0571696917061788,0.01,2025-12-06T19:35:23Z
cgnn,"{""nruns"": 3,""test_epochs"": 2,""train_epochs"": 10}",AN,97,0.0584861041013,0.01,2025-12-06T19:35:41Z
cgnn,"{""nruns"": 3,""test_epochs"": 2,""train_epochs"": 10}",AN,98,-0.0377534830465649,0.01,2025-12-06T19:35:59Z
cgnn,"{""nruns"": 3,""test_epochs"": 2,""train_epochs"": 10}",AN,99,-0.0821332796579866,0.01,2025-12-06T19:36:20Z
cgnn,"{""nruns"": 3,""test_epochs"": 2,""train_epochs"": 10}",AN,100,-0.037933430425718,0.01,2025-12-06T19:36:41Z
cgnn,"{""nruns"": 3,""test_epochs"": 2,""train_epochs"": 10}",AN-s,1,-0.0745852310635055,0.01,2025-12-06T19:37:02Z
cgnn,"{""nruns"": 3,""test_epochs"": 2,""train_epochs"": 10}",AN-s,2,-0.0066462813282233,0.01,2025-12-06T19:37:19Z
cgnn,"{""nruns"": 3,""test_epochs"": 2,""train_epochs"": 10}",AN-s,3,-0.1043648601093099,0.01,2025-12-06T19:37:36Z
cgnn,"{""nruns"": 3,""test_epochs"": 2,""train_epochs"": 10}",AN-s,4,-0.0515253483392047,0.01,2025-12-06T19:37:54Z
cgnn,"{""nruns"": 3,""test_epochs"": 2,""train_epochs"": 10}",AN-s,5,-0.0586427348025404,0.01,2025-12-06T19:38:14Z
cgnn,"{""nruns"": 3,""test_epochs"": 2,""train_epochs"": 10}",AN-s,6,-0.0688714936162064,0.01,2025-12-06T19:38:36Z
cgnn,"{""nruns"": 3,""test_epochs"": 2,""train_epochs"": 10}",AN-s,7,9.079762331554e-4,0.01,2025-12-06T19:38:57Z
cgnn,"{""nruns"": 3,""test_epochs"": 2,""train_epochs"": 10}",AN-s,8,0.0147421370293412,0.01,2025-12-06T19:39:18Z
cgnn,"{""nruns"": 3,""test_epochs"": 2,""train_epochs"": 10}",AN-s,9,-0.0143121002751201,0.01,2025-12-06T19:39:40Z
cgnn,"{""nruns"": 3,""test_epochs"": 2,""train_epochs"": 10}",AN,1,-0.0955533352608685,0.01,2025-12-06T20:30:21Z
cgnn,"{""nruns"": 3,""test_epochs"": 2,""train_epochs"": 10}",AN,2,0.0174783023880412,0.01,2025-12-06T20:30:41Z
cgnn,"{""nruns"": 3,""test_epochs"": 2,""train_epochs"": 10}",AN,3,-0.0480310042071088,0.01,2025-12-06T20:30:57Z
cgnn,"{""nruns"": 3,""test_epochs"": 2,""train_epochs"": 10}",AN,4,-0.0443336541254539,0.01,2025-12-06T20:31:13Z
cgnn,"{""nruns"": 3,""test_epochs"": 2,""train_epochs"": 10}",AN,5,0.0010061532911517,0.01,2025-12-06T20:31:34Z
cgnn,"{""nruns"": 3,""test_epochs"": 2,""train_epochs"": 10}",AN,6,-0.072546921287537,0.01,2025-12-06T20:31:51Z
cgnn,"{""nruns"": 3,""test_epochs"": 2,""train_epochs"": 10}",AN,7,-0.1467196151438285,0.01,2025-12-06T20:32:10Z
cgnn,"{""nruns"": 3,""test_epochs"": 2,""train_epochs"": 10}",AN,8,0.0108502452640797,0.01,2025-12-06T20:32:30Z
cgnn,"{""nruns"": 3,""test_epochs"": 2,""train_epochs"": 10}",AN,9,-0.0252028485772461,0.01,2025-12-06T20:32:50Z
cgnn,"{""nruns"": 3,""test_epochs"": 2,""train_epochs"": 10}",AN,10,-0.0258285749769626,0.01,2025-12-06T20:33:10Z
cgnn,"{""nruns"": 3,""test_epochs"": 2,""train_epochs"": 10}",AN,11,0.009909719775965,0.01,2025-12-06T20:33:26Z
cgnn,"{""nruns"": 3,""test_epochs"": 2,""train_epochs"": 10}",AN,12,0.0016962700034224,0.01,2025-12-06T20:33:41Z
cgnn,"{""nruns"": 3,""test_epochs"": 2,""train_epochs"": 10}",AN,13,0.0372166527990766,0.01,2025-12-06T20:33:55Z
cgnn,"{""nruns"": 3,""test_epochs"": 2,""train_epochs"": 10}",AN,14,-0.0195214306607261,0.01,2025-12-06T20:34:13Z
cgnn,"{""nruns"": 3,""test_epochs"": 2,""train_epochs"": 10}",AN,15,0.002881772458319,0.01,2025-12-06T20:34:34Z
cgnn,"{""nruns"": 3,""test_epochs"": 2,""train_epochs"": 10}",AN,16,0.0256648837419972,0.01,2025-12-06T20:34:51Z
cgnn,"{""nruns"": 3,""test_epochs"": 2,""train_epochs"": 10}",AN,17,-0.0971799852275978,0.01,2025-12-06T20:35:11Z
cgnn,"{""nruns"": 3,""test_epochs"": 2,""train_epochs"": 10}",AN,18,-0.0056743197452209,0.01,2025-12-06T20:35:32Z
cgnn,"{""nruns"": 3,""test_epochs"": 2,""train_epochs"": 10}",AN,19,0.0159937058260873,0.01,2025-12-06T20:35:52Z
cgnn,"{""nruns"": 3,""test_epochs"": 2,""train_epochs"": 10}",AN,20,0.016855596772716,0.01,2025-12-06T20:36:12Z
cgnn,"{""nruns"": 3,""test_epochs"": 2,""train_epochs"": 10}",AN,21,0.0298017243733864,0.01,2025-12-06T20:36:33Z
cgnn,"{""nruns"": 3,""test_epochs"": 2,""train_epochs"": 10}",AN,22,-0.1093066877649571,0.01,2025-12-06T20:36:53Z
cgnn,"{""nruns"": 3,""test_epochs"": 2,""train_epochs"": 10}",AN,23,0.0037240682511839,0.01,2025-12-06T20:37:13Z
cgnn,"{""nruns"": 3,""test_epochs"": 2,""train_epochs"": 10}",AN,24,0.0061942852755058,0.01,2025-12-06T20:37:31Z
cgnn,"{""nruns"": 3,""test_epochs"": 2,""train_epochs"": 10}",AN,25,-0.0713156420441927,0.01,2025-12-06T20:37:46Z
cgnn,"{""nruns"": 3,""test_epochs"": 2,""train_epochs"": 10}",AN,26,-0.0878069075874475,0.01,2025-12-06T20:38:02Z
cgnn,"{""nruns"": 3,""test_epochs"": 2,""train_epochs"": 10}",AN,27,-0.0182168877844882,0.01,2025-12-06T20:38:23Z
cgnn,"{""nruns"": 3,""test_epochs"": 2,""train_epochs"": 10}",AN,28,0.0025941547055219,0.01,2025-12-06T20:38:43Z
cgnn,"{""nruns"": 3,""test_epochs"": 2,""train_epochs"": 10}",AN,29,-0.1514373638189237,0.01,2025-12-06T20:38:59Z
cgnn,"{""nruns"": 3,""test_epochs"": 2,""train_epochs"": 10}",AN,30,0.0417840949576269,0.01,2025-12-06T20:39:14Z
cgnn,"{""nruns"": 3,""test_epochs"": 2,""train_epochs"": 10}",AN,31,0.0292756096175102,0.01,2025-12-06T20:39:35Z
cgnn,"{""nruns"": 3,""test_epochs"": 2,""train_epochs"": 10}",AN,32,-0.0821552225430657,0.01,2025-12-06T20:39:55Z
cgnn,"{""nruns"": 3,""test_epochs"": 2,""train_epochs"": 10}",AN,33,-0.0011514326258267,0.01,2025-12-06T20:40:16Z
cgnn,"{""nruns"": 3,""test_epochs"": 2,""train_epochs"": 10}",AN,34,-0.022057299449447,0.01,2025-12-06T20:40:36Z
cgnn,"{""nruns"": 3,""test_epochs"": 2,""train_epochs"": 10}",AN,35,-0.1699824396372968,0.01,2025-12-06T20:40:53Z
cgnn,"{""nruns"": 3,""test_epochs"": 2,""train_epochs"": 10}",AN,36,-0.0472317284901018,0.01,2025-12-06T20:41:09Z
cgnn,"{""nruns"": 3,""test_epochs"": 2,""train_epochs"": 10}",AN,37,0.0328529139761379,0.01,2025-12-06T20:41:28Z
cgnn,"{""nruns"": 3,""test_epochs"": 2,""train_epochs"": 10}",AN,38,0.0023550980307595,0.01,2025-12-06T20:41:43Z
cgnn,"{""nruns"": 3,""test_epochs"": 2,""train_epochs"": 10}",AN,39,-0.0342925020899381,0.01,2025-12-06T20:41:59Z
cgnn,"{""nruns"": 3,""test_epochs"": 2,""train_epochs"": 10}",AN,40,-0.0718047659470137,0.01,2025-12-06T20:42:20Z
cgnn,"{""nruns"": 3,""test_epochs"": 2,""train_epochs"": 10}",AN,41,-0.0445498038299051,0.01,2025-12-06T20:42:40Z
cgnn,"{""nruns"": 3,""test_epochs"": 2,""train_epochs"": 10}",AN,42,-0.0417389487828683,0.01,2025-12-06T20:43:00Z
cgnn,"{""nruns"": 3,""test_epochs"": 2,""train_epochs"": 10}",AN,43,-0.0512717568971509,0.01,2025-12-06T20:43:18Z
cgnn,"{""nruns"": 3,""test_epochs"": 2,""train_epochs"": 10}",AN,44,-0.1055877602042304,0.01,2025-12-06T20:43:33Z
cgnn,"{""nruns"": 3,""test_epochs"": 2,""train_epochs"": 10}",AN,45,-0.0697583642505978,0.01,2025-12-06T20:43:51Z
cgnn,"{""nruns"": 3,""test_epochs"": 2,""train_epochs"": 10}",AN,46,-0.016544921362899902,0.01,2025-12-06T20:44:10Z
cgnn,"{""nruns"": 3,""test_epochs"": 2,""train_epochs"": 10}",AN,47,-0.010528477325806,0.01,2025-12-06T20:44:30Z
cgnn,"{""nruns"": 3,""test_epochs"": 2,""train_epochs"": 10}",AN,48,0.0270511201952054,0.01,2025-12-06T20:44:49Z
cgnn,"{""nruns"": 3,""test_epochs"": 2,""train_epochs"": 10}",AN,49,0.0559393802227204,0.01,2025-12-06T20:45:04Z
cgnn,"{""nruns"": 3,""test_epochs"": 2,""train_epochs"": 10}",AN,50,-0.0116850540245272,0.01,2025-12-06T20:45:23Z
cgnn,"{""nruns"": 3,""test_epochs"": 2,""train_epochs"": 10}",AN,51,0.0026072835314784,0.01,2025-12-06T20:45:39Z
cgnn,"{""nruns"": 3,""test_epochs"": 2,""train_epochs"": 10}",AN,52,-0.0492305002125327,0.01,2025-12-06T20:45:54Z
cgnn,"{""nruns"": 3,""test_epochs"": 2,""train_epochs"": 10}",AN,53,-0.0950291894558879,0.01,2025-12-06T20:46:14Z
cgnn,"{""nruns"": 3,""test_epochs"": 2,""train_epochs"": 10}",AN,54,-0.0136022295607688,0.01,2025-12-06T20:46:34Z
cgnn,"{""nruns"": 3,""test_epochs"": 2,""train_epochs"": 10}",AN,55,-0.2284794830126517,0.01,2025-12-06T20:46:55Z
cgnn,"{""nruns"": 3,""test_epochs"": 2,""train_epochs"": 10}",AN,56,-0.0194117528598689,0.01,2025-12-06T20:47:12Z
cgnn,"{""nruns"": 3,""test_epochs"": 2,""train_epochs"": 10}",AN,57,0.0093167202142801,0.01,2025-12-06T20:47:32Z
cgnn,"{""nruns"": 3,""test_epochs"": 2,""train_epochs"": 10}",AN,58,-0.0235730417217972,0.01,2025-12-06T20:47:50Z
cgnn,"{""nruns"": 3,""test_epochs"": 2,""train_epochs"": 10}",AN,59,-0.0909644452242705,0.01,2025-12-06T20:48:10Z
cgnn,"{""nruns"": 3,""test_epochs"": 2,""train_epochs"": 10}",AN,60,-0.0396978748483091,0.01,2025-12-06T20:48:29Z
cgnn,"{""nruns"": 3,""test_epochs"": 2,""train_epochs"": 10}",AN,61,-0.0878454110177461,0.01,2025-12-06T20:48:45Z
cgnn,"{""nruns"": 3,""test_epochs"": 2,""train_epochs"": 10}",AN-s,10,-0.03516848402527303,0.01,2025-12-06T22:30:56Z
cgnn,"{""nruns"": 3,""test_epochs"": 2,""train_epochs"": 10}",AN-s,11,-0.03696039413043583,0.01,2025-12-06T22:31:15Z
cgnn,"{""nruns"": 3,""test_epochs"": 2,""train_epochs"": 10}",AN-s,12,-0.02918161849098134,0.01,2025-12-06T22:31:33Z
cgnn,"{""nruns"": 3,""test_epochs"": 2,""train_epochs"": 10}",AN-s,13,-0.0222674335589304,0.01,2025-12-06T22:31:52Z
cgnn,"{""nruns"": 3,""test_epochs"": 2,""train_epochs"": 10}",AN-s,14,0.0064213873300733,0.01,2025-12-06T22:32:12Z
cgnn,"{""nruns"": 3,""test_epochs"": 2,""train_epochs"": 10}",AN-s,15,0.01217763304377639,0.01,2025-12-06T22:32:30Z
cgnn,"{""nruns"": 3,""test_epochs"": 2,""train_epochs"": 10}",AN-s,16,0.02023075488532389,0.01,2025-12-06T22:32:47Z
cgnn,"{""nruns"": 3,""test_epochs"": 2,""train_epochs"": 10}",AN-s,17,-0.05253765585889107,0.01,2025-12-06T22:33:07Z
cgnn,"{""nruns"": 3,""test_epochs"": 2,""train_epochs"": 10}",AN-s,18,-0.03313590099992437,0.01,2025-12-06T22:33:26Z
cgnn,"{""nruns"": 3,""test_epochs"": 2,""train_epochs"": 10}",AN-s,19,-0.01745548090546425,0.01,2025-12-06T22:33:48Z
cam,,AN,1,2.381271212963244,0.01,2025-12-06T22:37:06Z
cam,,AN,2,2.3800192931235657,0.01,2025-12-06T22:37:06Z
cam,,AN,3,2.443467684299772,0.01,2025-12-06T22:37:06Z
cam,,AN,4,2.5597815722110955,0.01,2025-12-06T22:37:07Z
cam,,AN,5,2.3532877450004572,0.01,2025-12-06T22:37:07Z
cam,,AN,6,2.2749446765362635,0.01,2025-12-06T22:37:07Z
cam,,AN,7,2.263932309540029,0.01,2025-12-06T22:37:08Z
cam,,AN,8,2.621401806484228,0.01,2025-12-06T22:37:08Z
cam,,AN,9,2.4106087916112644,0.01,2025-12-06T22:37:08Z
cam,,AN,10,2.455910039395747,0.01,2025-12-06T22:37:08Z
cam,,AN,11,2.3929488337015044,0.01,2025-12-06T22:37:09Z
cam,,AN,12,2.337615124488063,0.01,2025-12-06T22:37:09Z
cam,,AN,13,2.4216566061472267,0.01,2025-12-06T22:37:09Z
cam,,AN,14,2.3022430680608292,0.01,2025-12-06T22:37:09Z
cam,,AN,15,2.409991873444373,0.01,2025-12-06T22:37:10Z
cam,,AN,16,2.4128766238102677,0.01,2025-12-06T22:37:10Z
cam,,AN,17,2.3948432385350213,0.01,2025-12-06T22:37:10Z
cam,,AN,18,2.227717403299068,0.01,2025-12-06T22:37:10Z
cam,,AN,19,2.477783893214159,0.01,2025-12-06T22:37:11Z
cam,,AN,20,2.5046031838080256,0.01,2025-12-06T22:37:11Z
cam,,AN,21,2.4316000014371486,0.01,2025-12-06T22:37:11Z
cam,,AN,22,2.4602234952684263,0.01,2025-12-06T22:37:12Z
cam,,AN,23,2.5277750263580105,0.01,2025-12-06T22:37:12Z
cam,,AN,24,2.2804829268172955,0.01,2025-12-06T22:37:12Z
cam,,AN,25,2.491673345653973,0.01,2025-12-06T22:37:12Z
cam,,AN,26,2.424874374506632,0.01,2025-12-06T22:37:13Z
cam,,AN,27,2.436811218348626,0.01,2025-12-06T22:37:13Z
cam,,AN,28,2.483879088890061,0.01,2025-12-06T22:37:13Z
cam,,AN,29,2.3255303952648805,0.01,2025-12-06T22:37:13Z
cam,,AN,30,2.354603886588402,0.01,2025-12-06T22:37:14Z
cam,,AN,31,2.513872981872768,0.01,2025-12-06T22:37:14Z
cam,,AN,32,2.392416818745524,0.01,2025-12-06T22:37:14Z
cam,,AN,33,2.254034583459802,0.01,2025-12-06T22:37:14Z
cam,,AN,34,2.440446137822314,0.01,2025-12-06T22:37:15Z
cam,,AN,35,2.5091981763893525,0.01,2025-12-06T22:37:15Z
cam,,AN,36,2.463406004460049,0.01,2025-12-06T22:37:15Z
cam,,AN,37,2.403243160190523,0.01,2025-12-06T22:37:15Z
cam,,AN,38,2.4860626130922716,0.01,2025-12-06T22:37:16Z
cam,,AN,39,2.4726742595388553,0.01,2025-12-06T22:37:16Z
cam,,AN,40,2.5049960324305527,0.01,2025-12-06T22:37:16Z
cam,,AN,41,2.3323804813880673,0.01,2025-12-06T22:37:16Z
cam,,AN,42,2.4391842042615774,0.01,2025-12-06T22:37:17Z
cam,,AN,43,2.318701107855796,0.01,2025-12-06T22:37:17Z
cam,,AN,44,2.4242020914610483,0.01,2025-12-06T22:37:17Z
cam,,AN,45,2.4618991570998725,0.01,2025-12-06T22:37:18Z
cam,,AN,46,2.3925570918955783,0.01,2025-12-06T22:37:18Z
cam,,AN,47,2.3250273806866315,0.01,2025-12-06T22:37:18Z
slope,,AN,1,-0.00694136004300272,0.01,2025-12-06T22:44:48Z
slope,,AN,2,0.00737976498948234,0.01,2025-12-06T22:44:48Z
slope,,AN,3,0.003998921239016018,0.01,2025-12-06T22:44:48Z
slope,,AN,4,-0.002772736609721216,0.01,2025-12-06T22:44:49Z
slope,,AN,5,0.007411518740270906,0.01,2025-12-06T22:44:49Z
slope,,AN,6,-0.007533869006075777,0.01,2025-12-06T22:44:49Z
slope,,AN,7,-0.014543918902480524,0.01,2025-12-06T22:44:50Z
slope,,AN,8,0.00320335301258301,0.01,2025-12-06T22:44:50Z
slope,,AN,9,4.114758324718082e-4,0.01,2025-12-06T22:44:51Z
slope,,AN,10,-0.00698598155757324,0.01,2025-12-06T22:44:51Z
slope,,AN,11,-0.010592463735404012,0.01,2025-12-06T22:44:51Z
slope,,AN,12,0.00426004147069059,0.01,2025-12-06T22:44:52Z
slope,,AN,13,-0.01437020648244991,0.01,2025-12-06T22:44:52Z
slope,,AN,14,-0.021033375582904856,0.01,2025-12-06T22:44:53Z
slope,,AN,15,-0.01010786320139545,0.01,2025-12-06T22:44:53Z
slope,,AN,16,-0.008612541134784713,0.01,2025-12-06T22:44:53Z
slope,,AN,17,-0.015954594962789725,0.01,2025-12-06T22:44:54Z
slope,,AN,18,-0.007628367828214966,0.01,2025-12-06T22:44:54Z
slope,,AN,19,-0.021843611451844103,0.01,2025-12-06T22:44:54Z
slope,,AN,20,-0.008242451490833469,0.01,2025-12-06T22:44:55Z
slope,,AN,21,-0.021602467742498743,0.01,2025-12-06T22:44:55Z
slope,,AN,22,-0.007233834590843369,0.01,2025-12-06T22:44:56Z
slope,,AN,23,-0.017503309803821643,0.01,2025-12-06T22:44:56Z
slope,,AN,24,-0.013111829835829591,0.01,2025-12-06T22:44:56Z
slope,,AN,25,-0.015191480348568764,0.01,2025-12-06T22:44:57Z
slope,,AN,26,0.008990030845380859,0.01,2025-12-06T22:44:57Z
slope,,AN,27,-0.014281382812634247,0.01,2025-12-06T22:44:58Z
slope,,AN,28,-0.01022407618292509,0.01,2025-12-06T22:44:58Z
slope,,AN,29,8.515289720247843e-4,0.01,2025-12-06T22:44:58Z
slope,,AN,30,-0.0029722879578376604,0.01,2025-12-06T22:44:59Z
slope,,AN,31,-0.018062699850997288,0.01,2025-12-06T22:44:59Z
slope,,AN,32,0.01757830224514656,0.01,2025-12-06T22:45:00Z
slope,,AN,33,3.2788481941903314e-4,0.01,2025-12-06T22:45:00Z
slope,,AN,34,3.737701963663076e-4,0.01,2025-12-06T22:45:00Z
slope,,AN,35,-0.010355374335315304,0.01,2025-12-06T22:45:01Z
slope,,AN,36,-0.016341593789197528,0.01,2025-12-06T22:45:01Z
slope,,AN,37,-0.0048507128706486435,0.01,2025-12-06T22:45:02Z
slope,,AN,38,-0.004544818227970593,0.01,2025-12-06T22:45:02Z
slope,,AN,39,-5.995610746954982e-4,0.01,2025-12-06T22:45:02Z
slope,,AN,40,-0.004427936112524455,0.01,2025-12-06T22:45:03Z
slope,,AN,41,0.004835370310647846,0.01,2025-12-06T22:45:03Z
slope,,AN,42,-0.015361556488406425,0.01,2025-12-06T22:45:04Z
slope,,AN,43,-0.005732169121351327,0.01,2025-12-06T22:45:04Z
slope,,AN,44,-0.002523003158400039,0.01,2025-12-06T22:45:05Z
slope,,AN,45,-0.008517445938261647,0.01,2025-12-06T22:45:05Z
slope,,AN,46,-0.011748038817655626,0.01,2025-12-06T22:45:06Z
slope,,AN,47,-0.007147429380275794,0.01,2025-12-06T22:45:06Z
slope,,AN,48,0.005532116738194093,0.01,2025-12-06T22:45:07Z
slope,,AN,49,-0.017002765577679102,0.01,2025-12-06T22:45:07Z
slope,,AN,50,-0.015016375820027572,0.01,2025-12-06T22:45:07Z
slope,,AN,51,-0.010443508321634765,0.01,2025-12-06T22:45:08Z
slope,,AN,52,-0.008004688464292586,0.01,2025-12-06T22:45:09Z
slope,,AN,53,-0.01053439799714806,0.01,2025-12-06T22:45:09Z
slope,,AN,54,-0.01681002765249784,0.01,2025-12-06T22:45:10Z
slope,,AN,55,-0.009035761717583024,0.01,2025-12-06T22:45:10Z
slope,,AN,56,-0.009575890283426869,0.01,2025-12-06T22:45:11Z
slope,,AN,57,0.0029189836828115157,0.01,2025-12-06T22:45:11Z
slope,,AN,58,2.6005749669788525e-4,0.01,2025-12-06T22:45:12Z
slope,,AN,59,-0.009429140670144998,0.01,2025-12-06T22:45:12Z
slope,,AN,60,-0.006020683527124926,0.01,2025-12-06T22:45:13Z
slope,,AN,61,-0.0160188466914587,0.01,2025-12-06T22:45:13Z
slope,,AN,62,-0.00839723752770094,0.01,2025-12-06T22:45:14Z
slope,,AN,63,0.008330675160498235,0.01,2025-12-06T22:45:14Z
slope,,AN,64,-0.015299547150145365,0.01,2025-12-06T22:45:14Z
slope,,AN,65,-0.006741220450317886,0.01,2025-12-06T22:45:15Z
slope,,AN,66,-0.01614315887421125,0.01,2025-12-06T22:45:15Z
slope,,AN,67,-0.01364659590253714,0.01,2025-12-06T22:45:16Z
slope,,AN,68,-0.0015387946224241222,0.01,2025-12-06T22:45:16Z
slope,,AN,69,-0.0073199694867106535,0.01,2025-12-06T22:45:16Z
slope,,AN,70,-0.010058584069010723,0.01,2025-12-06T22:45:17Z
slope,,AN,71,-0.015761362709644122,0.01,2025-12-06T22:45:17Z
slope,,AN,72,-0.005961711836517725,0.01,2025-12-06T22:45:18Z
slope,,AN,73,-0.01591325358508544,0.01,2025-12-06T22:45:18Z
slope,,AN,74,-0.0022573178661001725,0.01,2025-12-06T22:45:18Z
slope,,AN,75,-0.008591840744744506,0.01,2025-12-06T22:45:19Z
slope,,AN,76,-0.004046263687439433,0.01,2025-12-06T22:45:19Z
slope,,AN,77,-0.013642992300320844,0.01,2025-12-06T22:45:19Z
slope,,AN,78,-0.0074079783224330065,0.01,2025-12-06T22:45:20Z
slope,,AN,79,-0.010954334417274891,0.01,2025-12-06T22:45:20Z
slope,,AN,80,-0.006769109893276615,0.01,2025-12-06T22:45:21Z
slope,,AN,81,-0.011280770507438698,0.01,2025-12-06T22:45:21Z
slope,,AN,82,0.002241582544591725,0.01,2025-12-06T22:45:21Z
slope,,AN,83,-0.004050083779529423,0.01,2025-12-06T22:45:21Z
slope,,AN,84,-0.01221609344251462,0.01,2025-12-06T22:45:22Z
slope,,AN,85,0.004802574130237325,0.01,2025-12-06T22:45:22Z
slope,,AN,86,-0.010015693512712143,0.01,2025-12-06T22:45:23Z
slope,,AN,87,-0.002321299241195285,0.01,2025-12-06T22:45:23Z
slope,,AN,88,-0.004887522728512561,0.01,2025-12-06T22:45:23Z
slope,,AN,89,-0.012766831314250382,0.01,2025-12-06T22:45:24Z
slope,,AN,90,-0.014469674164496071,0.01,2025-12-06T22:45:24Z
slope,,AN,91,-0.016698540838156695,0.01,2025-12-06T22:45:24Z
slope,,AN,92,-4.143169413998171e-4,0.01,2025-12-06T22:45:25Z
slope,,AN,93,-0.0012968922910404634,0.01,2025-12-06T22:45:25Z
slope,,AN,94,-0.012945516265320811,0.01,2025-12-06T22:45:25Z
slope,,AN,95,-0.004581637609573086,0.01,2025-12-06T22:45:26Z
slope,,AN,96,-0.018694838578727557,0.01,2025-12-06T22:45:26Z
slope,,AN,97,-0.007085250778096963,0.01,2025-12-06T22:45:27Z
slope,,AN,98,-0.0039011067239067554,0.01,2025-12-06T22:45:27Z
slope,,AN,99,-0.005953549768385025,0.01,2025-12-06T22:45:28Z
slope,,AN,100,-0.016073711516108924,0.01,2025-12-06T22:45:28Z
slope,,AN-s,1,0.00569840883898709,0.01,2025-12-06T22:45:28Z
slope,,AN-s,2,-0.002631216842505557,0.01,2025-12-06T22:45:29Z
slope,,AN-s,3,-0.008891656365865752,0.01,2025-12-06T22:45:29Z
slope,,AN-s,4,1.1850933644763639e-4,0.01,2025-12-06T22:45:30Z
slope,,AN-s,5,-5.24026137165956e-4,0.01,2025-12-06T22:45:30Z
slope,,AN-s,6,-0.002893888721265614,0.01,2025-12-06T22:45:31Z
slope,,AN-s,7,-0.00616492528862056,0.01,2025-12-06T22:45:31Z
slope,,AN-s,8,-0.014046987958537316,0.01,2025-12-06T22:45:31Z
slope,,AN-s,9,-0.0035439273175471575,0.01,2025-12-06T22:45:32Z
slope,,AN-s,10,-0.00440621339771996,0.01,2025-12-06T22:45:32Z
slope,,AN-s,11,-0.00241011114190115,0.01,2025-12-06T22:45:32Z
slope,,AN-s,12,-0.007824539889154658,0.01,2025-12-06T22:45:33Z
slope,,AN-s,13,5.637887498306515e-4,0.01,2025-12-06T22:45:33Z
slope,,AN-s,14,-0.006390596161618967,0.01,2025-12-06T22:45:33Z
slope,,AN-s,15,-0.009891576046281436,0.01,2025-12-06T22:45:34Z
slope,,AN-s,16,-0.00582388272706269,0.01,2025-12-06T22:45:34Z
slope,,AN-s,17,0.005744105336902505,0.01,2025-12-06T22:45:34Z
slope,,AN-s,18,-0.00501930939485562,0.01,2025-12-06T22:45:35Z
slope,,AN-s,19,-0.004412670105404248,0.01,2025-12-06T22:45:35Z
slope,,AN-s,20,-0.0032528456046130305,0.01,2025-12-06T22:45:36Z
slope,,AN-s,21,-0.00768228676203353,0.01,2025-12-06T22:45:36Z
slope,,AN-s,22,-0.008362635681966601,0.01,2025-12-06T22:45:37Z
slope,,AN-s,23,-0.017817228899671633,0.01,2025-12-06T22:45:37Z
slope,,AN-s,24,-0.007973928925654072,0.01,2025-12-06T22:45:38Z
slope,,AN-s,25,-2.8811821174090646e-4,0.01,2025-12-06T22:45:38Z
slope,,AN-s,26,-0.0025655219736914203,0.01,2025-12-06T22:45:38Z
slope,,AN-s,27,-0.0018391085615272473,0.01,2025-12-06T22:45:39Z
slope,,AN-s,28,0.00942282591117194,0.01,2025-12-06T22:45:39Z
slope,,AN-s,29,-0.009867063416906241,0.01,2025-12-06T22:45:40Z
slope,,AN-s,30,-0.014496297833352934,0.01,2025-12-06T22:45:40Z
slope,,AN-s,31,-0.002030192690879895,0.01,2025-12-06T22:45:41Z
slope,,AN-s,32,-0.004995875069340072,0.01,2025-12-06T22:45:41Z
slope,,AN-s,33,0.0036383339297336725,0.01,2025-12-06T22:45:41Z
slope,,AN-s,34,-7.430400538706028e-4,0.01,2025-12-06T22:45:42Z
slope,,AN-s,35,-0.016930252393541623,0.01,2025-12-06T22:45:42Z
slope,,AN-s,36,0.007379159473139829,0.01,2025-12-06T22:45:42Z
slope,,AN-s,37,-0.008430330775883066,0.01,2025-12-06T22:45:43Z
slope,,AN-s,38,-0.004343592420619102,0.01,2025-12-06T22:45:43Z
slope,,AN-s,39,-0.0074141693645563,0.01,2025-12-06T22:45:44Z
slope,,AN-s,40,0.01341330351440928,0.01,2025-12-06T22:45:44Z
slope,,AN-s,41,-0.01791658045333888,0.01,2025-12-06T22:45:44Z
slope,,AN-s,42,-0.010285489074011611,0.01,2025-12-06T22:45:45Z
slope,,AN-s,43,0.010793037431013452,0.01,2025-12-06T22:45:45Z
slope,,AN-s,44,-0.001102966967542307,0.01,2025-12-06T22:45:46Z
slope,,AN-s,45,-0.01817011476374697,0.01,2025-12-06T22:45:46Z
slope,,AN-s,46,0.0029190400344962786,0.01,2025-12-06T22:45:47Z
slope,,AN-s,47,7.594513509014966e-4,0.01,2025-12-06T22:45:47Z
slope,,AN-s,48,-0.0030683210345040512,0.01,2025-12-06T22:45:47Z
slope,,AN-s,49,0.00398677058135799,0.01,2025-12-06T22:45:48Z
slope,,AN-s,50,-0.004342601114204148,0.01,2025-12-06T22:45:48Z
slope,,AN-s,51,1.7642535369621903e-5,0.01,2025-12-06T22:45:48Z
slope,,AN-s,52,0.007028778663714541,0.01,2025-12-06T22:45:49Z
slope,,AN-s,53,0.0036300838473962704,0.01,2025-12-06T22:45:49Z
slope,,AN-s,54,-0.0037831148901913414,0.01,2025-12-06T22:45:50Z
slope,,AN-s,55,-0.011809217941726624,0.01,2025-12-06T22:45:50Z
slope,,AN-s,56,-0.014415937726194539,0.01,2025-12-06T22:45:50Z
slope,,AN-s,57,-0.001544321453651798,0.01,2025-12-06T22:45:51Z
slope,,AN-s,58,-0.0026466566104530465,0.01,2025-12-06T22:45:51Z
slope,,AN-s,59,0.010071087422376612,0.01,2025-12-06T22:45:51Z
slope,,AN-s,60,0.010374179059495447,0.01,2025-12-06T22:45:52Z
slope,,AN-s,61,-0.009835234590951925,0.01,2025-12-06T22:45:52Z
slope,,AN-s,62,-0.012207462300867666,0.01,2025-12-06T22:45:52Z
slope,,AN-s,63,0.008682293552956688,0.01,2025-12-06T22:45:53Z
slope,,AN-s,64,-0.0028639399686459788,0.01,2025-12-06T22:45:53Z
slope,,AN-s,65,-0.014612924692242069,0.01,2025-12-06T22:45:53Z
slope,,AN-s,66,-0.00979754875638672,0.01,2025-12-06T22:45:54Z
slope,,AN-s,67,-0.0030599920332302633,0.01,2025-12-06T22:45:54Z
slope,,AN-s,68,-0.01526919140402827,0.01,2025-12-06T22:45:54Z
slope,,AN-s,69,-0.008468279701201342,0.01,2025-12-06T22:45:55Z
slope,,AN-s,70,-0.001104518526437448,0.01,2025-12-06T22:45:55Z
slope,,AN-s,71,0.003046755684471547,0.01,2025-12-06T22:45:55Z
slope,,AN-s,72,0.003971006878729533,0.01,2025-12-06T22:45:56Z
slope,,AN-s,73,-0.01863303202061628,0.01,2025-12-06T22:45:56Z
slope,,AN-s,74,-0.007443645070884797,0.01,2025-12-06T22:45:56Z
slope,,AN-s,75,-0.005046291614435261,0.01,2025-12-06T22:45:57Z
slope,,AN-s,76,-0.004560092618362099,0.01,2025-12-06T22:45:57Z
slope,,AN-s,77,0.0022301825290531596,0.01,2025-12-06T22:45:58Z
slope,,AN-s,78,-0.002477312714221691,0.01,2025-12-06T22:45:58Z
slope,,AN-s,79,0.0028290096197132186,0.01,2025-12-06T22:45:58Z
slope,,AN-s,80,-0.008908722312894302,0.01,2025-12-06T22:45:59Z
slope,,AN-s,81,0.003761275367496708,0.01,2025-12-06T22:45:59Z
slope,,AN-s,82,-0.009071862250662255,0.01,2025-12-06T22:46:00Z
slope,,AN-s,83,-0.002070876656555587,0.01,2025-12-06T22:46:00Z
slope,,AN-s,84,0.0029969492173171908,0.01,2025-12-06T22:46:00Z
slope,,AN-s,85,-0.0023563599537711477,0.01,2025-12-06T22:46:01Z
slope,,AN-s,86,-0.01587812898557872,0.01,2025-12-06T22:46:01Z
slope,,AN-s,87,-0.0066441013687480455,0.01,2025-12-06T22:46:01Z
slope,,AN-s,88,-0.0049161142860850715,0.01,2025-12-06T22:46:02Z
slope,,AN-s,89,0.0016747715339341385,0.01,2025-12-06T22:46:02Z
slope,,AN-s,90,-0.006293909350860938,0.01,2025-12-06T22:46:02Z
slope,,AN-s,91,0.003315836000154171,0.01,2025-12-06T22:46:03Z
slope,,AN-s,92,-0.010723375951490755,0.01,2025-12-06T22:46:03Z
slope,,AN-s,93,-0.014526098186917413,0.01,2025-12-06T22:46:03Z
slope,,AN-s,94,-0.0033014839365145265,0.01,2025-12-06T22:46:04Z
slope,,AN-s,95,0.006714566911541819,0.01,2025-12-06T22:46:04Z
slope,,AN-s,96,-0.016340872041568755,0.01,2025-12-06T22:46:04Z
slope,,AN-s,97,0.007191214934527568,0.01,2025-12-06T22:46:05Z
slope,,AN-s,98,-0.0046123660496313335,0.01,2025-12-06T22:46:05Z
slope,,AN-s,99,-0.007089243718060745,0.01,2025-12-06T22:46:06Z
slope,,AN-s,100,-0.0029092950182884048,0.01,2025-12-06T22:46:06Z
slope,,LS,1,-0.008045374968187358,0.01,2025-12-06T22:46:06Z
slope,,LS,2,-0.002978673488984951,0.01,2025-12-06T22:46:07Z
slope,,LS,3,-0.010724446245607866,0.01,2025-12-06T22:46:07Z
slope,,LS,4,-3.966778532408233e-4,0.01,2025-12-06T22:46:07Z
slope,,LS,5,-0.003982634461154433,0.01,2025-12-06T22:46:08Z
slope,,LS,6,-0.014058038924830374,0.01,2025-12-06T22:46:08Z
slope,,LS,7,-0.009054651019411497,0.01,2025-12-06T22:46:08Z
slope,,LS,8,-0.00417020873375773,0.01,2025-12-06T22:46:09Z
slope,,LS,9,-0.00647521774626203,0.01,2025-12-06T22:46:09Z
slope,,LS,10,-0.012932925965249309,0.01,2025-12-06T22:46:09Z
slope,,LS,11,3.824358100767977e-5,0.01,2025-12-06T22:46:10Z
slope,,LS,12,-0.00564526615762817,0.01,2025-12-06T22:46:10Z
slope,,LS,13,-0.0015431288117172537,0.01,2025-12-06T22:46:11Z
slope,,LS,14,-0.010018349465595433,0.01,2025-12-06T22:46:11Z
slope,,LS,15,-6.284408767183169e-4,0.01,2025-12-06T22:46:11Z
slope,,LS,16,-0.011042517420495668,0.01,2025-12-06T22:46:12Z
slope,,LS,17,-0.0032034087378390863,0.01,2025-12-06T22:46:12Z
slope,,LS,18,0.001424056973825416,0.01,2025-12-06T22:46:12Z
slope,,LS,19,-0.010881584950445,0.01,2025-12-06T22:46:13Z
slope,,LS,20,-0.006388607367803889,0.01,2025-12-06T22:46:13Z
slope,,LS,21,0.004097829201644143,0.01,2025-12-06T22:46:14Z
slope,,LS,22,-0.011901864391807404,0.01,2025-12-06T22:46:14Z
slope,,LS,23,-0.006310877801470438,0.01,2025-12-06T22:46:14Z
slope,,LS,24,-0.011288880489596864,0.01,2025-12-06T22:46:15Z
slope,,LS,25,-9.334278385189076e-4,0.01,2025-12-06T22:46:15Z
slope,,LS,26,-0.01583964896434309,0.01,2025-12-06T22:46:15Z
slope,,LS,27,-0.0037468886662472833,0.01,2025-12-06T22:46:16Z
slope,,LS,28,-0.007672526081029751,0.01,2025-12-06T22:46:16Z
slope,,LS,29,0.00407350886543667,0.01,2025-12-06T22:46:16Z
slope,,LS,30,-0.004510853500906853,0.01,2025-12-06T22:46:17Z
slope,,LS,31,-0.009289770495976457,0.01,2025-12-06T22:46:17Z
slope,,LS,32,0.0038613525918254066,0.01,2025-12-06T22:46:18Z
slope,,LS,33,-0.006493348880562633,0.01,2025-12-06T22:46:18Z
slope,,LS,34,-0.007375792706383222,0.01,2025-12-06T22:46:18Z
slope,,LS,35,0.007543485303486364,0.01,2025-12-06T22:46:19Z
slope,,LS,36,1.092099292023807e-4,0.01,2025-12-06T22:46:19Z
slope,,LS,37,-0.009628793774395294,0.01,2025-12-06T22:46:20Z
slope,,LS,38,-0.003335031402142863,0.01,2025-12-06T22:46:20Z
slope,,LS,39,-1.922314491253907e-4,0.01,2025-12-06T22:46:20Z
slope,,LS,40,0.00176561015782839,0.01,2025-12-06T22:46:21Z
slope,,LS,41,-0.002441512398928647,0.01,2025-12-06T22:46:21Z
slope,,LS,42,-0.011305733150285158,0.01,2025-12-06T22:46:21Z
slope,,LS,43,-0.0013572934808512294,0.01,2025-12-06T22:46:22Z
slope,,LS,44,-0.013021067288836008,0.01,2025-12-06T22:46:22Z
slope,,LS,45,-0.009434951394788893,0.01,2025-12-06T22:46:23Z
slope,,LS,46,-0.008538492065100933,0.01,2025-12-06T22:46:23Z
slope,,LS,47,-0.016072486984156753,0.01,2025-12-06T22:46:23Z
slope,,LS,48,-0.015521019467423902,0.01,2025-12-06T22:46:24Z
slope,,LS,49,-0.012047231106759315,0.01,2025-12-06T22:46:24Z
slope,,LS,50,0.008541219422157798,0.01,2025-12-06T22:46:24Z
slope,,LS,51,-0.0036706083192027394,0.01,2025-12-06T22:46:25Z
slope,,LS,52,-0.011005305818378108,0.01,2025-12-06T22:46:25Z
slope,,LS,53,-0.0027857933726559425,0.01,2025-12-06T22:46:26Z
slope,,LS,54,-0.0010765534395802412,0.01,2025-12-06T22:46:26Z
slope,,LS,55,-0.0021479479390864586,0.01,2025-12-06T22:46:26Z
slope,,LS,56,-0.00925339749512566,0.01,2025-12-06T22:46:27Z
slope,,LS,57,-0.004625382345428086,0.01,2025-12-06T22:46:27Z
slope,,LS,58,-0.006405271792935485,0.01,2025-12-06T22:46:28Z
slope,,LS,59,-0.010386217001507991,0.01,2025-12-06T22:46:28Z
slope,,LS,60,0.006814752154373549,0.01,2025-12-06T22:46:28Z
slope,,LS,61,0.002471474316324107,0.01,2025-12-06T22:46:29Z
slope,,LS,62,-0.00669164378871856,0.01,2025-12-06T22:46:29Z
slope,,LS,63,0.007302728984966422,0.01,2025-12-06T22:46:30Z
slope,,LS,64,0.003468420915107462,0.01,2025-12-06T22:46:30Z
slope,,LS,65,-0.015382066607437683,0.01,2025-12-06T22:46:31Z
slope,,LS,66,-0.00754828921286077,0.01,2025-12-06T22:46:31Z
slope,,LS,67,-0.005946788034718931,0.01,2025-12-06T22:46:31Z
slope,,LS,68,-0.01758250014401297,0.01,2025-12-06T22:46:32Z
slope,,LS,69,-0.01216256475128552,0.01,2025-12-06T22:46:32Z
slope,,LS,70,-0.008018435135895507,0.01,2025-12-06T22:46:33Z
slope,,LS,71,-0.013010029451468896,0.01,2025-12-06T22:46:33Z
slope,,LS,72,1.6731255698976266e-4,0.01,2025-12-06T22:46:33Z
slope,,LS,73,-0.0012674796889667883,0.01,2025-12-06T22:46:34Z
slope,,LS,74,-0.006482442247679909,0.01,2025-12-06T22:46:34Z
slope,,LS,75,0.00449365162829396,0.01,2025-12-06T22:46:34Z
slope,,LS,76,-0.006537123391818556,0.01,2025-12-06T22:46:35Z
slope,,LS,77,-0.006727482140278518,0.01,2025-12-06T22:46:35Z
slope,,LS,78,-0.00172577348450198,0.01,2025-12-06T22:46:36Z
slope,,LS,79,-0.011289914334888684,0.01,2025-12-06T22:46:36Z
slope,,LS,80,-0.004961336845273778,0.01,2025-12-06T22:46:37Z
slope,,LS,81,0.0022240283029661967,0.01,2025-12-06T22:46:37Z
slope,,LS,82,-0.0076547392188390795,0.01,2025-12-06T22:46:37Z
slope,,LS,83,-2.883578605495929e-4,0.01,2025-12-06T22:46:38Z
slope,,LS,84,-0.010362102038910526,0.01,2025-12-06T22:46:38Z
slope,,LS,85,-0.004589731377735107,0.01,2025-12-06T22:46:39Z
slope,,LS,86,0.0018876884603367117,0.01,2025-12-06T22:46:39Z
slope,,LS,87,-0.0075616603464309096,0.01,2025-12-06T22:46:39Z
slope,,LS,88,-0.012579603133567208,0.01,2025-12-06T22:46:40Z
slope,,LS,89,-0.004247787932897817,0.01,2025-12-06T22:46:40Z
slope,,LS,90,0.008366636208453793,0.01,2025-12-06T22:46:40Z
slope,,LS,91,0.0016069827169189477,0.01,2025-12-06T22:46:41Z
slope,,LS,92,4.30985196485989e-4,0.01,2025-12-06T22:46:41Z
slope,,LS,93,-0.0031346009137761532,0.01,2025-12-06T22:46:42Z
slope,,LS,94,-0.0013083796100182843,0.01,2025-12-06T22:46:42Z
slope,,LS,95,-0.0038020174923873995,0.01,2025-12-06T22:46:43Z
slope,,LS,96,-0.0013040685812065744,0.01,2025-12-06T22:46:43Z
slope,,LS,97,-0.008593047294872869,0.01,2025-12-06T22:46:44Z
slope,,LS,98,7.211139286467105e-5,0.01,2025-12-06T22:46:44Z
slope,,LS,99,-0.003515067276428918,0.01,2025-12-06T22:46:45Z
slope,,LS,100,-0.01547986139973867,0.01,2025-12-06T22:46:45Z
slope,,LS-s,1,-0.013125696365932416,0.01,2025-12-06T22:46:46Z
slope,,LS-s,2,-0.0030584247074543214,0.01,2025-12-06T22:46:46Z
slope,,LS-s,3,-0.009209442253977351,0.01,2025-12-06T22:46:47Z
slope,,LS-s,4,0.0014486007507836796,0.01,2025-12-06T22:46:47Z
slope,,LS-s,5,-0.011407559420873348,0.01,2025-12-06T22:46:47Z
slope,,LS-s,6,-0.005430527893494852,0.01,2025-12-06T22:46:48Z
slope,,LS-s,7,-0.0034347142672837006,0.01,2025-12-06T22:46:48Z
slope,,LS-s,8,-0.012973909375964654,0.01,2025-12-06T22:46:49Z
slope,,LS-s,9,0.01648140144562893,0.01,2025-12-06T22:46:49Z
slope,,LS-s,10,-0.009170396970829664,0.01,2025-12-06T22:46:50Z
slope,,LS-s,11,0.004443443607647701,0.01,2025-12-06T22:46:50Z
slope,,LS-s,12,0.0010575825913331505,0.01,2025-12-06T22:46:50Z
slope,,LS-s,13,7.600918325358919e-4,0.01,2025-12-06T22:46:51Z
slope,,LS-s,14,-2.854815826820456e-4,0.01,2025-12-06T22:46:51Z
slope,,LS-s,15,-0.00559629329817124,0.01,2025-12-06T22:46:52Z
slope,,LS-s,16,0.0016299832392719926,0.01,2025-12-06T22:46:52Z
slope,,LS-s,17,-0.009655790405930231,0.01,2025-12-06T22:46:53Z
slope,,LS-s,18,-0.013700087920174076,0.01,2025-12-06T22:46:53Z
slope,,LS-s,19,1.8793986175380528e-4,0.01,2025-12-06T22:46:53Z
slope,,LS-s,20,-0.010266570021241317,0.01,2025-12-06T22:46:54Z
slope,,LS-s,21,-0.007993716778605497,0.01,2025-12-06T22:46:54Z
slope,,LS-s,22,0.0023415713924402892,0.01,2025-12-06T22:46:55Z
slope,,LS-s,23,0.003030328466462673,0.01,2025-12-06T22:46:55Z
slope,,LS-s,24,-0.0030415709474963526,0.01,2025-12-06T22:46:56Z
slope,,LS-s,25,-0.009995343407673829,0.01,2025-12-06T22:46:56Z
slope,,LS-s,26,-0.0038067665100882664,0.01,2025-12-06T22:46:56Z
slope,,LS-s,27,-0.009266550174667265,0.01,2025-12-06T22:46:57Z
slope,,LS-s,28,-0.008739862988488944,0.01,2025-12-06T22:46:57Z
slope,,LS-s,29,-0.010961053255225006,0.01,2025-12-06T22:46:58Z
slope,,LS-s,30,0.004865823687457471,0.01,2025-12-06T22:46:58Z
slope,,LS-s,31,-0.0189920077674558,0.01,2025-12-06T22:46:59Z
slope,,LS-s,32,-0.00269341925264055,0.01,2025-12-06T22:46:59Z
slope,,LS-s,33,-0.012324177276731851,0.01,2025-12-06T22:47:00Z
slope,,LS-s,34,-0.005625134760905204,0.01,2025-12-06T22:47:00Z
slope,,LS-s,35,-0.006836343725986294,0.01,2025-12-06T22:47:01Z
slope,,LS-s,36,5.795229993773576e-4,0.01,2025-12-06T22:47:01Z
slope,,LS-s,37,-0.015651016473375856,0.01,2025-12-06T22:47:01Z
slope,,LS-s,38,-0.0066746841080614905,0.01,2025-12-06T22:47:02Z
slope,,LS-s,39,-0.007251486196421131,0.01,2025-12-06T22:47:02Z
slope,,LS-s,40,-0.007149545584610784,0.01,2025-12-06T22:47:03Z
slope,,LS-s,41,-0.015402651833017034,0.01,2025-12-06T22:47:03Z
slope,,LS-s,42,-0.005927488366084921,0.01,2025-12-06T22:47:04Z
slope,,LS-s,43,-0.002782464405325591,0.01,2025-12-06T22:47:04Z
slope,,LS-s,44,-0.008883190751324377,0.01,2025-12-06T22:47:04Z
slope,,LS-s,45,-0.017768187701762583,0.01,2025-12-06T22:47:05Z
slope,,LS-s,46,-0.0068368874741391306,0.01,2025-12-06T22:47:05Z
slope,,LS-s,47,-0.008511054730816037,0.01,2025-12-06T22:47:06Z
slope,,LS-s,48,-0.014108856072072684,0.01,2025-12-06T22:47:06Z
slope,,LS-s,49,2.5345344270499837e-4,0.01,2025-12-06T22:47:07Z
slope,,LS-s,50,-0.013392269839774595,0.01,2025-12-06T22:47:07Z
slope,,LS-s,51,-0.0022954818630184226,0.01,2025-12-06T22:47:07Z
slope,,LS-s,52,-0.004459723549043004,0.01,2025-12-06T22:47:08Z
slope,,LS-s,53,-0.007532443306456971,0.01,2025-12-06T22:47:08Z
slope,,LS-s,54,-6.5730284396881e-4,0.01,2025-12-06T22:47:08Z
slope,,LS-s,55,-0.016525641275780822,0.01,2025-12-06T22:47:09Z
slope,,LS-s,56,-0.003459119890425799,0.01,2025-12-06T22:47:09Z
slope,,LS-s,57,-0.009296904532215544,0.01,2025-12-06T22:47:10Z
slope,,LS-s,58,-0.013320607651616467,0.01,2025-12-06T22:47:10Z
slope,,LS-s,59,-0.001330110733656964,0.01,2025-12-06T22:47:10Z
slope,,LS-s,60,-0.0015591271339603363,0.01,2025-12-06T22:47:11Z
slope,,LS-s,61,-0.008699153678509375,0.01,2025-12-06T22:47:11Z
slope,,LS-s,62,-0.008295728613621378,0.01,2025-12-06T22:47:11Z
slope,,LS-s,63,0.011983162224791233,0.01,2025-12-06T22:47:12Z
slope,,LS-s,64,-0.009484443467199566,0.01,2025-12-06T22:47:12Z
slope,,LS-s,65,-0.009853226427104067,0.01,2025-12-06T22:47:13Z
slope,,LS-s,66,-0.010304578997267666,0.01,2025-12-06T22:47:13Z
slope,,LS-s,67,-0.003225036557660932,0.01,2025-12-06T22:47:13Z
slope,,LS-s,68,-0.0028379455624668593,0.01,2025-12-06T22:47:14Z
slope,,LS-s,69,-0.015546633197656479,0.01,2025-12-06T22:47:14Z
slope,,LS-s,70,-0.012218996290005113,0.01,2025-12-06T22:47:15Z
slope,,LS-s,71,-0.005424789413204456,0.01,2025-12-06T22:47:15Z
slope,,LS-s,72,-0.007538244663382265,0.01,2025-12-06T22:47:15Z
slope,,LS-s,73,-0.00923079520958836,0.01,2025-12-06T22:47:16Z
slope,,LS-s,74,-0.010548072061566494,0.01,2025-12-06T22:47:16Z
slope,,LS-s,75,-0.009669952770607226,0.01,2025-12-06T22:47:17Z
slope,,LS-s,76,-0.013375840789549454,0.01,2025-12-06T22:47:17Z
slope,,LS-s,77,-0.004443750862297979,0.01,2025-12-06T22:47:18Z
slope,,LS-s,78,-0.010544126343714488,0.01,2025-12-06T22:47:18Z
slope,,LS-s,79,-0.001249799320710454,0.01,2025-12-06T22:47:18Z
slope,,LS-s,80,-0.0035166050210635458,0.01,2025-12-06T22:47:19Z
slope,,LS-s,81,-6.511182011768035e-4,0.01,2025-12-06T22:47:19Z
slope,,LS-s,82,-0.0014554335641363547,0.01,2025-12-06T22:47:19Z
slope,,LS-s,83,-0.01061658209610794,0.01,2025-12-06T22:47:20Z
slope,,LS-s,84,-0.006878711349334599,0.01,2025-12-06T22:47:20Z
slope,,LS-s,85,-0.009439351958243969,0.01,2025-12-06T22:47:20Z
slope,,LS-s,86,-0.004953244947639601,0.01,2025-12-06T22:47:21Z
slope,,LS-s,87,-0.011921152014094827,0.01,2025-12-06T22:47:21Z
slope,,LS-s,88,0.018000950973278584,0.01,2025-12-06T22:47:22Z
slope,,LS-s,89,-0.014574243064600423,0.01,2025-12-06T22:47:22Z
slope,,LS-s,90,-0.006320062469430954,0.01,2025-12-06T22:47:23Z
slope,,LS-s,91,-0.005502704399255487,0.01,2025-12-06T22:47:23Z
slope,,LS-s,92,-0.006749431884898072,0.01,2025-12-06T22:47:23Z
slope,,LS-s,93,0.015853600374571397,0.01,2025-12-06T22:47:24Z
slope,,LS-s,94,-0.0032523568707469863,0.01,2025-12-06T22:47:24Z
slope,,LS-s,95,-0.00501774409045086,0.01,2025-12-06T22:47:25Z
slope,,LS-s,96,-0.005712013847563813,0.01,2025-12-06T22:47:25Z
slope,,LS-s,97,-0.0037422691311209677,0.01,2025-12-06T22:47:25Z
slope,,LS-s,98,0.0013452564388702903,0.01,2025-12-06T22:47:26Z
slope,,LS-s,99,0.0033876903704398442,0.01,2025-12-06T22:47:26Z
slope,,LS-s,100,-0.013678211552752617,0.01,2025-12-06T22:47:26Z
slope,,MN-U,1,-0.007403351397698654,0.01,2025-12-06T22:47:27Z
slope,,MN-U,2,0.001385188309898644,0.01,2025-12-06T22:47:27Z
slope,,MN-U,3,-0.009825869606205018,0.01,2025-12-06T22:47:27Z
slope,,MN-U,4,-0.0016908235879045108,0.01,2025-12-06T22:47:28Z
slope,,MN-U,5,-0.0057042368689960155,0.01,2025-12-06T22:47:28Z
slope,,MN-U,6,-0.00238085352421491,0.01,2025-12-06T22:47:29Z
slope,,MN-U,7,-0.007142327583132713,0.01,2025-12-06T22:47:29Z
slope,,MN-U,8,-0.001977319337696515,0.01,2025-12-06T22:47:29Z
slope,,MN-U,9,1.1032050008330518e-4,0.01,2025-12-06T22:47:30Z
slope,,MN-U,10,-0.006027443287564993,0.01,2025-12-06T22:47:30Z
slope,,MN-U,11,-0.0016425994690414392,0.01,2025-12-06T22:47:31Z
slope,,MN-U,12,-0.004523198522520477,0.01,2025-12-06T22:47:31Z
slope,,MN-U,13,-0.013745211064189355,0.01,2025-12-06T22:47:31Z
slope,,MN-U,14,-0.012434727642188226,0.01,2025-12-06T22:47:32Z
slope,,MN-U,15,-6.849320406188131e-5,0.01,2025-12-06T22:47:32Z
slope,,MN-U,16,-0.0034094282717488378,0.01,2025-12-06T22:47:32Z
slope,,MN-U,17,3.919439624899823e-5,0.01,2025-12-06T22:47:33Z
slope,,MN-U,18,-0.006894462737710549,0.01,2025-12-06T22:47:33Z
slope,,MN-U,19,-0.007799451748366493,0.01,2025-12-06T22:47:34Z
slope,,MN-U,20,-0.008627037351240263,0.01,2025-12-06T22:47:34Z
slope,,MN-U,21,-0.01328834402189194,0.01,2025-12-06T22:47:34Z
slope,,MN-U,22,-0.00818729439326038,0.01,2025-12-06T22:47:35Z
slope,,MN-U,23,4.7431556146149134e-4,0.01,2025-12-06T22:47:35Z
slope,,MN-U,24,-0.0036815823428404393,0.01,2025-12-06T22:47:36Z
slope,,MN-U,25,-0.0018081817822962476,0.01,2025-12-06T22:47:36Z
slope,,MN-U,26,-0.007021333761756621,0.01,2025-12-06T22:47:36Z
slope,,MN-U,27,-0.004737014751794999,0.01,2025-12-06T22:47:37Z
slope,,MN-U,28,-0.0026105478533166027,0.01,2025-12-06T22:47:37Z
slope,,MN-U,29,-0.010517329988322333,0.01,2025-12-06T22:47:37Z
slope,,MN-U,30,-0.01335201311835943,0.01,2025-12-06T22:47:38Z
slope,,MN-U,31,-0.007979350100625782,0.01,2025-12-06T22:47:38Z
slope,,MN-U,32,-0.0031170959698704204,0.01,2025-12-06T22:47:39Z
slope,,MN-U,33,-0.004373279579335421,0.01,2025-12-06T22:47:39Z
slope,,MN-U,34,-0.009551365265442868,0.01,2025-12-06T22:47:39Z
slope,,MN-U,35,-0.006214818260965704,0.01,2025-12-06T22:47:40Z
slope,,MN-U,36,-0.00797297598593516,0.01,2025-12-06T22:47:40Z
slope,,MN-U,37,-0.002276885417973662,0.01,2025-12-06T22:47:40Z
slope,,MN-U,38,6.88279105325873e-4,0.01,2025-12-06T22:47:41Z
slope,,MN-U,39,-0.009264438975611133,0.01,2025-12-06T22:47:41Z
slope,,MN-U,40,-0.008482108044667314,0.01,2025-12-06T22:47:42Z
slope,,MN-U,41,0.003457726003201933,0.01,2025-12-06T22:47:42Z
slope,,MN-U,42,-0.01064741982965145,0.01,2025-12-06T22:47:43Z
slope,,MN-U,43,-0.004945097291534806,0.01,2025-12-06T22:47:43Z
slope,,MN-U,44,-0.008412635405878222,0.01,2025-12-06T22:47:44Z
slope,,MN-U,45,-0.009862055846708628,0.01,2025-12-06T22:47:44Z
slope,,MN-U,46,-0.009177043385671824,0.01,2025-12-06T22:47:44Z
slope,,MN-U,47,-0.007271168842629128,0.01,2025-12-06T22:47:45Z
slope,,MN-U,48,-0.006934489698495416,0.01,2025-12-06T22:47:45Z
slope,,MN-U,49,-0.0069821522805061376,0.01,2025-12-06T22:47:46Z
slope,,MN-U,50,-0.0038222787343059617,0.01,2025-12-06T22:47:46Z
slope,,MN-U,51,-0.004706810752957313,0.01,2025-12-06T22:47:47Z
slope,,MN-U,52,-0.008248068225016114,0.01,2025-12-06T22:47:47Z
slope,,MN-U,53,-0.005834569408773582,0.01,2025-12-06T22:47:47Z
slope,,MN-U,54,-0.00904960772290786,0.01,2025-12-06T22:47:48Z
slope,,MN-U,55,-8.378871200138693e-4,0.01,2025-12-06T22:47:48Z
slope,,MN-U,56,-0.007654129030948864,0.01,2025-12-06T22:47:48Z
slope,,MN-U,57,-0.0026765678673287274,0.01,2025-12-06T22:47:49Z
slope,,MN-U,58,-0.008493489515618236,0.01,2025-12-06T22:47:49Z
slope,,MN-U,59,-0.00953401939297005,0.01,2025-12-06T22:47:50Z
slope,,MN-U,60,-0.0033203231992809945,0.01,2025-12-06T22:47:50Z
slope,,MN-U,61,-0.0044334346132344216,0.01,2025-12-06T22:47:51Z
slope,,MN-U,62,6.361913171737399e-5,0.01,2025-12-06T22:47:51Z
slope,,MN-U,63,-0.00455833697400565,0.01,2025-12-06T22:47:52Z
slope,,MN-U,64,-0.007231543542309149,0.01,2025-12-06T22:47:52Z
slope,,MN-U,65,-0.0014205783042606779,0.01,2025-12-06T22:47:52Z
slope,,MN-U,66,-0.009003318910518088,0.01,2025-12-06T22:47:53Z
slope,,MN-U,67,-0.015750798839655356,0.01,2025-12-06T22:47:53Z
slope,,MN-U,68,-0.003140777275180251,0.01,2025-12-06T22:47:54Z
slope,,MN-U,69,-0.008320098043646973,0.01,2025-12-06T22:47:54Z
slope,,MN-U,70,-0.005021710288714121,0.01,2025-12-06T22:47:55Z
slope,,MN-U,71,-0.002390215412067298,0.01,2025-12-06T22:47:55Z
slope,,MN-U,72,-0.010116329882688957,0.01,2025-12-06T22:47:56Z
slope,,MN-U,73,-0.0043320350748178305,0.01,2025-12-06T22:47:56Z
slope,,MN-U,74,-0.004940931994332987,0.01,2025-12-06T22:47:56Z
slope,,MN-U,75,-0.00529927196001867,0.01,2025-12-06T22:47:57Z
slope,,MN-U,76,-0.004337602119258821,0.01,2025-12-06T22:47:58Z
slope,,MN-U,77,-0.0028216310997668526,0.01,2025-12-06T22:47:58Z
slope,,MN-U,78,-0.007883935588302693,0.01,2025-12-06T22:47:58Z
slope,,MN-U,79,-0.0037589036195808667,0.01,2025-12-06T22:47:59Z
slope,,MN-U,80,-0.0044516035093535855,0.01,2025-12-06T22:47:59Z
slope,,MN-U,81,-0.004260001783232492,0.01,2025-12-06T22:48:00Z
slope,,MN-U,82,-0.006450071906377808,0.01,2025-12-06T22:48:00Z
slope,,MN-U,83,-0.011688544325095918,0.01,2025-12-06T22:48:01Z
slope,,MN-U,84,-0.011197893058922381,0.01,2025-12-06T22:48:01Z
slope,,MN-U,85,-0.0018477594928958396,0.01,2025-12-06T22:48:02Z
slope,,MN-U,86,-0.0036801127460761585,0.01,2025-12-06T22:48:02Z
slope,,MN-U,87,-7.180312839232261e-4,0.01,2025-12-06T22:48:03Z
slope,,MN-U,88,-0.0074448850998680705,0.01,2025-12-06T22:48:03Z
slope,,MN-U,89,-0.007902157474235505,0.01,2025-12-06T22:48:04Z
slope,,MN-U,90,-0.0017232875933641534,0.01,2025-12-06T22:48:04Z
slope,,MN-U,91,-0.003802516818595225,0.01,2025-12-06T22:48:05Z
slope,,MN-U,92,-0.006812894245844525,0.01,2025-12-06T22:48:05Z
slope,,MN-U,93,-0.0035516552494725406,0.01,2025-12-06T22:48:05Z
slope,,MN-U,94,-0.013114228890085289,0.01,2025-12-06T22:48:06Z
slope,,MN-U,95,-0.007875671577401211,0.01,2025-12-06T22:48:06Z
slope,,MN-U,96,-0.005183689825608018,0.01,2025-12-06T22:48:07Z
slope,,MN-U,97,-0.009222038803993637,0.01,2025-12-06T22:48:07Z
slope,,MN-U,98,-0.007666646359958396,0.01,2025-12-06T22:48:08Z
slope,,MN-U,99,-4.065895825778876e-4,0.01,2025-12-06T22:48:08Z
slope,,MN-U,100,-0.005738391527010833,0.01,2025-12-06T22:48:09Z
