method,parameters,dataset,Pair,score,weight,timestamp
bQCD,,AN,1,0.117261338769943,0.01,2025-12-06T14:50:40Z
bQCD,,AN,2,0.0597603317569438,0.01,2025-12-06T14:50:40Z
bQCD,,AN,3,0.0717419283624125,0.01,2025-12-06T14:50:41Z
bQCD,,AN,4,0.151271505011361,0.01,2025-12-06T14:50:41Z
bQCD,,AN,5,0.0674871215063993,0.01,2025-12-06T14:50:42Z
bQCD,,AN,6,0.131564526819825,0.01,2025-12-06T14:50:42Z
bQCD,,AN,7,0.172859312681817,0.01,2025-12-06T14:50:42Z
bQCD,,AN,8,0.0796320287021778,0.01,2025-12-06T14:50:43Z
bQCD,,AN,9,0.0245417522423001,0.01,2025-12-06T14:50:43Z
bQCD,,AN,10,0.0396691436886298,0.01,2025-12-06T14:50:43Z
bQCD,,AN,11,0.0304904438222264,0.01,2025-12-06T14:50:44Z
bQCD,,AN,12,0.0372794518068344,0.01,2025-12-06T14:50:44Z
bQCD,,AN,13,0.0695664568482714,0.01,2025-12-06T14:50:44Z
bQCD,,AN,14,0.103714864807576,0.01,2025-12-06T14:50:45Z
bQCD,,AN,15,0.0746856211977344,0.01,2025-12-06T14:50:45Z
bQCD,,AN,16,0.127391509253769,0.01,2025-12-06T14:50:46Z
bQCD,,AN,17,0.16271146179468,0.01,2025-12-06T14:50:46Z
bQCD,,AN,18,0.0044042933534123,0.01,2025-12-06T14:50:46Z
bQCD,,AN,19,0.0866179490427555,0.01,2025-12-06T14:50:47Z
bQCD,,AN,20,0.150773516936414,0.01,2025-12-06T14:50:47Z
bQCD,,AN,21,0.0684018840963128,0.01,2025-12-06T14:50:48Z
bQCD,,AN,22,0.0372193537748714,0.01,2025-12-06T14:50:48Z
bQCD,,AN,23,0.0299065728932104,0.01,2025-12-06T14:50:48Z
bQCD,,AN,24,0.0322486671204269,0.01,2025-12-06T14:50:49Z
bQCD,,AN,25,0.109581881047254,0.01,2025-12-06T14:50:49Z
bQCD,,AN,26,0.0836085133504886,0.01,2025-12-06T14:50:50Z
bQCD,,AN,27,0.0785211616913498,0.01,2025-12-06T14:50:50Z
bQCD,,AN,28,0.0100304171703843,0.01,2025-12-06T14:50:51Z
bQCD,,AN,29,0.0335210598020917,0.01,2025-12-06T14:50:51Z
bQCD,,AN,30,0.0790792543002825,0.01,2025-12-06T14:50:51Z
bQCD,,AN,31,0.0851166101501826,0.01,2025-12-06T14:50:52Z
bQCD,,AN,32,0.0775661479301997,0.01,2025-12-06T14:50:52Z
bQCD,,AN,33,0.108995694904885,0.01,2025-12-06T14:50:52Z
bQCD,,AN,34,0.0969028351247565,0.01,2025-12-06T14:50:53Z
bQCD,,AN,35,0.186513163181283,0.01,2025-12-06T14:50:53Z
bQCD,,AN,36,0.0634562483712859,0.01,2025-12-06T14:50:54Z
bQCD,,AN,37,0.0207009540527437,0.01,2025-12-06T14:50:54Z
bQCD,,AN,38,0.022049120635142,0.01,2025-12-06T14:50:54Z
bQCD,,AN,39,0.0978528247397995,0.01,2025-12-06T14:50:55Z
bQCD,,AN,40,0.017535345415174,0.01,2025-12-06T14:50:55Z
bQCD,,AN,41,0.081132214499501,0.01,2025-12-06T14:50:55Z
bQCD,,AN,42,0.0720380780029893,0.01,2025-12-06T14:50:56Z
bQCD,,AN,43,0.0606664140629971,0.01,2025-12-06T14:50:56Z
bQCD,,AN,44,0.091423586743506,0.01,2025-12-06T14:50:56Z
bQCD,,AN,45,0.0816006848871441,0.01,2025-12-06T14:50:57Z
bQCD,,AN,46,0.158220055060984,0.01,2025-12-06T14:50:57Z
bQCD,,AN,47,0.0870796575197142,0.01,2025-12-06T14:50:58Z
bQCD,,AN,48,0.0679989720248415,0.01,2025-12-06T14:50:58Z
bQCD,,AN,49,0.0248463175248107,0.01,2025-12-06T14:50:58Z
bQCD,,AN,50,0.0547599557526725,0.01,2025-12-06T14:50:59Z
bQCD,,AN,51,0.189240677517029,0.01,2025-12-06T14:50:59Z
bQCD,,AN,52,0.113849957413992,0.01,2025-12-06T14:50:59Z
bQCD,,AN,53,0.206016267775171,0.01,2025-12-06T14:51:00Z
bQCD,,AN,54,0.125231643436481,0.01,2025-12-06T14:51:00Z
bQCD,,AN,55,0.193290727969162,0.01,2025-12-06T14:51:00Z
bQCD,,AN,56,0.0944736394392753,0.01,2025-12-06T14:51:01Z
bQCD,,AN,57,0.0721634584129403,0.01,2025-12-06T14:51:01Z
bQCD,,AN,58,0.0591378104615587,0.01,2025-12-06T14:51:02Z
bQCD,,AN,59,0.0166929789054305,0.01,2025-12-06T14:51:02Z
bQCD,,AN,60,0.132362270450883,0.01,2025-12-06T14:51:02Z
bQCD,,AN,61,0.0115105777913084,0.01,2025-12-06T14:51:03Z
bQCD,,AN,62,0.130532452572534,0.01,2025-12-06T14:51:03Z
bQCD,,AN,63,0.0889053607302358,0.01,2025-12-06T14:51:03Z
bQCD,,AN,64,0.135030974933268,0.01,2025-12-06T14:51:04Z
bQCD,,AN,65,0.164235125894053,0.01,2025-12-06T14:51:04Z
bQCD,,AN,66,0.142000709580056,0.01,2025-12-06T14:51:05Z
bQCD,,AN,67,0.0917218232645598,0.01,2025-12-06T14:51:05Z
bQCD,,AN,68,0.128846984655455,0.01,2025-12-06T14:51:06Z
bQCD,,AN,69,0.107929871028304,0.01,2025-12-06T14:51:06Z
bQCD,,AN,70,0.0896207399915562,0.01,2025-12-06T14:51:06Z
bQCD,,AN,71,0.190233700443852,0.01,2025-12-06T14:51:07Z
bQCD,,AN,72,0.137236977677923,0.01,2025-12-06T14:51:07Z
bQCD,,AN,73,0.141862196876644,0.01,2025-12-06T14:51:07Z
bQCD,,AN,74,0.0430766999007894,0.01,2025-12-06T14:51:08Z
bQCD,,AN,75,0.119092299034574,0.01,2025-12-06T14:51:08Z
bQCD,,AN,76,0.0189020530951047,0.01,2025-12-06T14:51:09Z
bQCD,,AN,77,0.0926316266422636,0.01,2025-12-06T14:51:09Z
bQCD,,AN,78,0.0950023495583988,0.01,2025-12-06T14:51:09Z
bQCD,,AN,79,0.161011838653321,0.01,2025-12-06T14:51:10Z
bQCD,,AN,80,0.0572876774934301,0.01,2025-12-06T14:51:10Z
bQCD,,AN,81,0.0473104871212939,0.01,2025-12-06T14:51:10Z
bQCD,,AN,82,0.139819280261112,0.01,2025-12-06T14:51:11Z
bQCD,,AN,83,0.142363268441087,0.01,2025-12-06T14:51:11Z
bQCD,,AN,84,0.0433114375620127,0.01,2025-12-06T14:51:11Z
bQCD,,AN,85,0.0413950871614231,0.01,2025-12-06T14:51:12Z
bQCD,,AN,86,0.0188176156725828,0.01,2025-12-06T14:51:12Z
bQCD,,AN,87,0.102276318499252,0.01,2025-12-06T14:51:13Z
bQCD,,AN,88,0.128079635593181,0.01,2025-12-06T14:51:13Z
bQCD,,AN,89,0.0529973362406254,0.01,2025-12-06T14:51:13Z
bQCD,,AN,90,0.179205575234272,0.01,2025-12-06T14:51:14Z
bQCD,,AN,91,0.126731175978093,0.01,2025-12-06T14:51:14Z
bQCD,,AN,92,0.160387755530145,0.01,2025-12-06T14:51:14Z
bQCD,,AN,93,0.0408518568886266,0.01,2025-12-06T14:51:15Z
bQCD,,AN,94,0.0861615863299106,0.01,2025-12-06T14:51:15Z
bQCD,,AN,95,0.0721440266170472,0.01,2025-12-06T14:51:15Z
bQCD,,AN,96,0.15739474833596,0.01,2025-12-06T14:51:16Z
bQCD,,AN,97,0.051524452044371,0.01,2025-12-06T14:51:16Z
bQCD,,AN,98,0.109678014514558,0.01,2025-12-06T14:51:17Z
bQCD,,AN,99,0.122064541198813,0.01,2025-12-06T14:51:17Z
bQCD,,AN,100,0.0377136399202875,0.01,2025-12-06T14:51:17Z
bQCD,,AN-s,1,0.0007322810630236,0.01,2025-12-06T14:51:18Z
bQCD,,AN-s,2,-0.0018041435394372,0.01,2025-12-06T14:51:18Z
bQCD,,AN-s,3,-0.0002136706415577,0.01,2025-12-06T14:51:19Z
bQCD,,AN-s,4,0.0009979137419048,0.01,2025-12-06T14:51:19Z
bQCD,,AN-s,5,0.0001432360378483,0.01,2025-12-06T14:51:20Z
bQCD,,AN-s,6,0.0047583073894402,0.01,2025-12-06T14:51:20Z
bQCD,,AN-s,7,0.0010498557644733,0.01,2025-12-06T14:51:21Z
bQCD,,AN-s,8,0.002154859280642,0.01,2025-12-06T14:51:21Z
bQCD,,AN-s,9,-0.0014778535991936,0.01,2025-12-06T14:51:21Z
bQCD,,AN-s,10,0.0034822924517768,0.01,2025-12-06T14:51:22Z
bQCD,,AN-s,11,0.0024968500140216,0.01,2025-12-06T14:51:22Z
bQCD,,AN-s,12,-0.0003741105491898,0.01,2025-12-06T14:51:22Z
bQCD,,AN-s,13,0.0023078517684518,0.01,2025-12-06T14:51:23Z
bQCD,,AN-s,14,-0.0010725067002957,0.01,2025-12-06T14:51:23Z
bQCD,,AN-s,15,-0.0008350587664924,0.01,2025-12-06T14:51:24Z
bQCD,,AN-s,16,0.0011356169549332,0.01,2025-12-06T14:51:24Z
bQCD,,AN-s,17,-0.0002767638775453,0.01,2025-12-06T14:51:24Z
bQCD,,AN-s,18,7.6998554655483e-05,0.01,2025-12-06T14:51:25Z
bQCD,,AN-s,19,0.0036168543567579,0.01,2025-12-06T14:51:25Z
bQCD,,AN-s,20,0.0056775834560779,0.01,2025-12-06T14:51:26Z
bQCD,,AN-s,21,0.0012032088410737,0.01,2025-12-06T14:51:26Z
bQCD,,AN-s,22,0.0014771765256269,0.01,2025-12-06T14:51:27Z
bQCD,,AN-s,23,0.0004138581356758,0.01,2025-12-06T14:51:27Z
bQCD,,AN-s,24,0.0005594878200517,0.01,2025-12-06T14:51:27Z
bQCD,,AN-s,25,0.0034509840449719,0.01,2025-12-06T14:51:28Z
bQCD,,AN-s,26,0.0002769824589132,0.01,2025-12-06T14:51:28Z
bQCD,,AN-s,27,0.0019572042168188,0.01,2025-12-06T14:51:29Z
bQCD,,AN-s,28,0.0033408721524987,0.01,2025-12-06T14:51:29Z
bQCD,,AN-s,29,-2.15081387922034e-07,0.01,2025-12-06T14:51:29Z
bQCD,,AN-s,30,-0.0004146468010801,0.01,2025-12-06T14:51:30Z
bQCD,,AN-s,31,0.0023576564981543,0.01,2025-12-06T14:51:30Z
bQCD,,AN-s,32,0.0006251099639809,0.01,2025-12-06T14:51:30Z
bQCD,,AN-s,33,0.0029924787862541,0.01,2025-12-06T14:51:31Z
bQCD,,AN-s,34,0.0035776611001401,0.01,2025-12-06T14:51:31Z
bQCD,,AN-s,35,0.0019072753366159,0.01,2025-12-06T14:51:32Z
bQCD,,AN-s,36,0.0029615202166859,0.01,2025-12-06T14:51:32Z
bQCD,,AN-s,37,0.0016227342995367,0.01,2025-12-06T14:51:32Z
bQCD,,AN-s,38,-5.59834074376209e-06,0.01,2025-12-06T14:51:33Z
bQCD,,AN-s,39,0.0016866469810735,0.01,2025-12-06T14:51:33Z
bQCD,,AN-s,40,-0.0005234839744951,0.01,2025-12-06T14:51:33Z
bQCD,,AN-s,41,0.0004855099614849,0.01,2025-12-06T14:51:34Z
bQCD,,AN-s,42,0.0014528022059525,0.01,2025-12-06T14:51:34Z
bQCD,,AN-s,43,0.0004674375465935,0.01,2025-12-06T14:51:34Z
bQCD,,AN-s,44,0.002053978743329,0.01,2025-12-06T14:51:35Z
bQCD,,AN-s,45,0.0003866233513772,0.01,2025-12-06T14:51:35Z
bQCD,,AN-s,46,0.0019551411959649,0.01,2025-12-06T14:51:36Z
bQCD,,AN-s,47,0.0015784081596145,0.01,2025-12-06T14:51:36Z
bQCD,,AN-s,48,0.0010467946274603,0.01,2025-12-06T14:51:36Z
bQCD,,AN-s,49,0.0008988012883545,0.01,2025-12-06T14:51:37Z
bQCD,,AN-s,50,-0.0017575882157633,0.01,2025-12-06T14:51:37Z
bQCD,,AN-s,51,0.0007243626771169,0.01,2025-12-06T14:51:38Z
bQCD,,AN-s,52,0.0002080895630706,0.01,2025-12-06T14:51:38Z
bQCD,,AN-s,53,0.0006165139198548,0.01,2025-12-06T14:51:38Z
bQCD,,AN-s,54,0.0022902718755387,0.01,2025-12-06T14:51:39Z
bQCD,,AN-s,55,0.0005361680566833,0.01,2025-12-06T14:51:39Z
bQCD,,AN-s,56,-0.0005279196596603,0.01,2025-12-06T14:51:40Z
bQCD,,AN-s,57,0.0001373737563559,0.01,2025-12-06T14:51:40Z
bQCD,,AN-s,58,0.0008849111208973,0.01,2025-12-06T14:51:40Z
bQCD,,AN-s,59,0.001808573643779,0.01,2025-12-06T14:51:41Z
bQCD,,AN-s,60,0.0018375973122184,0.01,2025-12-06T14:51:41Z
bQCD,,AN-s,61,0.0040390191283276,0.01,2025-12-06T14:51:41Z
bQCD,,AN-s,62,0.0014377856928338,0.01,2025-12-06T14:51:42Z
bQCD,,AN-s,63,0.0023041152196324,0.01,2025-12-06T14:51:42Z
bQCD,,AN-s,64,0.0014777312387113,0.01,2025-12-06T14:51:43Z
bQCD,,AN-s,65,0.0007567896534971,0.01,2025-12-06T14:51:43Z
bQCD,,AN-s,66,-0.0009756017199421,0.01,2025-12-06T14:51:43Z
bQCD,,AN-s,67,-3.01258962611684e-05,0.01,2025-12-06T14:51:44Z
bQCD,,AN-s,68,0.0006247579821885,0.01,2025-12-06T14:51:44Z
bQCD,,AN-s,69,0.000555199325415,0.01,2025-12-06T14:51:45Z
bQCD,,AN-s,70,0.0002410508649131,0.01,2025-12-06T14:51:45Z
bQCD,,AN-s,71,0.0025221198156947,0.01,2025-12-06T14:51:45Z
bQCD,,AN-s,72,0.000625845520487,0.01,2025-12-06T14:51:46Z
bQCD,,AN-s,73,-0.0006344093977034,0.01,2025-12-06T14:51:47Z
bQCD,,AN-s,74,0.0022437259017739,0.01,2025-12-06T14:51:47Z
bQCD,,AN-s,75,0.0013452798283339,0.01,2025-12-06T14:51:47Z
bQCD,,AN-s,76,0.0015103686256556,0.01,2025-12-06T14:51:48Z
bQCD,,AN-s,77,0.0028622491420425,0.01,2025-12-06T14:51:48Z
bQCD,,AN-s,78,0.0032450891995996,0.01,2025-12-06T14:51:48Z
bQCD,,AN-s,79,0.0010575729542291,0.01,2025-12-06T14:51:49Z
bQCD,,AN-s,80,0.0005658410910895,0.01,2025-12-06T14:51:49Z
bQCD,,AN-s,81,0.0001918299537874,0.01,2025-12-06T14:51:49Z
bQCD,,AN-s,82,0.0009824631708562,0.01,2025-12-06T14:51:50Z
bQCD,,AN-s,83,0.004259510155535,0.01,2025-12-06T14:51:50Z
bQCD,,AN-s,84,0.0024558261557082,0.01,2025-12-06T14:51:51Z
bQCD,,AN-s,85,0.0008061473942969,0.01,2025-12-06T14:51:51Z
bQCD,,AN-s,86,0.0021815332269555,0.01,2025-12-06T14:51:51Z
bQCD,,AN-s,87,0.0007746184669595,0.01,2025-12-06T14:51:52Z
bQCD,,AN-s,88,0.0013256156882097,0.01,2025-12-06T14:51:52Z
bQCD,,AN-s,89,0.0037176420836397,0.01,2025-12-06T14:51:52Z
bQCD,,AN-s,90,0.0010408358041124,0.01,2025-12-06T14:51:53Z
bQCD,,AN-s,91,0.0064195308441269,0.01,2025-12-06T14:51:53Z
bQCD,,AN-s,92,-0.0006053290377919,0.01,2025-12-06T14:51:53Z
bQCD,,AN-s,93,0.0010068279654414,0.01,2025-12-06T14:51:54Z
bQCD,,AN-s,94,0.0004118242171836,0.01,2025-12-06T14:51:54Z
bQCD,,AN-s,95,0.0046324484430446,0.01,2025-12-06T14:51:55Z
bQCD,,AN-s,96,0.0009472828942092,0.01,2025-12-06T14:51:55Z
bQCD,,AN-s,97,0.0011562709600916,0.01,2025-12-06T14:51:55Z
bQCD,,AN-s,98,0.0004373712814482,0.01,2025-12-06T14:51:56Z
bQCD,,AN-s,99,0.0024342701444588,0.01,2025-12-06T14:51:56Z
bQCD,,AN-s,100,0.0009328706094493,0.01,2025-12-06T14:51:57Z
bQCD,,LS,1,0.0762231832553523,0.01,2025-12-06T14:51:57Z
bQCD,,LS,2,0.0595064000511418,0.01,2025-12-06T14:51:57Z
bQCD,,LS,3,0.192586744946921,0.01,2025-12-06T14:51:58Z
bQCD,,LS,4,0.097273482809716,0.01,2025-12-06T14:51:58Z
bQCD,,LS,5,0.169499336572282,0.01,2025-12-06T14:51:58Z
bQCD,,LS,6,0.0455330130952464,0.01,2025-12-06T14:51:59Z
bQCD,,LS,7,0.0900932909446294,0.01,2025-12-06T14:51:59Z
bQCD,,LS,8,0.106939778603289,0.01,2025-12-06T14:52:00Z
bQCD,,LS,9,0.125818895155423,0.01,2025-12-06T14:52:00Z
bQCD,,LS,10,0.121984122570391,0.01,2025-12-06T14:52:00Z
bQCD,,LS,11,0.138832382171457,0.01,2025-12-06T14:52:01Z
bQCD,,LS,12,0.147960456813477,0.01,2025-12-06T14:52:01Z
bQCD,,LS,13,0.0121264995998829,0.01,2025-12-06T14:52:02Z
bQCD,,LS,14,0.054735253391317,0.01,2025-12-06T14:52:02Z
bQCD,,LS,15,0.0195615596487783,0.01,2025-12-06T14:52:03Z
bQCD,,LS,16,0.101914025587887,0.01,2025-12-06T14:52:03Z
bQCD,,LS,17,0.0782145114401702,0.01,2025-12-06T14:52:03Z
bQCD,,LS,18,0.0225349524315536,0.01,2025-12-06T14:52:04Z
bQCD,,LS,19,0.0960180517943198,0.01,2025-12-06T14:52:04Z
bQCD,,LS,20,0.0326675162834098,0.01,2025-12-06T14:52:04Z
bQCD,,LS,21,0.112903849550173,0.01,2025-12-06T14:52:05Z
bQCD,,LS,22,0.0812456368914156,0.01,2025-12-06T14:52:05Z
bQCD,,LS,23,0.0373123432417233,0.01,2025-12-06T14:52:06Z
bQCD,,LS,24,0.191271996293162,0.01,2025-12-06T14:52:06Z
bQCD,,LS,25,0.0695860140391761,0.01,2025-12-06T14:52:06Z
bQCD,,LS,26,0.124874200824568,0.01,2025-12-06T14:52:07Z
bQCD,,LS,27,0.121176645113019,0.01,2025-12-06T14:52:07Z
bQCD,,LS,28,0.123480196984758,0.01,2025-12-06T14:52:08Z
bQCD,,LS,29,0.0760230106790204,0.01,2025-12-06T14:52:08Z
bQCD,,LS,30,0.083888026614048,0.01,2025-12-06T14:52:09Z
bQCD,,LS,31,0.0994401193064633,0.01,2025-12-06T14:52:09Z
bQCD,,LS,32,0.0786240635973352,0.01,2025-12-06T14:52:09Z
bQCD,,LS,33,0.0346966266252638,0.01,2025-12-06T14:52:10Z
bQCD,,LS,34,0.103755746329668,0.01,2025-12-06T14:52:10Z
bQCD,,LS,35,0.0992337131864621,0.01,2025-12-06T14:52:11Z
bQCD,,LS,36,0.033784821611199,0.01,2025-12-06T14:52:11Z
bQCD,,LS,37,0.0910773425515537,0.01,2025-12-06T14:52:11Z
bQCD,,LS,38,0.072607451196183,0.01,2025-12-06T14:52:12Z
bQCD,,LS,39,0.181620972616815,0.01,2025-12-06T14:52:12Z
bQCD,,LS,40,0.0411548013903363,0.01,2025-12-06T14:52:12Z
bQCD,,LS,41,0.0569486912753927,0.01,2025-12-06T14:52:13Z
bQCD,,LS,42,0.0586319692838134,0.01,2025-12-06T14:52:13Z
bQCD,,LS,43,0.0912188476044293,0.01,2025-12-06T14:52:14Z
bQCD,,LS,44,0.0844611094670871,0.01,2025-12-06T14:52:14Z
bQCD,,LS,45,0.0471339041626074,0.01,2025-12-06T14:52:14Z
bQCD,,LS,46,0.0741934748995138,0.01,2025-12-06T14:52:15Z
bQCD,,LS,47,0.0663958456791218,0.01,2025-12-06T14:52:15Z
bQCD,,LS,48,0.034176131098505,0.01,2025-12-06T14:52:15Z
bQCD,,LS,49,0.0798235198480179,0.01,2025-12-06T14:52:16Z
bQCD,,LS,50,0.0891407084283407,0.01,2025-12-06T14:52:16Z
bQCD,,LS,51,0.0294753018577705,0.01,2025-12-06T14:52:17Z
bQCD,,LS,52,0.10103763241917,0.01,2025-12-06T14:52:17Z
bQCD,,LS,53,0.0820356375056803,0.01,2025-12-06T14:52:17Z
bQCD,,LS,54,0.0814921111633559,0.01,2025-12-06T14:52:18Z
bQCD,,LS,55,0.0221121590468699,0.01,2025-12-06T14:52:18Z
bQCD,,LS,56,0.064802570519405,0.01,2025-12-06T14:52:19Z
bQCD,,LS,57,0.0694881564391162,0.01,2025-12-06T14:52:19Z
bQCD,,LS,58,0.0603501636618292,0.01,2025-12-06T14:52:19Z
bQCD,,LS,59,0.124537294931852,0.01,2025-12-06T14:52:20Z
bQCD,,LS,60,0.0166007882414517,0.01,2025-12-06T14:52:20Z
bQCD,,LS,61,0.0542393270129264,0.01,2025-12-06T14:52:20Z
bQCD,,LS,62,0.0952388173791231,0.01,2025-12-06T14:52:21Z
bQCD,,LS,63,0.0716429475899903,0.01,2025-12-06T14:52:21Z
bQCD,,LS,64,0.176505837685743,0.01,2025-12-06T14:52:22Z
bQCD,,LS,65,0.211860454250426,0.01,2025-12-06T14:52:22Z
bQCD,,LS,66,0.0917275092391275,0.01,2025-12-06T14:52:22Z
bQCD,,LS,67,0.12725497840428,0.01,2025-12-06T14:52:23Z
bQCD,,LS,68,0.170049915897885,0.01,2025-12-06T14:52:23Z
bQCD,,LS,69,0.13480777398812,0.01,2025-12-06T14:52:24Z
bQCD,,LS,70,0.164023407787776,0.01,2025-12-06T14:52:24Z
bQCD,,LS,71,0.0512725801260346,0.01,2025-12-06T14:52:25Z
bQCD,,LS,72,0.138084600762038,0.01,2025-12-06T14:52:25Z
bQCD,,LS,73,0.082419295211177,0.01,2025-12-06T14:52:25Z
bQCD,,LS,74,0.0688564960414569,0.01,2025-12-06T14:52:26Z
bQCD,,LS,75,0.0804401017734893,0.01,2025-12-06T14:52:26Z
bQCD,,LS,76,0.0226392906434875,0.01,2025-12-06T14:52:27Z
bQCD,,LS,77,0.153119555913933,0.01,2025-12-06T14:52:27Z
bQCD,,LS,78,0.0912379792338211,0.01,2025-12-06T14:52:27Z
bQCD,,LS,79,0.0964875447914895,0.01,2025-12-06T14:52:28Z
bQCD,,LS,80,0.158428445146114,0.01,2025-12-06T14:52:28Z
bQCD,,LS,81,0.0246708613278052,0.01,2025-12-06T14:52:29Z
bQCD,,LS,82,0.14155590819787,0.01,2025-12-06T14:52:29Z
bQCD,,LS,83,0.10723634837425,0.01,2025-12-06T14:52:29Z
bQCD,,LS,84,0.135593209973851,0.01,2025-12-06T14:52:30Z
bQCD,,LS,85,0.0930316956646795,0.01,2025-12-06T14:52:30Z
bQCD,,LS,86,0.145671753372224,0.01,2025-12-06T14:52:31Z
bQCD,,LS,87,0.182359449390854,0.01,2025-12-06T14:52:31Z
bQCD,,LS,88,0.137299464766317,0.01,2025-12-06T14:52:32Z
bQCD,,LS,89,0.0228160995366965,0.01,2025-12-06T14:52:32Z
bQCD,,LS,90,0.0591476769358868,0.01,2025-12-06T14:52:32Z
bQCD,,LS,91,0.0883424025420714,0.01,2025-12-06T14:52:33Z
bQCD,,LS,92,0.169390769660262,0.01,2025-12-06T14:52:33Z
bQCD,,LS,93,0.0477517649689623,0.01,2025-12-06T14:52:33Z
bQCD,,LS,94,0.143920747317801,0.01,2025-12-06T14:52:34Z
bQCD,,LS,95,0.100897373605278,0.01,2025-12-06T14:52:34Z
bQCD,,LS,96,0.135688730228115,0.01,2025-12-06T14:52:35Z
bQCD,,LS,97,0.0664135616031571,0.01,2025-12-06T14:52:35Z
bQCD,,LS,98,0.0286801095874138,0.01,2025-12-06T14:52:35Z
bQCD,,LS,99,0.052808202922449,0.01,2025-12-06T14:52:36Z
bQCD,,LS,100,0.0487312948570438,0.01,2025-12-06T14:52:36Z
bQCD,,LS-s,1,0.0022593281676903,0.01,2025-12-06T14:52:36Z
bQCD,,LS-s,2,0.0012496592572861,0.01,2025-12-06T14:52:37Z
bQCD,,LS-s,3,0.0127136112148187,0.01,2025-12-06T14:52:37Z
bQCD,,LS-s,4,0.0005301323349495,0.01,2025-12-06T14:52:38Z
bQCD,,LS-s,5,0.0032401376889275,0.01,2025-12-06T14:52:38Z
bQCD,,LS-s,6,0.0128515410342203,0.01,2025-12-06T14:52:39Z
bQCD,,LS-s,7,0.0023381016916433,0.01,2025-12-06T14:52:39Z
bQCD,,LS-s,8,0.0033206085559868,0.01,2025-12-06T14:52:39Z
bQCD,,LS-s,9,0.0003005033806119,0.01,2025-12-06T14:52:40Z
bQCD,,LS-s,10,0.0036969363522912,0.01,2025-12-06T14:52:40Z
bQCD,,LS-s,11,0.0011984872817069,0.01,2025-12-06T14:52:41Z
bQCD,,LS-s,12,0.0092383976934236,0.01,2025-12-06T14:52:41Z
bQCD,,LS-s,13,0.0099276531354064,0.01,2025-12-06T14:52:41Z
bQCD,,LS-s,14,0.0018575278511733,0.01,2025-12-06T14:52:42Z
bQCD,,LS-s,15,0.0030522911870921,0.01,2025-12-06T14:52:42Z
bQCD,,LS-s,16,0.0133437134931375,0.01,2025-12-06T14:52:42Z
bQCD,,LS-s,17,0.0072326603167629,0.01,2025-12-06T14:52:43Z
bQCD,,LS-s,18,0.004134860927852,0.01,2025-12-06T14:52:43Z
bQCD,,LS-s,19,0.0119803045562164,0.01,2025-12-06T14:52:44Z
bQCD,,LS-s,20,0.00183701517356,0.01,2025-12-06T14:52:44Z
bQCD,,LS-s,21,0.0158600130732929,0.01,2025-12-06T14:52:44Z
bQCD,,LS-s,22,0.0085101507033312,0.01,2025-12-06T14:52:45Z
bQCD,,LS-s,23,0.0079486661833196,0.01,2025-12-06T14:52:45Z
bQCD,,LS-s,24,0.011161731872343,0.01,2025-12-06T14:52:46Z
bQCD,,LS-s,25,0.0017406148601538,0.01,2025-12-06T14:52:46Z
bQCD,,LS-s,26,0.00536306753693,0.01,2025-12-06T14:52:46Z
bQCD,,LS-s,27,0.0050397989738972,0.01,2025-12-06T14:52:47Z
bQCD,,LS-s,28,0.0105606370646437,0.01,2025-12-06T14:52:47Z
bQCD,,LS-s,29,0.0024521846717527,0.01,2025-12-06T14:52:48Z
bQCD,,LS-s,30,0.0006408822434903,0.01,2025-12-06T14:52:48Z
bQCD,,LS-s,31,0.005002673141046,0.01,2025-12-06T14:52:48Z
bQCD,,LS-s,32,0.0010923276305206,0.01,2025-12-06T14:52:49Z
bQCD,,LS-s,33,0.0046548360773925,0.01,2025-12-06T14:52:49Z
bQCD,,LS-s,34,0.0112335425031756,0.01,2025-12-06T14:52:49Z
bQCD,,LS-s,35,0.0076531713261268,0.01,2025-12-06T14:52:50Z
bQCD,,LS-s,36,0.0005784954383181,0.01,2025-12-06T14:52:50Z
bQCD,,LS-s,37,0.003716285951571,0.01,2025-12-06T14:52:51Z
bQCD,,LS-s,38,0.0029135563370037,0.01,2025-12-06T14:52:51Z
bQCD,,LS-s,39,0.0064107753372708,0.01,2025-12-06T14:52:51Z
bQCD,,LS-s,40,0.0031020419026068,0.01,2025-12-06T14:52:52Z
bQCD,,LS-s,41,0.0044729343759993,0.01,2025-12-06T14:52:52Z
bQCD,,LS-s,42,0.0111733309900083,0.01,2025-12-06T14:52:53Z
bQCD,,LS-s,43,0.0007888042530065,0.01,2025-12-06T14:52:53Z
bQCD,,LS-s,44,0.0022086008841575,0.01,2025-12-06T14:52:54Z
bQCD,,LS-s,45,0.0027143148679379,0.01,2025-12-06T14:52:54Z
bQCD,,LS-s,46,0.0127266763387394,0.01,2025-12-06T14:52:54Z
bQCD,,LS-s,47,0.0141434208576558,0.01,2025-12-06T14:52:55Z
bQCD,,LS-s,48,0.0022970172129835,0.01,2025-12-06T14:52:55Z
bQCD,,LS-s,49,0.0008198283663657,0.01,2025-12-06T14:52:56Z
bQCD,,LS-s,50,0.0012918107007016,0.01,2025-12-06T14:52:56Z
bQCD,,LS-s,51,0.0001522885551326,0.01,2025-12-06T14:52:56Z
bQCD,,LS-s,52,0.0025953025018641,0.01,2025-12-06T14:52:57Z
bQCD,,LS-s,53,0.0032390669056745,0.01,2025-12-06T14:52:57Z
bQCD,,LS-s,54,0.0010108614173623,0.01,2025-12-06T14:52:58Z
bQCD,,LS-s,55,0.008065713211669,0.01,2025-12-06T14:52:58Z
bQCD,,LS-s,56,0.0115095753539224,0.01,2025-12-06T14:52:59Z
bQCD,,LS-s,57,0.0062229037390877,0.01,2025-12-06T14:52:59Z
bQCD,,LS-s,58,0.0022997405847822,0.01,2025-12-06T14:53:00Z
bQCD,,LS-s,59,0.012235663073723,0.01,2025-12-06T14:53:00Z
bQCD,,LS-s,60,0.0017986004710136,0.01,2025-12-06T14:53:01Z
bQCD,,LS-s,61,0.0091135796200874,0.01,2025-12-06T14:53:01Z
bQCD,,LS-s,62,0.001100011831601,0.01,2025-12-06T14:53:02Z
bQCD,,LS-s,63,0.0006895232326408,0.01,2025-12-06T14:53:02Z
bQCD,,LS-s,64,0.0098867811321989,0.01,2025-12-06T14:53:03Z
bQCD,,LS-s,65,0.0066844645404463,0.01,2025-12-06T14:53:03Z
bQCD,,LS-s,66,0.0091657762173406,0.01,2025-12-06T14:53:04Z
bQCD,,LS-s,67,0.0006290477637758,0.01,2025-12-06T14:53:04Z
bQCD,,LS-s,68,0.0081354038706881,0.01,2025-12-06T14:53:05Z
bQCD,,LS-s,69,0.0017382009443703,0.01,2025-12-06T14:53:05Z
bQCD,,LS-s,70,0.0044802028407165,0.01,2025-12-06T14:53:05Z
bQCD,,LS-s,71,0.0076381828131437,0.01,2025-12-06T14:53:06Z
bQCD,,LS-s,72,0.0013943918930091,0.01,2025-12-06T14:53:06Z
bQCD,,LS-s,73,0.0024456206827606,0.01,2025-12-06T14:53:07Z
bQCD,,LS-s,74,0.0013316836726647,0.01,2025-12-06T14:53:07Z
bQCD,,LS-s,75,0.0024088597772327,0.01,2025-12-06T14:53:08Z
bQCD,,LS-s,76,0.0083912289092346,0.01,2025-12-06T14:53:08Z
bQCD,,LS-s,77,0.0127372110221001,0.01,2025-12-06T14:53:09Z
bQCD,,LS-s,78,0.0056809341698077,0.01,2025-12-06T14:53:09Z
bQCD,,LS-s,79,0.0025838467513343,0.01,2025-12-06T14:53:10Z
bQCD,,LS-s,80,0.0089027616227074,0.01,2025-12-06T14:53:10Z
bQCD,,LS-s,81,0.0012626626137691,0.01,2025-12-06T14:53:11Z
bQCD,,LS-s,82,0.0008082923420347,0.01,2025-12-06T14:53:12Z
bQCD,,LS-s,83,0.0010589537831163,0.01,2025-12-06T14:53:12Z
bQCD,,LS-s,84,0.0006272497855253,0.01,2025-12-06T14:53:12Z
bQCD,,LS-s,85,0.0095959925947547,0.01,2025-12-06T14:53:13Z
bQCD,,LS-s,86,0.0087548556096883,0.01,2025-12-06T14:53:13Z
bQCD,,LS-s,87,0.0069752878041383,0.01,2025-12-06T14:53:14Z
bQCD,,LS-s,88,0.0010533503902803,0.01,2025-12-06T14:53:14Z
bQCD,,LS-s,89,0.0039160158546043,0.01,2025-12-06T14:53:15Z
bQCD,,LS-s,90,0.0033065938942093,0.01,2025-12-06T14:53:15Z
bQCD,,LS-s,91,0.0016370721433471,0.01,2025-12-06T14:53:16Z
bQCD,,LS-s,92,0.0119095200767622,0.01,2025-12-06T14:53:16Z
bQCD,,LS-s,93,0.0001864341661148,0.01,2025-12-06T14:53:17Z
bQCD,,LS-s,94,0.0015572107051272,0.01,2025-12-06T14:53:17Z
bQCD,,LS-s,95,0.0121250866448002,0.01,2025-12-06T14:53:18Z
bQCD,,LS-s,96,0.0019218066506958,0.01,2025-12-06T14:53:18Z
bQCD,,LS-s,97,0.0084034304247945,0.01,2025-12-06T14:53:19Z
bQCD,,LS-s,98,0.0014325007553072,0.01,2025-12-06T14:53:19Z
bQCD,,LS-s,99,0.0004988342182229,0.01,2025-12-06T14:53:20Z
bQCD,,LS-s,100,0.0024432993502958,0.01,2025-12-06T14:53:20Z
bQCD,,MN-U,1,0.0068065302923057,0.01,2025-12-06T14:53:21Z
bQCD,,MN-U,2,0.0029963419163887,0.01,2025-12-06T14:53:22Z
bQCD,,MN-U,3,0.0071077678009373,0.01,2025-12-06T14:53:22Z
bQCD,,MN-U,4,0.0066073529301796,0.01,2025-12-06T14:53:23Z
bQCD,,MN-U,5,0.0039475405887573,0.01,2025-12-06T14:53:23Z
bQCD,,MN-U,6,0.006608987456326,0.01,2025-12-06T14:53:24Z
bQCD,,MN-U,7,0.002535166088985,0.01,2025-12-06T14:53:24Z
bQCD,,MN-U,8,0.0033837451523616,0.01,2025-12-06T14:53:25Z
bQCD,,MN-U,9,0.0051367057119996,0.01,2025-12-06T14:53:26Z
bQCD,,MN-U,10,0.0097754176018538,0.01,2025-12-06T14:53:26Z
bQCD,,MN-U,11,0.001665245864715,0.01,2025-12-06T14:53:26Z
bQCD,,MN-U,12,0.0101222068933163,0.01,2025-12-06T14:53:27Z
bQCD,,MN-U,13,0.0103949277911457,0.01,2025-12-06T14:53:27Z
bQCD,,MN-U,14,0.0058287897598245,0.01,2025-12-06T14:53:28Z
bQCD,,MN-U,15,0.004324084023047,0.01,2025-12-06T14:53:28Z
bQCD,,MN-U,16,0.0056966712341448,0.01,2025-12-06T14:53:29Z
bQCD,,MN-U,17,0.0025186925450307,0.01,2025-12-06T14:53:29Z
bQCD,,MN-U,18,0.0064458271835551,0.01,2025-12-06T14:53:30Z
bQCD,,MN-U,19,0.0071787837721389,0.01,2025-12-06T14:53:30Z
bQCD,,MN-U,20,0.0034565175562177,0.01,2025-12-06T14:53:31Z
bQCD,,MN-U,21,0.0085980327827719,0.01,2025-12-06T14:53:31Z
bQCD,,MN-U,22,0.007372282879537,0.01,2025-12-06T14:53:31Z
bQCD,,MN-U,23,0.0082968323672513,0.01,2025-12-06T14:53:32Z
bQCD,,MN-U,24,0.0063632246601132,0.01,2025-12-06T14:53:32Z
bQCD,,MN-U,25,0.0067789215160657,0.01,2025-12-06T14:53:33Z
bQCD,,MN-U,26,0.0049994845437457,0.01,2025-12-06T14:53:33Z
bQCD,,MN-U,27,0.0057526546787446,0.01,2025-12-06T14:53:34Z
bQCD,,MN-U,28,0.0017717184505008,0.01,2025-12-06T14:53:34Z
bQCD,,MN-U,29,0.0035970932284111,0.01,2025-12-06T14:53:35Z
bQCD,,MN-U,30,0.0042174727817082,0.01,2025-12-06T14:53:35Z
bQCD,,MN-U,31,0.0045790948147117,0.01,2025-12-06T14:53:36Z
bQCD,,MN-U,32,0.00664759990027,0.01,2025-12-06T14:53:36Z
bQCD,,MN-U,33,0.0049964614152804,0.01,2025-12-06T14:53:36Z
bQCD,,MN-U,34,0.0034668659455289,0.01,2025-12-06T14:53:37Z
bQCD,,MN-U,35,0.0103030145790358,0.01,2025-12-06T14:53:37Z
bQCD,,MN-U,36,0.0057004466230918,0.01,2025-12-06T14:53:38Z
bQCD,,MN-U,37,0.0091813212249477,0.01,2025-12-06T14:53:38Z
bQCD,,MN-U,38,0.0033052410435306,0.01,2025-12-06T14:53:39Z
bQCD,,MN-U,39,0.0072429213648035,0.01,2025-12-06T14:53:39Z
bQCD,,MN-U,40,0.0111000733714653,0.01,2025-12-06T14:53:40Z
bQCD,,MN-U,41,0.0030615694355756,0.01,2025-12-06T14:53:40Z
bQCD,,MN-U,42,0.007207919951649,0.01,2025-12-06T14:53:41Z
bQCD,,MN-U,43,0.0034985649504158,0.01,2025-12-06T14:53:41Z
bQCD,,MN-U,44,0.0055132542849672,0.01,2025-12-06T14:53:42Z
bQCD,,MN-U,45,0.0037673375084006,0.01,2025-12-06T14:53:42Z
bQCD,,MN-U,46,0.0048154893079881,0.01,2025-12-06T14:53:43Z
bQCD,,MN-U,47,0.0040283339263489,0.01,2025-12-06T14:53:43Z
bQCD,,MN-U,48,0.002752775865722,0.01,2025-12-06T14:53:44Z
bQCD,,MN-U,49,0.0060119049664107,0.01,2025-12-06T14:53:45Z
bQCD,,MN-U,50,0.0066391389161691,0.01,2025-12-06T14:53:45Z
bQCD,,MN-U,51,0.0087108642602012,0.01,2025-12-06T14:53:46Z
bQCD,,MN-U,52,0.008782913239554,0.01,2025-12-06T14:53:46Z
bQCD,,MN-U,53,0.0030687659679947,0.01,2025-12-06T14:53:46Z
bQCD,,MN-U,54,0.0043333571523287,0.01,2025-12-06T14:53:47Z
bQCD,,MN-U,55,0.0045913190325436,0.01,2025-12-06T14:53:47Z
bQCD,,MN-U,56,0.003771537163565,0.01,2025-12-06T14:53:48Z
bQCD,,MN-U,57,0.0065058374079327,0.01,2025-12-06T14:53:48Z
bQCD,,MN-U,58,0.0053073675474177,0.01,2025-12-06T14:53:49Z
bQCD,,MN-U,59,0.0056824896760193,0.01,2025-12-06T14:53:49Z
bQCD,,MN-U,60,0.0056944060991028,0.01,2025-12-06T14:53:50Z
bQCD,,MN-U,61,0.0067134989553953,0.01,2025-12-06T14:53:50Z
bQCD,,MN-U,62,0.0132955600810997,0.01,2025-12-06T14:53:51Z
bQCD,,MN-U,63,0.0116633287894378,0.01,2025-12-06T14:53:51Z
bQCD,,MN-U,64,0.002980963167268,0.01,2025-12-06T14:53:52Z
bQCD,,MN-U,65,0.0080787286544442,0.01,2025-12-06T14:53:52Z
bQCD,,MN-U,66,0.0066462917753095,0.01,2025-12-06T14:53:53Z
bQCD,,MN-U,67,0.0090099221992538,0.01,2025-12-06T14:53:53Z
bQCD,,MN-U,68,0.0070483062055729,0.01,2025-12-06T14:53:53Z
bQCD,,MN-U,69,0.0041109471767067,0.01,2025-12-06T14:53:54Z
bQCD,,MN-U,70,0.0064897249349659,0.01,2025-12-06T14:53:54Z
bQCD,,MN-U,71,0.0016653078962636,0.01,2025-12-06T14:53:55Z
bQCD,,MN-U,72,0.0056017321987044,0.01,2025-12-06T14:53:55Z
bQCD,,MN-U,73,0.0055179347832692,0.01,2025-12-06T14:53:56Z
bQCD,,MN-U,74,0.0011817605567864,0.01,2025-12-06T14:53:56Z
bQCD,,MN-U,75,0.0063762347865174,0.01,2025-12-06T14:53:57Z
bQCD,,MN-U,76,0.0058468296299966,0.01,2025-12-06T14:53:57Z
bQCD,,MN-U,77,0.005622103914523,0.01,2025-12-06T14:53:58Z
bQCD,,MN-U,78,0.0055068558823326,0.01,2025-12-06T14:53:58Z
bQCD,,MN-U,79,0.0043517679548442,0.01,2025-12-06T14:53:59Z
bQCD,,MN-U,80,0.0019690980814472,0.01,2025-12-06T14:53:59Z
bQCD,,MN-U,81,0.0010936737324127,0.01,2025-12-06T14:54:00Z
bQCD,,MN-U,82,0.0033553903675149,0.01,2025-12-06T14:54:00Z
bQCD,,MN-U,83,0.0070091458616446,0.01,2025-12-06T14:54:00Z
bQCD,,MN-U,84,0.0056075814740683,0.01,2025-12-06T14:54:01Z
bQCD,,MN-U,85,0.0060633812738255,0.01,2025-12-06T14:54:01Z
bQCD,,MN-U,86,0.0002459978535567,0.01,2025-12-06T14:54:02Z
bQCD,,MN-U,87,0.0013101261394171,0.01,2025-12-06T14:54:02Z
bQCD,,MN-U,88,0.0095715811705484,0.01,2025-12-06T14:54:03Z
bQCD,,MN-U,89,0.0043762330253632,0.01,2025-12-06T14:54:04Z
bQCD,,MN-U,90,0.0047625956808734,0.01,2025-12-06T14:54:04Z
bQCD,,MN-U,91,0.007201476393943,0.01,2025-12-06T14:54:05Z
bQCD,,MN-U,92,0.0057530241234574,0.01,2025-12-06T14:54:05Z
bQCD,,MN-U,93,0.0054263942119121,0.01,2025-12-06T14:54:06Z
bQCD,,MN-U,94,0.0083254040018433,0.01,2025-12-06T14:54:06Z
bQCD,,MN-U,95,0.0083716716591489,0.01,2025-12-06T14:54:07Z
bQCD,,MN-U,96,0.0021807278617202,0.01,2025-12-06T14:54:07Z
bQCD,,MN-U,97,0.0086577519200049,0.01,2025-12-06T14:54:08Z
bQCD,,MN-U,98,0.0047121851626313,0.01,2025-12-06T14:54:08Z
bQCD,,MN-U,99,0.007165132840136,0.01,2025-12-06T14:54:09Z
bQCD,,MN-U,100,0.0058373045603304,0.01,2025-12-06T14:54:09Z
CAM,,AN,48,2.40894361967552,0.01,2025-12-06T15:24:38Z
CAM,,AN,49,2.44528558463077,0.01,2025-12-06T15:24:38Z
CAM,,AN,50,2.33429775005556,0.01,2025-12-06T15:24:39Z
CAM,,AN,51,2.26632245933588,0.01,2025-12-06T15:24:39Z
CAM,,AN,52,2.42828153353719,0.01,2025-12-06T15:24:39Z
CAM,,AN,53,2.4489364460894,0.01,2025-12-06T15:24:40Z
CAM,,AN,54,2.38604500357408,0.01,2025-12-06T15:24:40Z
CAM,,AN,55,2.35880639985698,0.01,2025-12-06T15:24:40Z
CAM,,AN,56,2.3844691644057,0.01,2025-12-06T15:24:40Z
CAM,,AN,57,2.45925222666636,0.01,2025-12-06T15:24:41Z
CAM,,AN,58,2.39827677722669,0.01,2025-12-06T15:24:41Z
CAM,,AN,59,2.46702421061607,0.01,2025-12-06T15:24:41Z
CAM,,AN,60,2.48147066834295,0.01,2025-12-06T15:24:41Z
CAM,,AN,61,2.44179095827502,0.01,2025-12-06T15:24:42Z
CAM,,AN,62,2.44611108243861,0.01,2025-12-06T15:24:42Z
CAM,,AN,63,2.42493851170757,0.01,2025-12-06T15:24:42Z
CAM,,AN,64,2.44740223795641,0.01,2025-12-06T15:24:43Z
CAM,,AN,65,2.35111604431888,0.01,2025-12-06T15:24:43Z
CAM,,AN,66,2.37474589869557,0.01,2025-12-06T15:24:43Z
CAM,,AN,67,2.46407939702077,0.01,2025-12-06T15:24:43Z
CAM,,AN,68,2.32354543424754,0.01,2025-12-06T15:24:44Z
CAM,,AN,69,2.44387235161901,0.01,2025-12-06T15:24:44Z
CAM,,AN,70,2.39972828446626,0.01,2025-12-06T15:24:44Z
CAM,,AN,71,2.33669818676197,0.01,2025-12-06T15:24:44Z
CAM,,AN,72,2.3968745268615,0.01,2025-12-06T15:24:45Z
CAM,,AN,73,2.26096690445206,0.01,2025-12-06T15:24:45Z
CAM,,AN,74,2.30552066816585,0.01,2025-12-06T15:24:45Z
CAM,,AN,75,2.41154697112339,0.01,2025-12-06T15:24:45Z
CAM,,AN,76,2.41509914987099,0.01,2025-12-06T15:24:46Z
CAM,,AN,77,2.2576517202784,0.01,2025-12-06T15:24:46Z
CAM,,AN,78,2.48996825975117,0.01,2025-12-06T15:24:46Z
CAM,,AN,79,2.49551534261204,0.01,2025-12-06T15:24:47Z
CAM,,AN,80,2.42666964401812,0.01,2025-12-06T15:24:47Z
CAM,,AN,81,2.36352910804329,0.01,2025-12-06T15:24:47Z
CAM,,AN,82,2.48356604052334,0.01,2025-12-06T15:24:47Z
CAM,,AN,83,2.43979467021868,0.01,2025-12-06T15:24:48Z
CAM,,AN,84,2.49754389980526,0.01,2025-12-06T15:24:48Z
CAM,,AN,85,2.4409801347046,0.01,2025-12-06T15:24:48Z
CAM,,AN,86,2.41086497333765,0.01,2025-12-06T15:24:48Z
CAM,,AN,87,2.28779134711652,0.01,2025-12-06T15:24:49Z
CAM,,AN,88,2.31974231698937,0.01,2025-12-06T15:24:49Z
CAM,,AN,89,2.4717069128205,0.01,2025-12-06T15:24:49Z
CAM,,AN,90,2.36186338355596,0.01,2025-12-06T15:24:49Z
CAM,,AN,91,2.40316427152416,0.01,2025-12-06T15:24:50Z
CAM,,AN,92,2.43320404478688,0.01,2025-12-06T15:24:50Z
CAM,,AN,93,2.37865462445391,0.01,2025-12-06T15:24:50Z
CAM,,AN,94,2.32821927839258,0.01,2025-12-06T15:24:51Z
CAM,,AN,95,2.34282410216207,0.01,2025-12-06T15:24:51Z
CAM,,AN,96,2.4474542399235,0.01,2025-12-06T15:24:51Z
CAM,,AN,97,2.3563066727585,0.01,2025-12-06T15:24:51Z
CAM,,AN,98,2.45132441093026,0.01,2025-12-06T15:24:52Z
CAM,,AN,99,2.29143160124044,0.01,2025-12-06T15:24:52Z
CAM,,AN,100,2.37112906672374,0.01,2025-12-06T15:24:52Z
CAM,,AN-s,1,2.68558791768292,0.01,2025-12-06T15:24:53Z
CAM,,AN-s,2,3.05319877993249,0.01,2025-12-06T15:24:53Z
CAM,,AN-s,3,2.35940902666077,0.01,2025-12-06T15:24:53Z
CAM,,AN-s,4,2.78016043518329,0.01,2025-12-06T15:24:53Z
CAM,,AN-s,5,2.81431958868867,0.01,2025-12-06T15:24:54Z
CAM,,AN-s,6,2.44724422580396,0.01,2025-12-06T15:24:54Z
CAM,,AN-s,7,2.14902056241116,0.01,2025-12-06T15:24:54Z
CAM,,AN-s,8,2.85504941940001,0.01,2025-12-06T15:24:55Z
CAM,,AN-s,9,2.62497332726626,0.01,2025-12-06T15:24:55Z
CAM,,AN-s,10,2.38155022540347,0.01,2025-12-06T15:24:55Z
CAM,,AN-s,11,2.26298433680181,0.01,2025-12-06T15:24:56Z
CAM,,AN-s,12,2.39083516747397,0.01,2025-12-06T15:24:56Z
CAM,,AN-s,13,2.2496265127472,0.01,2025-12-06T15:24:56Z
CAM,,AN-s,14,2.7181935414092,0.01,2025-12-06T15:24:56Z
CAM,,AN-s,15,2.40791009665329,0.01,2025-12-06T15:24:57Z
CAM,,AN-s,16,2.40141161153116,0.01,2025-12-06T15:24:57Z
CAM,,AN-s,17,2.65252250295969,0.01,2025-12-06T15:24:57Z
CAM,,AN-s,18,2.36009043258928,0.01,2025-12-06T15:24:57Z
CAM,,AN-s,19,2.78172613720016,0.01,2025-12-06T15:24:58Z
CAM,,AN-s,20,2.33835430038286,0.01,2025-12-06T15:24:58Z
CAM,,AN-s,21,2.02397683409586,0.01,2025-12-06T15:24:58Z
CAM,,AN-s,22,2.58964681822313,0.01,2025-12-06T15:24:59Z
CAM,,AN-s,23,2.7522972543543,0.01,2025-12-06T15:24:59Z
CAM,,AN-s,24,2.32243844113499,0.01,2025-12-06T15:24:59Z
CAM,,AN-s,25,1.97866009542234,0.01,2025-12-06T15:24:59Z
CAM,,AN-s,26,2.3874178765202,0.01,2025-12-06T15:25:00Z
CAM,,AN-s,27,2.06957805630691,0.01,2025-12-06T15:25:00Z
CAM,,AN-s,28,2.41317939971879,0.01,2025-12-06T15:25:00Z
CAM,,AN-s,29,2.51017804911258,0.01,2025-12-06T15:25:00Z
CAM,,AN-s,30,2.56998409897971,0.01,2025-12-06T15:25:01Z
CAM,,AN-s,31,1.98688822611219,0.01,2025-12-06T15:25:01Z
CAM,,AN-s,32,2.0371785556586,0.01,2025-12-06T15:25:01Z
CAM,,AN-s,33,2.11976224743292,0.01,2025-12-06T15:25:02Z
CAM,,AN-s,34,2.1479191637515,0.01,2025-12-06T15:25:02Z
CAM,,AN-s,35,2.46924956054809,0.01,2025-12-06T15:25:02Z
CAM,,AN-s,36,3.10311601706225,0.01,2025-12-06T15:25:02Z
CAM,,AN-s,37,2.19340799997083,0.01,2025-12-06T15:25:03Z
CAM,,AN-s,38,2.81003518014838,0.01,2025-12-06T15:25:03Z
CAM,,AN-s,39,2.20778381760611,0.01,2025-12-06T15:25:03Z
CAM,,AN-s,40,2.79146101969618,0.01,2025-12-06T15:25:03Z
CAM,,AN-s,41,2.32908712220633,0.01,2025-12-06T15:25:04Z
CAM,,AN-s,42,2.43735531141492,0.01,2025-12-06T15:25:04Z
CAM,,AN-s,43,2.67122686640528,0.01,2025-12-06T15:25:04Z
CAM,,AN-s,44,2.17043351349858,0.01,2025-12-06T15:25:05Z
CAM,,AN-s,45,2.31903021987718,0.01,2025-12-06T15:25:05Z
CAM,,AN-s,46,2.90732026324523,0.01,2025-12-06T15:25:05Z
CAM,,AN-s,47,2.32485959322448,0.01,2025-12-06T15:25:05Z
CAM,,AN-s,48,2.42759872036963,0.01,2025-12-06T15:25:06Z
CAM,,AN-s,49,2.40440763915924,0.01,2025-12-06T15:25:06Z
CAM,,AN-s,50,2.99249615665522,0.01,2025-12-06T15:25:06Z
CAM,,AN-s,51,2.4583405364178,0.01,2025-12-06T15:25:07Z
CAM,,AN-s,52,2.32113019689628,0.01,2025-12-06T15:25:07Z
CAM,,AN-s,53,2.20822396599339,0.01,2025-12-06T15:25:07Z
CAM,,AN-s,54,2.64652895393887,0.01,2025-12-06T15:25:07Z
CAM,,AN-s,55,2.37923850525346,0.01,2025-12-06T15:25:08Z
CAM,,AN-s,56,2.05617468076801,0.01,2025-12-06T15:25:08Z
CAM,,AN-s,57,2.11571994182705,0.01,2025-12-06T15:25:08Z
CAM,,AN-s,58,2.70438617064831,0.01,2025-12-06T15:25:08Z
CAM,,AN-s,59,2.91823260025953,0.01,2025-12-06T15:25:09Z
CAM,,AN-s,60,2.94480977305058,0.01,2025-12-06T15:25:09Z
CAM,,AN-s,61,2.52186698724256,0.01,2025-12-06T15:25:09Z
CAM,,AN-s,62,2.37955081931534,0.01,2025-12-06T15:25:10Z
CAM,,AN-s,63,2.83644761761731,0.01,2025-12-06T15:25:10Z
CAM,,AN-s,64,2.29086625764076,0.01,2025-12-06T15:25:10Z
CAM,,AN-s,65,2.03540813122487,0.01,2025-12-06T15:25:10Z
CAM,,AN-s,66,2.12507727147109,0.01,2025-12-06T15:25:11Z
CAM,,AN-s,67,2.29605094814413,0.01,2025-12-06T15:25:11Z
CAM,,AN-s,68,2.69266699196392,0.01,2025-12-06T15:25:11Z
CAM,,AN-s,69,2.65124211096237,0.01,2025-12-06T15:25:12Z
CAM,,AN-s,70,2.59737139753425,0.01,2025-12-06T15:25:12Z
CAM,,AN-s,71,2.55806640440459,0.01,2025-12-06T15:25:12Z
CAM,,AN-s,72,2.0914413683311,0.01,2025-12-06T15:25:12Z
CAM,,AN-s,73,2.15363031619586,0.01,2025-12-06T15:25:13Z
CAM,,AN-s,74,2.107124887971,0.01,2025-12-06T15:25:13Z
CAM,,AN-s,75,2.22453317713629,0.01,2025-12-06T15:25:13Z
CAM,,AN-s,76,2.71938134413853,0.01,2025-12-06T15:25:13Z
CAM,,AN-s,77,2.23556901303125,0.01,2025-12-06T15:25:14Z
CAM,,AN-s,78,2.98619926267471,0.01,2025-12-06T15:25:14Z
CAM,,AN-s,79,2.51412958612879,0.01,2025-12-06T15:25:14Z
CAM,,AN-s,80,1.94897419759448,0.01,2025-12-06T15:25:15Z
CAM,,AN-s,81,2.5438335502189,0.01,2025-12-06T15:25:15Z
CAM,,AN-s,82,2.67569917712351,0.01,2025-12-06T15:25:15Z
CAM,,AN-s,83,2.07687666628231,0.01,2025-12-06T15:25:15Z
CAM,,AN-s,84,2.76596356188763,0.01,2025-12-06T15:25:16Z
CAM,,AN-s,85,2.85885776324951,0.01,2025-12-06T15:25:16Z
CAM,,AN-s,86,2.26176794943178,0.01,2025-12-06T15:25:16Z
CAM,,AN-s,87,2.70122297999594,0.01,2025-12-06T15:25:16Z
CAM,,AN-s,88,2.41944393688185,0.01,2025-12-06T15:25:17Z
CAM,,AN-s,89,2.6324625867279,0.01,2025-12-06T15:25:17Z
CAM,,AN-s,90,2.91535160550155,0.01,2025-12-06T15:25:17Z
CAM,,AN-s,91,2.52824255011596,0.01,2025-12-06T15:25:18Z
CAM,,AN-s,92,2.580822353074,0.01,2025-12-06T15:25:18Z
CAM,,AN-s,93,2.43607482479156,0.01,2025-12-06T15:25:18Z
CAM,,AN-s,94,2.7247950559962,0.01,2025-12-06T15:25:18Z
CAM,,AN-s,95,2.52223590174771,0.01,2025-12-06T15:25:19Z
CAM,,AN-s,96,2.29026898225918,0.01,2025-12-06T15:25:19Z
CAM,,AN-s,97,1.97081344299338,0.01,2025-12-06T15:25:19Z
CAM,,AN-s,98,2.29158193181728,0.01,2025-12-06T15:25:19Z
CAM,,AN-s,99,2.57512171148447,0.01,2025-12-06T15:25:20Z
CAM,,AN-s,100,2.2885788609763,0.01,2025-12-06T15:25:20Z
CAM,,LS,1,1.29696820754091,0.01,2025-12-06T15:25:20Z
CAM,,LS,2,1.17531439005459,0.01,2025-12-06T15:25:21Z
CAM,,LS,3,2.92555255664745,0.01,2025-12-06T15:25:21Z
CAM,,LS,4,0.624738176581111,0.01,2025-12-06T15:25:21Z
CAM,,LS,5,1.62859399392045,0.01,2025-12-06T15:25:21Z
CAM,,LS,6,0.852543546183286,0.01,2025-12-06T15:25:22Z
CAM,,LS,7,0.806867029611933,0.01,2025-12-06T15:25:22Z
CAM,,LS,8,2.76099401479922,0.01,2025-12-06T15:25:22Z
CAM,,LS,9,1.32099398354181,0.01,2025-12-06T15:25:22Z
CAM,,LS,10,2.02002486003759,0.01,2025-12-06T15:25:23Z
CAM,,LS,11,2.50307207503801,0.01,2025-12-06T15:25:23Z
CAM,,LS,12,1.33406811217618,0.01,2025-12-06T15:25:23Z
CAM,,LS,13,0.0060601745139078,0.01,2025-12-06T15:25:24Z
CAM,,LS,14,2.06264123012656,0.01,2025-12-06T15:25:24Z
CAM,,LS,15,0.357244716539031,0.01,2025-12-06T15:25:24Z
CAM,,LS,16,0.793956778626417,0.01,2025-12-06T15:25:24Z
CAM,,LS,17,1.92845673600974,0.01,2025-12-06T15:25:25Z
CAM,,LS,18,1.49994851813444,0.01,2025-12-06T15:25:25Z
CAM,,LS,19,0.744693479725365,0.01,2025-12-06T15:25:25Z
CAM,,LS,20,2.01577492245953,0.01,2025-12-06T15:25:25Z
CAM,,LS,21,2.3816380506398,0.01,2025-12-06T15:25:26Z
CAM,,LS,22,1.67288182987571,0.01,2025-12-06T15:25:26Z
CAM,,LS,23,2.78302253052679,0.01,2025-12-06T15:25:26Z
CAM,,LS,24,1.71460476213749,0.01,2025-12-06T15:25:27Z
CAM,,LS,25,-0.115903431391204,0.01,2025-12-06T15:25:27Z
CAM,,LS,26,2.8798198825604,0.01,2025-12-06T15:25:27Z
CAM,,LS,27,0.898701912635849,0.01,2025-12-06T15:25:27Z
CAM,,LS,28,1.49588383344965,0.01,2025-12-06T15:25:28Z
CAM,,LS,29,1.19338125781599,0.01,2025-12-06T15:25:28Z
CAM,,LS,30,2.06184624076579,0.01,2025-12-06T15:25:28Z
CAM,,LS,31,1.20305871937491,0.01,2025-12-06T15:25:29Z
CAM,,LS,32,2.74271314963796,0.01,2025-12-06T15:25:29Z
CAM,,LS,33,1.03975661908577,0.01,2025-12-06T15:25:29Z
CAM,,LS,34,1.31476059838778,0.01,2025-12-06T15:25:29Z
CAM,,LS,35,2.40056682501131,0.01,2025-12-06T15:25:30Z
CAM,,LS,36,0.498820317740013,0.01,2025-12-06T15:25:30Z
CAM,,LS,37,0.910902296300824,0.01,2025-12-06T15:25:30Z
CAM,,LS,38,1.91329575232423,0.01,2025-12-06T15:25:30Z
CAM,,LS,39,2.66215483647286,0.01,2025-12-06T15:25:31Z
CAM,,LS,40,2.38464961248199,0.01,2025-12-06T15:25:31Z
CAM,,LS,41,0.507198921388918,0.01,2025-12-06T15:25:31Z
CAM,,LS,42,1.93311112149924,0.01,2025-12-06T15:25:32Z
CAM,,LS,43,3.03909365039835,0.01,2025-12-06T15:25:32Z
CAM,,LS,44,1.87120069038822,0.01,2025-12-06T15:25:32Z
CAM,,LS,45,0.538726321298692,0.01,2025-12-06T15:25:32Z
CAM,,LS,46,2.70015786847413,0.01,2025-12-06T15:25:33Z
CAM,,LS,47,1.3779236800945,0.01,2025-12-06T15:25:33Z
CAM,,LS,48,1.13703060446257,0.01,2025-12-06T15:25:33Z
CAM,,LS,49,1.26480133303069,0.01,2025-12-06T15:25:34Z
CAM,,LS,50,1.78631493437216,0.01,2025-12-06T15:25:34Z
CAM,,LS,51,1.86346580020326,0.01,2025-12-06T15:25:34Z
CAM,,LS,52,0.311974402812963,0.01,2025-12-06T15:25:34Z
CAM,,LS,53,-0.067800813713338,0.01,2025-12-06T15:25:35Z
CAM,,LS,54,0.972858937204404,0.01,2025-12-06T15:25:35Z
CAM,,LS,55,1.16725283614583,0.01,2025-12-06T15:25:35Z
CAM,,LS,56,1.79727491994995,0.01,2025-12-06T15:25:35Z
CAM,,LS,57,1.51496571075979,0.01,2025-12-06T15:25:36Z
CAM,,LS,58,3.20552440454642,0.01,2025-12-06T15:25:36Z
CAM,,LS,59,2.36139611492586,0.01,2025-12-06T15:25:36Z
CAM,,LS,60,0.845688206530231,0.01,2025-12-06T15:25:37Z
CAM,,LS,61,2.14631018571168,0.01,2025-12-06T15:25:37Z
CAM,,LS,62,2.52183653174271,0.01,2025-12-06T15:25:37Z
CAM,,LS,63,3.95292059730818,0.01,2025-12-06T15:25:37Z
CAM,,LS,64,3.12573221120141,0.01,2025-12-06T15:25:38Z
CAM,,LS,65,1.96403478637213,0.01,2025-12-06T15:25:38Z
CAM,,LS,66,2.60347675187435,0.01,2025-12-06T15:25:38Z
CAM,,LS,67,1.17515102800509,0.01,2025-12-06T15:25:39Z
CAM,,LS,68,2.80498302869694,0.01,2025-12-06T15:25:39Z
CAM,,LS,69,2.14258266483918,0.01,2025-12-06T15:25:39Z
CAM,,LS,70,2.25852942301924,0.01,2025-12-06T15:25:39Z
CAM,,LS,71,1.90263090127011,0.01,2025-12-06T15:25:40Z
CAM,,LS,72,3.05547400771762,0.01,2025-12-06T15:25:40Z
CAM,,LS,73,1.73690942418067,0.01,2025-12-06T15:25:40Z
CAM,,LS,74,1.8794289301414,0.01,2025-12-06T15:25:41Z
CAM,,LS,75,3.43630839776988,0.01,2025-12-06T15:25:41Z
CAM,,LS,76,1.41731258104793,0.01,2025-12-06T15:25:41Z
CAM,,LS,77,1.58841332860085,0.01,2025-12-06T15:25:41Z
CAM,,LS,78,1.21133631106684,0.01,2025-12-06T15:25:42Z
CAM,,LS,79,0.910135344971086,0.01,2025-12-06T15:25:42Z
CAM,,LS,80,2.43618058135629,0.01,2025-12-06T15:25:42Z
CAM,,LS,81,2.89729644857328,0.01,2025-12-06T15:25:43Z
CAM,,LS,82,1.39840027626067,0.01,2025-12-06T15:25:43Z
CAM,,LS,83,1.41991343271762,0.01,2025-12-06T15:25:43Z
CAM,,LS,84,3.04857671723568,0.01,2025-12-06T15:25:44Z
CAM,,LS,85,1.94277552977317,0.01,2025-12-06T15:25:44Z
CAM,,LS,86,1.10025382755701,0.01,2025-12-06T15:25:44Z
CAM,,LS,87,2.902149457201,0.01,2025-12-06T15:25:45Z
CAM,,LS,88,2.10747090160794,0.01,2025-12-06T15:25:45Z
CAM,,LS,89,1.8910545678508,0.01,2025-12-06T15:25:45Z
CAM,,LS,90,2.15765626092786,0.01,2025-12-06T15:25:45Z
CAM,,LS,91,1.64784223618639,0.01,2025-12-06T15:25:46Z
CAM,,LS,92,2.85860973799334,0.01,2025-12-06T15:25:46Z
CAM,,LS,93,0.554932485063837,0.01,2025-12-06T15:25:46Z
CAM,,LS,94,3.50305478667154,0.01,2025-12-06T15:25:47Z
CAM,,LS,95,2.90147159541997,0.01,2025-12-06T15:25:47Z
CAM,,LS,96,4.1617707454689,0.01,2025-12-06T15:25:47Z
CAM,,LS,97,1.18845013185414,0.01,2025-12-06T15:25:47Z
CAM,,LS,98,1.30455125121947,0.01,2025-12-06T15:25:48Z
CAM,,LS,99,1.47480538792178,0.01,2025-12-06T15:25:48Z
CAM,,LS,100,1.932621515076,0.01,2025-12-06T15:25:48Z
CAM,,LS-s,1,-2.29457301989648,0.01,2025-12-06T15:25:49Z
CAM,,LS-s,2,-2.35136464762835,0.01,2025-12-06T15:25:49Z
CAM,,LS-s,3,1.58901318496122,0.01,2025-12-06T15:25:49Z
CAM,,LS-s,4,-3.64245573881544,0.01,2025-12-06T15:25:49Z
CAM,,LS-s,5,-2.05820120452399,0.01,2025-12-06T15:25:50Z
CAM,,LS-s,6,2.01183212400482,0.01,2025-12-06T15:25:50Z
CAM,,LS-s,7,-1.22942850462102,0.01,2025-12-06T15:25:50Z
CAM,,LS-s,8,-2.278577463397,0.01,2025-12-06T15:25:51Z
CAM,,LS-s,9,4.47422601134663,0.01,2025-12-06T15:25:51Z
CAM,,LS-s,10,2.41234330493154,0.01,2025-12-06T15:25:51Z
CAM,,LS-s,11,-3.89701842486322,0.01,2025-12-06T15:25:52Z
CAM,,LS-s,12,1.20210849554553,0.01,2025-12-06T15:25:52Z
CAM,,LS-s,13,1.99291993285894,0.01,2025-12-06T15:25:52Z
CAM,,LS-s,14,2.9745239043361,0.01,2025-12-06T15:25:52Z
CAM,,LS-s,15,-2.91077203266619,0.01,2025-12-06T15:25:53Z
CAM,,LS-s,16,1.26196915446752,0.01,2025-12-06T15:25:53Z
CAM,,LS-s,17,-2.11908873112371,0.01,2025-12-06T15:25:53Z
CAM,,LS-s,18,1.21349126556217,0.01,2025-12-06T15:25:54Z
CAM,,LS-s,19,2.04455470211853,0.01,2025-12-06T15:25:54Z
CAM,,LS-s,20,-2.91561926293363,0.01,2025-12-06T15:25:54Z
CAM,,LS-s,21,0.550413887941961,0.01,2025-12-06T15:25:55Z
CAM,,LS-s,22,1.62697137529517,0.01,2025-12-06T15:25:55Z
CAM,,LS-s,23,2.01946803270512,0.01,2025-12-06T15:25:55Z
CAM,,LS-s,24,2.06928520203354,0.01,2025-12-06T15:25:55Z
CAM,,LS-s,25,-3.00691692982065,0.01,2025-12-06T15:25:56Z
CAM,,LS-s,26,1.14875693332339,0.01,2025-12-06T15:25:56Z
CAM,,LS-s,27,2.24238425168119,0.01,2025-12-06T15:25:56Z
CAM,,LS-s,28,1.89088556698053,0.01,2025-12-06T15:25:57Z
CAM,,LS-s,29,-2.77525749227551,0.01,2025-12-06T15:25:57Z
CAM,,LS-s,30,-3.55808546057209,0.01,2025-12-06T15:25:57Z
CAM,,LS-s,31,1.9927137058051,0.01,2025-12-06T15:25:58Z
CAM,,LS-s,32,-3.34655666171535,0.01,2025-12-06T15:25:58Z
CAM,,LS-s,33,2.08488516853681,0.01,2025-12-06T15:25:58Z
CAM,,LS-s,34,1.53326821426572,0.01,2025-12-06T15:25:59Z
CAM,,LS-s,35,1.97961710937547,0.01,2025-12-06T15:25:59Z
CAM,,LS-s,36,-3.67172857183713,0.01,2025-12-06T15:25:59Z
CAM,,LS-s,37,-2.20873791839577,0.01,2025-12-06T15:25:59Z
CAM,,LS-s,38,-2.48378765221422,0.01,2025-12-06T15:26:00Z
CAM,,LS-s,39,1.36641403679074,0.01,2025-12-06T15:26:00Z
CAM,,LS-s,40,-1.96632529599729,0.01,2025-12-06T15:26:00Z
CAM,,LS-s,41,1.78505590894803,0.01,2025-12-06T15:26:01Z
CAM,,LS-s,42,1.57783866517309,0.01,2025-12-06T15:26:01Z
CAM,,LS-s,43,-3.59021727942412,0.01,2025-12-06T15:26:01Z
CAM,,LS-s,44,-2.56272953344683,0.01,2025-12-06T15:26:02Z
CAM,,LS-s,45,-2.80362004339046,0.01,2025-12-06T15:26:02Z
CAM,,LS-s,46,1.73871129359285,0.01,2025-12-06T15:26:02Z
CAM,,LS-s,47,1.46949758312139,0.01,2025-12-06T15:26:02Z
CAM,,LS-s,48,-2.3063163691748,0.01,2025-12-06T15:26:03Z
CAM,,LS-s,49,-4.06581466849698,0.01,2025-12-06T15:26:03Z
CAM,,LS-s,50,-2.35463420833482,0.01,2025-12-06T15:26:03Z
CAM,,LS-s,51,-4.10297703408969,0.01,2025-12-06T15:26:04Z
CAM,,LS-s,52,-2.77464720204858,0.01,2025-12-06T15:26:04Z
CAM,,LS-s,53,-2.59059296051164,0.01,2025-12-06T15:26:04Z
CAM,,LS-s,54,2.79655510385693,0.01,2025-12-06T15:26:05Z
CAM,,LS-s,55,1.65107036028137,0.01,2025-12-06T15:26:05Z
CAM,,LS-s,56,1.45131178310516,0.01,2025-12-06T15:26:05Z
CAM,,LS-s,57,2.39395681512261,0.01,2025-12-06T15:26:06Z
CAM,,LS-s,58,-2.48723571294064,0.01,2025-12-06T15:26:06Z
CAM,,LS-s,59,1.38685302999353,0.01,2025-12-06T15:26:06Z
CAM,,LS-s,60,-2.82117295259843,0.01,2025-12-06T15:26:06Z
CAM,,LS-s,61,1.99318565548665,0.01,2025-12-06T15:26:07Z
CAM,,LS-s,62,3.07612432192849,0.01,2025-12-06T15:26:07Z
CAM,,LS-s,63,3.30773220502162,0.01,2025-12-06T15:26:07Z
CAM,,LS-s,64,1.95529497365265,0.01,2025-12-06T15:26:08Z
CAM,,LS-s,65,1.61204626946414,0.01,2025-12-06T15:26:08Z
CAM,,LS-s,66,2.12486725561176,0.01,2025-12-06T15:26:08Z
CAM,,LS-s,67,-3.37714276463851,0.01,2025-12-06T15:26:09Z
CAM,,LS-s,68,1.39648162334595,0.01,2025-12-06T15:26:09Z
CAM,,LS-s,69,-2.68980122920032,0.01,2025-12-06T15:26:09Z
CAM,,LS-s,70,-1.48116299142911,0.01,2025-12-06T15:26:09Z
CAM,,LS-s,71,1.507947388843,0.01,2025-12-06T15:26:10Z
CAM,,LS-s,72,-2.899752427023,0.01,2025-12-06T15:26:10Z
CAM,,LS-s,73,-2.58024650303677,0.01,2025-12-06T15:26:10Z
CAM,,LS-s,74,-3.34773057276033,0.01,2025-12-06T15:26:11Z
CAM,,LS-s,75,-2.34558386403395,0.01,2025-12-06T15:26:11Z
CAM,,LS-s,76,1.34284785932467,0.01,2025-12-06T15:26:11Z
CAM,,LS-s,77,-0.351021402424061,0.01,2025-12-06T15:26:12Z
CAM,,LS-s,78,-2.48371970340303,0.01,2025-12-06T15:26:12Z
CAM,,LS-s,79,-3.15304568561101,0.01,2025-12-06T15:26:12Z
CAM,,LS-s,80,2.20324783183036,0.01,2025-12-06T15:26:12Z
CAM,,LS-s,81,-3.53183806354227,0.01,2025-12-06T15:26:13Z
CAM,,LS-s,82,-2.92444367257704,0.01,2025-12-06T15:26:13Z
CAM,,LS-s,83,-2.89270647354927,0.01,2025-12-06T15:26:13Z
CAM,,LS-s,84,-3.43175938611042,0.01,2025-12-06T15:26:14Z
CAM,,LS-s,85,1.89264179484339,0.01,2025-12-06T15:26:14Z
CAM,,LS-s,86,0.988565760882763,0.01,2025-12-06T15:26:14Z
CAM,,LS-s,87,1.88275080876023,0.01,2025-12-06T15:26:14Z
CAM,,LS-s,88,4.36259034032079,0.01,2025-12-06T15:26:15Z
CAM,,LS-s,89,2.38132978678678,0.01,2025-12-06T15:26:15Z
CAM,,LS-s,90,-2.69571968290131,0.01,2025-12-06T15:26:15Z
CAM,,LS-s,91,-3.04304229027821,0.01,2025-12-06T15:26:16Z
CAM,,LS-s,92,1.45813264165966,0.01,2025-12-06T15:26:16Z
CAM,,LS-s,93,4.42239475370528,0.01,2025-12-06T15:26:16Z
CAM,,LS-s,94,3.88284821453053,0.01,2025-12-06T15:26:17Z
CAM,,LS-s,95,1.81359824877117,0.01,2025-12-06T15:26:17Z
CAM,,LS-s,96,-3.03681840923753,0.01,2025-12-06T15:26:17Z
CAM,,LS-s,97,2.18309947244197,0.01,2025-12-06T15:26:18Z
CAM,,LS-s,98,-3.17339376127542,0.01,2025-12-06T15:26:18Z
CAM,,LS-s,99,-3.37320405883874,0.01,2025-12-06T15:26:19Z
CAM,,LS-s,100,2.50432733993505,0.01,2025-12-06T15:26:19Z
CAM,,MN-U,1,2.66962529053979,0.01,2025-12-06T15:26:19Z
CAM,,MN-U,2,-3.07729514342869,0.01,2025-12-06T15:26:20Z
CAM,,MN-U,3,3.48844692228076,0.01,2025-12-06T15:26:20Z
CAM,,MN-U,4,-2.81355671053537,0.01,2025-12-06T15:26:21Z
CAM,,MN-U,5,3.33181248600713,0.01,2025-12-06T15:26:21Z
CAM,,MN-U,6,3.00470778033916,0.01,2025-12-06T15:26:22Z
CAM,,MN-U,7,2.81121467661128,0.01,2025-12-06T15:26:22Z
CAM,,MN-U,8,-3.62879145976404,0.01,2025-12-06T15:26:22Z
CAM,,MN-U,9,2.59040948127049,0.01,2025-12-06T15:26:23Z
CAM,,MN-U,10,2.62858499091303,0.01,2025-12-06T15:26:23Z
CAM,,MN-U,11,2.9028923448544,0.01,2025-12-06T15:26:24Z
CAM,,MN-U,12,2.32485096699165,0.01,2025-12-06T15:26:24Z
CAM,,MN-U,13,2.70006252356666,0.01,2025-12-06T15:26:24Z
CAM,,MN-U,14,2.54455480810682,0.01,2025-12-06T15:26:25Z
CAM,,MN-U,15,3.10618547122233,0.01,2025-12-06T15:26:25Z
CAM,,MN-U,16,3.11780647045043,0.01,2025-12-06T15:26:26Z
CAM,,MN-U,17,-3.72187975887677,0.01,2025-12-06T15:26:26Z
CAM,,MN-U,18,2.51369507173585,0.01,2025-12-06T15:26:26Z
CAM,,MN-U,19,2.92152735656598,0.01,2025-12-06T15:26:27Z
CAM,,MN-U,20,3.23879627413984,0.01,2025-12-06T15:26:27Z
CAM,,MN-U,21,2.39211136823189,0.01,2025-12-06T15:26:27Z
CAM,,MN-U,22,3.06045952718087,0.01,2025-12-06T15:26:28Z
CAM,,MN-U,23,2.88358838921633,0.01,2025-12-06T15:26:28Z
CAM,,MN-U,24,2.47587430343149,0.01,2025-12-06T15:26:28Z
CAM,,MN-U,25,3.6482176750561,0.01,2025-12-06T15:26:29Z
CAM,,MN-U,26,2.61996223139436,0.01,2025-12-06T15:26:29Z
CAM,,MN-U,27,2.89680044197866,0.01,2025-12-06T15:26:29Z
CAM,,MN-U,28,2.43447915705684,0.01,2025-12-06T15:26:29Z
CAM,,MN-U,29,3.39977271627104,0.01,2025-12-06T15:26:30Z
CAM,,MN-U,30,2.30411118274136,0.01,2025-12-06T15:26:30Z
CAM,,MN-U,31,2.62266149402497,0.01,2025-12-06T15:26:30Z
CAM,,MN-U,32,3.06360171321567,0.01,2025-12-06T15:26:31Z
CAM,,MN-U,33,3.59810100424694,0.01,2025-12-06T15:26:31Z
CAM,,MN-U,34,3.09712178161991,0.01,2025-12-06T15:26:31Z
CAM,,MN-U,35,2.02459024594976,0.01,2025-12-06T15:26:32Z
CAM,,MN-U,36,2.24906504074272,0.01,2025-12-06T15:26:32Z
CAM,,MN-U,37,2.98347458464593,0.01,2025-12-06T15:26:32Z
CAM,,MN-U,38,2.60219224962474,0.01,2025-12-06T15:26:33Z
CAM,,MN-U,39,2.93237679851407,0.01,2025-12-06T15:26:33Z
CAM,,MN-U,40,2.30259873466311,0.01,2025-12-06T15:26:33Z
CAM,,MN-U,41,-2.97948057385266,0.01,2025-12-06T15:26:34Z
CAM,,MN-U,42,2.68894274533538,0.01,2025-12-06T15:26:34Z
CAM,,MN-U,43,2.54274071542165,0.01,2025-12-06T15:26:34Z
CAM,,MN-U,44,3.30650127764474,0.01,2025-12-06T15:26:35Z
CAM,,MN-U,45,3.0193001952849,0.01,2025-12-06T15:26:35Z
CAM,,MN-U,46,2.99480323356703,0.01,2025-12-06T15:26:35Z
CAM,,MN-U,47,2.94699979773517,0.01,2025-12-06T15:26:36Z
CAM,,MN-U,48,1.99581906960318,0.01,2025-12-06T15:26:36Z
CAM,,MN-U,49,2.64349875172533,0.01,2025-12-06T15:26:37Z
CAM,,MN-U,50,3.16409466326629,0.01,2025-12-06T15:26:37Z
CAM,,MN-U,51,2.42882405458014,0.01,2025-12-06T15:26:37Z
CAM,,MN-U,52,2.70777163046368,0.01,2025-12-06T15:26:38Z
CAM,,MN-U,53,2.81593978860836,0.01,2025-12-06T15:26:38Z
CAM,,MN-U,54,1.62925568529994,0.01,2025-12-06T15:26:39Z
CAM,,MN-U,55,3.63532679280276,0.01,2025-12-06T15:26:39Z
CAM,,MN-U,56,3.24718111607347,0.01,2025-12-06T15:26:39Z
CAM,,MN-U,57,2.80807993996577,0.01,2025-12-06T15:26:40Z
CAM,,MN-U,58,3.42554918027682,0.01,2025-12-06T15:26:40Z
CAM,,MN-U,59,3.07492857293842,0.01,2025-12-06T15:26:41Z
CAM,,MN-U,60,2.89941818395003,0.01,2025-12-06T15:26:41Z
CAM,,MN-U,61,3.31355708965804,0.01,2025-12-06T15:26:42Z
CAM,,MN-U,62,1.98210898925533,0.01,2025-12-06T15:26:42Z
CAM,,MN-U,63,2.59968785608079,0.01,2025-12-06T15:26:43Z
CAM,,MN-U,64,-2.96632511501021,0.01,2025-12-06T15:26:43Z
CAM,,MN-U,65,2.26679563166776,0.01,2025-12-06T15:26:43Z
CAM,,MN-U,66,2.22631323422427,0.01,2025-12-06T15:26:44Z
CAM,,MN-U,67,2.40877167622685,0.01,2025-12-06T15:26:44Z
CAM,,MN-U,68,3.00459966666946,0.01,2025-12-06T15:26:45Z
CAM,,MN-U,69,2.40869563137259,0.01,2025-12-06T15:26:45Z
CAM,,MN-U,70,3.0850489510884,0.01,2025-12-06T15:26:45Z
CAM,,MN-U,71,-3.06639244390878,0.01,2025-12-06T15:26:46Z
CAM,,MN-U,72,2.48981526233891,0.01,2025-12-06T15:26:46Z
CAM,,MN-U,73,3.07540260279811,0.01,2025-12-06T15:26:47Z
CAM,,MN-U,74,-3.28092366443063,0.01,2025-12-06T15:26:47Z
CAM,,MN-U,75,3.26773197943903,0.01,2025-12-06T15:26:48Z
CAM,,MN-U,76,2.76721804202048,0.01,2025-12-06T15:26:48Z
CAM,,MN-U,77,1.9498509411507,0.01,2025-12-06T15:26:48Z
CAM,,MN-U,78,2.88151098889371,0.01,2025-12-06T15:26:49Z
CAM,,MN-U,79,-2.97664596846899,0.01,2025-12-06T15:26:49Z
CAM,,MN-U,80,2.73178850523613,0.01,2025-12-06T15:26:49Z
CAM,,MN-U,81,2.29589951370366,0.01,2025-12-06T15:26:50Z
CAM,,MN-U,82,2.02577445277621,0.01,2025-12-06T15:26:50Z
CAM,,MN-U,83,2.7239833300773,0.01,2025-12-06T15:26:51Z
CAM,,MN-U,84,2.81532597612913,0.01,2025-12-06T15:26:51Z
CAM,,MN-U,85,2.81433239494453,0.01,2025-12-06T15:26:51Z
CAM,,MN-U,86,2.91623354425082,0.01,2025-12-06T15:26:52Z
CAM,,MN-U,87,-2.34790490179949,0.01,2025-12-06T15:26:52Z
CAM,,MN-U,88,3.23678751231086,0.01,2025-12-06T15:26:53Z
CAM,,MN-U,89,3.02646098443094,0.01,2025-12-06T15:26:53Z
CAM,,MN-U,90,-3.0729912170146,0.01,2025-12-06T15:26:53Z
CAM,,MN-U,91,3.70559904052665,0.01,2025-12-06T15:26:54Z
CAM,,MN-U,92,-3.73687690258257,0.01,2025-12-06T15:26:54Z
CAM,,MN-U,93,-3.33988426005269,0.01,2025-12-06T15:26:54Z
CAM,,MN-U,94,3.67558337168805,0.01,2025-12-06T15:26:55Z
CAM,,MN-U,95,3.22154536793097,0.01,2025-12-06T15:26:55Z
CAM,,MN-U,96,-2.61466708701387,0.01,2025-12-06T15:26:56Z
CAM,,MN-U,97,1.62000302188696,0.01,2025-12-06T15:26:56Z
CAM,,MN-U,98,3.25762283121065,0.01,2025-12-06T15:26:56Z
CAM,,MN-U,99,2.81105952137496,0.01,2025-12-06T15:26:57Z
CAM,,MN-U,100,2.63433332841891,0.01,2025-12-06T15:26:57Z
RDMDL,,AN,1,-0.312901911932685,0.01,2025-12-06T15:38:52Z
RDMDL,,AN,2,-0.535136338119417,0.01,2025-12-06T15:38:52Z
RDMDL,,AN,3,-0.677183943821309,0.01,2025-12-06T15:38:52Z
RDMDL,,AN,4,-0.787656735172572,0.01,2025-12-06T15:38:52Z
RDMDL,,AN,5,-0.737429895325618,0.01,2025-12-06T15:38:52Z
RDMDL,,AN,6,-0.673727047671328,0.01,2025-12-06T15:38:52Z
RDMDL,,AN,7,-0.914432463967767,0.01,2025-12-06T15:38:52Z
RDMDL,,AN,8,-0.762648309292061,0.01,2025-12-06T15:38:52Z
RDMDL,,AN,9,-0.35174078255673,0.01,2025-12-06T15:38:52Z
RDMDL,,AN,10,-0.706170872826623,0.01,2025-12-06T15:38:52Z
RDMDL,,AN,11,0.144562356558045,0.01,2025-12-06T15:38:52Z
RDMDL,,AN,12,-0.431975641186107,0.01,2025-12-06T15:38:52Z
RDMDL,,AN,13,-0.0318253605536454,0.01,2025-12-06T15:38:52Z
RDMDL,,AN,14,-0.0043127366292396,0.01,2025-12-06T15:38:52Z
RDMDL,,AN,15,0.135264709991247,0.01,2025-12-06T15:38:52Z
RDMDL,,AN,16,0.226044032182373,0.01,2025-12-06T15:38:52Z
RDMDL,,AN,17,-0.184037497158161,0.01,2025-12-06T15:38:53Z
RDMDL,,AN,18,0.27643954815772,0.01,2025-12-06T15:38:53Z
RDMDL,,AN,19,0.250758691864709,0.01,2025-12-06T15:38:53Z
RDMDL,,AN,20,-0.197206134507025,0.01,2025-12-06T15:38:53Z
RDMDL,,AN,21,0.206360399333201,0.01,2025-12-06T15:38:53Z
RDMDL,,AN,22,0.0139369256353345,0.01,2025-12-06T15:38:53Z
RDMDL,,AN,23,0.283354304251085,0.01,2025-12-06T15:38:53Z
RDMDL,,AN,24,0.101887008151777,0.01,2025-12-06T15:38:53Z
RDMDL,,AN,25,-1.01167124469611,0.01,2025-12-06T15:38:53Z
RDMDL,,AN,26,-1.04690428554435,0.01,2025-12-06T15:38:53Z
RDMDL,,AN,27,0.294387687017603,0.01,2025-12-06T15:38:53Z
RDMDL,,AN,28,0.215719980193588,0.01,2025-12-06T15:38:53Z
RDMDL,,AN,29,-0.654684026468007,0.01,2025-12-06T15:38:53Z
RDMDL,,AN,30,-0.160067015483989,0.01,2025-12-06T15:38:53Z
RDMDL,,AN,31,-0.13801911147481,0.01,2025-12-06T15:38:53Z
RDMDL,,AN,32,-1.66788363149907,0.01,2025-12-06T15:38:53Z
RDMDL,,AN,33,-0.0583495479646462,0.01,2025-12-06T15:38:53Z
RDMDL,,AN,34,-0.6151011772079,0.01,2025-12-06T15:38:53Z
RDMDL,,AN,35,-1.14131320326765,0.01,2025-12-06T15:38:53Z
RDMDL,,AN,36,-0.405015469627769,0.01,2025-12-06T15:38:54Z
RDMDL,,AN,37,0.090622611992127,0.01,2025-12-06T15:38:54Z
RDMDL,,AN,38,0.0677030707708033,0.01,2025-12-06T15:38:54Z
RDMDL,,AN,39,-0.262567339243947,0.01,2025-12-06T15:38:54Z
RDMDL,,AN,40,-0.0865237629316786,0.01,2025-12-06T15:38:54Z
RDMDL,,AN,41,-0.547243412549273,0.01,2025-12-06T15:38:54Z
RDMDL,,AN,42,-0.232015192586694,0.01,2025-12-06T15:38:54Z
RDMDL,,AN,43,-0.162768585868864,0.01,2025-12-06T15:38:54Z
RDMDL,,AN,44,-0.705528626002219,0.01,2025-12-06T15:38:54Z
RDMDL,,AN,45,-0.253584917352437,0.01,2025-12-06T15:38:54Z
RDMDL,,AN,46,-0.066822568440953,0.01,2025-12-06T15:38:54Z
RDMDL,,AN,47,-0.28015372719352,0.01,2025-12-06T15:38:54Z
RDMDL,,AN,48,-0.981223791818108,0.01,2025-12-06T15:38:54Z
RDMDL,,AN,49,0.117113360200496,0.01,2025-12-06T15:38:54Z
RDMDL,,AN,50,-0.122056256729994,0.01,2025-12-06T15:38:54Z
RDMDL,,AN,51,0.155594900267921,0.01,2025-12-06T15:38:54Z
RDMDL,,AN,52,-0.186794914986704,0.01,2025-12-06T15:38:54Z
RDMDL,,AN,53,-0.684295222873475,0.01,2025-12-06T15:38:54Z
RDMDL,,AN,54,-0.345626508074468,0.01,2025-12-06T15:38:55Z
RDMDL,,AN,55,-1.15689419671771,0.01,2025-12-06T15:38:55Z
RDMDL,,AN,56,0.225047275069769,0.01,2025-12-06T15:38:55Z
RDMDL,,AN,57,-0.505381387930155,0.01,2025-12-06T15:38:55Z
RDMDL,,AN,58,-0.306040180749209,0.01,2025-12-06T15:38:55Z
RDMDL,,AN,59,0.154531836460441,0.01,2025-12-06T15:38:55Z
RDMDL,,AN,60,-0.122992387377996,0.01,2025-12-06T15:38:55Z
RDMDL,,AN,61,-0.102288563431229,0.01,2025-12-06T15:38:55Z
RDMDL,,AN,62,0.41466645154023,0.01,2025-12-06T15:38:55Z
RDMDL,,AN,63,-0.581766877845501,0.01,2025-12-06T15:38:55Z
RDMDL,,AN,64,-0.387343023392639,0.01,2025-12-06T15:38:55Z
RDMDL,,AN,65,-1.04128756499288,0.01,2025-12-06T15:38:55Z
RDMDL,,AN,66,0.105349753715855,0.01,2025-12-06T15:38:55Z
RDMDL,,AN,67,-0.409363352088851,0.01,2025-12-06T15:38:55Z
RDMDL,,AN,68,-0.133371539796504,0.01,2025-12-06T15:38:55Z
RDMDL,,AN,69,-0.747588560392806,0.01,2025-12-06T15:38:55Z
RDMDL,,AN,70,0.295116539846019,0.01,2025-12-06T15:38:55Z
RDMDL,,AN,71,0.0445941521973554,0.01,2025-12-06T15:38:55Z
RDMDL,,AN,72,-0.613913924154764,0.01,2025-12-06T15:38:56Z
RDMDL,,AN,73,0.173889535445644,0.01,2025-12-06T15:38:56Z
RDMDL,,AN,74,-0.148029003902826,0.01,2025-12-06T15:38:56Z
RDMDL,,AN,75,-0.718231217751474,0.01,2025-12-06T15:38:56Z
RDMDL,,AN,76,-0.0550438499689146,0.01,2025-12-06T15:38:56Z
RDMDL,,AN,77,-0.289477039647062,0.01,2025-12-06T15:38:56Z
RDMDL,,AN,78,-0.404057878530642,0.01,2025-12-06T15:38:56Z
RDMDL,,AN,79,-0.222783601830236,0.01,2025-12-06T15:38:56Z
RDMDL,,AN,80,-0.244051730295402,0.01,2025-12-06T15:38:56Z
RDMDL,,AN,81,-0.609290588653575,0.01,2025-12-06T15:38:56Z
RDMDL,,AN,82,-0.483791157539562,0.01,2025-12-06T15:38:56Z
RDMDL,,AN,83,-0.351771063458027,0.01,2025-12-06T15:38:56Z
RDMDL,,AN,84,-0.114408488870624,0.01,2025-12-06T15:38:56Z
RDMDL,,AN,85,-0.526120612945951,0.01,2025-12-06T15:38:56Z
RDMDL,,AN,86,-0.016488357760335,0.01,2025-12-06T15:38:56Z
RDMDL,,AN,87,-0.591870752727176,0.01,2025-12-06T15:38:56Z
RDMDL,,AN,88,-0.959478899620432,0.01,2025-12-06T15:38:56Z
RDMDL,,AN,89,-0.112072486424805,0.01,2025-12-06T15:38:56Z
RDMDL,,AN,90,0.0119422624823423,0.01,2025-12-06T15:38:56Z
RDMDL,,AN,91,0.471761137451231,0.01,2025-12-06T15:38:57Z
RDMDL,,AN,92,-0.579528078727071,0.01,2025-12-06T15:38:57Z
RDMDL,,AN,93,-0.433041912758882,0.01,2025-12-06T15:38:57Z
RDMDL,,AN,94,0.102352099743082,0.01,2025-12-06T15:38:57Z
RDMDL,,AN,95,-0.505776737051793,0.01,2025-12-06T15:38:57Z
RDMDL,,AN,96,0.599935069649391,0.01,2025-12-06T15:38:57Z
RDMDL,,AN,97,-0.187347729530735,0.01,2025-12-06T15:38:57Z
RDMDL,,AN,98,-0.472252248868839,0.01,2025-12-06T15:38:57Z
RDMDL,,AN,99,-1.01218185219025,0.01,2025-12-06T15:38:57Z
RDMDL,,AN,100,0.262032556618207,0.01,2025-12-06T15:38:57Z
RDMDL,,AN-s,1,-0.599247944834357,0.01,2025-12-06T15:38:57Z
RDMDL,,AN-s,2,-0.0692665616105987,0.01,2025-12-06T15:38:57Z
RDMDL,,AN-s,3,-0.263981642506598,0.01,2025-12-06T15:38:57Z
RDMDL,,AN-s,4,-0.0938098130239518,0.01,2025-12-06T15:38:57Z
RDMDL,,AN-s,5,-0.17980590876881,0.01,2025-12-06T15:38:57Z
RDMDL,,AN-s,6,-0.201508840423742,0.01,2025-12-06T15:38:57Z
RDMDL,,AN-s,7,0.19645142102393,0.01,2025-12-06T15:38:57Z
RDMDL,,AN-s,8,0.38668115721748,0.01,2025-12-06T15:38:57Z
RDMDL,,AN-s,9,0.104513971995906,0.01,2025-12-06T15:38:58Z
RDMDL,,AN-s,10,0.0469226279469392,0.01,2025-12-06T15:38:58Z
RDMDL,,AN-s,11,-0.0312365283213655,0.01,2025-12-06T15:38:58Z
RDMDL,,AN-s,12,0.0515081641313431,0.01,2025-12-06T15:38:58Z
RDMDL,,AN-s,13,-0.0317029783183709,0.01,2025-12-06T15:38:58Z
RDMDL,,AN-s,14,0.310809743736234,0.01,2025-12-06T15:38:58Z
RDMDL,,AN-s,15,0.225979868063121,0.01,2025-12-06T15:38:58Z
RDMDL,,AN-s,16,0.251502665742418,0.01,2025-12-06T15:38:58Z
RDMDL,,AN-s,17,-0.624053802853567,0.01,2025-12-06T15:38:58Z
RDMDL,,AN-s,18,-0.0380846364192225,0.01,2025-12-06T15:38:58Z
RDMDL,,AN-s,19,-0.0206848467501452,0.01,2025-12-06T15:38:58Z
RDMDL,,AN-s,20,0.0310560721209831,0.01,2025-12-06T15:38:58Z
RDMDL,,AN-s,21,-0.235671322489148,0.01,2025-12-06T15:38:58Z
RDMDL,,AN-s,22,0.17355999789302,0.01,2025-12-06T15:38:58Z
RDMDL,,AN-s,23,0.507557067775104,0.01,2025-12-06T15:38:58Z
RDMDL,,AN-s,24,0.417278891879533,0.01,2025-12-06T15:38:58Z
RDMDL,,AN-s,25,0.0519000692450138,0.01,2025-12-06T15:38:58Z
RDMDL,,AN-s,26,-0.2457917269325,0.01,2025-12-06T15:38:58Z
RDMDL,,AN-s,27,0.0330405598067307,0.01,2025-12-06T15:38:58Z
RDMDL,,AN-s,28,-0.505672823786545,0.01,2025-12-06T15:38:59Z
RDMDL,,AN-s,29,0.24295779532224,0.01,2025-12-06T15:38:59Z
RDMDL,,AN-s,30,0.467114772775397,0.01,2025-12-06T15:38:59Z
RDMDL,,AN-s,31,-0.422732206355118,0.01,2025-12-06T15:38:59Z
RDMDL,,AN-s,32,0.110045645991749,0.01,2025-12-06T15:38:59Z
RDMDL,,AN-s,33,-0.195889728520352,0.01,2025-12-06T15:38:59Z
RDMDL,,AN-s,34,-0.0481419746448009,0.01,2025-12-06T15:38:59Z
RDMDL,,AN-s,35,0.70032764967847,0.01,2025-12-06T15:38:59Z
RDMDL,,AN-s,36,-0.724873900191024,0.01,2025-12-06T15:38:59Z
RDMDL,,AN-s,37,-0.0042088663674619,0.01,2025-12-06T15:38:59Z
RDMDL,,AN-s,38,0.0274619633960323,0.01,2025-12-06T15:38:59Z
RDMDL,,AN-s,39,0.311085106588429,0.01,2025-12-06T15:38:59Z
RDMDL,,AN-s,40,-0.784794356013489,0.01,2025-12-06T15:38:59Z
RDMDL,,AN-s,41,0.388073855423386,0.01,2025-12-06T15:38:59Z
RDMDL,,AN-s,42,0.169094575445825,0.01,2025-12-06T15:38:59Z
RDMDL,,AN-s,43,-0.62679000024194,0.01,2025-12-06T15:38:59Z
RDMDL,,AN-s,44,-0.0912862693676117,0.01,2025-12-06T15:38:59Z
RDMDL,,AN-s,45,0.385809508231233,0.01,2025-12-06T15:38:59Z
RDMDL,,AN-s,46,-0.489151422982662,0.01,2025-12-06T15:38:59Z
RDMDL,,AN-s,47,-0.0698804675642611,0.01,2025-12-06T15:39:00Z
RDMDL,,AN-s,48,0.121007974552555,0.01,2025-12-06T15:39:00Z
RDMDL,,AN-s,49,-0.410646562918243,0.01,2025-12-06T15:39:00Z
RDMDL,,AN-s,50,-0.0241222016599851,0.01,2025-12-06T15:39:00Z
RDMDL,,AN-s,51,-0.0056998740535909,0.01,2025-12-06T15:39:00Z
RDMDL,,AN-s,52,-0.448770307271543,0.01,2025-12-06T15:39:00Z
RDMDL,,AN-s,53,-0.208527823545589,0.01,2025-12-06T15:39:00Z
RDMDL,,AN-s,54,0.214792090468644,0.01,2025-12-06T15:39:00Z
RDMDL,,AN-s,55,0.394180678861035,0.01,2025-12-06T15:39:00Z
RDMDL,,AN-s,56,0.364728572055851,0.01,2025-12-06T15:39:00Z
RDMDL,,AN-s,57,0.0781627510448854,0.01,2025-12-06T15:39:00Z
RDMDL,,AN-s,58,0.0958569450001678,0.01,2025-12-06T15:39:00Z
RDMDL,,AN-s,59,-0.546840812695975,0.01,2025-12-06T15:39:00Z
RDMDL,,AN-s,60,-0.603477127184964,0.01,2025-12-06T15:39:00Z
RDMDL,,AN-s,61,0.439645433795452,0.01,2025-12-06T15:39:00Z
RDMDL,,AN-s,62,0.528196970886569,0.01,2025-12-06T15:39:00Z
RDMDL,,AN-s,63,-0.631607689267725,0.01,2025-12-06T15:39:00Z
RDMDL,,AN-s,64,0.186098538246266,0.01,2025-12-06T15:39:00Z
RDMDL,,AN-s,65,0.84030424338432,0.01,2025-12-06T15:39:00Z
RDMDL,,AN-s,66,0.0556455974125315,0.01,2025-12-06T15:39:01Z
RDMDL,,AN-s,67,-0.0271084988412385,0.01,2025-12-06T15:39:01Z
RDMDL,,AN-s,68,0.370580407595656,0.01,2025-12-06T15:39:01Z
RDMDL,,AN-s,69,0.335192524176186,0.01,2025-12-06T15:39:01Z
RDMDL,,AN-s,70,-0.441522214908442,0.01,2025-12-06T15:39:01Z
RDMDL,,AN-s,71,-0.256337868409161,0.01,2025-12-06T15:39:01Z
RDMDL,,AN-s,72,-0.216240430136489,0.01,2025-12-06T15:39:01Z
RDMDL,,AN-s,73,0.157649073142173,0.01,2025-12-06T15:39:01Z
RDMDL,,AN-s,74,0.351101320960746,0.01,2025-12-06T15:39:01Z
RDMDL,,AN-s,75,-0.0145421470046139,0.01,2025-12-06T15:39:01Z
RDMDL,,AN-s,76,0.151004487346377,0.01,2025-12-06T15:39:01Z
RDMDL,,AN-s,77,-0.225251341330754,0.01,2025-12-06T15:39:01Z
RDMDL,,AN-s,78,-0.0561202508902874,0.01,2025-12-06T15:39:01Z
RDMDL,,AN-s,79,-0.156887157951696,0.01,2025-12-06T15:39:01Z
RDMDL,,AN-s,80,0.477178139460264,0.01,2025-12-06T15:39:01Z
RDMDL,,AN-s,81,-0.482368731692433,0.01,2025-12-06T15:39:01Z
RDMDL,,AN-s,82,0.524467053930897,0.01,2025-12-06T15:39:01Z
RDMDL,,AN-s,83,-0.381290169678045,0.01,2025-12-06T15:39:01Z
RDMDL,,AN-s,84,-0.577253438280013,0.01,2025-12-06T15:39:01Z
RDMDL,,AN-s,85,-0.134506381866292,0.01,2025-12-06T15:39:02Z
RDMDL,,AN-s,86,0.632649777888846,0.01,2025-12-06T15:39:02Z
RDMDL,,AN-s,87,0.18200583588968,0.01,2025-12-06T15:39:02Z
RDMDL,,AN-s,88,-0.73196428639166,0.01,2025-12-06T15:39:02Z
RDMDL,,AN-s,89,-0.671815631089976,0.01,2025-12-06T15:39:02Z
RDMDL,,AN-s,90,0.0193688392080528,0.01,2025-12-06T15:39:02Z
RDMDL,,AN-s,91,-0.270747498786558,0.01,2025-12-06T15:39:02Z
RDMDL,,AN-s,92,0.429093725060231,0.01,2025-12-06T15:39:02Z
RDMDL,,AN-s,93,0.469691477850348,0.01,2025-12-06T15:39:02Z
RDMDL,,AN-s,94,-0.363165918098067,0.01,2025-12-06T15:39:02Z
RDMDL,,AN-s,95,-0.375951098220426,0.01,2025-12-06T15:39:02Z
RDMDL,,AN-s,96,0.548195823206125,0.01,2025-12-06T15:39:02Z
RDMDL,,AN-s,97,-0.453356171620938,0.01,2025-12-06T15:39:02Z
RDMDL,,AN-s,98,-0.0604474965080794,0.01,2025-12-06T15:39:02Z
RDMDL,,AN-s,99,0.30463963721971,0.01,2025-12-06T15:39:03Z
RDMDL,,AN-s,100,0.152088413131865,0.01,2025-12-06T15:39:03Z
RDMDL,,LS,1,0.0840386320875895,0.01,2025-12-06T15:39:03Z
RDMDL,,LS,2,0.002589435781736,0.01,2025-12-06T15:39:03Z
RDMDL,,LS,3,-0.821103878303445,0.01,2025-12-06T15:39:03Z
RDMDL,,LS,4,-0.396413047480633,0.01,2025-12-06T15:39:03Z
RDMDL,,LS,5,-0.492293677990293,0.01,2025-12-06T15:39:03Z
RDMDL,,LS,6,0.116949215912649,0.01,2025-12-06T15:39:03Z
RDMDL,,LS,7,0.271118330331507,0.01,2025-12-06T15:39:03Z
RDMDL,,LS,8,-1.26521983280309,0.01,2025-12-06T15:39:03Z
RDMDL,,LS,9,-0.533611773582479,0.01,2025-12-06T15:39:03Z
RDMDL,,LS,10,-0.11721414925522,0.01,2025-12-06T15:39:03Z
RDMDL,,LS,11,-0.366290965128846,0.01,2025-12-06T15:39:03Z
RDMDL,,LS,12,-0.350572610207961,0.01,2025-12-06T15:39:03Z
RDMDL,,LS,13,0.0832404713056193,0.01,2025-12-06T15:39:03Z
RDMDL,,LS,14,-0.345007450594364,0.01,2025-12-06T15:39:04Z
RDMDL,,LS,15,-0.237660628164964,0.01,2025-12-06T15:39:04Z
RDMDL,,LS,16,0.157792933238509,0.01,2025-12-06T15:39:04Z
RDMDL,,LS,17,0.0810924997852794,0.01,2025-12-06T15:39:04Z
RDMDL,,LS,18,-0.143126867129524,0.01,2025-12-06T15:39:04Z
RDMDL,,LS,19,-0.243564561051227,0.01,2025-12-06T15:39:04Z
RDMDL,,LS,20,-0.118939158095056,0.01,2025-12-06T15:39:04Z
RDMDL,,LS,21,-0.66783938216028,0.01,2025-12-06T15:39:04Z
RDMDL,,LS,22,-0.0155905912397674,0.01,2025-12-06T15:39:04Z
RDMDL,,LS,23,-0.566938131479881,0.01,2025-12-06T15:39:04Z
RDMDL,,LS,24,-0.435885384892809,0.01,2025-12-06T15:39:04Z
RDMDL,,LS,25,-0.331337909640889,0.01,2025-12-06T15:39:04Z
RDMDL,,LS,26,0.572613051154352,0.01,2025-12-06T15:39:04Z
RDMDL,,LS,27,-0.174447515971091,0.01,2025-12-06T15:39:04Z
RDMDL,,LS,28,-0.210644086741547,0.01,2025-12-06T15:39:05Z
RDMDL,,LS,29,-0.233765800899805,0.01,2025-12-06T15:39:05Z
RDMDL,,LS,30,-0.327024928050701,0.01,2025-12-06T15:39:05Z
RDMDL,,LS,31,0.118934353861734,0.01,2025-12-06T15:39:05Z
RDMDL,,LS,32,-0.803917584206426,0.01,2025-12-06T15:39:05Z
RDMDL,,LS,33,0.0388192147003865,0.01,2025-12-06T15:39:05Z
RDMDL,,LS,34,-0.220278721323954,0.01,2025-12-06T15:39:05Z
RDMDL,,LS,35,-0.938997115045783,0.01,2025-12-06T15:39:05Z
RDMDL,,LS,36,-0.16830641576997,0.01,2025-12-06T15:39:05Z
RDMDL,,LS,37,0.181607555588061,0.01,2025-12-06T15:39:05Z
RDMDL,,LS,38,-0.428635815117351,0.01,2025-12-06T15:39:05Z
RDMDL,,LS,39,-0.639901240444627,0.01,2025-12-06T15:39:05Z
RDMDL,,LS,40,-0.247863794341413,0.01,2025-12-06T15:39:05Z
RDMDL,,LS,41,0.045526328097887,0.01,2025-12-06T15:39:05Z
RDMDL,,LS,42,0.400568129540219,0.01,2025-12-06T15:39:06Z
RDMDL,,LS,43,-0.458137781716214,0.01,2025-12-06T15:39:06Z
RDMDL,,LS,44,-0.0792807374106789,0.01,2025-12-06T15:39:06Z
RDMDL,,LS,45,0.526684008887213,0.01,2025-12-06T15:39:06Z
RDMDL,,LS,46,-0.300366874991711,0.01,2025-12-06T15:39:06Z
RDMDL,,LS,47,0.434512078485665,0.01,2025-12-06T15:39:06Z
RDMDL,,LS,48,0.489701636062214,0.01,2025-12-06T15:39:06Z
RDMDL,,LS,49,0.331453683149313,0.01,2025-12-06T15:39:06Z
RDMDL,,LS,50,-1.12951074384378,0.01,2025-12-06T15:39:06Z
RDMDL,,LS,51,0.053319878131097,0.01,2025-12-06T15:39:06Z
RDMDL,,LS,52,0.12110582747938,0.01,2025-12-06T15:39:06Z
RDMDL,,LS,53,0.0083218781643895,0.01,2025-12-06T15:39:06Z
RDMDL,,LS,54,-0.241857482117062,0.01,2025-12-06T15:39:06Z
RDMDL,,LS,55,-0.0176995768328083,0.01,2025-12-06T15:39:06Z
RDMDL,,LS,56,0.0426998032297515,0.01,2025-12-06T15:39:07Z
RDMDL,,LS,57,0.037762280817612,0.01,2025-12-06T15:39:07Z
RDMDL,,LS,58,0.326608083939643,0.01,2025-12-06T15:39:07Z
RDMDL,,LS,59,0.287670483540729,0.01,2025-12-06T15:39:07Z
RDMDL,,LS,60,-0.507658023294501,0.01,2025-12-06T15:39:07Z
RDMDL,,LS,61,-0.385405173686245,0.01,2025-12-06T15:39:07Z
RDMDL,,LS,62,-0.0802388861987728,0.01,2025-12-06T15:39:07Z
RDMDL,,LS,63,-1.14391432241154,0.01,2025-12-06T15:39:07Z
RDMDL,,LS,64,-1.88861054772394,0.01,2025-12-06T15:39:07Z
RDMDL,,LS,65,0.127877555344769,0.01,2025-12-06T15:39:07Z
RDMDL,,LS,66,0.161386380779832,0.01,2025-12-06T15:39:07Z
RDMDL,,LS,67,-0.228513933087543,0.01,2025-12-06T15:39:07Z
RDMDL,,LS,68,0.278774879322273,0.01,2025-12-06T15:39:07Z
RDMDL,,LS,69,-0.0732872179473693,0.01,2025-12-06T15:39:07Z
RDMDL,,LS,70,-0.284734586698968,0.01,2025-12-06T15:39:08Z
RDMDL,,LS,71,0.128277468733247,0.01,2025-12-06T15:39:08Z
RDMDL,,LS,72,-0.614991041144529,0.01,2025-12-06T15:39:08Z
RDMDL,,LS,73,0.0021183248212123,0.01,2025-12-06T15:39:08Z
RDMDL,,LS,74,-0.0970169379821013,0.01,2025-12-06T15:39:08Z
RDMDL,,LS,75,-1.18023973214135,0.01,2025-12-06T15:39:08Z
RDMDL,,LS,76,0.172932036929433,0.01,2025-12-06T15:39:08Z
RDMDL,,LS,77,0.0359268842546475,0.01,2025-12-06T15:39:08Z
RDMDL,,LS,78,-0.333236005060006,0.01,2025-12-06T15:39:08Z
RDMDL,,LS,79,0.438152626505107,0.01,2025-12-06T15:39:08Z
RDMDL,,LS,80,-0.34712778954098,0.01,2025-12-06T15:39:08Z
RDMDL,,LS,81,-0.510763719149669,0.01,2025-12-06T15:39:08Z
RDMDL,,LS,82,-0.174371641305763,0.01,2025-12-06T15:39:08Z
RDMDL,,LS,83,-0.454735150622336,0.01,2025-12-06T15:39:08Z
RDMDL,,LS,84,-0.0820713150445103,0.01,2025-12-06T15:39:08Z
RDMDL,,LS,85,-0.728515225121568,0.01,2025-12-06T15:39:09Z
RDMDL,,LS,86,-0.709199899459578,0.01,2025-12-06T15:39:09Z
RDMDL,,LS,87,-0.618250970739828,0.01,2025-12-06T15:39:09Z
RDMDL,,LS,88,-0.286657845335377,0.01,2025-12-06T15:39:09Z
RDMDL,,LS,89,-0.0726214624805202,0.01,2025-12-06T15:39:09Z
RDMDL,,LS,90,-1.16082573726606,0.01,2025-12-06T15:39:09Z
RDMDL,,LS,91,-0.6651249703732,0.01,2025-12-06T15:39:09Z
RDMDL,,LS,92,-1.07209738958583,0.01,2025-12-06T15:39:09Z
RDMDL,,LS,93,-0.196908810746247,0.01,2025-12-06T15:39:09Z
RDMDL,,LS,94,-0.109929285033969,0.01,2025-12-06T15:39:09Z
RDMDL,,LS,95,-0.161104496042408,0.01,2025-12-06T15:39:09Z
RDMDL,,LS,96,-0.758596171222234,0.01,2025-12-06T15:39:09Z
RDMDL,,LS,97,0.127364892394272,0.01,2025-12-06T15:39:09Z
RDMDL,,LS,98,-0.0369441084801028,0.01,2025-12-06T15:39:09Z
RDMDL,,LS,99,-0.0816887415787673,0.01,2025-12-06T15:39:10Z
RDMDL,,LS,100,0.435615503359989,0.01,2025-12-06T15:39:10Z
RDMDL,,LS-s,1,0.666427411256737,0.01,2025-12-06T15:39:10Z
RDMDL,,LS-s,2,0.409062363019636,0.01,2025-12-06T15:39:10Z
RDMDL,,LS-s,3,0.575018026180238,0.01,2025-12-06T15:39:10Z
RDMDL,,LS-s,4,-0.174947591438332,0.01,2025-12-06T15:39:10Z
RDMDL,,LS-s,5,0.644543359713115,0.01,2025-12-06T15:39:10Z
RDMDL,,LS-s,6,0.385549555307721,0.01,2025-12-06T15:39:10Z
RDMDL,,LS-s,7,0.477405478333619,0.01,2025-12-06T15:39:10Z
RDMDL,,LS-s,8,0.757588264105337,0.01,2025-12-06T15:39:10Z
RDMDL,,LS-s,9,-0.552087956674333,0.01,2025-12-06T15:39:10Z
RDMDL,,LS-s,10,0.473914636072485,0.01,2025-12-06T15:39:10Z
RDMDL,,LS-s,11,0.0776243954315239,0.01,2025-12-06T15:39:10Z
RDMDL,,LS-s,12,-0.0677027298800799,0.01,2025-12-06T15:39:10Z
RDMDL,,LS-s,13,0.0229388029151264,0.01,2025-12-06T15:39:10Z
RDMDL,,LS-s,14,0.213829956646601,0.01,2025-12-06T15:39:10Z
RDMDL,,LS-s,15,0.505683792438062,0.01,2025-12-06T15:39:11Z
RDMDL,,LS-s,16,-0.0644444999975212,0.01,2025-12-06T15:39:11Z
RDMDL,,LS-s,17,0.578066852609886,0.01,2025-12-06T15:39:11Z
RDMDL,,LS-s,18,0.858739023865196,0.01,2025-12-06T15:39:11Z
RDMDL,,LS-s,19,0.0500221134163402,0.01,2025-12-06T15:39:11Z
RDMDL,,LS-s,20,0.748669146333024,0.01,2025-12-06T15:39:11Z
RDMDL,,LS-s,21,0.470119153628047,0.01,2025-12-06T15:39:11Z
RDMDL,,LS-s,22,-0.0900880317770531,0.01,2025-12-06T15:39:11Z
RDMDL,,LS-s,23,-0.258378053766428,0.01,2025-12-06T15:39:11Z
RDMDL,,LS-s,24,0.213792396152106,0.01,2025-12-06T15:39:11Z
RDMDL,,LS-s,25,0.563128121070301,0.01,2025-12-06T15:39:11Z
RDMDL,,LS-s,26,0.171646369069898,0.01,2025-12-06T15:39:11Z
RDMDL,,LS-s,27,0.511591039471834,0.01,2025-12-06T15:39:11Z
RDMDL,,LS-s,28,0.419419668924751,0.01,2025-12-06T15:39:11Z
RDMDL,,LS-s,29,0.730947123614681,0.01,2025-12-06T15:39:12Z
RDMDL,,LS-s,30,0.0264715699103867,0.01,2025-12-06T15:39:12Z
RDMDL,,LS-s,31,0.935162843310319,0.01,2025-12-06T15:39:12Z
RDMDL,,LS-s,32,0.626534940505551,0.01,2025-12-06T15:39:12Z
RDMDL,,LS-s,33,0.632515145299633,0.01,2025-12-06T15:39:12Z
RDMDL,,LS-s,34,0.25245257758566,0.01,2025-12-06T15:39:12Z
RDMDL,,LS-s,35,0.406452586891916,0.01,2025-12-06T15:39:12Z
RDMDL,,LS-s,36,-0.239730186984909,0.01,2025-12-06T15:39:12Z
RDMDL,,LS-s,37,0.903595795636875,0.01,2025-12-06T15:39:12Z
RDMDL,,LS-s,38,0.400248247437489,0.01,2025-12-06T15:39:12Z
RDMDL,,LS-s,39,0.516036012457593,0.01,2025-12-06T15:39:12Z
RDMDL,,LS-s,40,0.492886220602879,0.01,2025-12-06T15:39:12Z
RDMDL,,LS-s,41,0.691281103638259,0.01,2025-12-06T15:39:12Z
RDMDL,,LS-s,42,0.401934508507594,0.01,2025-12-06T15:39:12Z
RDMDL,,LS-s,43,0.156808977933075,0.01,2025-12-06T15:39:12Z
RDMDL,,LS-s,44,0.414589807295173,0.01,2025-12-06T15:39:13Z
RDMDL,,LS-s,45,1.07868103193623,0.01,2025-12-06T15:39:13Z
RDMDL,,LS-s,46,0.344715721549973,0.01,2025-12-06T15:39:13Z
RDMDL,,LS-s,47,0.368758645787104,0.01,2025-12-06T15:39:13Z
RDMDL,,LS-s,48,0.758748003267437,0.01,2025-12-06T15:39:13Z
RDMDL,,LS-s,49,-0.154125651474968,0.01,2025-12-06T15:39:13Z
RDMDL,,LS-s,50,0.890705485371304,0.01,2025-12-06T15:39:13Z
RDMDL,,LS-s,51,0.0142118482184837,0.01,2025-12-06T15:39:13Z
RDMDL,,LS-s,52,0.405954702824541,0.01,2025-12-06T15:39:13Z
RDMDL,,LS-s,53,0.47900406064347,0.01,2025-12-06T15:39:13Z
RDMDL,,LS-s,54,-0.226357905469893,0.01,2025-12-06T15:39:13Z
RDMDL,,LS-s,55,0.759208930650849,0.01,2025-12-06T15:39:13Z
RDMDL,,LS-s,56,0.0859754438194813,0.01,2025-12-06T15:39:13Z
RDMDL,,LS-s,57,0.503785710751758,0.01,2025-12-06T15:39:13Z
RDMDL,,LS-s,58,0.859781162246002,0.01,2025-12-06T15:39:13Z
RDMDL,,LS-s,59,0.119705113705029,0.01,2025-12-06T15:39:14Z
RDMDL,,LS-s,60,0.153597224089583,0.01,2025-12-06T15:39:14Z
RDMDL,,LS-s,61,0.409448473702031,0.01,2025-12-06T15:39:14Z
RDMDL,,LS-s,62,0.355249494582667,0.01,2025-12-06T15:39:14Z
RDMDL,,LS-s,63,-0.345204444671982,0.01,2025-12-06T15:39:14Z
RDMDL,,LS-s,64,0.556428101575405,0.01,2025-12-06T15:39:14Z
RDMDL,,LS-s,65,0.486222834744523,0.01,2025-12-06T15:39:14Z
RDMDL,,LS-s,66,0.603702467554824,0.01,2025-12-06T15:39:14Z
RDMDL,,LS-s,67,0.532259055993438,0.01,2025-12-06T15:39:14Z
RDMDL,,LS-s,68,0.127392601973565,0.01,2025-12-06T15:39:14Z
RDMDL,,LS-s,69,0.927266808145565,0.01,2025-12-06T15:39:14Z
RDMDL,,LS-s,70,0.699442802981082,0.01,2025-12-06T15:39:14Z
RDMDL,,LS-s,71,0.340145670898457,0.01,2025-12-06T15:39:14Z
RDMDL,,LS-s,72,0.398868946013264,0.01,2025-12-06T15:39:14Z
RDMDL,,LS-s,73,0.520623054326854,0.01,2025-12-06T15:39:14Z
RDMDL,,LS-s,74,0.674698762206748,0.01,2025-12-06T15:39:15Z
RDMDL,,LS-s,75,0.581619488476674,0.01,2025-12-06T15:39:15Z
RDMDL,,LS-s,76,0.712354445378082,0.01,2025-12-06T15:39:15Z
RDMDL,,LS-s,77,0.29609788095381,0.01,2025-12-06T15:39:15Z
RDMDL,,LS-s,78,0.620454895349621,0.01,2025-12-06T15:39:15Z
RDMDL,,LS-s,79,0.473974553203173,0.01,2025-12-06T15:39:15Z
RDMDL,,LS-s,80,0.203504205625421,0.01,2025-12-06T15:39:15Z
RDMDL,,LS-s,81,0.422272879212324,0.01,2025-12-06T15:39:15Z
RDMDL,,LS-s,82,0.442972804152444,0.01,2025-12-06T15:39:15Z
RDMDL,,LS-s,83,0.674004430621623,0.01,2025-12-06T15:39:15Z
RDMDL,,LS-s,84,0.33349652505779,0.01,2025-12-06T15:39:15Z
RDMDL,,LS-s,85,0.391595916840256,0.01,2025-12-06T15:39:15Z
RDMDL,,LS-s,86,0.354897161192522,0.01,2025-12-06T15:39:15Z
RDMDL,,LS-s,87,0.489514357296542,0.01,2025-12-06T15:39:15Z
RDMDL,,LS-s,88,-0.611004287769016,0.01,2025-12-06T15:39:15Z
RDMDL,,LS-s,89,0.885223799758442,0.01,2025-12-06T15:39:15Z
RDMDL,,LS-s,90,0.409283769856715,0.01,2025-12-06T15:39:16Z
RDMDL,,LS-s,91,0.651109667629353,0.01,2025-12-06T15:39:16Z
RDMDL,,LS-s,92,0.379881756841212,0.01,2025-12-06T15:39:16Z
RDMDL,,LS-s,93,-0.53971233749658,0.01,2025-12-06T15:39:16Z
RDMDL,,LS-s,94,0.0563141097600364,0.01,2025-12-06T15:39:16Z
RDMDL,,LS-s,95,0.179632821165289,0.01,2025-12-06T15:39:16Z
RDMDL,,LS-s,96,0.405565930913931,0.01,2025-12-06T15:39:16Z
RDMDL,,LS-s,97,0.186909899992407,0.01,2025-12-06T15:39:16Z
RDMDL,,LS-s,98,-0.0926771385813167,0.01,2025-12-06T15:39:16Z
RDMDL,,LS-s,99,0.301082588439176,0.01,2025-12-06T15:39:16Z
RDMDL,,LS-s,100,0.679874326983188,0.01,2025-12-06T15:39:16Z
RDMDL,,MN-U,1,0.448952609894573,0.01,2025-12-06T15:39:16Z
RDMDL,,MN-U,2,-0.0598917224549311,0.01,2025-12-06T15:39:16Z
RDMDL,,MN-U,3,0.530373253855436,0.01,2025-12-06T15:39:16Z
RDMDL,,MN-U,4,0.0298102310267559,0.01,2025-12-06T15:39:16Z
RDMDL,,MN-U,5,0.192838608615978,0.01,2025-12-06T15:39:17Z
RDMDL,,MN-U,6,0.192894931132457,0.01,2025-12-06T15:39:17Z
RDMDL,,MN-U,7,0.406295049120529,0.01,2025-12-06T15:39:17Z
RDMDL,,MN-U,8,0.106350751851065,0.01,2025-12-06T15:39:17Z
RDMDL,,MN-U,9,-0.112474219083188,0.01,2025-12-06T15:39:17Z
RDMDL,,MN-U,10,0.360295386492222,0.01,2025-12-06T15:39:17Z
RDMDL,,MN-U,11,0.192613558303404,0.01,2025-12-06T15:39:17Z
RDMDL,,MN-U,12,0.0427582016535934,0.01,2025-12-06T15:39:17Z
RDMDL,,MN-U,13,0.657793076855383,0.01,2025-12-06T15:39:17Z
RDMDL,,MN-U,14,0.525285598229098,0.01,2025-12-06T15:39:17Z
RDMDL,,MN-U,15,0.0548424853008209,0.01,2025-12-06T15:39:17Z
RDMDL,,MN-U,16,0.155031505125287,0.01,2025-12-06T15:39:17Z
RDMDL,,MN-U,17,-0.0038273906998663,0.01,2025-12-06T15:39:17Z
RDMDL,,MN-U,18,0.426105462468837,0.01,2025-12-06T15:39:17Z
RDMDL,,MN-U,19,0.31821748892289,0.01,2025-12-06T15:39:18Z
RDMDL,,MN-U,20,0.465645504524735,0.01,2025-12-06T15:39:18Z
RDMDL,,MN-U,21,0.666016069565317,0.01,2025-12-06T15:39:18Z
RDMDL,,MN-U,22,0.291371764379204,0.01,2025-12-06T15:39:18Z
RDMDL,,MN-U,23,-0.080701246995884,0.01,2025-12-06T15:39:18Z
RDMDL,,MN-U,24,0.258378570765958,0.01,2025-12-06T15:39:18Z
RDMDL,,MN-U,25,0.144094467759547,0.01,2025-12-06T15:39:18Z
RDMDL,,MN-U,26,0.257422832464818,0.01,2025-12-06T15:39:18Z
RDMDL,,MN-U,27,0.219325290835766,0.01,2025-12-06T15:39:18Z
RDMDL,,MN-U,28,0.110704431221873,0.01,2025-12-06T15:39:18Z
RDMDL,,MN-U,29,0.587760844795774,0.01,2025-12-06T15:39:18Z
RDMDL,,MN-U,30,0.727214842118363,0.01,2025-12-06T15:39:18Z
RDMDL,,MN-U,31,0.359908438334645,0.01,2025-12-06T15:39:18Z
RDMDL,,MN-U,32,0.162219095815256,0.01,2025-12-06T15:39:18Z
RDMDL,,MN-U,33,0.227112640579014,0.01,2025-12-06T15:39:18Z
RDMDL,,MN-U,34,0.539205330909501,0.01,2025-12-06T15:39:18Z
RDMDL,,MN-U,35,0.212479482569155,0.01,2025-12-06T15:39:19Z
RDMDL,,MN-U,36,0.340758680319404,0.01,2025-12-06T15:39:19Z
RDMDL,,MN-U,37,0.14605811832139,0.01,2025-12-06T15:39:19Z
RDMDL,,MN-U,38,0.0302955389311086,0.01,2025-12-06T15:39:19Z
RDMDL,,MN-U,39,0.395028507599207,0.01,2025-12-06T15:39:19Z
RDMDL,,MN-U,40,0.322083520371298,0.01,2025-12-06T15:39:19Z
RDMDL,,MN-U,41,-0.156029617277512,0.01,2025-12-06T15:39:19Z
RDMDL,,MN-U,42,0.488233606635319,0.01,2025-12-06T15:39:19Z
RDMDL,,MN-U,43,0.183984327423096,0.01,2025-12-06T15:39:19Z
RDMDL,,MN-U,44,0.407204367371718,0.01,2025-12-06T15:39:19Z
RDMDL,,MN-U,45,0.51858184479256,0.01,2025-12-06T15:39:19Z
RDMDL,,MN-U,46,0.465030526027606,0.01,2025-12-06T15:39:19Z
RDMDL,,MN-U,47,0.294529709548607,0.01,2025-12-06T15:39:19Z
RDMDL,,MN-U,48,0.314091148422169,0.01,2025-12-06T15:39:19Z
RDMDL,,MN-U,49,0.396452231033251,0.01,2025-12-06T15:39:19Z
RDMDL,,MN-U,50,0.224053395193718,0.01,2025-12-06T15:39:19Z
RDMDL,,MN-U,51,0.137255883449736,0.01,2025-12-06T15:39:19Z
RDMDL,,MN-U,52,0.388970436770026,0.01,2025-12-06T15:39:19Z
RDMDL,,MN-U,53,0.376297285424671,0.01,2025-12-06T15:39:20Z
RDMDL,,MN-U,54,0.410930033572462,0.01,2025-12-06T15:39:20Z
RDMDL,,MN-U,55,-0.0053280377372313,0.01,2025-12-06T15:39:20Z
RDMDL,,MN-U,56,0.421827541276061,0.01,2025-12-06T15:39:20Z
RDMDL,,MN-U,57,0.194355437916376,0.01,2025-12-06T15:39:20Z
RDMDL,,MN-U,58,0.430759291083879,0.01,2025-12-06T15:39:20Z
RDMDL,,MN-U,59,0.463443168406712,0.01,2025-12-06T15:39:20Z
RDMDL,,MN-U,60,0.20941990453337,0.01,2025-12-06T15:39:20Z
RDMDL,,MN-U,61,0.306641268513296,0.01,2025-12-06T15:39:20Z
RDMDL,,MN-U,62,0.0407388054463394,0.01,2025-12-06T15:39:20Z
RDMDL,,MN-U,63,0.320124104683254,0.01,2025-12-06T15:39:20Z
RDMDL,,MN-U,64,0.443655586658809,0.01,2025-12-06T15:39:20Z
RDMDL,,MN-U,65,-0.0170476411206418,0.01,2025-12-06T15:39:20Z
RDMDL,,MN-U,66,0.420085773462966,0.01,2025-12-06T15:39:20Z
RDMDL,,MN-U,67,0.752538538405842,0.01,2025-12-06T15:39:20Z
RDMDL,,MN-U,68,0.0706472137271275,0.01,2025-12-06T15:39:20Z
RDMDL,,MN-U,69,0.336111236351006,0.01,2025-12-06T15:39:20Z
RDMDL,,MN-U,70,0.259936865070626,0.01,2025-12-06T15:39:20Z
RDMDL,,MN-U,71,0.0936639820833775,0.01,2025-12-06T15:39:21Z
RDMDL,,MN-U,72,0.519753641663006,0.01,2025-12-06T15:39:21Z
RDMDL,,MN-U,73,0.235343109657547,0.01,2025-12-06T15:39:21Z
RDMDL,,MN-U,74,0.256800813200231,0.01,2025-12-06T15:39:21Z
RDMDL,,MN-U,75,0.181512887930453,0.01,2025-12-06T15:39:21Z
RDMDL,,MN-U,76,0.133781310828213,0.01,2025-12-06T15:39:21Z
RDMDL,,MN-U,77,0.171512267324793,0.01,2025-12-06T15:39:21Z
RDMDL,,MN-U,78,0.44126257244496,0.01,2025-12-06T15:39:21Z
RDMDL,,MN-U,79,0.177096746035312,0.01,2025-12-06T15:39:21Z
RDMDL,,MN-U,80,0.136328737966362,0.01,2025-12-06T15:39:21Z
RDMDL,,MN-U,81,0.263475922979737,0.01,2025-12-06T15:39:21Z
RDMDL,,MN-U,82,0.317855305483688,0.01,2025-12-06T15:39:21Z
RDMDL,,MN-U,83,0.557152127128689,0.01,2025-12-06T15:39:21Z
RDMDL,,MN-U,84,0.643165731925855,0.01,2025-12-06T15:39:21Z
RDMDL,,MN-U,85,0.024545403842221,0.01,2025-12-06T15:39:21Z
RDMDL,,MN-U,86,0.265750648441926,0.01,2025-12-06T15:39:21Z
RDMDL,,MN-U,87,0.105949399742645,0.01,2025-12-06T15:39:21Z
RDMDL,,MN-U,88,0.349876979443716,0.01,2025-12-06T15:39:21Z
RDMDL,,MN-U,89,0.450476179314151,0.01,2025-12-06T15:39:21Z
RDMDL,,MN-U,90,0.134194476197982,0.01,2025-12-06T15:39:22Z
RDMDL,,MN-U,91,0.220409888173952,0.01,2025-12-06T15:39:22Z
RDMDL,,MN-U,92,0.33412118368829,0.01,2025-12-06T15:39:22Z
RDMDL,,MN-U,93,0.188612881694652,0.01,2025-12-06T15:39:22Z
RDMDL,,MN-U,94,0.661849083847738,0.01,2025-12-06T15:39:22Z
RDMDL,,MN-U,95,0.353283477800465,0.01,2025-12-06T15:39:22Z
RDMDL,,MN-U,96,0.334633244391091,0.01,2025-12-06T15:39:22Z
RDMDL,,MN-U,97,0.40698395700621,0.01,2025-12-06T15:39:22Z
RDMDL,,MN-U,98,0.331790456505504,0.01,2025-12-06T15:39:22Z
RDMDL,,MN-U,99,0.0922448377469481,0.01,2025-12-06T15:39:22Z
RDMDL,,MN-U,100,0.206246226515005,0.01,2025-12-06T15:39:22Z
RDMDL,,AN,1,0.186602629873007,0.01,2025-12-06T15:39:22Z
RDMDL,,AN,2,-0.91382505870503,0.01,2025-12-06T15:39:22Z
RDMDL,,AN,3,-1.00944017685056,0.01,2025-12-06T15:39:22Z
RDMDL,,AN,4,-0.522571518527291,0.01,2025-12-06T15:39:22Z
RDMDL,,AN,5,-1.29029936442917,0.01,2025-12-06T15:39:22Z
RDMDL,,AN,6,-0.593807362507412,0.01,2025-12-06T15:39:22Z
RDMDL,,AN,7,-0.273148496194553,0.01,2025-12-06T15:39:22Z
RDMDL,,AN,8,-0.911243024061421,0.01,2025-12-06T15:39:23Z
RDMDL,,AN,9,-0.271597309697499,0.01,2025-12-06T15:39:23Z
RDMDL,,AN,10,-0.189885148055433,0.01,2025-12-06T15:39:23Z
RDMDL,,AN,11,0.725904149681775,0.01,2025-12-06T15:39:23Z
RDMDL,,AN,12,-0.697836470922588,0.01,2025-12-06T15:39:23Z
RDMDL,,AN,13,0.885363191252674,0.01,2025-12-06T15:39:23Z
RDMDL,,AN,14,1.2617797899291,0.01,2025-12-06T15:39:23Z
RDMDL,,AN,15,0.495483689835848,0.01,2025-12-06T15:39:23Z
RDMDL,,AN,16,0.621104822374311,0.01,2025-12-06T15:39:23Z
RDMDL,,AN,17,0.639884775042527,0.01,2025-12-06T15:39:23Z
RDMDL,,AN,18,0.628129930269395,0.01,2025-12-06T15:39:23Z
RDMDL,,AN,19,1.23111805488381,0.01,2025-12-06T15:39:23Z
RDMDL,,AN,20,0.135087833184045,0.01,2025-12-06T15:39:23Z
RDMDL,,AN,21,1.05427214064109,0.01,2025-12-06T15:39:23Z
RDMDL,,AN,22,0.22507971841819,0.01,2025-12-06T15:39:23Z
RDMDL,,AN,23,1.02898262990438,0.01,2025-12-06T15:39:23Z
RDMDL,,AN,24,0.63136051929659,0.01,2025-12-06T15:39:23Z
RDMDL,,AN,25,-0.591050736054645,0.01,2025-12-06T15:39:23Z
RDMDL,,AN,26,-1.91989081527962,0.01,2025-12-06T15:39:23Z
RDMDL,,AN,27,1.20450843222318,0.01,2025-12-06T15:39:24Z
RDMDL,,AN,28,0.685378770308438,0.01,2025-12-06T15:39:24Z
RDMDL,,AN,29,-0.785433638118709,0.01,2025-12-06T15:39:24Z
RDMDL,,AN,30,0.0516410314485638,0.01,2025-12-06T15:39:24Z
RDMDL,,AN,31,0.670304549546739,0.01,2025-12-06T15:39:24Z
RDMDL,,AN,32,-2.62038115572309,0.01,2025-12-06T15:39:24Z
RDMDL,,AN,33,-0.12357384524512,0.01,2025-12-06T15:39:24Z
RDMDL,,AN,34,-0.803705671938455,0.01,2025-12-06T15:39:24Z
RDMDL,,AN,35,-0.796144128044463,0.01,2025-12-06T15:39:24Z
RDMDL,,AN,36,0.19951587797958,0.01,2025-12-06T15:39:24Z
RDMDL,,AN,37,0.217948040878458,0.01,2025-12-06T15:39:24Z
RDMDL,,AN,38,0.309302399567292,0.01,2025-12-06T15:39:24Z
RDMDL,,AN,39,-0.363115122960275,0.01,2025-12-06T15:39:24Z
RDMDL,,AN,40,0.0415135271390918,0.01,2025-12-06T15:39:24Z
RDMDL,,AN,41,-0.922667208866689,0.01,2025-12-06T15:39:24Z
RDMDL,,AN,42,0.327250730480204,0.01,2025-12-06T15:39:24Z
RDMDL,,AN,43,0.0458748867341837,0.01,2025-12-06T15:39:24Z
RDMDL,,AN,44,-0.583687063726798,0.01,2025-12-06T15:39:24Z
RDMDL,,AN,45,0.463004656524134,0.01,2025-12-06T15:39:25Z
RDMDL,,AN,46,0.898592484017569,0.01,2025-12-06T15:39:25Z
RDMDL,,AN,47,-0.02261769011272,0.01,2025-12-06T15:39:25Z
RDMDL,,AN,48,-1.39556811402611,0.01,2025-12-06T15:39:25Z
RDMDL,,AN,49,0.926218187614842,0.01,2025-12-06T15:39:25Z
RDMDL,,AN,50,0.466762282119707,0.01,2025-12-06T15:39:25Z
RDMDL,,AN,51,0.832812197039462,0.01,2025-12-06T15:39:25Z
RDMDL,,AN,52,0.388730924824358,0.01,2025-12-06T15:39:25Z
RDMDL,,AN,53,-0.217461004231083,0.01,2025-12-06T15:39:25Z
RDMDL,,AN,54,0.397635842997006,0.01,2025-12-06T15:39:25Z
RDMDL,,AN,55,-0.669409737140308,0.01,2025-12-06T15:39:25Z
RDMDL,,AN,56,0.586982934849817,0.01,2025-12-06T15:39:25Z
RDMDL,,AN,57,-0.787084372530609,0.01,2025-12-06T15:39:25Z
RDMDL,,AN,58,-0.375861179589563,0.01,2025-12-06T15:39:25Z
RDMDL,,AN,59,0.367654907245234,0.01,2025-12-06T15:39:25Z
RDMDL,,AN,60,0.309620275412924,0.01,2025-12-06T15:39:25Z
RDMDL,,AN,61,0.388438550329036,0.01,2025-12-06T15:39:25Z
RDMDL,,AN,62,0.932016980903732,0.01,2025-12-06T15:39:26Z
RDMDL,,AN,63,-1.09625601121353,0.01,2025-12-06T15:39:26Z
RDMDL,,AN,64,0.378088353168116,0.01,2025-12-06T15:39:26Z
RDMDL,,AN,65,-0.795436505448202,0.01,2025-12-06T15:39:26Z
RDMDL,,AN,66,0.846609894351053,0.01,2025-12-06T15:39:26Z
RDMDL,,AN,67,0.31617719338857,0.01,2025-12-06T15:39:26Z
RDMDL,,AN,68,-0.0860910642731632,0.01,2025-12-06T15:39:26Z
RDMDL,,AN,69,-0.575853041714072,0.01,2025-12-06T15:39:26Z
RDMDL,,AN,70,0.881945709890326,0.01,2025-12-06T15:39:26Z
RDMDL,,AN,71,0.982580667515722,0.01,2025-12-06T15:39:26Z
RDMDL,,AN,72,-0.336421757016515,0.01,2025-12-06T15:39:26Z
RDMDL,,AN,73,1.03601909614408,0.01,2025-12-06T15:39:26Z
RDMDL,,AN,74,-0.0208834318930112,0.01,2025-12-06T15:39:26Z
RDMDL,,AN,75,-0.302807295677496,0.01,2025-12-06T15:39:26Z
RDMDL,,AN,76,0.115531007760304,0.01,2025-12-06T15:39:26Z
RDMDL,,AN,77,0.30660865237894,0.01,2025-12-06T15:39:26Z
RDMDL,,AN,78,-0.180129237589965,0.01,2025-12-06T15:39:27Z
RDMDL,,AN,79,0.327849845750208,0.01,2025-12-06T15:39:27Z
RDMDL,,AN,80,0.0294781484549621,0.01,2025-12-06T15:39:27Z
RDMDL,,AN,81,-0.260445351649369,0.01,2025-12-06T15:39:27Z
RDMDL,,AN,82,-0.618495478782808,0.01,2025-12-06T15:39:27Z
RDMDL,,AN,83,0.106415934660037,0.01,2025-12-06T15:39:27Z
RDMDL,,AN,84,0.544228793893935,0.01,2025-12-06T15:39:27Z
RDMDL,,AN,85,-0.872594621299273,0.01,2025-12-06T15:39:27Z
RDMDL,,AN,86,0.573397712145166,0.01,2025-12-06T15:39:27Z
RDMDL,,AN,87,-0.558395648986892,0.01,2025-12-06T15:39:27Z
RDMDL,,AN,88,-0.785069423948451,0.01,2025-12-06T15:39:27Z
RDMDL,,AN,89,0.572984210395532,0.01,2025-12-06T15:39:27Z
RDMDL,,AN,90,0.770207515068028,0.01,2025-12-06T15:39:27Z
RDMDL,,AN,91,1.22741013998274,0.01,2025-12-06T15:39:27Z
RDMDL,,AN,92,-0.573517448929935,0.01,2025-12-06T15:39:28Z
RDMDL,,AN,93,-0.0868800866268757,0.01,2025-12-06T15:39:28Z
RDMDL,,AN,94,0.965031434805607,0.01,2025-12-06T15:39:28Z
RDMDL,,AN,95,-0.185064315404663,0.01,2025-12-06T15:39:28Z
RDMDL,,AN,96,1.44932462227973,0.01,2025-12-06T15:39:28Z
RDMDL,,AN,97,0.281147888248874,0.01,2025-12-06T15:39:28Z
RDMDL,,AN,98,-0.215821639753898,0.01,2025-12-06T15:39:28Z
RDMDL,,AN,99,-0.957034238655908,0.01,2025-12-06T15:39:28Z
RDMDL,,AN,100,0.730468894153957,0.01,2025-12-06T15:39:28Z
RDMDL,,AN-s,1,-0.914741161152218,0.01,2025-12-06T15:39:28Z
RDMDL,,AN-s,2,-0.0332315500329823,0.01,2025-12-06T15:39:28Z
RDMDL,,AN-s,3,-0.29575804307448,0.01,2025-12-06T15:39:28Z
RDMDL,,AN-s,4,0.0193472800946819,0.01,2025-12-06T15:39:28Z
RDMDL,,AN-s,5,0.0436164321292399,0.01,2025-12-06T15:39:28Z
RDMDL,,AN-s,6,-0.190358841260422,0.01,2025-12-06T15:39:29Z
RDMDL,,AN-s,7,0.515681058730166,0.01,2025-12-06T15:39:29Z
RDMDL,,AN-s,8,0.958885686007467,0.01,2025-12-06T15:39:29Z
RDMDL,,AN-s,9,0.332607462549498,0.01,2025-12-06T15:39:29Z
RDMDL,,AN-s,10,0.193307921546819,0.01,2025-12-06T15:39:29Z
RDMDL,,AN-s,11,0.0752532149634807,0.01,2025-12-06T15:39:29Z
RDMDL,,AN-s,12,0.358092775758407,0.01,2025-12-06T15:39:29Z
RDMDL,,AN-s,13,0.0888437837129477,0.01,2025-12-06T15:39:29Z
RDMDL,,AN-s,14,0.650094577828108,0.01,2025-12-06T15:39:29Z
RDMDL,,AN-s,15,0.611813534683568,0.01,2025-12-06T15:39:29Z
RDMDL,,AN-s,16,0.553067643343462,0.01,2025-12-06T15:39:29Z
RDMDL,,AN-s,17,-1.18952884878532,0.01,2025-12-06T15:39:29Z
RDMDL,,AN-s,18,0.156578783048228,0.01,2025-12-06T15:39:29Z
RDMDL,,AN-s,19,0.112213278464953,0.01,2025-12-06T15:39:29Z
RDMDL,,AN-s,20,0.177979978931662,0.01,2025-12-06T15:39:29Z
RDMDL,,AN-s,21,-0.266906024621332,0.01,2025-12-06T15:39:30Z
RDMDL,,AN-s,22,0.613269382607681,0.01,2025-12-06T15:39:30Z
RDMDL,,AN-s,23,1.34417578754113,0.01,2025-12-06T15:39:30Z
RDMDL,,AN-s,24,1.2008270049061,0.01,2025-12-06T15:39:30Z
RDMDL,,AN-s,25,0.247280629330467,0.01,2025-12-06T15:39:30Z
RDMDL,,AN-s,26,-0.315608879237134,0.01,2025-12-06T15:39:30Z
RDMDL,,AN-s,27,0.255305432020052,0.01,2025-12-06T15:39:30Z
RDMDL,,AN-s,28,-0.859083108270021,0.01,2025-12-06T15:39:30Z
RDMDL,,AN-s,29,0.671815279771292,0.01,2025-12-06T15:39:30Z
RDMDL,,AN-s,30,1.25113269978233,0.01,2025-12-06T15:39:30Z
RDMDL,,AN-s,31,-0.672564086106677,0.01,2025-12-06T15:39:30Z
RDMDL,,AN-s,32,0.484166190741969,0.01,2025-12-06T15:39:30Z
RDMDL,,AN-s,33,-0.24702657563138,0.01,2025-12-06T15:39:30Z
RDMDL,,AN-s,34,0.0428170794503821,0.01,2025-12-06T15:39:30Z
RDMDL,,AN-s,35,1.71638679601859,0.01,2025-12-06T15:39:31Z
RDMDL,,AN-s,36,-1.39670635494406,0.01,2025-12-06T15:39:31Z
RDMDL,,AN-s,37,0.222953091808033,0.01,2025-12-06T15:39:31Z
RDMDL,,AN-s,38,0.157057801516659,0.01,2025-12-06T15:39:31Z
RDMDL,,AN-s,39,0.733080980889363,0.01,2025-12-06T15:39:31Z
RDMDL,,AN-s,40,-1.36491303817864,0.01,2025-12-06T15:39:31Z
RDMDL,,AN-s,41,0.92083120674627,0.01,2025-12-06T15:39:31Z
RDMDL,,AN-s,42,0.571342475786798,0.01,2025-12-06T15:39:31Z
RDMDL,,AN-s,43,-1.03748449995046,0.01,2025-12-06T15:39:31Z
RDMDL,,AN-s,44,0.0053131587586758,0.01,2025-12-06T15:39:31Z
RDMDL,,AN-s,45,0.958954795849411,0.01,2025-12-06T15:39:31Z
RDMDL,,AN-s,46,-0.803482286953489,0.01,2025-12-06T15:39:31Z
RDMDL,,AN-s,47,-0.0521635091279949,0.01,2025-12-06T15:39:31Z
RDMDL,,AN-s,48,0.424851271242975,0.01,2025-12-06T15:39:31Z
RDMDL,,AN-s,49,-0.687766748307848,0.01,2025-12-06T15:39:31Z
RDMDL,,AN-s,50,0.143066626318428,0.01,2025-12-06T15:39:32Z
RDMDL,,AN-s,51,0.0943402205413076,0.01,2025-12-06T15:39:32Z
RDMDL,,AN-s,52,-0.751833620075613,0.01,2025-12-06T15:39:32Z
RDMDL,,AN-s,53,-0.372614414379936,0.01,2025-12-06T15:39:32Z
RDMDL,,AN-s,54,0.561800099413851,0.01,2025-12-06T15:39:32Z
RDMDL,,AN-s,55,1.1446686917997,0.01,2025-12-06T15:39:32Z
RDMDL,,AN-s,56,0.919896386414042,0.01,2025-12-06T15:39:32Z
RDMDL,,AN-s,57,0.323366956776439,0.01,2025-12-06T15:39:32Z
RDMDL,,AN-s,58,0.305357401736877,0.01,2025-12-06T15:39:32Z
RDMDL,,AN-s,59,-0.871687497096455,0.01,2025-12-06T15:39:32Z
RDMDL,,AN-s,60,-1.11802258516436,0.01,2025-12-06T15:39:32Z
RDMDL,,AN-s,61,1.06160494754391,0.01,2025-12-06T15:39:32Z
RDMDL,,AN-s,62,1.10250993453407,0.01,2025-12-06T15:39:32Z
RDMDL,,AN-s,63,-1.18092871132058,0.01,2025-12-06T15:39:32Z
RDMDL,,AN-s,64,0.58909525993952,0.01,2025-12-06T15:39:32Z
RDMDL,,AN-s,65,1.8676834276068,0.01,2025-12-06T15:39:33Z
RDMDL,,AN-s,66,0.322358746418284,0.01,2025-12-06T15:39:33Z
RDMDL,,AN-s,67,0.131954445830494,0.01,2025-12-06T15:39:33Z
RDMDL,,AN-s,68,0.905288796500325,0.01,2025-12-06T15:39:33Z
RDMDL,,AN-s,69,0.92330213554365,0.01,2025-12-06T15:39:33Z
RDMDL,,AN-s,70,-0.671030161426737,0.01,2025-12-06T15:39:33Z
RDMDL,,AN-s,71,-0.322998361955682,0.01,2025-12-06T15:39:33Z
RDMDL,,AN-s,72,-0.334543334061513,0.01,2025-12-06T15:39:33Z
RDMDL,,AN-s,73,0.492951415847394,0.01,2025-12-06T15:39:33Z
RDMDL,,AN-s,74,0.893598190086253,0.01,2025-12-06T15:39:33Z
RDMDL,,AN-s,75,0.272632145981846,0.01,2025-12-06T15:39:33Z
RDMDL,,AN-s,76,0.574267978303187,0.01,2025-12-06T15:39:33Z
RDMDL,,AN-s,77,-0.246432964151947,0.01,2025-12-06T15:39:33Z
RDMDL,,AN-s,78,0.195256437777953,0.01,2025-12-06T15:39:33Z
RDMDL,,AN-s,79,-0.262363015090288,0.01,2025-12-06T15:39:34Z
RDMDL,,AN-s,80,1.1618987056165,0.01,2025-12-06T15:39:34Z
RDMDL,,AN-s,81,-0.808728669105778,0.01,2025-12-06T15:39:34Z
RDMDL,,AN-s,82,1.31951954806448,0.01,2025-12-06T15:39:34Z
RDMDL,,AN-s,83,-0.594680014237665,0.01,2025-12-06T15:39:34Z
RDMDL,,AN-s,84,-0.934795562381583,0.01,2025-12-06T15:39:34Z
RDMDL,,AN-s,85,0.0910872242181885,0.01,2025-12-06T15:39:34Z
RDMDL,,AN-s,86,1.59760363940813,0.01,2025-12-06T15:39:34Z
RDMDL,,AN-s,87,0.565991244418354,0.01,2025-12-06T15:39:34Z
RDMDL,,AN-s,88,-1.2444548130752,0.01,2025-12-06T15:39:34Z
RDMDL,,AN-s,89,-1.04640092238364,0.01,2025-12-06T15:39:34Z
RDMDL,,AN-s,90,0.194851530885258,0.01,2025-12-06T15:39:34Z
RDMDL,,AN-s,91,-0.378220812555683,0.01,2025-12-06T15:39:34Z
RDMDL,,AN-s,92,0.98194668042428,0.01,2025-12-06T15:39:34Z
RDMDL,,AN-s,93,1.15443390581981,0.01,2025-12-06T15:39:34Z
RDMDL,,AN-s,94,-0.419471446013489,0.01,2025-12-06T15:39:34Z
RDMDL,,AN-s,95,-0.6535370401033,0.01,2025-12-06T15:39:35Z
RDMDL,,AN-s,96,1.3251590920751,0.01,2025-12-06T15:39:35Z
RDMDL,,AN-s,97,-0.759917211882437,0.01,2025-12-06T15:39:35Z
RDMDL,,AN-s,98,0.0653241367696755,0.01,2025-12-06T15:39:35Z
RDMDL,,AN-s,99,0.816682128977833,0.01,2025-12-06T15:39:35Z
RDMDL,,AN-s,100,0.286095364481694,0.01,2025-12-06T15:39:35Z
RDMDL,,LS,1,0.50160735054506,0.01,2025-12-06T15:39:35Z
RDMDL,,LS,2,0.364248055191774,0.01,2025-12-06T15:39:35Z
RDMDL,,LS,3,-0.851225946735612,0.01,2025-12-06T15:39:35Z
RDMDL,,LS,4,-0.379988485122256,0.01,2025-12-06T15:39:35Z
RDMDL,,LS,5,-0.473106015104415,0.01,2025-12-06T15:39:35Z
RDMDL,,LS,6,0.43135014089473,0.01,2025-12-06T15:39:35Z
RDMDL,,LS,7,0.886225995396775,0.01,2025-12-06T15:39:35Z
RDMDL,,LS,8,-2.28271548182902,0.01,2025-12-06T15:39:35Z
RDMDL,,LS,9,-0.76908244407894,0.01,2025-12-06T15:39:35Z
RDMDL,,LS,10,0.329821283858459,0.01,2025-12-06T15:39:36Z
RDMDL,,LS,11,-0.572753388720132,0.01,2025-12-06T15:39:36Z
RDMDL,,LS,12,-0.0696006004829396,0.01,2025-12-06T15:39:36Z
RDMDL,,LS,13,0.233047741097567,0.01,2025-12-06T15:39:36Z
RDMDL,,LS,14,-1.27044749160396,0.01,2025-12-06T15:39:36Z
RDMDL,,LS,15,-0.384465375902324,0.01,2025-12-06T15:39:36Z
RDMDL,,LS,16,0.796954947941267,0.01,2025-12-06T15:39:36Z
RDMDL,,LS,17,0.239374982756599,0.01,2025-12-06T15:39:36Z
RDMDL,,LS,18,-0.443365648609049,0.01,2025-12-06T15:39:36Z
RDMDL,,LS,19,0.144075586371377,0.01,2025-12-06T15:39:36Z
RDMDL,,LS,20,-0.247447886633867,0.01,2025-12-06T15:39:36Z
RDMDL,,LS,21,-1.26348220015889,0.01,2025-12-06T15:39:36Z
RDMDL,,LS,22,0.464705572529388,0.01,2025-12-06T15:39:36Z
RDMDL,,LS,23,-1.7641151291949,0.01,2025-12-06T15:39:36Z
RDMDL,,LS,24,-0.216591598059895,0.01,2025-12-06T15:39:36Z
RDMDL,,LS,25,-0.174750537566335,0.01,2025-12-06T15:39:37Z
RDMDL,,LS,26,1.18631246168819,0.01,2025-12-06T15:39:37Z
RDMDL,,LS,27,0.0701191795243667,0.01,2025-12-06T15:39:37Z
RDMDL,,LS,28,0.174400904128732,0.01,2025-12-06T15:39:37Z
RDMDL,,LS,29,-0.376095608780555,0.01,2025-12-06T15:39:37Z
RDMDL,,LS,30,-0.167165719788858,0.01,2025-12-06T15:39:37Z
RDMDL,,LS,31,0.805261436705563,0.01,2025-12-06T15:39:37Z
RDMDL,,LS,32,-1.63537877863143,0.01,2025-12-06T15:39:37Z
RDMDL,,LS,33,0.376580684480819,0.01,2025-12-06T15:39:37Z
RDMDL,,LS,34,0.0498594750940919,0.01,2025-12-06T15:39:37Z
RDMDL,,LS,35,-1.59778228595397,0.01,2025-12-06T15:39:37Z
RDMDL,,LS,36,-0.23356822521633,0.01,2025-12-06T15:39:37Z
RDMDL,,LS,37,0.810198756073816,0.01,2025-12-06T15:39:37Z
RDMDL,,LS,38,-0.570444409937085,0.01,2025-12-06T15:39:37Z
RDMDL,,LS,39,-1.02403669804152,0.01,2025-12-06T15:39:38Z
RDMDL,,LS,40,-0.336389075043313,0.01,2025-12-06T15:39:38Z
RDMDL,,LS,41,0.258169812245309,0.01,2025-12-06T15:39:38Z
RDMDL,,LS,42,0.831555134348389,0.01,2025-12-06T15:39:38Z
RDMDL,,LS,43,-0.91579658173498,0.01,2025-12-06T15:39:38Z
RDMDL,,LS,44,0.28480130003625,0.01,2025-12-06T15:39:38Z
RDMDL,,LS,45,1.20138071264808,0.01,2025-12-06T15:39:38Z
RDMDL,,LS,46,-0.309117589413163,0.01,2025-12-06T15:39:38Z
RDMDL,,LS,47,1.04618194524669,0.01,2025-12-06T15:39:38Z
RDMDL,,LS,48,1.25825860759095,0.01,2025-12-06T15:39:38Z
RDMDL,,LS,49,0.809266907241103,0.01,2025-12-06T15:39:38Z
RDMDL,,LS,50,-2.22139529174763,0.01,2025-12-06T15:39:38Z
RDMDL,,LS,51,-0.120815150472346,0.01,2025-12-06T15:39:38Z
RDMDL,,LS,52,0.516715050978228,0.01,2025-12-06T15:39:38Z
RDMDL,,LS,53,0.368539880168437,0.01,2025-12-06T15:39:38Z
RDMDL,,LS,54,-0.198511823256476,0.01,2025-12-06T15:39:39Z
RDMDL,,LS,55,0.102084760182495,0.01,2025-12-06T15:39:39Z
RDMDL,,LS,56,0.523958436147976,0.01,2025-12-06T15:39:39Z
RDMDL,,LS,57,0.439944948438186,0.01,2025-12-06T15:39:39Z
RDMDL,,LS,58,0.406530055111469,0.01,2025-12-06T15:39:39Z
RDMDL,,LS,59,1.31594003549317,0.01,2025-12-06T15:39:39Z
RDMDL,,LS,60,-0.887886801150798,0.01,2025-12-06T15:39:39Z
RDMDL,,LS,61,-0.62741264936373,0.01,2025-12-06T15:39:39Z
RDMDL,,LS,62,-0.201709496588042,0.01,2025-12-06T15:39:39Z
RDMDL,,LS,63,-2.66045224361439,0.01,2025-12-06T15:39:39Z
RDMDL,,LS,64,-3.24538581612673,0.01,2025-12-06T15:39:39Z
RDMDL,,LS,65,0.665706609411125,0.01,2025-12-06T15:39:39Z
RDMDL,,LS,66,0.517106604919125,0.01,2025-12-06T15:39:39Z
RDMDL,,LS,67,-0.132327164309647,0.01,2025-12-06T15:39:39Z
RDMDL,,LS,68,0.959229671840278,0.01,2025-12-06T15:39:39Z
RDMDL,,LS,69,0.263174048211642,0.01,2025-12-06T15:39:39Z
RDMDL,,LS,70,-0.314251497953126,0.01,2025-12-06T15:39:40Z
RDMDL,,LS,71,0.662327515891338,0.01,2025-12-06T15:39:40Z
RDMDL,,LS,72,-0.974414168295638,0.01,2025-12-06T15:39:40Z
RDMDL,,LS,73,0.0513678057900688,0.01,2025-12-06T15:39:40Z
RDMDL,,LS,74,-0.519312942812261,0.01,2025-12-06T15:39:40Z
RDMDL,,LS,75,-2.38562232761312,0.01,2025-12-06T15:39:40Z
RDMDL,,LS,76,0.485080808384437,0.01,2025-12-06T15:39:40Z
RDMDL,,LS,77,0.219231275792936,0.01,2025-12-06T15:39:40Z
RDMDL,,LS,78,-0.213118481261881,0.01,2025-12-06T15:39:40Z
RDMDL,,LS,79,1.31931246493651,0.01,2025-12-06T15:39:40Z
RDMDL,,LS,80,-0.417620180846572,0.01,2025-12-06T15:39:40Z
RDMDL,,LS,81,-1.20947575237569,0.01,2025-12-06T15:39:40Z
RDMDL,,LS,82,-0.0656045666115296,0.01,2025-12-06T15:39:40Z
RDMDL,,LS,83,-0.495005989497027,0.01,2025-12-06T15:39:40Z
RDMDL,,LS,84,0.373112595676164,0.01,2025-12-06T15:39:40Z
RDMDL,,LS,85,-1.320068844145,0.01,2025-12-06T15:39:40Z
RDMDL,,LS,86,-0.917263875303186,0.01,2025-12-06T15:39:40Z
RDMDL,,LS,87,-1.242024940541,0.01,2025-12-06T15:39:41Z
RDMDL,,LS,88,0.0137590273377827,0.01,2025-12-06T15:39:41Z
RDMDL,,LS,89,0.0003649964703618,0.01,2025-12-06T15:39:41Z
RDMDL,,LS,90,-2.27865441330804,0.01,2025-12-06T15:39:41Z
RDMDL,,LS,91,-0.935470494727053,0.01,2025-12-06T15:39:41Z
RDMDL,,LS,92,-1.89474019552273,0.01,2025-12-06T15:39:41Z
RDMDL,,LS,93,-0.0874771520546528,0.01,2025-12-06T15:39:41Z
RDMDL,,LS,94,-0.62476561941074,0.01,2025-12-06T15:39:41Z
RDMDL,,LS,95,0.0217767707831299,0.01,2025-12-06T15:39:41Z
RDMDL,,LS,96,-1.34862653532107,0.01,2025-12-06T15:39:41Z
RDMDL,,LS,97,0.579362960665163,0.01,2025-12-06T15:39:41Z
RDMDL,,LS,98,0.0314539630116378,0.01,2025-12-06T15:39:41Z
RDMDL,,LS,99,0.165471621662751,0.01,2025-12-06T15:39:41Z
RDMDL,,LS,100,1.12510817721369,0.01,2025-12-06T15:39:41Z
RDMDL,,LS-s,1,0.794906126915301,0.01,2025-12-06T15:39:41Z
RDMDL,,LS-s,2,0.292115476739254,0.01,2025-12-06T15:39:41Z
RDMDL,,LS-s,3,1.21614708431692,0.01,2025-12-06T15:39:42Z
RDMDL,,LS-s,4,-1.48895675766131,0.01,2025-12-06T15:39:42Z
RDMDL,,LS-s,5,1.19467637507686,0.01,2025-12-06T15:39:42Z
RDMDL,,LS-s,6,0.927132640556742,0.01,2025-12-06T15:39:42Z
RDMDL,,LS-s,7,0.358317763869532,0.01,2025-12-06T15:39:42Z
RDMDL,,LS-s,8,1.01918293927842,0.01,2025-12-06T15:39:42Z
RDMDL,,LS-s,9,-2.27356644268186,0.01,2025-12-06T15:39:42Z
RDMDL,,LS-s,10,0.808258509355599,0.01,2025-12-06T15:39:42Z
RDMDL,,LS-s,11,-0.385183945859633,0.01,2025-12-06T15:39:42Z
RDMDL,,LS-s,12,-0.116558029289214,0.01,2025-12-06T15:39:42Z
RDMDL,,LS-s,13,0.102418470005838,0.01,2025-12-06T15:39:42Z
RDMDL,,LS-s,14,-0.291403299801941,0.01,2025-12-06T15:39:42Z
RDMDL,,LS-s,15,0.400718930213881,0.01,2025-12-06T15:39:42Z
RDMDL,,LS-s,16,-0.0846532599304482,0.01,2025-12-06T15:39:42Z
RDMDL,,LS-s,17,1.09892495222331,0.01,2025-12-06T15:39:42Z
RDMDL,,LS-s,18,1.67231085670313,0.01,2025-12-06T15:39:42Z
RDMDL,,LS-s,19,0.179867655361668,0.01,2025-12-06T15:39:42Z
RDMDL,,LS-s,20,0.87538429180905,0.01,2025-12-06T15:39:42Z
RDMDL,,LS-s,21,1.06809308584886,0.01,2025-12-06T15:39:43Z
RDMDL,,LS-s,22,-0.107001616931066,0.01,2025-12-06T15:39:43Z
RDMDL,,LS-s,23,-0.437769745494215,0.01,2025-12-06T15:39:43Z
RDMDL,,LS-s,24,0.484584895392714,0.01,2025-12-06T15:39:43Z
RDMDL,,LS-s,25,0.723787343598046,0.01,2025-12-06T15:39:43Z
RDMDL,,LS-s,26,0.303999778655194,0.01,2025-12-06T15:39:43Z
RDMDL,,LS-s,27,0.859021859966186,0.01,2025-12-06T15:39:43Z
RDMDL,,LS-s,28,0.915247197600896,0.01,2025-12-06T15:39:43Z
RDMDL,,LS-s,29,1.15384734371239,0.01,2025-12-06T15:39:43Z
RDMDL,,LS-s,30,-0.636722118257518,0.01,2025-12-06T15:39:43Z
RDMDL,,LS-s,31,1.74522401608328,0.01,2025-12-06T15:39:43Z
RDMDL,,LS-s,32,0.421026985529614,0.01,2025-12-06T15:39:43Z
RDMDL,,LS-s,33,1.12722524719941,0.01,2025-12-06T15:39:43Z
RDMDL,,LS-s,34,0.534519344211827,0.01,2025-12-06T15:39:43Z
RDMDL,,LS-s,35,0.837645316986418,0.01,2025-12-06T15:39:43Z
RDMDL,,LS-s,36,-1.71403362739653,0.01,2025-12-06T15:39:43Z
RDMDL,,LS-s,37,1.62346556700518,0.01,2025-12-06T15:39:43Z
RDMDL,,LS-s,38,0.518536041172461,0.01,2025-12-06T15:39:43Z
RDMDL,,LS-s,39,1.24583188429777,0.01,2025-12-06T15:39:43Z
RDMDL,,LS-s,40,0.588444459361977,0.01,2025-12-06T15:39:44Z
RDMDL,,LS-s,41,0.927803097604079,0.01,2025-12-06T15:39:44Z
RDMDL,,LS-s,42,0.91723982654314,0.01,2025-12-06T15:39:44Z
RDMDL,,LS-s,43,-0.317587295983725,0.01,2025-12-06T15:39:44Z
RDMDL,,LS-s,44,-0.164159601537609,0.01,2025-12-06T15:39:44Z
RDMDL,,LS-s,45,1.77066578374706,0.01,2025-12-06T15:39:44Z
RDMDL,,LS-s,46,0.748019728423138,0.01,2025-12-06T15:39:44Z
RDMDL,,LS-s,47,0.802164633219239,0.01,2025-12-06T15:39:44Z
RDMDL,,LS-s,48,0.865948969781317,0.01,2025-12-06T15:39:44Z
RDMDL,,LS-s,49,-0.995078269169193,0.01,2025-12-06T15:39:44Z
RDMDL,,LS-s,50,1.01579946762471,0.01,2025-12-06T15:39:44Z
RDMDL,,LS-s,51,-0.553261881328868,0.01,2025-12-06T15:39:44Z
RDMDL,,LS-s,52,0.273380580225243,0.01,2025-12-06T15:39:44Z
RDMDL,,LS-s,53,0.635569279896969,0.01,2025-12-06T15:39:44Z
RDMDL,,LS-s,54,-1.57118714101521,0.01,2025-12-06T15:39:44Z
RDMDL,,LS-s,55,1.49490646650949,0.01,2025-12-06T15:39:44Z
RDMDL,,LS-s,56,0.283185127769448,0.01,2025-12-06T15:39:44Z
RDMDL,,LS-s,57,0.998567328340248,0.01,2025-12-06T15:39:44Z
RDMDL,,LS-s,58,1.3915513123473,0.01,2025-12-06T15:39:45Z
RDMDL,,LS-s,59,0.327819921800978,0.01,2025-12-06T15:39:45Z
RDMDL,,LS-s,60,-0.14954024087692,0.01,2025-12-06T15:39:45Z
RDMDL,,LS-s,61,0.865302960242174,0.01,2025-12-06T15:39:45Z
RDMDL,,LS-s,62,0.0458603234857728,0.01,2025-12-06T15:39:45Z
RDMDL,,LS-s,63,-1.76531193112342,0.01,2025-12-06T15:39:45Z
RDMDL,,LS-s,64,1.30883347451254,0.01,2025-12-06T15:39:45Z
RDMDL,,LS-s,65,0.965371223013755,0.01,2025-12-06T15:39:45Z
RDMDL,,LS-s,66,1.36098159169047,0.01,2025-12-06T15:39:45Z
RDMDL,,LS-s,67,0.492540752523688,0.01,2025-12-06T15:39:45Z
RDMDL,,LS-s,68,0.304406649986338,0.01,2025-12-06T15:39:45Z
RDMDL,,LS-s,69,1.62491291045139,0.01,2025-12-06T15:39:45Z
RDMDL,,LS-s,70,0.952671598534822,0.01,2025-12-06T15:39:45Z
RDMDL,,LS-s,71,0.671052373363309,0.01,2025-12-06T15:39:45Z
RDMDL,,LS-s,72,0.0157894672176917,0.01,2025-12-06T15:39:45Z
RDMDL,,LS-s,73,0.322785240424239,0.01,2025-12-06T15:39:45Z
RDMDL,,LS-s,74,0.987112361357036,0.01,2025-12-06T15:39:45Z
RDMDL,,LS-s,75,0.856383968703427,0.01,2025-12-06T15:39:45Z
RDMDL,,LS-s,76,1.41149631410145,0.01,2025-12-06T15:39:45Z
RDMDL,,LS-s,77,0.687481537732756,0.01,2025-12-06T15:39:46Z
RDMDL,,LS-s,78,1.11498473517409,0.01,2025-12-06T15:39:46Z
RDMDL,,LS-s,79,-0.0305727951160479,0.01,2025-12-06T15:39:46Z
RDMDL,,LS-s,80,0.588872915708358,0.01,2025-12-06T15:39:46Z
RDMDL,,LS-s,81,-0.0502035870684339,0.01,2025-12-06T15:39:46Z
RDMDL,,LS-s,82,0.158106587728856,0.01,2025-12-06T15:39:46Z
RDMDL,,LS-s,83,1.06765684975894,0.01,2025-12-06T15:39:46Z
RDMDL,,LS-s,84,-0.353253333415651,0.01,2025-12-06T15:39:46Z
RDMDL,,LS-s,85,0.922887844249952,0.01,2025-12-06T15:39:46Z
RDMDL,,LS-s,86,0.905610865144383,0.01,2025-12-06T15:39:46Z
RDMDL,,LS-s,87,0.84184032814602,0.01,2025-12-06T15:39:46Z
RDMDL,,LS-s,88,-2.08816524344555,0.01,2025-12-06T15:39:46Z
RDMDL,,LS-s,89,1.79375215857634,0.01,2025-12-06T15:39:46Z
RDMDL,,LS-s,90,0.434281528599575,0.01,2025-12-06T15:39:46Z
RDMDL,,LS-s,91,0.31310011570817,0.01,2025-12-06T15:39:46Z
RDMDL,,LS-s,92,0.846315418775104,0.01,2025-12-06T15:39:46Z
RDMDL,,LS-s,93,-2.26649535846314,0.01,2025-12-06T15:39:46Z
RDMDL,,LS-s,94,-0.339655061956804,0.01,2025-12-06T15:39:46Z
RDMDL,,LS-s,95,0.446572044097933,0.01,2025-12-06T15:39:46Z
RDMDL,,LS-s,96,0.188699299664004,0.01,2025-12-06T15:39:47Z
RDMDL,,LS-s,97,0.364470906842911,0.01,2025-12-06T15:39:47Z
RDMDL,,LS-s,98,-0.693867366633085,0.01,2025-12-06T15:39:47Z
RDMDL,,LS-s,99,-0.171368447280936,0.01,2025-12-06T15:39:47Z
RDMDL,,LS-s,100,0.999236493918528,0.01,2025-12-06T15:39:47Z
RDMDL,,MN-U,1,0.896011245928348,0.01,2025-12-06T15:39:47Z
RDMDL,,MN-U,2,-0.141875053713174,0.01,2025-12-06T15:39:47Z
RDMDL,,MN-U,3,1.17591147327568,0.01,2025-12-06T15:39:47Z
RDMDL,,MN-U,4,0.0001184513224525,0.01,2025-12-06T15:39:47Z
RDMDL,,MN-U,5,0.487822576147621,0.01,2025-12-06T15:39:47Z
RDMDL,,MN-U,6,0.333896478565986,0.01,2025-12-06T15:39:47Z
RDMDL,,MN-U,7,0.923966111555503,0.01,2025-12-06T15:39:47Z
RDMDL,,MN-U,8,0.260845166520514,0.01,2025-12-06T15:39:47Z
RDMDL,,MN-U,9,-0.300292308285931,0.01,2025-12-06T15:39:47Z
RDMDL,,MN-U,10,0.776441204945233,0.01,2025-12-06T15:39:47Z
RDMDL,,MN-U,11,0.381510647913101,0.01,2025-12-06T15:39:47Z
RDMDL,,MN-U,12,0.227993804963231,0.01,2025-12-06T15:39:47Z
RDMDL,,MN-U,13,1.4922950257828,0.01,2025-12-06T15:39:47Z
RDMDL,,MN-U,14,1.16637735091476,0.01,2025-12-06T15:39:48Z
RDMDL,,MN-U,15,0.0986716228175573,0.01,2025-12-06T15:39:48Z
RDMDL,,MN-U,16,0.471708704678555,0.01,2025-12-06T15:39:48Z
RDMDL,,MN-U,17,-0.0428497831478562,0.01,2025-12-06T15:39:48Z
RDMDL,,MN-U,18,1.02315522458498,0.01,2025-12-06T15:39:48Z
RDMDL,,MN-U,19,0.765306240831578,0.01,2025-12-06T15:39:48Z
RDMDL,,MN-U,20,1.02889091162149,0.01,2025-12-06T15:39:48Z
RDMDL,,MN-U,21,1.44053235801011,0.01,2025-12-06T15:39:48Z
RDMDL,,MN-U,22,0.729418018947215,0.01,2025-12-06T15:39:48Z
RDMDL,,MN-U,23,-0.066499386024785,0.01,2025-12-06T15:39:48Z
RDMDL,,MN-U,24,0.635628886780325,0.01,2025-12-06T15:39:48Z
RDMDL,,MN-U,25,0.32458382858223,0.01,2025-12-06T15:39:48Z
RDMDL,,MN-U,26,0.548515965296232,0.01,2025-12-06T15:39:48Z
RDMDL,,MN-U,27,0.52684069000702,0.01,2025-12-06T15:39:48Z
RDMDL,,MN-U,28,0.216360549063591,0.01,2025-12-06T15:39:48Z
RDMDL,,MN-U,29,1.24702538941951,0.01,2025-12-06T15:39:48Z
RDMDL,,MN-U,30,1.66906560805026,0.01,2025-12-06T15:39:48Z
RDMDL,,MN-U,31,0.759630311519204,0.01,2025-12-06T15:39:48Z
RDMDL,,MN-U,32,0.425106941918581,0.01,2025-12-06T15:39:49Z
RDMDL,,MN-U,33,0.478827952939293,0.01,2025-12-06T15:39:49Z
RDMDL,,MN-U,34,1.20294226475513,0.01,2025-12-06T15:39:49Z
RDMDL,,MN-U,35,0.589620521276287,0.01,2025-12-06T15:39:49Z
RDMDL,,MN-U,36,0.772024141951129,0.01,2025-12-06T15:39:49Z
RDMDL,,MN-U,37,0.289063820916374,0.01,2025-12-06T15:39:49Z
RDMDL,,MN-U,38,0.0527667312246321,0.01,2025-12-06T15:39:49Z
RDMDL,,MN-U,39,0.970829088257227,0.01,2025-12-06T15:39:49Z
RDMDL,,MN-U,40,0.849146286862842,0.01,2025-12-06T15:39:49Z
RDMDL,,MN-U,41,-0.34790006949035,0.01,2025-12-06T15:39:49Z
RDMDL,,MN-U,42,1.09725354449349,0.01,2025-12-06T15:39:49Z
RDMDL,,MN-U,43,0.446611442041947,0.01,2025-12-06T15:39:49Z
RDMDL,,MN-U,44,1.00321655909739,0.01,2025-12-06T15:39:49Z
RDMDL,,MN-U,45,1.19980522452284,0.01,2025-12-06T15:39:49Z
RDMDL,,MN-U,46,1.03991813665045,0.01,2025-12-06T15:39:49Z
RDMDL,,MN-U,47,0.706915687736204,0.01,2025-12-06T15:39:49Z
RDMDL,,MN-U,48,0.739366286764614,0.01,2025-12-06T15:39:49Z
RDMDL,,MN-U,49,1.07300569710469,0.01,2025-12-06T15:39:49Z
RDMDL,,MN-U,50,0.563744905055897,0.01,2025-12-06T15:39:50Z
RDMDL,,MN-U,51,0.333983912050535,0.01,2025-12-06T15:39:50Z
RDMDL,,MN-U,52,0.925030024836958,0.01,2025-12-06T15:39:50Z
RDMDL,,MN-U,53,0.860724385720388,0.01,2025-12-06T15:39:50Z
RDMDL,,MN-U,54,0.922970984573905,0.01,2025-12-06T15:39:50Z
RDMDL,,MN-U,55,-0.0116149825988104,0.01,2025-12-06T15:39:50Z
RDMDL,,MN-U,56,0.837677038721811,0.01,2025-12-06T15:39:50Z
RDMDL,,MN-U,57,0.478664940809729,0.01,2025-12-06T15:39:50Z
RDMDL,,MN-U,58,0.865122977614143,0.01,2025-12-06T15:39:50Z
RDMDL,,MN-U,59,1.02837320418586,0.01,2025-12-06T15:39:50Z
RDMDL,,MN-U,60,0.485326248959895,0.01,2025-12-06T15:39:50Z
RDMDL,,MN-U,61,0.820898604497641,0.01,2025-12-06T15:39:50Z
RDMDL,,MN-U,62,0.164493826822092,0.01,2025-12-06T15:39:50Z
RDMDL,,MN-U,63,0.824173208600518,0.01,2025-12-06T15:39:50Z
RDMDL,,MN-U,64,0.792044716511602,0.01,2025-12-06T15:39:50Z
RDMDL,,MN-U,65,-0.0554172698933252,0.01,2025-12-06T15:39:50Z
RDMDL,,MN-U,66,0.889761139962049,0.01,2025-12-06T15:39:50Z
RDMDL,,MN-U,67,1.61622553664599,0.01,2025-12-06T15:39:51Z
RDMDL,,MN-U,68,0.206697677805456,0.01,2025-12-06T15:39:51Z
RDMDL,,MN-U,69,0.63887544026566,0.01,2025-12-06T15:39:51Z
RDMDL,,MN-U,70,0.638263813196158,0.01,2025-12-06T15:39:51Z
RDMDL,,MN-U,71,0.230019694525528,0.01,2025-12-06T15:39:51Z
RDMDL,,MN-U,72,1.14004166166564,0.01,2025-12-06T15:39:51Z
RDMDL,,MN-U,73,0.552077270275182,0.01,2025-12-06T15:39:51Z
RDMDL,,MN-U,74,0.430398145223882,0.01,2025-12-06T15:39:51Z
RDMDL,,MN-U,75,0.479145557235866,0.01,2025-12-06T15:39:51Z
RDMDL,,MN-U,76,0.303122391704941,0.01,2025-12-06T15:39:51Z
RDMDL,,MN-U,77,0.332057200546507,0.01,2025-12-06T15:39:51Z
RDMDL,,MN-U,78,1.00199360706479,0.01,2025-12-06T15:39:51Z
RDMDL,,MN-U,79,0.296062558212381,0.01,2025-12-06T15:39:51Z
RDMDL,,MN-U,80,0.310781332562026,0.01,2025-12-06T15:39:51Z
RDMDL,,MN-U,81,0.437918932353657,0.01,2025-12-06T15:39:51Z
RDMDL,,MN-U,82,0.786973824750203,0.01,2025-12-06T15:39:51Z
RDMDL,,MN-U,83,1.24342453336666,0.01,2025-12-06T15:39:51Z
RDMDL,,MN-U,84,1.46684290230713,0.01,2025-12-06T15:39:51Z
RDMDL,,MN-U,85,0.085448530132624,0.01,2025-12-06T15:39:52Z
RDMDL,,MN-U,86,0.53699910757416,0.01,2025-12-06T15:39:52Z
RDMDL,,MN-U,87,0.188407403289522,0.01,2025-12-06T15:39:52Z
RDMDL,,MN-U,88,0.874719072640626,0.01,2025-12-06T15:39:52Z
RDMDL,,MN-U,89,0.923167621410637,0.01,2025-12-06T15:39:52Z
RDMDL,,MN-U,90,0.266260707259815,0.01,2025-12-06T15:39:52Z
RDMDL,,MN-U,91,0.572310234343542,0.01,2025-12-06T15:39:52Z
RDMDL,,MN-U,92,0.657037148714973,0.01,2025-12-06T15:39:52Z
RDMDL,,MN-U,93,0.334080700180641,0.01,2025-12-06T15:39:52Z
RDMDL,,MN-U,94,1.41142520218163,0.01,2025-12-06T15:39:52Z
RDMDL,,MN-U,95,0.777901249017034,0.01,2025-12-06T15:39:52Z
RDMDL,,MN-U,96,0.606361715141098,0.01,2025-12-06T15:39:52Z
RDMDL,,MN-U,97,0.888816332859309,0.01,2025-12-06T15:39:52Z
RDMDL,,MN-U,98,0.788745869632558,0.01,2025-12-06T15:39:52Z
RDMDL,,MN-U,99,0.2176487733376,0.01,2025-12-06T15:39:52Z
RDMDL,,MN-U,100,0.537699024292446,0.01,2025-12-06T15:39:52Z
RECI,,AN,1,0.0106629957375121,0.01,2025-12-06T15:47:55Z
RECI,,AN,2,-0.0062077725078481,0.01,2025-12-06T15:47:55Z
RECI,,AN,3,-0.004716549576818,0.01,2025-12-06T15:47:55Z
RECI,,AN,4,0.0032602382412178,0.01,2025-12-06T15:47:55Z
RECI,,AN,5,-0.0059874182628047,0.01,2025-12-06T15:47:55Z
RECI,,AN,6,0.0084573677849171,0.01,2025-12-06T15:47:55Z
RECI,,AN,7,0.0302899092467362,0.01,2025-12-06T15:47:55Z
RECI,,AN,8,-0.004101112226421,0.01,2025-12-06T15:47:55Z
RECI,,AN,9,-0.0018871421909156,0.01,2025-12-06T15:47:55Z
RECI,,AN,10,0.001467264716944,0.01,2025-12-06T15:47:55Z
RECI,,AN,11,0.012261567105228,0.01,2025-12-06T15:47:55Z
RECI,,AN,12,-0.0061307780375589,0.01,2025-12-06T15:47:55Z
RECI,,AN,13,0.0176346071299943,0.01,2025-12-06T15:47:55Z
RECI,,AN,14,0.0439631336971635,0.01,2025-12-06T15:47:55Z
RECI,,AN,15,0.0122879224197069,0.01,2025-12-06T15:47:55Z
RECI,,AN,16,0.0124130901481156,0.01,2025-12-06T15:47:55Z
RECI,,AN,17,0.0306566835429991,0.01,2025-12-06T15:47:55Z
RECI,,AN,18,0.0064739260796356,0.01,2025-12-06T15:47:55Z
RECI,,AN,19,0.0277096092988797,0.01,2025-12-06T15:47:55Z
RECI,,AN,20,0.0135943292222782,0.01,2025-12-06T15:47:55Z
RECI,,AN,21,0.0240335309257849,0.01,2025-12-06T15:47:55Z
RECI,,AN,22,0.0076187611804317,0.01,2025-12-06T15:47:55Z
RECI,,AN,23,0.0132610817558491,0.01,2025-12-06T15:47:55Z
RECI,,AN,24,0.0136512029646326,0.01,2025-12-06T15:47:55Z
RECI,,AN,25,0.0344241583279395,0.01,2025-12-06T15:47:55Z
RECI,,AN,26,-0.0095475654636539,0.01,2025-12-06T15:47:55Z
RECI,,AN,27,0.0150670561225613,0.01,2025-12-06T15:47:55Z
RECI,,AN,28,0.0065757945522577,0.01,2025-12-06T15:47:55Z
RECI,,AN,29,-0.0022188935693753,0.01,2025-12-06T15:47:55Z
RECI,,AN,30,0.0031739522156684,0.01,2025-12-06T15:47:55Z
RECI,,AN,31,0.0236871691275386,0.01,2025-12-06T15:47:55Z
RECI,,AN,32,-0.014528480363526,0.01,2025-12-06T15:47:55Z
RECI,,AN,33,0.0002371133995371,0.01,2025-12-06T15:47:55Z
RECI,,AN,34,-0.0005049358509245,0.01,2025-12-06T15:47:55Z
RECI,,AN,35,0.0211828908047089,0.01,2025-12-06T15:47:55Z
RECI,,AN,36,0.022811130847131,0.01,2025-12-06T15:47:55Z
RECI,,AN,37,0.0044720309944584,0.01,2025-12-06T15:47:55Z
RECI,,AN,38,0.0062908806058973,0.01,2025-12-06T15:47:55Z
RECI,,AN,39,0.0012488225857943,0.01,2025-12-06T15:47:55Z
RECI,,AN,40,0.0069359689828335,0.01,2025-12-06T15:47:55Z
RECI,,AN,41,-0.0035348402515707,0.01,2025-12-06T15:47:55Z
RECI,,AN,42,0.0268491502783048,0.01,2025-12-06T15:47:55Z
RECI,,AN,43,0.0062651125978482,0.01,2025-12-06T15:47:55Z
RECI,,AN,44,0.0021684599819009,0.01,2025-12-06T15:47:55Z
RECI,,AN,45,0.0067498064863242,0.01,2025-12-06T15:47:55Z
RECI,,AN,46,0.0264525974318313,0.01,2025-12-06T15:47:55Z
RECI,,AN,47,0.0102338032970818,0.01,2025-12-06T15:47:55Z
RECI,,AN,48,-0.0087946168428627,0.01,2025-12-06T15:47:55Z
RECI,,AN,49,0.0183067655139998,0.01,2025-12-06T15:47:55Z
RECI,,AN,50,0.0211585222101168,0.01,2025-12-06T15:47:55Z
RECI,,AN,51,0.0199264451461743,0.01,2025-12-06T15:47:55Z
RECI,,AN,52,0.0147764229950064,0.01,2025-12-06T15:47:55Z
RECI,,AN,53,0.0183617701290871,0.01,2025-12-06T15:47:55Z
RECI,,AN,54,0.0428156349919645,0.01,2025-12-06T15:47:55Z
RECI,,AN,55,0.018138136915197,0.01,2025-12-06T15:47:55Z
RECI,,AN,56,0.0140978181170674,0.01,2025-12-06T15:47:55Z
RECI,,AN,57,-0.0019803086790429,0.01,2025-12-06T15:47:55Z
RECI,,AN,58,-0.0002983570528621,0.01,2025-12-06T15:47:55Z
RECI,,AN,59,0.0025838605837608,0.01,2025-12-06T15:47:55Z
RECI,,AN,60,0.0088751137180412,0.01,2025-12-06T15:47:55Z
RECI,,AN,61,0.0177479381334359,0.01,2025-12-06T15:47:55Z
RECI,,AN,62,0.012015774964424,0.01,2025-12-06T15:47:55Z
RECI,,AN,63,-0.0080603688860364,0.01,2025-12-06T15:47:55Z
RECI,,AN,64,0.036052916268833,0.01,2025-12-06T15:47:55Z
RECI,,AN,65,0.0105467528747218,0.01,2025-12-06T15:47:55Z
RECI,,AN,66,0.0323049366090506,0.01,2025-12-06T15:47:55Z
RECI,,AN,67,0.0136807930722262,0.01,2025-12-06T15:47:55Z
RECI,,AN,68,0.0016813153510787,0.01,2025-12-06T15:47:55Z
RECI,,AN,69,0.0111464566400092,0.01,2025-12-06T15:47:55Z
RECI,,AN,70,0.015448951349977,0.01,2025-12-06T15:47:55Z
RECI,,AN,71,0.0315663987939754,0.01,2025-12-06T15:47:55Z
RECI,,AN,72,0.0093833144514669,0.01,2025-12-06T15:47:55Z
RECI,,AN,73,0.0255196591067127,0.01,2025-12-06T15:47:55Z
RECI,,AN,74,0.0047474382706854,0.01,2025-12-06T15:47:55Z
RECI,,AN,75,0.0161106001683561,0.01,2025-12-06T15:47:55Z
RECI,,AN,76,0.0013076093122136,0.01,2025-12-06T15:47:55Z
RECI,,AN,77,0.0165700889335683,0.01,2025-12-06T15:47:55Z
RECI,,AN,78,0.0161267721998121,0.01,2025-12-06T15:47:56Z
RECI,,AN,79,0.024364945587238,0.01,2025-12-06T15:47:56Z
RECI,,AN,80,0.0102184872308512,0.01,2025-12-06T15:47:56Z
RECI,,AN,81,0.0212395817629191,0.01,2025-12-06T15:47:56Z
RECI,,AN,82,-0.0028428792196445,0.01,2025-12-06T15:47:56Z
RECI,,AN,83,0.0068696895725429,0.01,2025-12-06T15:47:56Z
RECI,,AN,84,0.0145593660192988,0.01,2025-12-06T15:47:56Z
RECI,,AN,85,-0.004998663811987,0.01,2025-12-06T15:47:56Z
RECI,,AN,86,0.0135436519456592,0.01,2025-12-06T15:47:56Z
RECI,,AN,87,0.0028245317838014,0.01,2025-12-06T15:47:56Z
RECI,,AN,88,0.0047945754436264,0.01,2025-12-06T15:47:56Z
RECI,,AN,89,0.0191907963301901,0.01,2025-12-06T15:47:56Z
RECI,,AN,90,0.0229598058696086,0.01,2025-12-06T15:47:56Z
RECI,,AN,91,0.0249902561627338,0.01,2025-12-06T15:47:56Z
RECI,,AN,92,0.0006405008372634,0.01,2025-12-06T15:47:56Z
RECI,,AN,93,-0.002278511580419,0.01,2025-12-06T15:47:56Z
RECI,,AN,94,0.0184181827286393,0.01,2025-12-06T15:47:56Z
RECI,,AN,95,0.0063070638056787,0.01,2025-12-06T15:47:56Z
RECI,,AN,96,0.0286476380812331,0.01,2025-12-06T15:47:56Z
RECI,,AN,97,0.0091808566307044,0.01,2025-12-06T15:47:56Z
RECI,,AN,98,0.0023319127451289,0.01,2025-12-06T15:47:56Z
RECI,,AN,99,0.0133463748492155,0.01,2025-12-06T15:47:56Z
RECI,,AN,100,0.0146783196012861,0.01,2025-12-06T15:47:56Z
RECI,,AN-s,1,-0.0077401318153694,0.01,2025-12-06T15:47:56Z
RECI,,AN-s,2,0.0068772335269921,0.01,2025-12-06T15:47:56Z
RECI,,AN-s,3,0.0130687392908794,0.01,2025-12-06T15:47:56Z
RECI,,AN-s,4,-0.00331411746013,0.01,2025-12-06T15:47:56Z
RECI,,AN-s,5,-0.0010871582084658,0.01,2025-12-06T15:47:56Z
RECI,,AN-s,6,0.0097688958287898,0.01,2025-12-06T15:47:56Z
RECI,,AN-s,7,0.008932502101621,0.01,2025-12-06T15:47:56Z
RECI,,AN-s,8,0.0077206587034209,0.01,2025-12-06T15:47:56Z
RECI,,AN-s,9,0.0055674723160684,0.01,2025-12-06T15:47:56Z
RECI,,AN-s,10,0.0070948200277825,0.01,2025-12-06T15:47:56Z
RECI,,AN-s,11,0.0059399088659725,0.01,2025-12-06T15:47:56Z
RECI,,AN-s,12,0.0058070053851513,0.01,2025-12-06T15:47:56Z
RECI,,AN-s,13,-0.0027662483709223,0.01,2025-12-06T15:47:56Z
RECI,,AN-s,14,0.0037545617967318,0.01,2025-12-06T15:47:56Z
RECI,,AN-s,15,0.0067275532249863,0.01,2025-12-06T15:47:56Z
RECI,,AN-s,16,0.0029044926382676,0.01,2025-12-06T15:47:56Z
RECI,,AN-s,17,0.0002109595356633,0.01,2025-12-06T15:47:56Z
RECI,,AN-s,18,0.0100555836565096,0.01,2025-12-06T15:47:56Z
RECI,,AN-s,19,0.0063100553287126,0.01,2025-12-06T15:47:56Z
RECI,,AN-s,20,0.0051741720064359,0.01,2025-12-06T15:47:56Z
RECI,,AN-s,21,0.0149418788303493,0.01,2025-12-06T15:47:56Z
RECI,,AN-s,22,0.0076899185570005,0.01,2025-12-06T15:47:56Z
RECI,,AN-s,23,0.0126792862104917,0.01,2025-12-06T15:47:56Z
RECI,,AN-s,24,0.0032843042434037,0.01,2025-12-06T15:47:56Z
RECI,,AN-s,25,-0.0005927765172233,0.01,2025-12-06T15:47:56Z
RECI,,AN-s,26,0.0069376846590234,0.01,2025-12-06T15:47:56Z
RECI,,AN-s,27,-0.0002268306302339,0.01,2025-12-06T15:47:56Z
RECI,,AN-s,28,-0.0082770710583873,0.01,2025-12-06T15:47:56Z
RECI,,AN-s,29,0.0119841653991874,0.01,2025-12-06T15:47:56Z
RECI,,AN-s,30,0.0143639063069476,0.01,2025-12-06T15:47:56Z
RECI,,AN-s,31,0.0105542475365166,0.01,2025-12-06T15:47:56Z
RECI,,AN-s,32,-0.0005220727204707,0.01,2025-12-06T15:47:56Z
RECI,,AN-s,33,-0.0046413397081842,0.01,2025-12-06T15:47:56Z
RECI,,AN-s,34,-0.0016606229392124,0.01,2025-12-06T15:47:56Z
RECI,,AN-s,35,0.0101066765290105,0.01,2025-12-06T15:47:56Z
RECI,,AN-s,36,-0.0044427149247771,0.01,2025-12-06T15:47:56Z
RECI,,AN-s,37,0.0149757936419383,0.01,2025-12-06T15:47:56Z
RECI,,AN-s,38,0.0074773296842475,0.01,2025-12-06T15:47:56Z
RECI,,AN-s,39,0.0082737528574236,0.01,2025-12-06T15:47:56Z
RECI,,AN-s,40,-0.0058223863693841,0.01,2025-12-06T15:47:56Z
RECI,,AN-s,41,0.0161554927172826,0.01,2025-12-06T15:47:56Z
RECI,,AN-s,42,0.0136106742955989,0.01,2025-12-06T15:47:56Z
RECI,,AN-s,43,-0.0072151761908941,0.01,2025-12-06T15:47:56Z
RECI,,AN-s,44,-0.0015394594555424,0.01,2025-12-06T15:47:56Z
RECI,,AN-s,45,0.0243366758525608,0.01,2025-12-06T15:47:56Z
RECI,,AN-s,46,0.0003574538640606,0.01,2025-12-06T15:47:56Z
RECI,,AN-s,47,-0.000935191420336,0.01,2025-12-06T15:47:56Z
RECI,,AN-s,48,-0.0002655221866716,0.01,2025-12-06T15:47:56Z
RECI,,AN-s,49,-0.0002603925623487,0.01,2025-12-06T15:47:56Z
RECI,,AN-s,50,0.0047149629014851,0.01,2025-12-06T15:47:56Z
RECI,,AN-s,51,-0.0035493625266267,0.01,2025-12-06T15:47:56Z
RECI,,AN-s,52,-0.0078884932285279,0.01,2025-12-06T15:47:56Z
RECI,,AN-s,53,-0.0042712246407467,0.01,2025-12-06T15:47:56Z
RECI,,AN-s,54,-3.60404610610723e-05,0.01,2025-12-06T15:47:56Z
RECI,,AN-s,55,0.0041460784222957,0.01,2025-12-06T15:47:56Z
RECI,,AN-s,56,0.0098243968397213,0.01,2025-12-06T15:47:56Z
RECI,,AN-s,57,-0.0007097150973325,0.01,2025-12-06T15:47:56Z
RECI,,AN-s,58,0.0032329773243982,0.01,2025-12-06T15:47:56Z
RECI,,AN-s,59,-0.0076015672587102,0.01,2025-12-06T15:47:57Z
RECI,,AN-s,60,-0.0094249233667147,0.01,2025-12-06T15:47:57Z
RECI,,AN-s,61,0.0030697017047695,0.01,2025-12-06T15:47:57Z
RECI,,AN-s,62,0.0079776924647264,0.01,2025-12-06T15:47:57Z
RECI,,AN-s,63,-0.0097649860547563,0.01,2025-12-06T15:47:57Z
RECI,,AN-s,64,-0.0005014924304032,0.01,2025-12-06T15:47:57Z
RECI,,AN-s,65,0.0081528622135973,0.01,2025-12-06T15:47:57Z
RECI,,AN-s,66,0.0138862602715036,0.01,2025-12-06T15:47:57Z
RECI,,AN-s,67,0.0004762649774285,0.01,2025-12-06T15:47:57Z
RECI,,AN-s,68,0.0167810857654157,0.01,2025-12-06T15:47:57Z
RECI,,AN-s,69,0.0003714851296861,0.01,2025-12-06T15:47:57Z
RECI,,AN-s,70,0.0089257261176408,0.01,2025-12-06T15:47:57Z
RECI,,AN-s,71,-0.0035622929781689,0.01,2025-12-06T15:47:57Z
RECI,,AN-s,72,-0.0062473056043888,0.01,2025-12-06T15:47:57Z
RECI,,AN-s,73,0.0317101643142685,0.01,2025-12-06T15:47:57Z
RECI,,AN-s,74,0.003943237352752,0.01,2025-12-06T15:47:57Z
RECI,,AN-s,75,0.0019370737576328,0.01,2025-12-06T15:47:57Z
RECI,,AN-s,76,6.45987253322777e-05,0.01,2025-12-06T15:47:57Z
RECI,,AN-s,77,-0.0034290701560073,0.01,2025-12-06T15:47:57Z
RECI,,AN-s,78,-0.000587895163362,0.01,2025-12-06T15:47:57Z
RECI,,AN-s,79,-0.0039387956999312,0.01,2025-12-06T15:47:57Z
RECI,,AN-s,80,0.0044964598691014,0.01,2025-12-06T15:47:57Z
RECI,,AN-s,81,0.0014964658524732,0.01,2025-12-06T15:47:57Z
RECI,,AN-s,82,0.003425239552835,0.01,2025-12-06T15:47:57Z
RECI,,AN-s,83,0.0049510371206676,0.01,2025-12-06T15:47:57Z
RECI,,AN-s,84,0.0011916151248575,0.01,2025-12-06T15:47:57Z
RECI,,AN-s,85,-0.0030397450334477,0.01,2025-12-06T15:47:57Z
RECI,,AN-s,86,0.013636150311477,0.01,2025-12-06T15:47:57Z
RECI,,AN-s,87,0.0033114625817043,0.01,2025-12-06T15:47:57Z
RECI,,AN-s,88,0.0135349851083345,0.01,2025-12-06T15:47:57Z
RECI,,AN-s,89,0.0020915182205775,0.01,2025-12-06T15:47:57Z
RECI,,AN-s,90,0.008948821960983,0.01,2025-12-06T15:47:57Z
RECI,,AN-s,91,-0.004964601830602,0.01,2025-12-06T15:47:57Z
RECI,,AN-s,92,0.0088769342033369,0.01,2025-12-06T15:47:57Z
RECI,,AN-s,93,0.0179052853345252,0.01,2025-12-06T15:47:57Z
RECI,,AN-s,94,0.0100178301910681,0.01,2025-12-06T15:47:57Z
RECI,,AN-s,95,-0.0062719521148517,0.01,2025-12-06T15:47:57Z
RECI,,AN-s,96,0.0171930384770578,0.01,2025-12-06T15:47:57Z
RECI,,AN-s,97,-0.0071775170175332,0.01,2025-12-06T15:47:57Z
RECI,,AN-s,98,0.0065253618980512,0.01,2025-12-06T15:47:57Z
RECI,,AN-s,99,0.0028646176112811,0.01,2025-12-06T15:47:57Z
RECI,,AN-s,100,0.0012876450754031,0.01,2025-12-06T15:47:57Z
RECI,,LS,1,0.0109445795943889,0.01,2025-12-06T15:47:57Z
RECI,,LS,2,0.0029462558863035,0.01,2025-12-06T15:47:57Z
RECI,,LS,3,0.0188156690430307,0.01,2025-12-06T15:47:57Z
RECI,,LS,4,0.000553335172308,0.01,2025-12-06T15:47:57Z
RECI,,LS,5,0.0074967517469472,0.01,2025-12-06T15:47:57Z
RECI,,LS,6,0.0087757287961956,0.01,2025-12-06T15:47:57Z
RECI,,LS,7,0.0118171261430837,0.01,2025-12-06T15:47:57Z
RECI,,LS,8,0.0055647426775772,0.01,2025-12-06T15:47:57Z
RECI,,LS,9,0.0111019808919395,0.01,2025-12-06T15:47:57Z
RECI,,LS,10,0.0240866969078416,0.01,2025-12-06T15:47:57Z
RECI,,LS,11,0.0007389965840212,0.01,2025-12-06T15:47:57Z
RECI,,LS,12,0.0106155752709519,0.01,2025-12-06T15:47:57Z
RECI,,LS,13,0.0005592286954747,0.01,2025-12-06T15:47:57Z
RECI,,LS,14,0.0164469024028691,0.01,2025-12-06T15:47:57Z
RECI,,LS,15,0.0018703483077569,0.01,2025-12-06T15:47:57Z
RECI,,LS,16,0.0179670446960306,0.01,2025-12-06T15:47:57Z
RECI,,LS,17,0.00358308421633,0.01,2025-12-06T15:47:57Z
RECI,,LS,18,-0.0090512659772055,0.01,2025-12-06T15:47:57Z
RECI,,LS,19,0.0212134304822548,0.01,2025-12-06T15:47:57Z
RECI,,LS,20,-0.0005194821670212,0.01,2025-12-06T15:47:57Z
RECI,,LS,21,-0.0067987187544829,0.01,2025-12-06T15:47:57Z
RECI,,LS,22,0.019814160025062,0.01,2025-12-06T15:47:57Z
RECI,,LS,23,0.009726486856506,0.01,2025-12-06T15:47:57Z
RECI,,LS,24,0.0189885537537711,0.01,2025-12-06T15:47:57Z
RECI,,LS,25,0.0005685308930061,0.01,2025-12-06T15:47:57Z
RECI,,LS,26,0.0300485754391465,0.01,2025-12-06T15:47:57Z
RECI,,LS,27,0.0050738160747624,0.01,2025-12-06T15:47:57Z
RECI,,LS,28,0.0163217705243963,0.01,2025-12-06T15:47:57Z
RECI,,LS,29,-0.0061081579441744,0.01,2025-12-06T15:47:57Z
RECI,,LS,30,0.0020913022877973,0.01,2025-12-06T15:47:57Z
RECI,,LS,31,0.0133325926666862,0.01,2025-12-06T15:47:57Z
RECI,,LS,32,-0.0056597955135347,0.01,2025-12-06T15:47:57Z
RECI,,LS,33,0.0048167914269902,0.01,2025-12-06T15:47:57Z
RECI,,LS,34,0.010002580127958,0.01,2025-12-06T15:47:57Z
RECI,,LS,35,-0.0078583685260351,0.01,2025-12-06T15:47:57Z
RECI,,LS,36,0.0011681318206035,0.01,2025-12-06T15:47:57Z
RECI,,LS,37,0.0113560778034536,0.01,2025-12-06T15:47:57Z
RECI,,LS,38,-0.0016365668312038,0.01,2025-12-06T15:47:57Z
RECI,,LS,39,0.0002840437093749,0.01,2025-12-06T15:47:57Z
RECI,,LS,40,-0.0018064591000504,0.01,2025-12-06T15:47:57Z
RECI,,LS,41,0.0020191477352704,0.01,2025-12-06T15:47:57Z
RECI,,LS,42,0.0210033063732607,0.01,2025-12-06T15:47:58Z
RECI,,LS,43,-0.0020541113452434,0.01,2025-12-06T15:47:58Z
RECI,,LS,44,0.0120597871065747,0.01,2025-12-06T15:47:58Z
RECI,,LS,45,0.0063170630343145,0.01,2025-12-06T15:47:58Z
RECI,,LS,46,0.0042812805019281,0.01,2025-12-06T15:47:58Z
RECI,,LS,47,0.025746885446342,0.01,2025-12-06T15:47:58Z
RECI,,LS,48,0.012327412957492,0.01,2025-12-06T15:47:58Z
RECI,,LS,49,0.016789331283851,0.01,2025-12-06T15:47:58Z
RECI,,LS,50,-0.010133142301921,0.01,2025-12-06T15:47:58Z
RECI,,LS,51,-0.0031383467054935,0.01,2025-12-06T15:47:58Z
RECI,,LS,52,0.0128505843416436,0.01,2025-12-06T15:47:58Z
RECI,,LS,53,0.0030992490713052,0.01,2025-12-06T15:47:58Z
RECI,,LS,54,0.0015339097572515,0.01,2025-12-06T15:47:58Z
RECI,,LS,55,0.0035605954427209,0.01,2025-12-06T15:47:58Z
RECI,,LS,56,0.0129976044151557,0.01,2025-12-06T15:47:58Z
RECI,,LS,57,0.0062344931464133,0.01,2025-12-06T15:47:58Z
RECI,,LS,58,0.0018586281776915,0.01,2025-12-06T15:47:58Z
RECI,,LS,59,0.0186729827937763,0.01,2025-12-06T15:47:58Z
RECI,,LS,60,-0.0055814911174908,0.01,2025-12-06T15:47:58Z
RECI,,LS,61,-0.0026945179887725,0.01,2025-12-06T15:47:58Z
RECI,,LS,62,0.0096174537640308,0.01,2025-12-06T15:47:58Z
RECI,,LS,63,-0.0093410082147323,0.01,2025-12-06T15:47:58Z
RECI,,LS,64,-0.0041272709608902,0.01,2025-12-06T15:47:58Z
RECI,,LS,65,0.0314796428834106,0.01,2025-12-06T15:47:58Z
RECI,,LS,66,0.0098680091420699,0.01,2025-12-06T15:47:58Z
RECI,,LS,67,0.0124899968590682,0.01,2025-12-06T15:47:58Z
RECI,,LS,68,0.0263432566509847,0.01,2025-12-06T15:47:58Z
RECI,,LS,69,0.0229218603778356,0.01,2025-12-06T15:47:58Z
RECI,,LS,70,0.0131986625925521,0.01,2025-12-06T15:47:58Z
RECI,,LS,71,0.017233447732208,0.01,2025-12-06T15:47:58Z
RECI,,LS,72,-0.0017429617879014,0.01,2025-12-06T15:47:58Z
RECI,,LS,73,0.0021516080459136,0.01,2025-12-06T15:47:58Z
RECI,,LS,74,0.0042606969392517,0.01,2025-12-06T15:47:58Z
RECI,,LS,75,-0.0040278713648514,0.01,2025-12-06T15:47:58Z
RECI,,LS,76,0.0078427187282548,0.01,2025-12-06T15:47:58Z
RECI,,LS,77,0.0114276606435803,0.01,2025-12-06T15:47:58Z
RECI,,LS,78,0.0018966429525945,0.01,2025-12-06T15:47:58Z
RECI,,LS,79,0.0140348855098504,0.01,2025-12-06T15:47:58Z
RECI,,LS,80,0.0086865925307125,0.01,2025-12-06T15:47:58Z
RECI,,LS,81,-0.0047420153664233,0.01,2025-12-06T15:47:58Z
RECI,,LS,82,0.0120623871515632,0.01,2025-12-06T15:47:58Z
RECI,,LS,83,0.0002514334481106,0.01,2025-12-06T15:47:58Z
RECI,,LS,84,0.0160162209736607,0.01,2025-12-06T15:47:58Z
RECI,,LS,85,0.0079627083119619,0.01,2025-12-06T15:47:58Z
RECI,,LS,86,-0.0031718085857751,0.01,2025-12-06T15:47:58Z
RECI,,LS,87,0.0082786891350629,0.01,2025-12-06T15:47:58Z
RECI,,LS,88,0.0225350732269978,0.01,2025-12-06T15:47:58Z
RECI,,LS,89,0.0016254718667398,0.01,2025-12-06T15:47:58Z
RECI,,LS,90,-0.0098741772093394,0.01,2025-12-06T15:47:58Z
RECI,,LS,91,-0.0024011111215266,0.01,2025-12-06T15:47:58Z
RECI,,LS,92,0.0012253695446304,0.01,2025-12-06T15:47:58Z
RECI,,LS,93,0.0062584855842077,0.01,2025-12-06T15:47:58Z
RECI,,LS,94,0.0005783374256555,0.01,2025-12-06T15:47:58Z
RECI,,LS,95,0.0063141375274322,0.01,2025-12-06T15:47:58Z
RECI,,LS,96,0.0025505657607019,0.01,2025-12-06T15:47:58Z
RECI,,LS,97,0.0056957461044068,0.01,2025-12-06T15:47:58Z
RECI,,LS,98,-0.0006925696648167,0.01,2025-12-06T15:47:58Z
RECI,,LS,99,0.0045290953217029,0.01,2025-12-06T15:47:58Z
RECI,,LS,100,0.010190790680752,0.01,2025-12-06T15:47:58Z
RECI,,LS-s,1,0.0068143232936186,0.01,2025-12-06T15:47:58Z
RECI,,LS-s,2,-0.0074900782621944,0.01,2025-12-06T15:47:58Z
RECI,,LS-s,3,0.0032265074338333,0.01,2025-12-06T15:47:58Z
RECI,,LS-s,4,-0.0035611483135926,0.01,2025-12-06T15:47:58Z
RECI,,LS-s,5,0.004689414319525,0.01,2025-12-06T15:47:58Z
RECI,,LS-s,6,0.0023505698370043,0.01,2025-12-06T15:47:58Z
RECI,,LS-s,7,-0.0058875018527363,0.01,2025-12-06T15:47:58Z
RECI,,LS-s,8,0.0016130224467951,0.01,2025-12-06T15:47:58Z
RECI,,LS-s,9,-0.0174379847287643,0.01,2025-12-06T15:47:58Z
RECI,,LS-s,10,0.005135387202406,0.01,2025-12-06T15:47:58Z
RECI,,LS-s,11,-0.0112272618140819,0.01,2025-12-06T15:47:58Z
RECI,,LS-s,12,-0.0067090888859959,0.01,2025-12-06T15:47:58Z
RECI,,LS-s,13,-0.0043806532166345,0.01,2025-12-06T15:47:58Z
RECI,,LS-s,14,-0.0073920147119149,0.01,2025-12-06T15:47:58Z
RECI,,LS-s,15,-0.0046458299318948,0.01,2025-12-06T15:47:58Z
RECI,,LS-s,16,-0.0053772055514833,0.01,2025-12-06T15:47:58Z
RECI,,LS-s,17,0.0065745888489509,0.01,2025-12-06T15:47:58Z
RECI,,LS-s,18,0.0108457251212753,0.01,2025-12-06T15:47:58Z
RECI,,LS-s,19,-0.0031846880673475,0.01,2025-12-06T15:47:58Z
RECI,,LS-s,20,-0.0011320412300932,0.01,2025-12-06T15:47:58Z
RECI,,LS-s,21,0.0053837990797799,0.01,2025-12-06T15:47:58Z
RECI,,LS-s,22,-0.0059581582914608,0.01,2025-12-06T15:47:58Z
RECI,,LS-s,23,-0.003016202861955,0.01,2025-12-06T15:47:58Z
RECI,,LS-s,24,-0.0032686036276668,0.01,2025-12-06T15:47:58Z
RECI,,LS-s,25,0.0051245441583724,0.01,2025-12-06T15:47:58Z
RECI,,LS-s,26,0.0016154587095073,0.01,2025-12-06T15:47:58Z
RECI,,LS-s,27,0.006822266339777,0.01,2025-12-06T15:47:58Z
RECI,,LS-s,28,0.0100371565156217,0.01,2025-12-06T15:47:58Z
RECI,,LS-s,29,0.0011212559868866,0.01,2025-12-06T15:47:59Z
RECI,,LS-s,30,-0.0113553009458514,0.01,2025-12-06T15:47:59Z
RECI,,LS-s,31,0.0172103371769769,0.01,2025-12-06T15:47:59Z
RECI,,LS-s,32,-0.006217684377233,0.01,2025-12-06T15:47:59Z
RECI,,LS-s,33,0.0025139891596259,0.01,2025-12-06T15:47:59Z
RECI,,LS-s,34,0.0068238149564687,0.01,2025-12-06T15:47:59Z
RECI,,LS-s,35,-0.0010126039319731,0.01,2025-12-06T15:47:59Z
RECI,,LS-s,36,-0.0022422044017706,0.01,2025-12-06T15:47:59Z
RECI,,LS-s,37,0.0065677572292003,0.01,2025-12-06T15:47:59Z
RECI,,LS-s,38,-0.0003142251755763,0.01,2025-12-06T15:47:59Z
RECI,,LS-s,39,0.0021747596610176,0.01,2025-12-06T15:47:59Z
RECI,,LS-s,40,-0.0025402731289582,0.01,2025-12-06T15:47:59Z
RECI,,LS-s,41,0.008392303596984,0.01,2025-12-06T15:47:59Z
RECI,,LS-s,42,-0.0005527409749296,0.01,2025-12-06T15:47:59Z
RECI,,LS-s,43,-0.0003185819614169,0.01,2025-12-06T15:47:59Z
RECI,,LS-s,44,0.010445020485021,0.01,2025-12-06T15:47:59Z
RECI,,LS-s,45,0.0086564211818424,0.01,2025-12-06T15:47:59Z
RECI,,LS-s,46,0.005936801118844,0.01,2025-12-06T15:47:59Z
RECI,,LS-s,47,0.0095846324140693,0.01,2025-12-06T15:47:59Z
RECI,,LS-s,48,0.0086772629106461,0.01,2025-12-06T15:47:59Z
RECI,,LS-s,49,-0.0029871845233166,0.01,2025-12-06T15:47:59Z
RECI,,LS-s,50,0.0012353352694007,0.01,2025-12-06T15:47:59Z
RECI,,LS-s,51,-0.0004209818481916,0.01,2025-12-06T15:47:59Z
RECI,,LS-s,52,-0.0046868352467704,0.01,2025-12-06T15:47:59Z
RECI,,LS-s,53,0.0022506847787476,0.01,2025-12-06T15:47:59Z
RECI,,LS-s,54,-0.0011541083700367,0.01,2025-12-06T15:47:59Z
RECI,,LS-s,55,0.0177205685958477,0.01,2025-12-06T15:47:59Z
RECI,,LS-s,56,0.0049947259807622,0.01,2025-12-06T15:47:59Z
RECI,,LS-s,57,0.0086394283431277,0.01,2025-12-06T15:47:59Z
RECI,,LS-s,58,0.0022471935528999,0.01,2025-12-06T15:47:59Z
RECI,,LS-s,59,-0.0014397379689292,0.01,2025-12-06T15:47:59Z
RECI,,LS-s,60,-0.0025576715658512,0.01,2025-12-06T15:47:59Z
RECI,,LS-s,61,0.011515211416278,0.01,2025-12-06T15:47:59Z
RECI,,LS-s,62,0.0072076550950811,0.01,2025-12-06T15:47:59Z
RECI,,LS-s,63,-0.0134171612305482,0.01,2025-12-06T15:47:59Z
RECI,,LS-s,64,0.0116728234040746,0.01,2025-12-06T15:47:59Z
RECI,,LS-s,65,0.0064396186241711,0.01,2025-12-06T15:47:59Z
RECI,,LS-s,66,0.0102116167388842,0.01,2025-12-06T15:47:59Z
RECI,,LS-s,67,-0.0051472838970305,0.01,2025-12-06T15:47:59Z
RECI,,LS-s,68,-0.0039401176735923,0.01,2025-12-06T15:47:59Z
RECI,,LS-s,69,0.0061422613236947,0.01,2025-12-06T15:47:59Z
RECI,,LS-s,70,0.0054272306929668,0.01,2025-12-06T15:47:59Z
RECI,,LS-s,71,-0.0012065628652765,0.01,2025-12-06T15:47:59Z
RECI,,LS-s,72,0.0061393440555579,0.01,2025-12-06T15:47:59Z
RECI,,LS-s,73,0.0074031772440874,0.01,2025-12-06T15:47:59Z
RECI,,LS-s,74,0.00059823685648,0.01,2025-12-06T15:47:59Z
RECI,,LS-s,75,0.0077100976211124,0.01,2025-12-06T15:47:59Z
RECI,,LS-s,76,0.004558054954325,0.01,2025-12-06T15:47:59Z
RECI,,LS-s,77,9.64502817270389e-05,0.01,2025-12-06T15:47:59Z
RECI,,LS-s,78,0.0066478661577306,0.01,2025-12-06T15:47:59Z
RECI,,LS-s,79,-0.0080847307769486,0.01,2025-12-06T15:47:59Z
RECI,,LS-s,80,0.0056718342489604,0.01,2025-12-06T15:47:59Z
RECI,,LS-s,81,-0.0089712660522926,0.01,2025-12-06T15:47:59Z
RECI,,LS-s,82,-0.0083912372667127,0.01,2025-12-06T15:47:59Z
RECI,,LS-s,83,0.0074155484657101,0.01,2025-12-06T15:47:59Z
RECI,,LS-s,84,0.0032438569756011,0.01,2025-12-06T15:47:59Z
RECI,,LS-s,85,0.0140423784204796,0.01,2025-12-06T15:47:59Z
RECI,,LS-s,86,0.0004747784725809,0.01,2025-12-06T15:47:59Z
RECI,,LS-s,87,0.003537871612678,0.01,2025-12-06T15:47:59Z
RECI,,LS-s,88,-0.0161017625502771,0.01,2025-12-06T15:47:59Z
RECI,,LS-s,89,0.0093595678817089,0.01,2025-12-06T15:47:59Z
RECI,,LS-s,90,-0.0028659148580619,0.01,2025-12-06T15:47:59Z
RECI,,LS-s,91,-0.0035501976899993,0.01,2025-12-06T15:47:59Z
RECI,,LS-s,92,-8.44302293906869e-05,0.01,2025-12-06T15:47:59Z
RECI,,LS-s,93,-0.0167214676331581,0.01,2025-12-06T15:47:59Z
RECI,,LS-s,94,-0.0001046998199456,0.01,2025-12-06T15:47:59Z
RECI,,LS-s,95,0.0067143846849234,0.01,2025-12-06T15:47:59Z
RECI,,LS-s,96,0.0006939594901883,0.01,2025-12-06T15:47:59Z
RECI,,LS-s,97,0.0016111678658971,0.01,2025-12-06T15:47:59Z
RECI,,LS-s,98,-0.0050868014307461,0.01,2025-12-06T15:47:59Z
RECI,,LS-s,99,-0.0094925931946607,0.01,2025-12-06T15:47:59Z
RECI,,LS-s,100,0.010762550308507,0.01,2025-12-06T15:47:59Z
RECI,,MN-U,1,0.0042491601902485,0.01,2025-12-06T15:47:59Z
RECI,,MN-U,2,-0.0022855863749617,0.01,2025-12-06T15:47:59Z
RECI,,MN-U,3,0.0040583282064896,0.01,2025-12-06T15:47:59Z
RECI,,MN-U,4,0.0044041555132242,0.01,2025-12-06T15:47:59Z
RECI,,MN-U,5,0.0075456637866713,0.01,2025-12-06T15:47:59Z
RECI,,MN-U,6,0.0007486763078663,0.01,2025-12-06T15:47:59Z
RECI,,MN-U,7,0.0022147223823319,0.01,2025-12-06T15:47:59Z
RECI,,MN-U,8,0.0005890601167379,0.01,2025-12-06T15:47:59Z
RECI,,MN-U,9,0.0020517353839088,0.01,2025-12-06T15:47:59Z
RECI,,MN-U,10,0.0029241642438477,0.01,2025-12-06T15:47:59Z
RECI,,MN-U,11,-0.0011537658169191,0.01,2025-12-06T15:47:59Z
RECI,,MN-U,12,0.012216059786348,0.01,2025-12-06T15:47:59Z
RECI,,MN-U,13,0.012614125748695,0.01,2025-12-06T15:47:59Z
RECI,,MN-U,14,0.0099504475809409,0.01,2025-12-06T15:47:59Z
RECI,,MN-U,15,-0.0015912992559678,0.01,2025-12-06T15:48:00Z
RECI,,MN-U,16,0.0007940623530867,0.01,2025-12-06T15:48:00Z
RECI,,MN-U,17,-0.0018899987420523,0.01,2025-12-06T15:48:00Z
RECI,,MN-U,18,0.0049319106492369,0.01,2025-12-06T15:48:00Z
RECI,,MN-U,19,0.0104890794095517,0.01,2025-12-06T15:48:00Z
RECI,,MN-U,20,0.0035535006537509,0.01,2025-12-06T15:48:00Z
RECI,,MN-U,21,0.0154724454616895,0.01,2025-12-06T15:48:00Z
RECI,,MN-U,22,0.0057007189742616,0.01,2025-12-06T15:48:00Z
RECI,,MN-U,23,-0.0024705826492369,0.01,2025-12-06T15:48:00Z
RECI,,MN-U,24,0.0020630541001632,0.01,2025-12-06T15:48:00Z
RECI,,MN-U,25,-0.0015454661147499,0.01,2025-12-06T15:48:00Z
RECI,,MN-U,26,0.0104947536562752,0.01,2025-12-06T15:48:00Z
RECI,,MN-U,27,0.00758751030903,0.01,2025-12-06T15:48:00Z
RECI,,MN-U,28,0.0041397370994201,0.01,2025-12-06T15:48:00Z
RECI,,MN-U,29,0.0087225990943295,0.01,2025-12-06T15:48:00Z
RECI,,MN-U,30,0.0082917735717432,0.01,2025-12-06T15:48:00Z
RECI,,MN-U,31,0.0131515851378143,0.01,2025-12-06T15:48:00Z
RECI,,MN-U,32,0.0003059869045419,0.01,2025-12-06T15:48:00Z
RECI,,MN-U,33,0.0003403379786084,0.01,2025-12-06T15:48:00Z
RECI,,MN-U,34,0.0045272015216656,0.01,2025-12-06T15:48:00Z
RECI,,MN-U,35,0.0064021438225999,0.01,2025-12-06T15:48:00Z
RECI,,MN-U,36,0.0087284031660062,0.01,2025-12-06T15:48:00Z
RECI,,MN-U,37,0.0017151013680998,0.01,2025-12-06T15:48:00Z
RECI,,MN-U,38,-0.0031228793113597,0.01,2025-12-06T15:48:00Z
RECI,,MN-U,39,0.0135422383924426,0.01,2025-12-06T15:48:00Z
RECI,,MN-U,40,0.0106401423671139,0.01,2025-12-06T15:48:00Z
RECI,,MN-U,41,-0.0071292058307791,0.01,2025-12-06T15:48:00Z
RECI,,MN-U,42,0.0090892594656122,0.01,2025-12-06T15:48:00Z
RECI,,MN-U,43,0.0081041676512723,0.01,2025-12-06T15:48:00Z
RECI,,MN-U,44,0.0075089272796074,0.01,2025-12-06T15:48:00Z
RECI,,MN-U,45,0.009738585570145,0.01,2025-12-06T15:48:00Z
RECI,,MN-U,46,0.0041048611673146,0.01,2025-12-06T15:48:00Z
RECI,,MN-U,47,0.0080067789921782,0.01,2025-12-06T15:48:00Z
RECI,,MN-U,48,0.0130802630774305,0.01,2025-12-06T15:48:00Z
RECI,,MN-U,49,0.0039688489985659,0.01,2025-12-06T15:48:00Z
RECI,,MN-U,50,0.0013328655212625,0.01,2025-12-06T15:48:00Z
RECI,,MN-U,51,0.010717627115093,0.01,2025-12-06T15:48:00Z
RECI,,MN-U,52,0.0092457836768302,0.01,2025-12-06T15:48:00Z
RECI,,MN-U,53,0.002740590604991,0.01,2025-12-06T15:48:00Z
RECI,,MN-U,54,0.0134862855622534,0.01,2025-12-06T15:48:00Z
RECI,,MN-U,55,0.0029458455597449,0.01,2025-12-06T15:48:00Z
RECI,,MN-U,56,0.0017486532325617,0.01,2025-12-06T15:48:00Z
RECI,,MN-U,57,-0.0007680617837164,0.01,2025-12-06T15:48:00Z
RECI,,MN-U,58,0.004738857358736,0.01,2025-12-06T15:48:00Z
RECI,,MN-U,59,0.0115736449186791,0.01,2025-12-06T15:48:00Z
RECI,,MN-U,60,1.00987401735562e-05,0.01,2025-12-06T15:48:00Z
RECI,,MN-U,61,0.0033089191024387,0.01,2025-12-06T15:48:00Z
RECI,,MN-U,62,-0.0026388103782524,0.01,2025-12-06T15:48:00Z
RECI,,MN-U,63,0.001758967627499,0.01,2025-12-06T15:48:00Z
RECI,,MN-U,64,0.0055120573347513,0.01,2025-12-06T15:48:00Z
RECI,,MN-U,65,0.0035342242782903,0.01,2025-12-06T15:48:00Z
RECI,,MN-U,66,0.0119818895354883,0.01,2025-12-06T15:48:00Z
RECI,,MN-U,67,0.0110889237388277,0.01,2025-12-06T15:48:00Z
RECI,,MN-U,68,0.0074435520038929,0.01,2025-12-06T15:48:00Z
RECI,,MN-U,69,0.0113119003436068,0.01,2025-12-06T15:48:00Z
RECI,,MN-U,70,0.0004658485317979,0.01,2025-12-06T15:48:00Z
RECI,,MN-U,71,0.0033055811539883,0.01,2025-12-06T15:48:00Z
RECI,,MN-U,72,0.0065244877297146,0.01,2025-12-06T15:48:00Z
RECI,,MN-U,73,0.0029362582997054,0.01,2025-12-06T15:48:00Z
RECI,,MN-U,74,0.0063481217798846,0.01,2025-12-06T15:48:00Z
RECI,,MN-U,75,0.0084186583642996,0.01,2025-12-06T15:48:00Z
RECI,,MN-U,76,0.0059020825972258,0.01,2025-12-06T15:48:00Z
RECI,,MN-U,77,0.0025396571704512,0.01,2025-12-06T15:48:00Z
RECI,,MN-U,78,0.0026118746014056,0.01,2025-12-06T15:48:00Z
RECI,,MN-U,79,0.0063359183725544,0.01,2025-12-06T15:48:00Z
RECI,,MN-U,80,0.0102347069516826,0.01,2025-12-06T15:48:00Z
RECI,,MN-U,81,0.0035770331771923,0.01,2025-12-06T15:48:00Z
RECI,,MN-U,82,0.0116481357864331,0.01,2025-12-06T15:48:00Z
RECI,,MN-U,83,0.0069695455711845,0.01,2025-12-06T15:48:00Z
RECI,,MN-U,84,0.0149321917442114,0.01,2025-12-06T15:48:00Z
RECI,,MN-U,85,0.0036890296547141,0.01,2025-12-06T15:48:00Z
RECI,,MN-U,86,0.0013782741085033,0.01,2025-12-06T15:48:00Z
RECI,,MN-U,87,-0.0016663457876012,0.01,2025-12-06T15:48:00Z
RECI,,MN-U,88,0.0033791884529101,0.01,2025-12-06T15:48:00Z
RECI,,MN-U,89,0.0026647061148581,0.01,2025-12-06T15:48:00Z
RECI,,MN-U,90,-0.0014184432152853,0.01,2025-12-06T15:48:00Z
RECI,,MN-U,91,0.0019154770642451,0.01,2025-12-06T15:48:00Z
RECI,,MN-U,92,0.0050402965592606,0.01,2025-12-06T15:48:00Z
RECI,,MN-U,93,0.0043087103708022,0.01,2025-12-06T15:48:00Z
RECI,,MN-U,94,0.0099689386463006,0.01,2025-12-06T15:48:00Z
RECI,,MN-U,95,0.0038234740921817,0.01,2025-12-06T15:48:00Z
RECI,,MN-U,96,0.0049798928395647,0.01,2025-12-06T15:48:00Z
RECI,,MN-U,97,0.0107954410686445,0.01,2025-12-06T15:48:00Z
RECI,,MN-U,98,0.0133330360800293,0.01,2025-12-06T15:48:00Z
RECI,,MN-U,99,-0.0014269352259521,0.01,2025-12-06T15:48:00Z
RECI,,MN-U,100,0.0086547646610212,0.01,2025-12-06T15:48:00Z
ANM,,AN,1,NaN,0.01,2025-12-06T15:48:01Z
ANM,,AN,2,-6.66133814775094e-16,0.01,2025-12-06T15:48:01Z
ANM,,AN,3,NaN,0.01,2025-12-06T15:48:01Z
ANM,,AN,4,NaN,0.01,2025-12-06T15:48:01Z
ANM,,AN,5,NaN,0.01,2025-12-06T15:48:01Z
ANM,,AN,6,NaN,0.01,2025-12-06T15:48:01Z
ANM,,AN,7,NaN,0.01,2025-12-06T15:48:02Z
ANM,,AN,8,NaN,0.01,2025-12-06T15:48:02Z
ANM,,AN,9,NaN,0.01,2025-12-06T15:48:02Z
ANM,,AN,10,-3.5527136788005e-15,0.01,2025-12-06T15:48:02Z
ANM,,AN,11,NaN,0.01,2025-12-06T15:48:02Z
ANM,,AN,12,NaN,0.01,2025-12-06T15:48:02Z
ANM,,AN,13,1.77635683940025e-15,0.01,2025-12-06T15:48:03Z
ANM,,AN,14,3.5527136788005e-15,0.01,2025-12-06T15:48:03Z
ANM,,AN,15,NaN,0.01,2025-12-06T15:48:03Z
ANM,,AN,16,-2.66453525910038e-15,0.01,2025-12-06T15:48:03Z
ANM,,AN,17,-1.77635683940025e-15,0.01,2025-12-06T15:48:03Z
ANM,,AN,18,-3.5527136788005e-15,0.01,2025-12-06T15:48:03Z
ANM,,AN,19,NaN,0.01,2025-12-06T15:48:04Z
ANM,,AN,20,NaN,0.01,2025-12-06T15:48:04Z
ANM,,AN,21,NaN,0.01,2025-12-06T15:48:04Z
ANM,,AN,22,1.77635683940025e-15,0.01,2025-12-06T15:48:04Z
ANM,,AN,23,NaN,0.01,2025-12-06T15:48:04Z
ANM,,AN,24,NaN,0.01,2025-12-06T15:48:04Z
ANM,,AN,25,NaN,0.01,2025-12-06T15:48:04Z
ANM,,AN,26,-1.77635683940025e-15,0.01,2025-12-06T15:48:05Z
ANM,,AN,27,NaN,0.01,2025-12-06T15:48:05Z
ANM,,AN,28,NaN,0.01,2025-12-06T15:48:05Z
ANM,,AN,29,-8.88178419700125e-16,0.01,2025-12-06T15:48:05Z
ANM,,AN,30,NaN,0.01,2025-12-06T15:48:05Z
ANM,,AN,31,-5.32907051820075e-15,0.01,2025-12-06T15:48:05Z
ANM,,AN,32,1.77635683940025e-15,0.01,2025-12-06T15:48:06Z
ANM,,AN,33,NaN,0.01,2025-12-06T15:48:06Z
ANM,,AN,34,8.88178419700125e-16,0.01,2025-12-06T15:48:06Z
ANM,,AN,35,1.77635683940025e-15,0.01,2025-12-06T15:48:06Z
ANM,,AN,36,NaN,0.01,2025-12-06T15:48:06Z
ANM,,AN,37,NaN,0.01,2025-12-06T15:48:06Z
ANM,,AN,38,NaN,0.01,2025-12-06T15:48:07Z
ANM,,AN,39,-2.66453525910038e-15,0.01,2025-12-06T15:48:07Z
ANM,,AN,40,8.88178419700125e-16,0.01,2025-12-06T15:48:07Z
ANM,,AN,41,NaN,0.01,2025-12-06T15:48:07Z
ANM,,AN,42,NaN,0.01,2025-12-06T15:48:07Z
ANM,,AN,43,5.32907051820075e-15,0.01,2025-12-06T15:48:07Z
ANM,,AN,44,-8.88178419700125e-16,0.01,2025-12-06T15:48:08Z
ANM,,AN,45,NaN,0.01,2025-12-06T15:48:08Z
ANM,,AN,46,1.77635683940025e-15,0.01,2025-12-06T15:48:08Z
ANM,,AN,47,NaN,0.01,2025-12-06T15:48:08Z
ANM,,AN,48,-1.77635683940025e-15,0.01,2025-12-06T15:48:08Z
ANM,,AN,49,NaN,0.01,2025-12-06T15:48:08Z
ANM,,AN,50,NaN,0.01,2025-12-06T15:48:09Z
ANM,,AN,51,NaN,0.01,2025-12-06T15:48:09Z
ANM,,AN,52,1.77635683940025e-15,0.01,2025-12-06T15:48:09Z
ANM,,AN,53,NaN,0.01,2025-12-06T15:48:09Z
ANM,,AN,54,NaN,0.01,2025-12-06T15:48:09Z
ANM,,AN,55,NaN,0.01,2025-12-06T15:48:09Z
ANM,,AN,56,8.88178419700125e-16,0.01,2025-12-06T15:48:10Z
ANM,,AN,57,-8.88178419700125e-16,0.01,2025-12-06T15:48:10Z
ANM,,AN,58,NaN,0.01,2025-12-06T15:48:10Z
ANM,,AN,59,NaN,0.01,2025-12-06T15:48:10Z
ANM,,AN,60,1.77635683940025e-15,0.01,2025-12-06T15:48:10Z
ANM,,AN,61,NaN,0.01,2025-12-06T15:48:10Z
ANM,,AN,62,8.88178419700125e-16,0.01,2025-12-06T15:48:11Z
ANM,,AN,63,NaN,0.01,2025-12-06T15:48:11Z
ANM,,AN,64,NaN,0.01,2025-12-06T15:48:11Z
ANM,,AN,65,1.77635683940025e-15,0.01,2025-12-06T15:48:11Z
ANM,,AN,66,1.77635683940025e-15,0.01,2025-12-06T15:48:11Z
ANM,,AN,67,-3.5527136788005e-15,0.01,2025-12-06T15:48:11Z
ANM,,AN,68,1.77635683940025e-15,0.01,2025-12-06T15:48:12Z
ANM,,AN,69,NaN,0.01,2025-12-06T15:48:12Z
ANM,,AN,70,-1.77635683940025e-15,0.01,2025-12-06T15:48:12Z
ANM,,AN,71,NaN,0.01,2025-12-06T15:48:12Z
ANM,,AN,72,1.77635683940025e-15,0.01,2025-12-06T15:48:12Z
ANM,,AN,73,-3.5527136788005e-15,0.01,2025-12-06T15:48:12Z
ANM,,AN,74,NaN,0.01,2025-12-06T15:48:13Z
ANM,,AN,75,1.77635683940025e-15,0.01,2025-12-06T15:48:13Z
ANM,,AN,76,NaN,0.01,2025-12-06T15:48:13Z
ANM,,AN,77,NaN,0.01,2025-12-06T15:48:13Z
ANM,,AN,78,1.77635683940025e-15,0.01,2025-12-06T15:48:13Z
ANM,,AN,79,1.77635683940025e-15,0.01,2025-12-06T15:48:13Z
ANM,,AN,80,NaN,0.01,2025-12-06T15:48:14Z
ANM,,AN,81,NaN,0.01,2025-12-06T15:48:14Z
ANM,,AN,82,-1.77635683940025e-15,0.01,2025-12-06T15:48:14Z
ANM,,AN,83,-1.77635683940025e-15,0.01,2025-12-06T15:48:14Z
ANM,,AN,84,NaN,0.01,2025-12-06T15:48:14Z
ANM,,AN,85,-4.44089209850063e-16,0.01,2025-12-06T15:48:14Z
ANM,,AN,86,NaN,0.01,2025-12-06T15:48:15Z
ANM,,AN,87,4.44089209850063e-16,0.01,2025-12-06T15:48:15Z
ANM,,AN,88,-1.77635683940025e-15,0.01,2025-12-06T15:48:15Z
ANM,,AN,89,-1.77635683940025e-15,0.01,2025-12-06T15:48:15Z
ANM,,AN,90,NaN,0.01,2025-12-06T15:48:15Z
ANM,,AN,91,-1.77635683940025e-15,0.01,2025-12-06T15:48:15Z
ANM,,AN,92,NaN,0.01,2025-12-06T15:48:16Z
ANM,,AN,93,NaN,0.01,2025-12-06T15:48:16Z
ANM,,AN,94,NaN,0.01,2025-12-06T15:48:16Z
ANM,,AN,95,NaN,0.01,2025-12-06T15:48:16Z
ANM,,AN,96,NaN,0.01,2025-12-06T15:48:16Z
ANM,,AN,97,NaN,0.01,2025-12-06T15:48:16Z
ANM,,AN,98,NaN,0.01,2025-12-06T15:48:16Z
ANM,,AN,99,NaN,0.01,2025-12-06T15:48:17Z
ANM,,AN,100,-1.77635683940025e-15,0.01,2025-12-06T15:48:17Z
ANM,,AN-s,1,NaN,0.01,2025-12-06T15:48:17Z
ANM,,AN-s,2,-1.77635683940025e-15,0.01,2025-12-06T15:48:17Z
ANM,,AN-s,3,NaN,0.01,2025-12-06T15:48:17Z
ANM,,AN-s,4,-1.77635683940025e-15,0.01,2025-12-06T15:48:17Z
ANM,,AN-s,5,1.77635683940025e-15,0.01,2025-12-06T15:48:18Z
ANM,,AN-s,6,1.77635683940025e-15,0.01,2025-12-06T15:48:18Z
ANM,,AN-s,7,-8.88178419700125e-16,0.01,2025-12-06T15:48:18Z
ANM,,AN-s,8,NaN,0.01,2025-12-06T15:48:18Z
ANM,,AN-s,9,NaN,0.01,2025-12-06T15:48:18Z
ANM,,AN-s,10,NaN,0.01,2025-12-06T15:48:18Z
ANM,,AN-s,11,NaN,0.01,2025-12-06T15:48:19Z
ANM,,AN-s,12,3.5527136788005e-15,0.01,2025-12-06T15:48:19Z
ANM,,AN-s,13,NaN,0.01,2025-12-06T15:48:19Z
ANM,,AN-s,14,NaN,0.01,2025-12-06T15:48:19Z
ANM,,AN-s,15,NaN,0.01,2025-12-06T15:48:19Z
ANM,,AN-s,16,NaN,0.01,2025-12-06T15:48:19Z
ANM,,AN-s,17,NaN,0.01,2025-12-06T15:48:20Z
ANM,,AN-s,18,NaN,0.01,2025-12-06T15:48:20Z
ANM,,AN-s,19,NaN,0.01,2025-12-06T15:48:20Z
ANM,,AN-s,20,-8.88178419700125e-16,0.01,2025-12-06T15:48:20Z
ANM,,AN-s,21,5.32907051820075e-15,0.01,2025-12-06T15:48:20Z
ANM,,AN-s,22,-7.105427357601e-15,0.01,2025-12-06T15:48:20Z
ANM,,AN-s,23,-3.5527136788005e-15,0.01,2025-12-06T15:48:20Z
ANM,,AN-s,24,NaN,0.01,2025-12-06T15:48:21Z
ANM,,AN-s,25,NaN,0.01,2025-12-06T15:48:21Z
ANM,,AN-s,26,NaN,0.01,2025-12-06T15:48:21Z
ANM,,AN-s,27,1.77635683940025e-15,0.01,2025-12-06T15:48:21Z
ANM,,AN-s,28,-1.77635683940025e-15,0.01,2025-12-06T15:48:21Z
ANM,,AN-s,29,NaN,0.01,2025-12-06T15:48:21Z
ANM,,AN-s,30,NaN,0.01,2025-12-06T15:48:22Z
ANM,,AN-s,31,-1.77635683940025e-15,0.01,2025-12-06T15:48:22Z
ANM,,AN-s,32,NaN,0.01,2025-12-06T15:48:22Z
ANM,,AN-s,33,NaN,0.01,2025-12-06T15:48:22Z
ANM,,AN-s,34,NaN,0.01,2025-12-06T15:48:22Z
ANM,,AN-s,35,NaN,0.01,2025-12-06T15:48:22Z
ANM,,AN-s,36,NaN,0.01,2025-12-06T15:48:23Z
ANM,,AN-s,37,1.77635683940025e-15,0.01,2025-12-06T15:48:23Z
ANM,,AN-s,38,NaN,0.01,2025-12-06T15:48:23Z
ANM,,AN-s,39,-1.77635683940025e-15,0.01,2025-12-06T15:48:23Z
ANM,,AN-s,40,-1.77635683940025e-15,0.01,2025-12-06T15:48:23Z
ANM,,AN-s,41,3.5527136788005e-15,0.01,2025-12-06T15:48:23Z
ANM,,AN-s,42,NaN,0.01,2025-12-06T15:48:24Z
ANM,,AN-s,43,NaN,0.01,2025-12-06T15:48:24Z
ANM,,AN-s,44,-2.66453525910038e-15,0.01,2025-12-06T15:48:24Z
ANM,,AN-s,45,NaN,0.01,2025-12-06T15:48:24Z
ANM,,AN-s,46,NaN,0.01,2025-12-06T15:48:24Z
ANM,,AN-s,47,-8.88178419700125e-16,0.01,2025-12-06T15:48:24Z
ANM,,AN-s,48,-3.5527136788005e-15,0.01,2025-12-06T15:48:25Z
ANM,,AN-s,49,NaN,0.01,2025-12-06T15:48:25Z
ANM,,AN-s,50,NaN,0.01,2025-12-06T15:48:25Z
ANM,,AN-s,51,NaN,0.01,2025-12-06T15:48:25Z
ANM,,AN-s,52,-8.88178419700125e-16,0.01,2025-12-06T15:48:25Z
ANM,,AN-s,53,NaN,0.01,2025-12-06T15:48:25Z
ANM,,AN-s,54,-8.88178419700125e-16,0.01,2025-12-06T15:48:26Z
ANM,,AN-s,55,NaN,0.01,2025-12-06T15:48:26Z
ANM,,AN-s,56,NaN,0.01,2025-12-06T15:48:26Z
ANM,,AN-s,57,3.5527136788005e-15,0.01,2025-12-06T15:48:26Z
ANM,,AN-s,58,NaN,0.01,2025-12-06T15:48:26Z
ANM,,AN-s,59,NaN,0.01,2025-12-06T15:48:26Z
ANM,,AN-s,60,4.44089209850063e-16,0.01,2025-12-06T15:48:27Z
ANM,,AN-s,61,NaN,0.01,2025-12-06T15:48:27Z
ANM,,AN-s,62,NaN,0.01,2025-12-06T15:48:27Z
ANM,,AN-s,63,-8.88178419700125e-16,0.01,2025-12-06T15:48:27Z
ANM,,AN-s,64,NaN,0.01,2025-12-06T15:48:27Z
ANM,,AN-s,65,NaN,0.01,2025-12-06T15:48:27Z
ANM,,AN-s,66,-1.77635683940025e-15,0.01,2025-12-06T15:48:28Z
ANM,,AN-s,67,8.88178419700125e-16,0.01,2025-12-06T15:48:28Z
ANM,,AN-s,68,-3.5527136788005e-15,0.01,2025-12-06T15:48:28Z
ANM,,AN-s,69,NaN,0.01,2025-12-06T15:48:28Z
ANM,,AN-s,70,NaN,0.01,2025-12-06T15:48:28Z
ANM,,AN-s,71,-1.33226762955019e-15,0.01,2025-12-06T15:48:28Z
ANM,,AN-s,72,NaN,0.01,2025-12-06T15:48:28Z
ANM,,AN-s,73,NaN,0.01,2025-12-06T15:48:29Z
ANM,,AN-s,74,NaN,0.01,2025-12-06T15:48:29Z
ANM,,AN-s,75,1.77635683940025e-15,0.01,2025-12-06T15:48:29Z
ANM,,AN-s,76,3.5527136788005e-15,0.01,2025-12-06T15:48:29Z
ANM,,AN-s,77,-8.88178419700125e-16,0.01,2025-12-06T15:48:29Z
ANM,,AN-s,78,NaN,0.01,2025-12-06T15:48:29Z
ANM,,AN-s,79,NaN,0.01,2025-12-06T15:48:30Z
ANM,,AN-s,80,NaN,0.01,2025-12-06T15:48:30Z
ANM,,AN-s,81,-1.77635683940025e-15,0.01,2025-12-06T15:48:30Z
ANM,,AN-s,82,NaN,0.01,2025-12-06T15:48:30Z
ANM,,AN-s,83,1.77635683940025e-15,0.01,2025-12-06T15:48:30Z
ANM,,AN-s,84,NaN,0.01,2025-12-06T15:48:30Z
ANM,,AN-s,85,1.77635683940025e-15,0.01,2025-12-06T15:48:31Z
ANM,,AN-s,86,NaN,0.01,2025-12-06T15:48:31Z
ANM,,AN-s,87,NaN,0.01,2025-12-06T15:48:31Z
ANM,,AN-s,88,1.77635683940025e-15,0.01,2025-12-06T15:48:31Z
ANM,,AN-s,89,NaN,0.01,2025-12-06T15:48:31Z
ANM,,AN-s,90,8.88178419700125e-16,0.01,2025-12-06T15:48:31Z
ANM,,AN-s,91,NaN,0.01,2025-12-06T15:48:31Z
ANM,,AN-s,92,NaN,0.01,2025-12-06T15:48:32Z
ANM,,AN-s,93,NaN,0.01,2025-12-06T15:48:32Z
ANM,,AN-s,94,-1.77635683940025e-15,0.01,2025-12-06T15:48:32Z
ANM,,AN-s,95,-1.33226762955019e-15,0.01,2025-12-06T15:48:32Z
ANM,,AN-s,96,-3.5527136788005e-15,0.01,2025-12-06T15:48:32Z
ANM,,AN-s,97,4.44089209850063e-16,0.01,2025-12-06T15:48:32Z
ANM,,AN-s,98,1.77635683940025e-15,0.01,2025-12-06T15:48:33Z
ANM,,AN-s,99,NaN,0.01,2025-12-06T15:48:33Z
ANM,,AN-s,100,8.88178419700125e-16,0.01,2025-12-06T15:48:33Z
ANM,,LS,1,-4.44089209850063e-16,0.01,2025-12-06T15:48:33Z
ANM,,LS,2,NaN,0.01,2025-12-06T15:48:33Z
ANM,,LS,3,-1.77635683940025e-15,0.01,2025-12-06T15:48:33Z
ANM,,LS,4,NaN,0.01,2025-12-06T15:48:34Z
ANM,,LS,5,1.77635683940025e-15,0.01,2025-12-06T15:48:34Z
ANM,,LS,6,NaN,0.01,2025-12-06T15:48:34Z
ANM,,LS,7,NaN,0.01,2025-12-06T15:48:34Z
ANM,,LS,8,NaN,0.01,2025-12-06T15:48:34Z
ANM,,LS,9,1.77635683940025e-15,0.01,2025-12-06T15:48:34Z
ANM,,LS,10,NaN,0.01,2025-12-06T15:48:35Z
ANM,,LS,11,NaN,0.01,2025-12-06T15:48:35Z
ANM,,LS,12,NaN,0.01,2025-12-06T15:48:35Z
ANM,,LS,13,-8.88178419700125e-16,0.01,2025-12-06T15:48:35Z
ANM,,LS,14,NaN,0.01,2025-12-06T15:48:35Z
ANM,,LS,15,-1.33226762955019e-15,0.01,2025-12-06T15:48:35Z
ANM,,LS,16,NaN,0.01,2025-12-06T15:48:36Z
ANM,,LS,17,8.88178419700125e-16,0.01,2025-12-06T15:48:36Z
ANM,,LS,18,NaN,0.01,2025-12-06T15:48:36Z
ANM,,LS,19,-1.77635683940025e-15,0.01,2025-12-06T15:48:36Z
ANM,,LS,20,NaN,0.01,2025-12-06T15:48:36Z
ANM,,LS,21,NaN,0.01,2025-12-06T15:48:36Z
ANM,,LS,22,NaN,0.01,2025-12-06T15:48:37Z
ANM,,LS,23,-2.66453525910038e-15,0.01,2025-12-06T15:48:37Z
ANM,,LS,24,1.77635683940025e-15,0.01,2025-12-06T15:48:37Z
ANM,,LS,25,NaN,0.01,2025-12-06T15:48:37Z
ANM,,LS,26,NaN,0.01,2025-12-06T15:48:37Z
ANM,,LS,27,-1.77635683940025e-15,0.01,2025-12-06T15:48:37Z
ANM,,LS,28,8.88178419700125e-16,0.01,2025-12-06T15:48:38Z
ANM,,LS,29,4.44089209850063e-16,0.01,2025-12-06T15:48:38Z
ANM,,LS,30,NaN,0.01,2025-12-06T15:48:38Z
ANM,,LS,31,NaN,0.01,2025-12-06T15:48:38Z
ANM,,LS,32,NaN,0.01,2025-12-06T15:48:38Z
ANM,,LS,33,NaN,0.01,2025-12-06T15:48:38Z
ANM,,LS,34,NaN,0.01,2025-12-06T15:48:38Z
ANM,,LS,35,-8.88178419700125e-16,0.01,2025-12-06T15:48:39Z
ANM,,LS,36,-8.88178419700125e-16,0.01,2025-12-06T15:48:39Z
ANM,,LS,37,NaN,0.01,2025-12-06T15:48:39Z
ANM,,LS,38,NaN,0.01,2025-12-06T15:48:39Z
ANM,,LS,39,NaN,0.01,2025-12-06T15:48:39Z
ANM,,LS,40,2.22044604925031e-16,0.01,2025-12-06T15:48:39Z
ANM,,LS,41,NaN,0.01,2025-12-06T15:48:40Z
ANM,,LS,42,-1.77635683940025e-15,0.01,2025-12-06T15:48:40Z
ANM,,LS,43,1.77635683940025e-15,0.01,2025-12-06T15:48:40Z
ANM,,LS,44,NaN,0.01,2025-12-06T15:48:40Z
ANM,,LS,45,NaN,0.01,2025-12-06T15:48:40Z
ANM,,LS,46,NaN,0.01,2025-12-06T15:48:40Z
ANM,,LS,47,NaN,0.01,2025-12-06T15:48:41Z
ANM,,LS,48,NaN,0.01,2025-12-06T15:48:41Z
ANM,,LS,49,1.77635683940025e-15,0.01,2025-12-06T15:48:41Z
ANM,,LS,50,4.44089209850063e-16,0.01,2025-12-06T15:48:41Z
ANM,,LS,51,NaN,0.01,2025-12-06T15:48:41Z
ANM,,LS,52,NaN,0.01,2025-12-06T15:48:41Z
ANM,,LS,53,8.88178419700125e-16,0.01,2025-12-06T15:48:42Z
ANM,,LS,54,-1.77635683940025e-15,0.01,2025-12-06T15:48:42Z
ANM,,LS,55,4.44089209850063e-16,0.01,2025-12-06T15:48:42Z
ANM,,LS,56,NaN,0.01,2025-12-06T15:48:42Z
ANM,,LS,57,-1.33226762955019e-15,0.01,2025-12-06T15:48:42Z
ANM,,LS,58,-8.88178419700125e-16,0.01,2025-12-06T15:48:42Z
ANM,,LS,59,NaN,0.01,2025-12-06T15:48:43Z
ANM,,LS,60,-1.33226762955019e-15,0.01,2025-12-06T15:48:43Z
ANM,,LS,61,-4.44089209850063e-16,0.01,2025-12-06T15:48:43Z
ANM,,LS,62,NaN,0.01,2025-12-06T15:48:43Z
ANM,,LS,63,-1.77635683940025e-15,0.01,2025-12-06T15:48:43Z
ANM,,LS,64,-1.77635683940025e-15,0.01,2025-12-06T15:48:43Z
ANM,,LS,65,-1.77635683940025e-15,0.01,2025-12-06T15:48:43Z
ANM,,LS,66,-8.88178419700125e-16,0.01,2025-12-06T15:48:44Z
ANM,,LS,67,NaN,0.01,2025-12-06T15:48:44Z
ANM,,LS,68,NaN,0.01,2025-12-06T15:48:44Z
ANM,,LS,69,NaN,0.01,2025-12-06T15:48:44Z
ANM,,LS,70,NaN,0.01,2025-12-06T15:48:44Z
ANM,,LS,71,NaN,0.01,2025-12-06T15:48:44Z
ANM,,LS,72,3.5527136788005e-15,0.01,2025-12-06T15:48:45Z
ANM,,LS,73,-1.33226762955019e-15,0.01,2025-12-06T15:48:45Z
ANM,,LS,74,NaN,0.01,2025-12-06T15:48:45Z
ANM,,LS,75,-1.77635683940025e-15,0.01,2025-12-06T15:48:45Z
ANM,,LS,76,NaN,0.01,2025-12-06T15:48:45Z
ANM,,LS,77,8.88178419700125e-16,0.01,2025-12-06T15:48:45Z
ANM,,LS,78,NaN,0.01,2025-12-06T15:48:46Z
ANM,,LS,79,8.88178419700125e-16,0.01,2025-12-06T15:48:46Z
ANM,,LS,80,NaN,0.01,2025-12-06T15:48:46Z
ANM,,LS,81,NaN,0.01,2025-12-06T15:48:46Z
ANM,,LS,82,1.77635683940025e-15,0.01,2025-12-06T15:48:46Z
ANM,,LS,83,-8.88178419700125e-16,0.01,2025-12-06T15:48:46Z
ANM,,LS,84,NaN,0.01,2025-12-06T15:48:46Z
ANM,,LS,85,NaN,0.01,2025-12-06T15:48:47Z
ANM,,LS,86,NaN,0.01,2025-12-06T15:48:47Z
ANM,,LS,87,NaN,0.01,2025-12-06T15:48:47Z
ANM,,LS,88,NaN,0.01,2025-12-06T15:48:47Z
ANM,,LS,89,1.77635683940025e-15,0.01,2025-12-06T15:48:47Z
ANM,,LS,90,-8.88178419700125e-16,0.01,2025-12-06T15:48:47Z
ANM,,LS,91,NaN,0.01,2025-12-06T15:48:48Z
ANM,,LS,92,2.66453525910038e-15,0.01,2025-12-06T15:48:48Z
ANM,,LS,93,NaN,0.01,2025-12-06T15:48:48Z
ANM,,LS,94,-2.66453525910038e-15,0.01,2025-12-06T15:48:48Z
ANM,,LS,95,-4.44089209850063e-16,0.01,2025-12-06T15:48:48Z
ANM,,LS,96,-1.77635683940025e-15,0.01,2025-12-06T15:48:48Z
ANM,,LS,97,NaN,0.01,2025-12-06T15:48:49Z
ANM,,LS,98,NaN,0.01,2025-12-06T15:48:49Z
ANM,,LS,99,1.77635683940025e-15,0.01,2025-12-06T15:48:49Z
ANM,,LS,100,NaN,0.01,2025-12-06T15:48:49Z
ANM,,LS-s,1,NaN,0.01,2025-12-06T15:48:49Z
ANM,,LS-s,2,NaN,0.01,2025-12-06T15:48:49Z
ANM,,LS-s,3,NaN,0.01,2025-12-06T15:48:50Z
ANM,,LS-s,4,NaN,0.01,2025-12-06T15:48:50Z
ANM,,LS-s,5,-3.5527136788005e-15,0.01,2025-12-06T15:48:50Z
ANM,,LS-s,6,-4.44089209850063e-16,0.01,2025-12-06T15:48:50Z
ANM,,LS-s,7,NaN,0.01,2025-12-06T15:48:50Z
ANM,,LS-s,8,NaN,0.01,2025-12-06T15:48:50Z
ANM,,LS-s,9,1.77635683940025e-15,0.01,2025-12-06T15:48:51Z
ANM,,LS-s,10,NaN,0.01,2025-12-06T15:48:51Z
ANM,,LS-s,11,NaN,0.01,2025-12-06T15:48:51Z
ANM,,LS-s,12,NaN,0.01,2025-12-06T15:48:51Z
ANM,,LS-s,13,NaN,0.01,2025-12-06T15:48:51Z
ANM,,LS-s,14,NaN,0.01,2025-12-06T15:48:51Z
ANM,,LS-s,15,3.5527136788005e-15,0.01,2025-12-06T15:48:51Z
ANM,,LS-s,16,-8.88178419700125e-16,0.01,2025-12-06T15:48:52Z
ANM,,LS-s,17,NaN,0.01,2025-12-06T15:48:52Z
ANM,,LS-s,18,NaN,0.01,2025-12-06T15:48:52Z
ANM,,LS-s,19,-8.88178419700125e-16,0.01,2025-12-06T15:48:52Z
ANM,,LS-s,20,1.77635683940025e-15,0.01,2025-12-06T15:48:52Z
ANM,,LS-s,21,-4.44089209850063e-16,0.01,2025-12-06T15:48:52Z
ANM,,LS-s,22,1.77635683940025e-15,0.01,2025-12-06T15:48:53Z
ANM,,LS-s,23,NaN,0.01,2025-12-06T15:48:53Z
ANM,,LS-s,24,1.77635683940025e-15,0.01,2025-12-06T15:48:53Z
ANM,,LS-s,25,NaN,0.01,2025-12-06T15:48:53Z
ANM,,LS-s,26,5.32907051820075e-15,0.01,2025-12-06T15:48:53Z
ANM,,LS-s,27,NaN,0.01,2025-12-06T15:48:53Z
ANM,,LS-s,28,-8.88178419700125e-16,0.01,2025-12-06T15:48:54Z
ANM,,LS-s,29,NaN,0.01,2025-12-06T15:48:54Z
ANM,,LS-s,30,-1.77635683940025e-15,0.01,2025-12-06T15:48:54Z
ANM,,LS-s,31,-3.5527136788005e-15,0.01,2025-12-06T15:48:54Z
ANM,,LS-s,32,NaN,0.01,2025-12-06T15:48:54Z
ANM,,LS-s,33,NaN,0.01,2025-12-06T15:48:54Z
ANM,,LS-s,34,NaN,0.01,2025-12-06T15:48:55Z
ANM,,LS-s,35,NaN,0.01,2025-12-06T15:48:55Z
ANM,,LS-s,36,-3.5527136788005e-15,0.01,2025-12-06T15:48:55Z
ANM,,LS-s,37,NaN,0.01,2025-12-06T15:48:55Z
ANM,,LS-s,38,NaN,0.01,2025-12-06T15:48:55Z
ANM,,LS-s,39,NaN,0.01,2025-12-06T15:48:55Z
ANM,,LS-s,40,NaN,0.01,2025-12-06T15:48:55Z
ANM,,LS-s,41,NaN,0.01,2025-12-06T15:48:56Z
ANM,,LS-s,42,NaN,0.01,2025-12-06T15:48:56Z
ANM,,LS-s,43,-3.5527136788005e-15,0.01,2025-12-06T15:48:56Z
ANM,,LS-s,44,NaN,0.01,2025-12-06T15:48:56Z
ANM,,LS-s,45,NaN,0.01,2025-12-06T15:48:56Z
ANM,,LS-s,46,NaN,0.01,2025-12-06T15:48:56Z
ANM,,LS-s,47,1.33226762955019e-15,0.01,2025-12-06T15:48:57Z
ANM,,LS-s,48,-3.5527136788005e-15,0.01,2025-12-06T15:48:57Z
ANM,,LS-s,49,NaN,0.01,2025-12-06T15:48:57Z
ANM,,LS-s,50,-1.77635683940025e-15,0.01,2025-12-06T15:48:57Z
ANM,,LS-s,51,NaN,0.01,2025-12-06T15:48:57Z
ANM,,LS-s,52,-1.77635683940025e-15,0.01,2025-12-06T15:48:57Z
ANM,,LS-s,53,-3.5527136788005e-15,0.01,2025-12-06T15:48:58Z
ANM,,LS-s,54,1.77635683940025e-15,0.01,2025-12-06T15:48:58Z
ANM,,LS-s,55,NaN,0.01,2025-12-06T15:48:58Z
ANM,,LS-s,56,8.88178419700125e-16,0.01,2025-12-06T15:48:58Z
ANM,,LS-s,57,3.5527136788005e-15,0.01,2025-12-06T15:48:58Z
ANM,,LS-s,58,3.5527136788005e-15,0.01,2025-12-06T15:48:58Z
ANM,,LS-s,59,-4.44089209850063e-16,0.01,2025-12-06T15:48:59Z
ANM,,LS-s,60,-3.5527136788005e-15,0.01,2025-12-06T15:48:59Z
ANM,,LS-s,61,NaN,0.01,2025-12-06T15:48:59Z
ANM,,LS-s,62,NaN,0.01,2025-12-06T15:48:59Z
ANM,,LS-s,63,NaN,0.01,2025-12-06T15:48:59Z
ANM,,LS-s,64,8.88178419700125e-16,0.01,2025-12-06T15:48:59Z
ANM,,LS-s,65,NaN,0.01,2025-12-06T15:48:59Z
ANM,,LS-s,66,NaN,0.01,2025-12-06T15:49:00Z
ANM,,LS-s,67,NaN,0.01,2025-12-06T15:49:00Z
ANM,,LS-s,68,-1.77635683940025e-15,0.01,2025-12-06T15:49:00Z
ANM,,LS-s,69,1.77635683940025e-15,0.01,2025-12-06T15:49:00Z
ANM,,LS-s,70,NaN,0.01,2025-12-06T15:49:00Z
ANM,,LS-s,71,-1.77635683940025e-15,0.01,2025-12-06T15:49:00Z
ANM,,LS-s,72,5.32907051820075e-15,0.01,2025-12-06T15:49:01Z
ANM,,LS-s,73,NaN,0.01,2025-12-06T15:49:01Z
ANM,,LS-s,74,5.32907051820075e-15,0.01,2025-12-06T15:49:01Z
ANM,,LS-s,75,3.5527136788005e-15,0.01,2025-12-06T15:49:01Z
ANM,,LS-s,76,NaN,0.01,2025-12-06T15:49:01Z
ANM,,LS-s,77,-8.88178419700125e-16,0.01,2025-12-06T15:49:01Z
ANM,,LS-s,78,3.5527136788005e-15,0.01,2025-12-06T15:49:02Z
ANM,,LS-s,79,-1.77635683940025e-15,0.01,2025-12-06T15:49:02Z
ANM,,LS-s,80,NaN,0.01,2025-12-06T15:49:02Z
ANM,,LS-s,81,1.77635683940025e-15,0.01,2025-12-06T15:49:02Z
ANM,,LS-s,82,NaN,0.01,2025-12-06T15:49:02Z
ANM,,LS-s,83,NaN,0.01,2025-12-06T15:49:02Z
ANM,,LS-s,84,-1.77635683940025e-15,0.01,2025-12-06T15:49:03Z
ANM,,LS-s,85,NaN,0.01,2025-12-06T15:49:03Z
ANM,,LS-s,86,NaN,0.01,2025-12-06T15:49:03Z
ANM,,LS-s,87,NaN,0.01,2025-12-06T15:49:03Z
ANM,,LS-s,88,-1.77635683940025e-15,0.01,2025-12-06T15:49:03Z
ANM,,LS-s,89,NaN,0.01,2025-12-06T15:49:03Z
ANM,,LS-s,90,NaN,0.01,2025-12-06T15:49:04Z
ANM,,LS-s,91,-1.77635683940025e-15,0.01,2025-12-06T15:49:04Z
ANM,,LS-s,92,3.5527136788005e-15,0.01,2025-12-06T15:49:04Z
ANM,,LS-s,93,NaN,0.01,2025-12-06T15:49:04Z
ANM,,LS-s,94,NaN,0.01,2025-12-06T15:49:04Z
ANM,,LS-s,95,NaN,0.01,2025-12-06T15:49:04Z
ANM,,LS-s,96,-1.77635683940025e-15,0.01,2025-12-06T15:49:05Z
ANM,,LS-s,97,NaN,0.01,2025-12-06T15:49:05Z
ANM,,LS-s,98,NaN,0.01,2025-12-06T15:49:05Z
ANM,,LS-s,99,-1.77635683940025e-15,0.01,2025-12-06T15:49:05Z
ANM,,LS-s,100,-3.5527136788005e-15,0.01,2025-12-06T15:49:05Z
ANM,,MN-U,1,-8.88178419700125e-16,0.01,2025-12-06T15:49:05Z
ANM,,MN-U,2,NaN,0.01,2025-12-06T15:49:05Z
ANM,,MN-U,3,NaN,0.01,2025-12-06T15:49:06Z
ANM,,MN-U,4,4.44089209850063e-16,0.01,2025-12-06T15:49:06Z
ANM,,MN-U,5,NaN,0.01,2025-12-06T15:49:06Z
ANM,,MN-U,6,NaN,0.01,2025-12-06T15:49:06Z
ANM,,MN-U,7,NaN,0.01,2025-12-06T15:49:06Z
ANM,,MN-U,8,-1.77635683940025e-15,0.01,2025-12-06T15:49:06Z
ANM,,MN-U,9,NaN,0.01,2025-12-06T15:49:07Z
ANM,,MN-U,10,-1.33226762955019e-15,0.01,2025-12-06T15:49:07Z
ANM,,MN-U,11,-4.44089209850063e-16,0.01,2025-12-06T15:49:07Z
ANM,,MN-U,12,NaN,0.01,2025-12-06T15:49:07Z
ANM,,MN-U,13,NaN,0.01,2025-12-06T15:49:07Z
ANM,,MN-U,14,NaN,0.01,2025-12-06T15:49:07Z
ANM,,MN-U,15,-4.44089209850063e-16,0.01,2025-12-06T15:49:08Z
ANM,,MN-U,16,NaN,0.01,2025-12-06T15:49:08Z
ANM,,MN-U,17,1.77635683940025e-15,0.01,2025-12-06T15:49:08Z
ANM,,MN-U,18,1.77635683940025e-15,0.01,2025-12-06T15:49:08Z
ANM,,MN-U,19,NaN,0.01,2025-12-06T15:49:08Z
ANM,,MN-U,20,1.77635683940025e-15,0.01,2025-12-06T15:49:08Z
ANM,,MN-U,21,NaN,0.01,2025-12-06T15:49:08Z
ANM,,MN-U,22,-1.77635683940025e-15,0.01,2025-12-06T15:49:09Z
ANM,,MN-U,23,3.5527136788005e-15,0.01,2025-12-06T15:49:09Z
ANM,,MN-U,24,-8.88178419700125e-16,0.01,2025-12-06T15:49:09Z
ANM,,MN-U,25,1.77635683940025e-15,0.01,2025-12-06T15:49:09Z
ANM,,MN-U,26,NaN,0.01,2025-12-06T15:49:09Z
ANM,,MN-U,27,NaN,0.01,2025-12-06T15:49:09Z
ANM,,MN-U,28,4.44089209850063e-16,0.01,2025-12-06T15:49:10Z
ANM,,MN-U,29,NaN,0.01,2025-12-06T15:49:10Z
ANM,,MN-U,30,NaN,0.01,2025-12-06T15:49:10Z
ANM,,MN-U,31,NaN,0.01,2025-12-06T15:49:10Z
ANM,,MN-U,32,NaN,0.01,2025-12-06T15:49:10Z
ANM,,MN-U,33,NaN,0.01,2025-12-06T15:49:10Z
ANM,,MN-U,34,NaN,0.01,2025-12-06T15:49:10Z
ANM,,MN-U,35,NaN,0.01,2025-12-06T15:49:11Z
ANM,,MN-U,36,-1.77635683940025e-15,0.01,2025-12-06T15:49:11Z
ANM,,MN-U,37,NaN,0.01,2025-12-06T15:49:11Z
ANM,,MN-U,38,NaN,0.01,2025-12-06T15:49:11Z
ANM,,MN-U,39,NaN,0.01,2025-12-06T15:49:11Z
ANM,,MN-U,40,NaN,0.01,2025-12-06T15:49:11Z
ANM,,MN-U,41,NaN,0.01,2025-12-06T15:49:12Z
ANM,,MN-U,42,NaN,0.01,2025-12-06T15:49:12Z
ANM,,MN-U,43,NaN,0.01,2025-12-06T15:49:12Z
ANM,,MN-U,44,NaN,0.01,2025-12-06T15:49:12Z
ANM,,MN-U,45,NaN,0.01,2025-12-06T15:49:12Z
ANM,,MN-U,46,NaN,0.01,2025-12-06T15:49:12Z
ANM,,MN-U,47,-1.77635683940025e-15,0.01,2025-12-06T15:49:13Z
ANM,,MN-U,48,NaN,0.01,2025-12-06T15:49:13Z
ANM,,MN-U,49,NaN,0.01,2025-12-06T15:49:13Z
ANM,,MN-U,50,NaN,0.01,2025-12-06T15:49:13Z
ANM,,MN-U,51,NaN,0.01,2025-12-06T15:49:13Z
ANM,,MN-U,52,NaN,0.01,2025-12-06T15:49:13Z
ANM,,MN-U,53,8.88178419700125e-16,0.01,2025-12-06T15:49:13Z
ANM,,MN-U,54,NaN,0.01,2025-12-06T15:49:14Z
ANM,,MN-U,55,NaN,0.01,2025-12-06T15:49:14Z
ANM,,MN-U,56,NaN,0.01,2025-12-06T15:49:14Z
ANM,,MN-U,57,-8.88178419700125e-16,0.01,2025-12-06T15:49:14Z
ANM,,MN-U,58,NaN,0.01,2025-12-06T15:49:14Z
ANM,,MN-U,59,-1.77635683940025e-15,0.01,2025-12-06T15:49:14Z
ANM,,MN-U,60,NaN,0.01,2025-12-06T15:49:15Z
ANM,,MN-U,61,NaN,0.01,2025-12-06T15:49:15Z
ANM,,MN-U,62,-8.88178419700125e-16,0.01,2025-12-06T15:49:15Z
ANM,,MN-U,63,NaN,0.01,2025-12-06T15:49:15Z
ANM,,MN-U,64,NaN,0.01,2025-12-06T15:49:15Z
ANM,,MN-U,65,-4.44089209850063e-16,0.01,2025-12-06T15:49:15Z
ANM,,MN-U,66,-4.44089209850063e-16,0.01,2025-12-06T15:49:16Z
ANM,,MN-U,67,NaN,0.01,2025-12-06T15:49:16Z
ANM,,MN-U,68,8.88178419700125e-16,0.01,2025-12-06T15:49:16Z
ANM,,MN-U,69,NaN,0.01,2025-12-06T15:49:16Z
ANM,,MN-U,70,NaN,0.01,2025-12-06T15:49:16Z
ANM,,MN-U,71,-3.5527136788005e-15,0.01,2025-12-06T15:49:16Z
ANM,,MN-U,72,-1.77635683940025e-15,0.01,2025-12-06T15:49:16Z
ANM,,MN-U,73,NaN,0.01,2025-12-06T15:49:17Z
ANM,,MN-U,74,-2.66453525910038e-15,0.01,2025-12-06T15:49:17Z
ANM,,MN-U,75,-1.77635683940025e-15,0.01,2025-12-06T15:49:17Z
ANM,,MN-U,76,1.77635683940025e-15,0.01,2025-12-06T15:49:17Z
ANM,,MN-U,77,NaN,0.01,2025-12-06T15:49:17Z
ANM,,MN-U,78,-8.88178419700125e-16,0.01,2025-12-06T15:49:17Z
ANM,,MN-U,79,4.44089209850063e-16,0.01,2025-12-06T15:49:18Z
ANM,,MN-U,80,-1.33226762955019e-15,0.01,2025-12-06T15:49:18Z
ANM,,MN-U,81,NaN,0.01,2025-12-06T15:49:18Z
ANM,,MN-U,82,-8.88178419700125e-16,0.01,2025-12-06T15:49:18Z
ANM,,MN-U,83,NaN,0.01,2025-12-06T15:49:18Z
ANM,,MN-U,84,NaN,0.01,2025-12-06T15:49:18Z
ANM,,MN-U,85,NaN,0.01,2025-12-06T15:49:18Z
ANM,,MN-U,86,NaN,0.01,2025-12-06T15:49:19Z
ANM,,MN-U,87,-1.77635683940025e-15,0.01,2025-12-06T15:49:19Z
ANM,,MN-U,88,NaN,0.01,2025-12-06T15:49:19Z
ANM,,MN-U,89,NaN,0.01,2025-12-06T15:49:19Z
ANM,,MN-U,90,NaN,0.01,2025-12-06T15:49:19Z
ANM,,MN-U,91,NaN,0.01,2025-12-06T15:49:19Z
ANM,,MN-U,92,1.77635683940025e-15,0.01,2025-12-06T15:49:20Z
ANM,,MN-U,93,NaN,0.01,2025-12-06T15:49:20Z
ANM,,MN-U,94,1.77635683940025e-15,0.01,2025-12-06T15:49:20Z
ANM,,MN-U,95,NaN,0.01,2025-12-06T15:49:20Z
ANM,,MN-U,96,-8.88178419700125e-16,0.01,2025-12-06T15:49:20Z
ANM,,MN-U,97,NaN,0.01,2025-12-06T15:49:20Z
ANM,,MN-U,98,NaN,0.01,2025-12-06T15:49:21Z
ANM,,MN-U,99,NaN,0.01,2025-12-06T15:49:21Z
ANM,,MN-U,100,8.88178419700125e-16,0.01,2025-12-06T15:49:21Z
CDCI,,AN,1,-0.227384645150184,0.01,2025-12-06T15:49:21Z
CDCI,,AN,2,-0.153166269803046,0.01,2025-12-06T15:49:21Z
CDCI,,AN,3,-0.196516961205136,0.01,2025-12-06T15:49:21Z
CDCI,,AN,4,-0.1784535520951,0.01,2025-12-06T15:49:21Z
CDCI,,AN,5,-0.176389275131148,0.01,2025-12-06T15:49:21Z
CDCI,,AN,6,-0.249277648494256,0.01,2025-12-06T15:49:21Z
CDCI,,AN,7,-0.183092127758894,0.01,2025-12-06T15:49:21Z
CDCI,,AN,8,-0.118821694012615,0.01,2025-12-06T15:49:21Z
CDCI,,AN,9,-0.0520102472487588,0.01,2025-12-06T15:49:21Z
CDCI,,AN,10,-0.20615784584776,0.01,2025-12-06T15:49:21Z
CDCI,,AN,11,-0.129787312275996,0.01,2025-12-06T15:49:21Z
CDCI,,AN,12,-0.126341032411287,0.01,2025-12-06T15:49:21Z
CDCI,,AN,13,-0.172146228483398,0.01,2025-12-06T15:49:21Z
CDCI,,AN,14,-0.228302872754726,0.01,2025-12-06T15:49:21Z
CDCI,,AN,15,-0.145610365334998,0.01,2025-12-06T15:49:21Z
CDCI,,AN,16,-0.225000858933454,0.01,2025-12-06T15:49:21Z
CDCI,,AN,17,-0.210983456504905,0.01,2025-12-06T15:49:21Z
CDCI,,AN,18,-0.0627594949402442,0.01,2025-12-06T15:49:21Z
CDCI,,AN,19,-0.190893079098328,0.01,2025-12-06T15:49:21Z
CDCI,,AN,20,-0.292046954593229,0.01,2025-12-06T15:49:21Z
CDCI,,AN,21,-0.241360256614144,0.01,2025-12-06T15:49:21Z
CDCI,,AN,22,-0.212976719924656,0.01,2025-12-06T15:49:21Z
CDCI,,AN,23,-0.186766565561274,0.01,2025-12-06T15:49:21Z
CDCI,,AN,24,-0.128164536296843,0.01,2025-12-06T15:49:21Z
CDCI,,AN,25,-0.284312788126049,0.01,2025-12-06T15:49:21Z
CDCI,,AN,26,-0.118880860443552,0.01,2025-12-06T15:49:21Z
CDCI,,AN,27,-0.137401887141506,0.01,2025-12-06T15:49:21Z
CDCI,,AN,28,-0.0543503345301654,0.01,2025-12-06T15:49:21Z
CDCI,,AN,29,-0.144956166378501,0.01,2025-12-06T15:49:21Z
CDCI,,AN,30,-0.136139908539543,0.01,2025-12-06T15:49:21Z
CDCI,,AN,31,-0.191485418080693,0.01,2025-12-06T15:49:21Z
CDCI,,AN,32,-0.208261901057243,0.01,2025-12-06T15:49:21Z
CDCI,,AN,33,-0.211588027780905,0.01,2025-12-06T15:49:21Z
CDCI,,AN,34,-0.279336495173425,0.01,2025-12-06T15:49:21Z
CDCI,,AN,35,-0.198528428210437,0.01,2025-12-06T15:49:21Z
CDCI,,AN,36,-0.225252300409814,0.01,2025-12-06T15:49:21Z
CDCI,,AN,37,-0.0981219641672883,0.01,2025-12-06T15:49:21Z
CDCI,,AN,38,-0.0746882600246659,0.01,2025-12-06T15:49:21Z
CDCI,,AN,39,-0.322373455802858,0.01,2025-12-06T15:49:21Z
CDCI,,AN,40,-0.102151255711921,0.01,2025-12-06T15:49:21Z
CDCI,,AN,41,-0.230705726955973,0.01,2025-12-06T15:49:21Z
CDCI,,AN,42,-0.141884982478656,0.01,2025-12-06T15:49:21Z
CDCI,,AN,43,-0.185120263698947,0.01,2025-12-06T15:49:21Z
CDCI,,AN,44,-0.209667702211262,0.01,2025-12-06T15:49:21Z
CDCI,,AN,45,-0.153377819753729,0.01,2025-12-06T15:49:21Z
CDCI,,AN,46,-0.156244701936228,0.01,2025-12-06T15:49:21Z
CDCI,,AN,47,-0.172814432781516,0.01,2025-12-06T15:49:21Z
CDCI,,AN,48,-0.149042307403915,0.01,2025-12-06T15:49:21Z
CDCI,,AN,49,-0.129227249948452,0.01,2025-12-06T15:49:21Z
CDCI,,AN,50,-0.264328656704191,0.01,2025-12-06T15:49:21Z
CDCI,,AN,51,-0.229961272944616,0.01,2025-12-06T15:49:21Z
CDCI,,AN,52,-0.178503043313526,0.01,2025-12-06T15:49:21Z
CDCI,,AN,53,-0.131627416194964,0.01,2025-12-06T15:49:21Z
CDCI,,AN,54,-0.206513584865403,0.01,2025-12-06T15:49:22Z
CDCI,,AN,55,-0.191144400443552,0.01,2025-12-06T15:49:22Z
CDCI,,AN,56,-0.152856773329234,0.01,2025-12-06T15:49:22Z
CDCI,,AN,57,-0.107402362832236,0.01,2025-12-06T15:49:22Z
CDCI,,AN,58,-0.145617681028132,0.01,2025-12-06T15:49:22Z
CDCI,,AN,59,-0.208720534518202,0.01,2025-12-06T15:49:22Z
CDCI,,AN,60,-0.120355073698218,0.01,2025-12-06T15:49:22Z
CDCI,,AN,61,-0.117521325119296,0.01,2025-12-06T15:49:22Z
CDCI,,AN,62,-0.249249965726228,0.01,2025-12-06T15:49:22Z
CDCI,,AN,63,-0.206948557518445,0.01,2025-12-06T15:49:22Z
CDCI,,AN,64,-0.197549558825339,0.01,2025-12-06T15:49:22Z
CDCI,,AN,65,-0.138964258784768,0.01,2025-12-06T15:49:22Z
CDCI,,AN,66,-0.226152337552133,0.01,2025-12-06T15:49:22Z
CDCI,,AN,67,-0.159595356640528,0.01,2025-12-06T15:49:22Z
CDCI,,AN,68,-0.195572503129911,0.01,2025-12-06T15:49:22Z
CDCI,,AN,69,-0.224598335543043,0.01,2025-12-06T15:49:22Z
CDCI,,AN,70,-0.212777947376413,0.01,2025-12-06T15:49:22Z
CDCI,,AN,71,-0.250259568729337,0.01,2025-12-06T15:49:22Z
CDCI,,AN,72,-0.192196085467957,0.01,2025-12-06T15:49:22Z
CDCI,,AN,73,-0.177647546230399,0.01,2025-12-06T15:49:22Z
CDCI,,AN,74,-0.112516317338224,0.01,2025-12-06T15:49:22Z
CDCI,,AN,75,-0.194637077041061,0.01,2025-12-06T15:49:22Z
CDCI,,AN,76,-0.082036698944121,0.01,2025-12-06T15:49:22Z
CDCI,,AN,77,-0.224020825220833,0.01,2025-12-06T15:49:22Z
CDCI,,AN,78,-0.216797674003217,0.01,2025-12-06T15:49:22Z
CDCI,,AN,79,-0.162172523094134,0.01,2025-12-06T15:49:22Z
CDCI,,AN,80,-0.106951565697393,0.01,2025-12-06T15:49:22Z
CDCI,,AN,81,-0.189545043576982,0.01,2025-12-06T15:49:22Z
CDCI,,AN,82,-0.299447557892454,0.01,2025-12-06T15:49:22Z
CDCI,,AN,83,-0.102475256346394,0.01,2025-12-06T15:49:22Z
CDCI,,AN,84,-0.147946963327611,0.01,2025-12-06T15:49:22Z
CDCI,,AN,85,-0.13513782448352,0.01,2025-12-06T15:49:22Z
CDCI,,AN,86,-0.112280047764386,0.01,2025-12-06T15:49:22Z
CDCI,,AN,87,-0.202226655286302,0.01,2025-12-06T15:49:22Z
CDCI,,AN,88,-0.212589422726737,0.01,2025-12-06T15:49:22Z
CDCI,,AN,89,-0.167545216388935,0.01,2025-12-06T15:49:22Z
CDCI,,AN,90,-0.129840266094003,0.01,2025-12-06T15:49:22Z
CDCI,,AN,91,-0.166891385032238,0.01,2025-12-06T15:49:22Z
CDCI,,AN,92,-0.302661700521522,0.01,2025-12-06T15:49:22Z
CDCI,,AN,93,-0.119293862644317,0.01,2025-12-06T15:49:22Z
CDCI,,AN,94,-0.152163860084894,0.01,2025-12-06T15:49:22Z
CDCI,,AN,95,-0.124858308309407,0.01,2025-12-06T15:49:22Z
CDCI,,AN,96,-0.217708399155736,0.01,2025-12-06T15:49:22Z
CDCI,,AN,97,-0.115479717600266,0.01,2025-12-06T15:49:22Z
CDCI,,AN,98,-0.118737636821192,0.01,2025-12-06T15:49:22Z
CDCI,,AN,99,-0.267718913080696,0.01,2025-12-06T15:49:22Z
CDCI,,AN,100,-0.12555383096677,0.01,2025-12-06T15:49:22Z
CDCI,,AN-s,1,-0.0733822551751159,0.01,2025-12-06T15:49:22Z
CDCI,,AN-s,2,-0.049516782790442,0.01,2025-12-06T15:49:22Z
CDCI,,AN-s,3,-0.0953098756687229,0.01,2025-12-06T15:49:22Z
CDCI,,AN-s,4,-0.0503004266865413,0.01,2025-12-06T15:49:22Z
CDCI,,AN-s,5,-0.0678162834428039,0.01,2025-12-06T15:49:22Z
CDCI,,AN-s,6,-0.0366930521032664,0.01,2025-12-06T15:49:22Z
CDCI,,AN-s,7,-0.0083880115502601,0.01,2025-12-06T15:49:22Z
CDCI,,AN-s,8,-0.0709116347039368,0.01,2025-12-06T15:49:22Z
CDCI,,AN-s,9,0.0045460020205172,0.01,2025-12-06T15:49:22Z
CDCI,,AN-s,10,-0.0397158471496971,0.01,2025-12-06T15:49:22Z
CDCI,,AN-s,11,-0.0723798311807827,0.01,2025-12-06T15:49:22Z
CDCI,,AN-s,12,-0.0511419380229855,0.01,2025-12-06T15:49:22Z
CDCI,,AN-s,13,-0.0480057214288153,0.01,2025-12-06T15:49:22Z
CDCI,,AN-s,14,-0.0279885123936343,0.01,2025-12-06T15:49:22Z
CDCI,,AN-s,15,-0.0507528511249367,0.01,2025-12-06T15:49:22Z
CDCI,,AN-s,16,-0.0153601873341178,0.01,2025-12-06T15:49:22Z
CDCI,,AN-s,17,0.0120943692783047,0.01,2025-12-06T15:49:22Z
CDCI,,AN-s,18,-0.0151691118776428,0.01,2025-12-06T15:49:22Z
CDCI,,AN-s,19,-0.039010305864622,0.01,2025-12-06T15:49:22Z
CDCI,,AN-s,20,-0.0415042805018095,0.01,2025-12-06T15:49:22Z
CDCI,,AN-s,21,-0.039997778062946,0.01,2025-12-06T15:49:22Z
CDCI,,AN-s,22,-0.0380378541690155,0.01,2025-12-06T15:49:22Z
CDCI,,AN-s,23,-0.0913803617263722,0.01,2025-12-06T15:49:22Z
CDCI,,AN-s,24,-0.0172128058085364,0.01,2025-12-06T15:49:22Z
CDCI,,AN-s,25,0.0149166247787752,0.01,2025-12-06T15:49:22Z
CDCI,,AN-s,26,-0.0628941213487822,0.01,2025-12-06T15:49:22Z
CDCI,,AN-s,27,-0.0378373899781464,0.01,2025-12-06T15:49:22Z
CDCI,,AN-s,28,-0.0651309293733322,0.01,2025-12-06T15:49:22Z
CDCI,,AN-s,29,-0.0284788530273777,0.01,2025-12-06T15:49:22Z
CDCI,,AN-s,30,-0.060884517737648,0.01,2025-12-06T15:49:22Z
CDCI,,AN-s,31,-0.0851868712558511,0.01,2025-12-06T15:49:22Z
CDCI,,AN-s,32,-0.03387450481299,0.01,2025-12-06T15:49:22Z
CDCI,,AN-s,33,-0.0615779251909537,0.01,2025-12-06T15:49:22Z
CDCI,,AN-s,34,-0.0562902571164861,0.01,2025-12-06T15:49:22Z
CDCI,,AN-s,35,-0.04573082559485,0.01,2025-12-06T15:49:22Z
CDCI,,AN-s,36,-0.0500828188673693,0.01,2025-12-06T15:49:22Z
CDCI,,AN-s,37,-0.0529941064803965,0.01,2025-12-06T15:49:22Z
CDCI,,AN-s,38,-0.0096284408748417,0.01,2025-12-06T15:49:22Z
CDCI,,AN-s,39,-0.0615665529550178,0.01,2025-12-06T15:49:22Z
CDCI,,AN-s,40,-0.053847746552461,0.01,2025-12-06T15:49:22Z
CDCI,,AN-s,41,-0.0279957226246622,0.01,2025-12-06T15:49:22Z
CDCI,,AN-s,42,-0.0511772835959826,0.01,2025-12-06T15:49:22Z
CDCI,,AN-s,43,-0.0567498479377498,0.01,2025-12-06T15:49:22Z
CDCI,,AN-s,44,-0.0914292570683769,0.01,2025-12-06T15:49:22Z
CDCI,,AN-s,45,-0.0307741389147525,0.01,2025-12-06T15:49:22Z
CDCI,,AN-s,46,-0.0534796696525485,0.01,2025-12-06T15:49:22Z
CDCI,,AN-s,47,-0.0410863293724035,0.01,2025-12-06T15:49:22Z
CDCI,,AN-s,48,-0.0408528206286557,0.01,2025-12-06T15:49:22Z
CDCI,,AN-s,49,-0.027489323279671,0.01,2025-12-06T15:49:22Z
CDCI,,AN-s,50,-0.0408537668571033,0.01,2025-12-06T15:49:22Z
CDCI,,AN-s,51,-0.0109452144813665,0.01,2025-12-06T15:49:22Z
CDCI,,AN-s,52,-0.0360875413791353,0.01,2025-12-06T15:49:23Z
CDCI,,AN-s,53,-0.0594759724608965,0.01,2025-12-06T15:49:23Z
CDCI,,AN-s,54,-0.0615990076561869,0.01,2025-12-06T15:49:23Z
CDCI,,AN-s,55,-0.0442106476368373,0.01,2025-12-06T15:49:23Z
CDCI,,AN-s,56,-0.0680909157375578,0.01,2025-12-06T15:49:23Z
CDCI,,AN-s,57,-0.0505600362677556,0.01,2025-12-06T15:49:23Z
CDCI,,AN-s,58,-0.0555824791879786,0.01,2025-12-06T15:49:23Z
CDCI,,AN-s,59,-0.0413520887531377,0.01,2025-12-06T15:49:23Z
CDCI,,AN-s,60,-0.0360196083647954,0.01,2025-12-06T15:49:23Z
CDCI,,AN-s,61,-0.0459333087102858,0.01,2025-12-06T15:49:23Z
CDCI,,AN-s,62,-0.0366210722948849,0.01,2025-12-06T15:49:23Z
CDCI,,AN-s,63,-0.0457677639761079,0.01,2025-12-06T15:49:23Z
CDCI,,AN-s,64,-0.0446719671465562,0.01,2025-12-06T15:49:23Z
CDCI,,AN-s,65,-0.0068171960641964,0.01,2025-12-06T15:49:23Z
CDCI,,AN-s,66,-0.0362567998112162,0.01,2025-12-06T15:49:23Z
CDCI,,AN-s,67,-0.0582607174552655,0.01,2025-12-06T15:49:23Z
CDCI,,AN-s,68,-0.0441461445984403,0.01,2025-12-06T15:49:23Z
CDCI,,AN-s,69,-0.0194014012757186,0.01,2025-12-06T15:49:23Z
CDCI,,AN-s,70,-0.0431449801144072,0.01,2025-12-06T15:49:23Z
CDCI,,AN-s,71,-0.0730847801710636,0.01,2025-12-06T15:49:23Z
CDCI,,AN-s,72,-0.0309348170271306,0.01,2025-12-06T15:49:23Z
CDCI,,AN-s,73,-0.0827184461398362,0.01,2025-12-06T15:49:23Z
CDCI,,AN-s,74,-0.0523572056151843,0.01,2025-12-06T15:49:23Z
CDCI,,AN-s,75,-0.0425692414787289,0.01,2025-12-06T15:49:23Z
CDCI,,AN-s,76,-0.0535586480967643,0.01,2025-12-06T15:49:23Z
CDCI,,AN-s,77,-0.0483626375009089,0.01,2025-12-06T15:49:23Z
CDCI,,AN-s,78,-0.0542104108874197,0.01,2025-12-06T15:49:23Z
CDCI,,AN-s,79,0.0177692708349099,0.01,2025-12-06T15:49:23Z
CDCI,,AN-s,80,-0.0158040079697971,0.01,2025-12-06T15:49:23Z
CDCI,,AN-s,81,-0.0233108501396876,0.01,2025-12-06T15:49:23Z
CDCI,,AN-s,82,-0.0270603008037609,0.01,2025-12-06T15:49:23Z
CDCI,,AN-s,83,-0.0628530757300602,0.01,2025-12-06T15:49:23Z
CDCI,,AN-s,84,-0.090348463487581,0.01,2025-12-06T15:49:23Z
CDCI,,AN-s,85,-0.0332972319755554,0.01,2025-12-06T15:49:23Z
CDCI,,AN-s,86,-0.067543371106368,0.01,2025-12-06T15:49:23Z
CDCI,,AN-s,87,-0.0291673430561274,0.01,2025-12-06T15:49:23Z
CDCI,,AN-s,88,-0.0416240804086788,0.01,2025-12-06T15:49:23Z
CDCI,,AN-s,89,-0.0901176666572072,0.01,2025-12-06T15:49:23Z
CDCI,,AN-s,90,-0.028295227067628,0.01,2025-12-06T15:49:23Z
CDCI,,AN-s,91,-0.103044437386543,0.01,2025-12-06T15:49:23Z
CDCI,,AN-s,92,-0.0281855390182257,0.01,2025-12-06T15:49:23Z
CDCI,,AN-s,93,-0.0201509392005701,0.01,2025-12-06T15:49:23Z
CDCI,,AN-s,94,-0.0415577673192691,0.01,2025-12-06T15:49:23Z
CDCI,,AN-s,95,-0.0037670895209942,0.01,2025-12-06T15:49:23Z
CDCI,,AN-s,96,-0.0627291674770691,0.01,2025-12-06T15:49:23Z
CDCI,,AN-s,97,-0.0958138165640678,0.01,2025-12-06T15:49:23Z
CDCI,,AN-s,98,-0.040920051827848,0.01,2025-12-06T15:49:23Z
CDCI,,AN-s,99,-0.0481805132707566,0.01,2025-12-06T15:49:23Z
CDCI,,AN-s,100,0.0249634245623488,0.01,2025-12-06T15:49:23Z
CDCI,,LS,1,-0.146721662896276,0.01,2025-12-06T15:49:23Z
CDCI,,LS,2,-0.143924874759859,0.01,2025-12-06T15:49:23Z
CDCI,,LS,3,-0.0876461128129686,0.01,2025-12-06T15:49:23Z
CDCI,,LS,4,-0.190689596618882,0.01,2025-12-06T15:49:23Z
CDCI,,LS,5,-0.250577612797487,0.01,2025-12-06T15:49:23Z
CDCI,,LS,6,-0.0883499035845562,0.01,2025-12-06T15:49:23Z
CDCI,,LS,7,-0.0974162738310922,0.01,2025-12-06T15:49:23Z
CDCI,,LS,8,-0.208872412509176,0.01,2025-12-06T15:49:23Z
CDCI,,LS,9,-0.158158743394651,0.01,2025-12-06T15:49:23Z
CDCI,,LS,10,-0.202670317131359,0.01,2025-12-06T15:49:23Z
CDCI,,LS,11,-0.225449776895399,0.01,2025-12-06T15:49:23Z
CDCI,,LS,12,-0.241375900227072,0.01,2025-12-06T15:49:23Z
CDCI,,LS,13,-0.0600363507135696,0.01,2025-12-06T15:49:23Z
CDCI,,LS,14,-0.12470541282509,0.01,2025-12-06T15:49:23Z
CDCI,,LS,15,-0.0420973728929438,0.01,2025-12-06T15:49:23Z
CDCI,,LS,16,-0.0855410896282589,0.01,2025-12-06T15:49:23Z
CDCI,,LS,17,-0.141002874077623,0.01,2025-12-06T15:49:23Z
CDCI,,LS,18,-0.0286404604239971,0.01,2025-12-06T15:49:23Z
CDCI,,LS,19,-0.101870247171298,0.01,2025-12-06T15:49:23Z
CDCI,,LS,20,-0.127458624100239,0.01,2025-12-06T15:49:23Z
CDCI,,LS,21,-0.188904766434302,0.01,2025-12-06T15:49:23Z
CDCI,,LS,22,-0.13301326649642,0.01,2025-12-06T15:49:23Z
CDCI,,LS,23,-0.209855696020616,0.01,2025-12-06T15:49:23Z
CDCI,,LS,24,-0.053563687128599,0.01,2025-12-06T15:49:23Z
CDCI,,LS,25,-0.165103378910978,0.01,2025-12-06T15:49:23Z
CDCI,,LS,26,-0.0892847421328108,0.01,2025-12-06T15:49:23Z
CDCI,,LS,27,-0.164218172275724,0.01,2025-12-06T15:49:23Z
CDCI,,LS,28,-0.106351137501662,0.01,2025-12-06T15:49:23Z
CDCI,,LS,29,-0.114506647469485,0.01,2025-12-06T15:49:23Z
CDCI,,LS,30,-0.14777660214855,0.01,2025-12-06T15:49:23Z
CDCI,,LS,31,-0.096805045480933,0.01,2025-12-06T15:49:23Z
CDCI,,LS,32,-0.163470757536893,0.01,2025-12-06T15:49:23Z
CDCI,,LS,33,-0.104557210280257,0.01,2025-12-06T15:49:23Z
CDCI,,LS,34,-0.148890623268248,0.01,2025-12-06T15:49:23Z
CDCI,,LS,35,-0.217008385907793,0.01,2025-12-06T15:49:23Z
CDCI,,LS,36,-0.0350892465047449,0.01,2025-12-06T15:49:23Z
CDCI,,LS,37,-0.0715027633536691,0.01,2025-12-06T15:49:23Z
CDCI,,LS,38,-0.143437281723125,0.01,2025-12-06T15:49:23Z
CDCI,,LS,39,-0.232414993928335,0.01,2025-12-06T15:49:23Z
CDCI,,LS,40,-0.0731491394091049,0.01,2025-12-06T15:49:23Z
CDCI,,LS,41,-0.16588223313472,0.01,2025-12-06T15:49:23Z
CDCI,,LS,42,-0.0880835347148833,0.01,2025-12-06T15:49:23Z
CDCI,,LS,43,-0.190024549107842,0.01,2025-12-06T15:49:23Z
CDCI,,LS,44,-0.175396709618692,0.01,2025-12-06T15:49:23Z
CDCI,,LS,45,-0.154418242460938,0.01,2025-12-06T15:49:23Z
CDCI,,LS,46,-0.105901383916732,0.01,2025-12-06T15:49:23Z
CDCI,,LS,47,-0.100381334675784,0.01,2025-12-06T15:49:23Z
CDCI,,LS,48,-0.0528725593905197,0.01,2025-12-06T15:49:23Z
CDCI,,LS,49,-0.108683751932171,0.01,2025-12-06T15:49:24Z
CDCI,,LS,50,-0.194193830262793,0.01,2025-12-06T15:49:24Z
CDCI,,LS,51,-0.110440578410953,0.01,2025-12-06T15:49:24Z
CDCI,,LS,52,-0.151030325230024,0.01,2025-12-06T15:49:24Z
CDCI,,LS,53,-0.0324761478837053,0.01,2025-12-06T15:49:24Z
CDCI,,LS,54,-0.12568946443224,0.01,2025-12-06T15:49:24Z
CDCI,,LS,55,-0.166038123716446,0.01,2025-12-06T15:49:24Z
CDCI,,LS,56,-0.130256860907896,0.01,2025-12-06T15:49:24Z
CDCI,,LS,57,-0.101988100852758,0.01,2025-12-06T15:49:24Z
CDCI,,LS,58,-0.12123542850573,0.01,2025-12-06T15:49:24Z
CDCI,,LS,59,-0.174967039523369,0.01,2025-12-06T15:49:24Z
CDCI,,LS,60,-0.0614796488972056,0.01,2025-12-06T15:49:24Z
CDCI,,LS,61,-0.111110620385309,0.01,2025-12-06T15:49:24Z
CDCI,,LS,62,-0.173690528943714,0.01,2025-12-06T15:49:24Z
CDCI,,LS,63,-0.201359103637692,0.01,2025-12-06T15:49:24Z
CDCI,,LS,64,-0.233534722203624,0.01,2025-12-06T15:49:24Z
CDCI,,LS,65,-0.274153845089634,0.01,2025-12-06T15:49:24Z
CDCI,,LS,66,-0.122737186471144,0.01,2025-12-06T15:49:24Z
CDCI,,LS,67,-0.127703481490718,0.01,2025-12-06T15:49:24Z
CDCI,,LS,68,-0.144976674049235,0.01,2025-12-06T15:49:24Z
CDCI,,LS,69,-0.180217233286365,0.01,2025-12-06T15:49:24Z
CDCI,,LS,70,-0.237259631761809,0.01,2025-12-06T15:49:24Z
CDCI,,LS,71,-0.13338588005698,0.01,2025-12-06T15:49:24Z
CDCI,,LS,72,-0.176826505447101,0.01,2025-12-06T15:49:24Z
CDCI,,LS,73,-0.195422900105336,0.01,2025-12-06T15:49:24Z
CDCI,,LS,74,-0.101592692511357,0.01,2025-12-06T15:49:24Z
CDCI,,LS,75,-0.141373000666915,0.01,2025-12-06T15:49:24Z
CDCI,,LS,76,-0.0577885918341931,0.01,2025-12-06T15:49:24Z
CDCI,,LS,77,-0.181833231563813,0.01,2025-12-06T15:49:24Z
CDCI,,LS,78,-0.174712306146821,0.01,2025-12-06T15:49:24Z
CDCI,,LS,79,-0.138103635178327,0.01,2025-12-06T15:49:24Z
CDCI,,LS,80,-0.183193887358856,0.01,2025-12-06T15:49:24Z
CDCI,,LS,81,-0.0879318843787695,0.01,2025-12-06T15:49:24Z
CDCI,,LS,82,-0.218804928727489,0.01,2025-12-06T15:49:24Z
CDCI,,LS,83,-0.150230946267608,0.01,2025-12-06T15:49:24Z
CDCI,,LS,84,-0.185541200040574,0.01,2025-12-06T15:49:24Z
CDCI,,LS,85,-0.173167739780371,0.01,2025-12-06T15:49:24Z
CDCI,,LS,86,-0.192023962885236,0.01,2025-12-06T15:49:24Z
CDCI,,LS,87,-0.286729655689373,0.01,2025-12-06T15:49:24Z
CDCI,,LS,88,-0.136558755837853,0.01,2025-12-06T15:49:24Z
CDCI,,LS,89,-0.113990323489714,0.01,2025-12-06T15:49:24Z
CDCI,,LS,90,-0.197391812640415,0.01,2025-12-06T15:49:24Z
CDCI,,LS,91,-0.148533269599127,0.01,2025-12-06T15:49:24Z
CDCI,,LS,92,-0.249418024942512,0.01,2025-12-06T15:49:24Z
CDCI,,LS,93,-0.106843901024982,0.01,2025-12-06T15:49:24Z
CDCI,,LS,94,-0.272928029113522,0.01,2025-12-06T15:49:24Z
CDCI,,LS,95,-0.175381955075886,0.01,2025-12-06T15:49:24Z
CDCI,,LS,96,-0.246050994364566,0.01,2025-12-06T15:49:24Z
CDCI,,LS,97,-0.0531049134859447,0.01,2025-12-06T15:49:24Z
CDCI,,LS,98,-0.0438184485628925,0.01,2025-12-06T15:49:24Z
CDCI,,LS,99,-0.137988810231874,0.01,2025-12-06T15:49:24Z
CDCI,,LS,100,-0.0642745881386005,0.01,2025-12-06T15:49:24Z
CDCI,,LS-s,1,-0.0183794306438171,0.01,2025-12-06T15:49:24Z
CDCI,,LS-s,2,-0.0170430457706288,0.01,2025-12-06T15:49:24Z
CDCI,,LS-s,3,-0.0217889158167698,0.01,2025-12-06T15:49:24Z
CDCI,,LS-s,4,-0.0840438917380126,0.01,2025-12-06T15:49:24Z
CDCI,,LS-s,5,0.0023073396696342,0.01,2025-12-06T15:49:24Z
CDCI,,LS-s,6,-0.0586917314631517,0.01,2025-12-06T15:49:24Z
CDCI,,LS-s,7,-0.0022153655571438,0.01,2025-12-06T15:49:24Z
CDCI,,LS-s,8,-0.0248352375547411,0.01,2025-12-06T15:49:24Z
CDCI,,LS-s,9,-0.0309043624861588,0.01,2025-12-06T15:49:24Z
CDCI,,LS-s,10,-0.0028810738356298,0.01,2025-12-06T15:49:24Z
CDCI,,LS-s,11,0.0114850001128977,0.01,2025-12-06T15:49:24Z
CDCI,,LS-s,12,-0.0695366216554941,0.01,2025-12-06T15:49:24Z
CDCI,,LS-s,13,-0.057812917149123,0.01,2025-12-06T15:49:24Z
CDCI,,LS-s,14,-0.0579116044952937,0.01,2025-12-06T15:49:24Z
CDCI,,LS-s,15,-0.036731861801479,0.01,2025-12-06T15:49:24Z
CDCI,,LS-s,16,-0.0925264549432687,0.01,2025-12-06T15:49:24Z
CDCI,,LS-s,17,-0.0445011605452138,0.01,2025-12-06T15:49:24Z
CDCI,,LS-s,18,-0.0013539852360424,0.01,2025-12-06T15:49:24Z
CDCI,,LS-s,19,0.0104386205291676,0.01,2025-12-06T15:49:24Z
CDCI,,LS-s,20,-0.0544699921872293,0.01,2025-12-06T15:49:24Z
CDCI,,LS-s,21,-0.11396134153864,0.01,2025-12-06T15:49:24Z
CDCI,,LS-s,22,-0.0636009985638837,0.01,2025-12-06T15:49:24Z
CDCI,,LS-s,23,-0.0034521638444541,0.01,2025-12-06T15:49:24Z
CDCI,,LS-s,24,-0.0822096886764666,0.01,2025-12-06T15:49:24Z
CDCI,,LS-s,25,-0.0499232858258381,0.01,2025-12-06T15:49:24Z
CDCI,,LS-s,26,-0.0120999305131839,0.01,2025-12-06T15:49:24Z
CDCI,,LS-s,27,-0.0396894599975754,0.01,2025-12-06T15:49:24Z
CDCI,,LS-s,28,-0.07635118184716,0.01,2025-12-06T15:49:24Z
CDCI,,LS-s,29,-0.0216858315338122,0.01,2025-12-06T15:49:24Z
CDCI,,LS-s,30,-0.0069742262810385,0.01,2025-12-06T15:49:24Z
CDCI,,LS-s,31,-0.0571675032998123,0.01,2025-12-06T15:49:24Z
CDCI,,LS-s,32,-0.0008029829368256,0.01,2025-12-06T15:49:24Z
CDCI,,LS-s,33,-0.0224507999950582,0.01,2025-12-06T15:49:24Z
CDCI,,LS-s,34,-0.0688142859627625,0.01,2025-12-06T15:49:24Z
CDCI,,LS-s,35,-0.0583293427745997,0.01,2025-12-06T15:49:24Z
CDCI,,LS-s,36,-0.0866659145827094,0.01,2025-12-06T15:49:24Z
CDCI,,LS-s,37,-0.0236230768468907,0.01,2025-12-06T15:49:24Z
CDCI,,LS-s,38,-0.0356560428337109,0.01,2025-12-06T15:49:24Z
CDCI,,LS-s,39,-0.0106524466412706,0.01,2025-12-06T15:49:24Z
CDCI,,LS-s,40,-0.0563077470795142,0.01,2025-12-06T15:49:24Z
CDCI,,LS-s,41,-0.0075414251081175,0.01,2025-12-06T15:49:24Z
CDCI,,LS-s,42,-0.0367097187155271,0.01,2025-12-06T15:49:24Z
CDCI,,LS-s,43,-0.0126157743192721,0.01,2025-12-06T15:49:24Z
CDCI,,LS-s,44,-0.0721040744600072,0.01,2025-12-06T15:49:25Z
CDCI,,LS-s,45,-0.0372904773322997,0.01,2025-12-06T15:49:25Z
CDCI,,LS-s,46,-0.0434528800433923,0.01,2025-12-06T15:49:25Z
CDCI,,LS-s,47,-0.0439027366374339,0.01,2025-12-06T15:49:25Z
CDCI,,LS-s,48,-0.0136396724927146,0.01,2025-12-06T15:49:25Z
CDCI,,LS-s,49,-0.0440063438008091,0.01,2025-12-06T15:49:25Z
CDCI,,LS-s,50,-0.0672658783553461,0.01,2025-12-06T15:49:25Z
CDCI,,LS-s,51,-0.0055644543185003,0.01,2025-12-06T15:49:25Z
CDCI,,LS-s,52,-0.0436956873576762,0.01,2025-12-06T15:49:25Z
CDCI,,LS-s,53,-0.0046639166047015,0.01,2025-12-06T15:49:25Z
CDCI,,LS-s,54,-0.0926481395208111,0.01,2025-12-06T15:49:25Z
CDCI,,LS-s,55,-0.0267132228120161,0.01,2025-12-06T15:49:25Z
CDCI,,LS-s,56,-0.0538051154924518,0.01,2025-12-06T15:49:25Z
CDCI,,LS-s,57,-0.0224440877371434,0.01,2025-12-06T15:49:25Z
CDCI,,LS-s,58,-0.0178396626315751,0.01,2025-12-06T15:49:25Z
CDCI,,LS-s,59,-0.0602898365341757,0.01,2025-12-06T15:49:25Z
CDCI,,LS-s,60,-0.0238976526008552,0.01,2025-12-06T15:49:25Z
CDCI,,LS-s,61,-0.0541926443983624,0.01,2025-12-06T15:49:25Z
CDCI,,LS-s,62,-0.0165785738540968,0.01,2025-12-06T15:49:25Z
CDCI,,LS-s,63,-0.0714696029118835,0.01,2025-12-06T15:49:25Z
CDCI,,LS-s,64,-0.0584275831153885,0.01,2025-12-06T15:49:25Z
CDCI,,LS-s,65,-0.0721289558640364,0.01,2025-12-06T15:49:25Z
CDCI,,LS-s,66,-0.0291044363622917,0.01,2025-12-06T15:49:25Z
CDCI,,LS-s,67,-0.0095410002815741,0.01,2025-12-06T15:49:25Z
CDCI,,LS-s,68,-0.110904487481338,0.01,2025-12-06T15:49:25Z
CDCI,,LS-s,69,-0.0493971971650657,0.01,2025-12-06T15:49:25Z
CDCI,,LS-s,70,-0.0239501946026046,0.01,2025-12-06T15:49:25Z
CDCI,,LS-s,71,-0.0279664409028606,0.01,2025-12-06T15:49:25Z
CDCI,,LS-s,72,-0.0592573941884214,0.01,2025-12-06T15:49:25Z
CDCI,,LS-s,73,-0.0635542212558309,0.01,2025-12-06T15:49:25Z
CDCI,,LS-s,74,-0.0212167204815099,0.01,2025-12-06T15:49:25Z
CDCI,,LS-s,75,-0.0107169202348982,0.01,2025-12-06T15:49:25Z
CDCI,,LS-s,76,-0.0390700842169142,0.01,2025-12-06T15:49:25Z
CDCI,,LS-s,77,-0.0731534188975817,0.01,2025-12-06T15:49:25Z
CDCI,,LS-s,78,-0.0407254393333961,0.01,2025-12-06T15:49:25Z
CDCI,,LS-s,79,-0.0606805960285689,0.01,2025-12-06T15:49:25Z
CDCI,,LS-s,80,-0.0206117430379363,0.01,2025-12-06T15:49:25Z
CDCI,,LS-s,81,-0.0052228974739624,0.01,2025-12-06T15:49:25Z
CDCI,,LS-s,82,-0.0424520671308029,0.01,2025-12-06T15:49:25Z
CDCI,,LS-s,83,-0.0304929157871558,0.01,2025-12-06T15:49:25Z
CDCI,,LS-s,84,0.0128449831012575,0.01,2025-12-06T15:49:25Z
CDCI,,LS-s,85,-0.0445086622716345,0.01,2025-12-06T15:49:25Z
CDCI,,LS-s,86,-0.0407081516994768,0.01,2025-12-06T15:49:25Z
CDCI,,LS-s,87,-0.0597848802502655,0.01,2025-12-06T15:49:25Z
CDCI,,LS-s,88,-0.0170205517163803,0.01,2025-12-06T15:49:25Z
CDCI,,LS-s,89,-0.0247476640904845,0.01,2025-12-06T15:49:25Z
CDCI,,LS-s,90,-0.0239678522115975,0.01,2025-12-06T15:49:25Z
CDCI,,LS-s,91,-0.0690057851029455,0.01,2025-12-06T15:49:25Z
CDCI,,LS-s,92,-0.0608744286971022,0.01,2025-12-06T15:49:25Z
CDCI,,LS-s,93,-0.0505072239895408,0.01,2025-12-06T15:49:25Z
CDCI,,LS-s,94,0.0011290502288593,0.01,2025-12-06T15:49:25Z
CDCI,,LS-s,95,-0.0777892314287302,0.01,2025-12-06T15:49:25Z
CDCI,,LS-s,96,-0.0301937424629745,0.01,2025-12-06T15:49:25Z
CDCI,,LS-s,97,-0.0375863652921094,0.01,2025-12-06T15:49:25Z
CDCI,,LS-s,98,-0.0325503514495033,0.01,2025-12-06T15:49:25Z
CDCI,,LS-s,99,-0.0374863679781146,0.01,2025-12-06T15:49:25Z
CDCI,,LS-s,100,-0.0219611033039433,0.01,2025-12-06T15:49:25Z
CDCI,,MN-U,1,-0.0545351470878403,0.01,2025-12-06T15:49:25Z
CDCI,,MN-U,2,-0.0905368085991116,0.01,2025-12-06T15:49:25Z
CDCI,,MN-U,3,-0.084414535887307,0.01,2025-12-06T15:49:25Z
CDCI,,MN-U,4,0.0115638116699262,0.01,2025-12-06T15:49:25Z
CDCI,,MN-U,5,-0.0764683400711066,0.01,2025-12-06T15:49:25Z
CDCI,,MN-U,6,-0.0352278381588734,0.01,2025-12-06T15:49:25Z
CDCI,,MN-U,7,-0.05851110037526,0.01,2025-12-06T15:49:25Z
CDCI,,MN-U,8,-0.0645740283621692,0.01,2025-12-06T15:49:25Z
CDCI,,MN-U,9,-0.0725829320983938,0.01,2025-12-06T15:49:25Z
CDCI,,MN-U,10,-0.0819153770639058,0.01,2025-12-06T15:49:25Z
CDCI,,MN-U,11,-0.0514063637076186,0.01,2025-12-06T15:49:25Z
CDCI,,MN-U,12,-0.106859964989991,0.01,2025-12-06T15:49:25Z
CDCI,,MN-U,13,-0.0821062658273963,0.01,2025-12-06T15:49:25Z
CDCI,,MN-U,14,-0.0998121194276334,0.01,2025-12-06T15:49:25Z
CDCI,,MN-U,15,-0.0521275252252576,0.01,2025-12-06T15:49:25Z
CDCI,,MN-U,16,-0.09586225299765,0.01,2025-12-06T15:49:25Z
CDCI,,MN-U,17,-0.0796044931812319,0.01,2025-12-06T15:49:25Z
CDCI,,MN-U,18,-0.0740108587611671,0.01,2025-12-06T15:49:25Z
CDCI,,MN-U,19,-0.0728456484617724,0.01,2025-12-06T15:49:25Z
CDCI,,MN-U,20,-0.0304119531966076,0.01,2025-12-06T15:49:25Z
CDCI,,MN-U,21,-0.0904048302785537,0.01,2025-12-06T15:49:25Z
CDCI,,MN-U,22,-0.0965404807165694,0.01,2025-12-06T15:49:25Z
CDCI,,MN-U,23,-0.0962571312640727,0.01,2025-12-06T15:49:25Z
CDCI,,MN-U,24,-0.0236862930174449,0.01,2025-12-06T15:49:25Z
CDCI,,MN-U,25,-0.0914719417451742,0.01,2025-12-06T15:49:25Z
CDCI,,MN-U,26,-0.0991048086150914,0.01,2025-12-06T15:49:25Z
CDCI,,MN-U,27,-0.068457620924224,0.01,2025-12-06T15:49:25Z
CDCI,,MN-U,28,0.0366122874070433,0.01,2025-12-06T15:49:25Z
CDCI,,MN-U,29,-0.0728791662403018,0.01,2025-12-06T15:49:25Z
CDCI,,MN-U,30,-0.0696155125371918,0.01,2025-12-06T15:49:25Z
CDCI,,MN-U,31,-0.0812717151079144,0.01,2025-12-06T15:49:25Z
CDCI,,MN-U,32,-0.0798195092562752,0.01,2025-12-06T15:49:25Z
CDCI,,MN-U,33,-0.0641373607358014,0.01,2025-12-06T15:49:25Z
CDCI,,MN-U,34,-0.0998670593205951,0.01,2025-12-06T15:49:26Z
CDCI,,MN-U,35,-0.110937297273117,0.01,2025-12-06T15:49:26Z
CDCI,,MN-U,36,-0.0746256010871539,0.01,2025-12-06T15:49:26Z
CDCI,,MN-U,37,-0.0661110103301902,0.01,2025-12-06T15:49:26Z
CDCI,,MN-U,38,-0.0107541440639539,0.01,2025-12-06T15:49:26Z
CDCI,,MN-U,39,-0.0841255448192996,0.01,2025-12-06T15:49:26Z
CDCI,,MN-U,40,-0.0892267056819865,0.01,2025-12-06T15:49:26Z
CDCI,,MN-U,41,-0.0748922526044218,0.01,2025-12-06T15:49:26Z
CDCI,,MN-U,42,-0.0676022215689568,0.01,2025-12-06T15:49:26Z
CDCI,,MN-U,43,-0.0578272426590864,0.01,2025-12-06T15:49:26Z
CDCI,,MN-U,44,-0.0765145978146536,0.01,2025-12-06T15:49:26Z
CDCI,,MN-U,45,-0.0991516728471363,0.01,2025-12-06T15:49:26Z
CDCI,,MN-U,46,-0.0911178587603028,0.01,2025-12-06T15:49:26Z
CDCI,,MN-U,47,-0.110379919568532,0.01,2025-12-06T15:49:26Z
CDCI,,MN-U,48,-0.0302531802119583,0.01,2025-12-06T15:49:26Z
CDCI,,MN-U,49,-0.0704589194823891,0.01,2025-12-06T15:49:26Z
CDCI,,MN-U,50,-0.0745291025130754,0.01,2025-12-06T15:49:26Z
CDCI,,MN-U,51,-0.0490868296039619,0.01,2025-12-06T15:49:26Z
CDCI,,MN-U,52,-0.0622148023491546,0.01,2025-12-06T15:49:26Z
CDCI,,MN-U,53,-0.0820711612736097,0.01,2025-12-06T15:49:26Z
CDCI,,MN-U,54,-0.0778941449320031,0.01,2025-12-06T15:49:26Z
CDCI,,MN-U,55,-0.0827297340891381,0.01,2025-12-06T15:49:26Z
CDCI,,MN-U,56,-0.100997563561467,0.01,2025-12-06T15:49:26Z
CDCI,,MN-U,57,-0.11121274390086,0.01,2025-12-06T15:49:26Z
CDCI,,MN-U,58,-0.0974272158131326,0.01,2025-12-06T15:49:26Z
CDCI,,MN-U,59,-0.0847084052259014,0.01,2025-12-06T15:49:26Z
CDCI,,MN-U,60,-0.0823294509877887,0.01,2025-12-06T15:49:26Z
CDCI,,MN-U,61,-0.0633453764922968,0.01,2025-12-06T15:49:26Z
CDCI,,MN-U,62,-0.103613248040654,0.01,2025-12-06T15:49:26Z
CDCI,,MN-U,63,-0.0398547901159055,0.01,2025-12-06T15:49:26Z
CDCI,,MN-U,64,-0.0605127488030482,0.01,2025-12-06T15:49:26Z
CDCI,,MN-U,65,-0.0289100394114684,0.01,2025-12-06T15:49:26Z
CDCI,,MN-U,66,-0.0818769536586233,0.01,2025-12-06T15:49:26Z
CDCI,,MN-U,67,-0.0858354068576255,0.01,2025-12-06T15:49:26Z
CDCI,,MN-U,68,-0.100976937533926,0.01,2025-12-06T15:49:26Z
CDCI,,MN-U,69,-0.0806279231864596,0.01,2025-12-06T15:49:26Z
CDCI,,MN-U,70,-0.0887020788319027,0.01,2025-12-06T15:49:26Z
CDCI,,MN-U,71,-0.0915846638055886,0.01,2025-12-06T15:49:26Z
CDCI,,MN-U,72,-0.0845543510515806,0.01,2025-12-06T15:49:26Z
CDCI,,MN-U,73,-0.0773863713678042,0.01,2025-12-06T15:49:26Z
CDCI,,MN-U,74,0.0086776449825508,0.01,2025-12-06T15:49:26Z
CDCI,,MN-U,75,-0.0679406227926325,0.01,2025-12-06T15:49:26Z
CDCI,,MN-U,76,-0.0722213067774559,0.01,2025-12-06T15:49:26Z
CDCI,,MN-U,77,-0.0305914327759485,0.01,2025-12-06T15:49:26Z
CDCI,,MN-U,78,-0.0877193304338315,0.01,2025-12-06T15:49:26Z
CDCI,,MN-U,79,-0.0180705974509228,0.01,2025-12-06T15:49:26Z
CDCI,,MN-U,80,-0.0526773441911155,0.01,2025-12-06T15:49:26Z
CDCI,,MN-U,81,0.0001729336105093,0.01,2025-12-06T15:49:26Z
CDCI,,MN-U,82,-0.0720510676209132,0.01,2025-12-06T15:49:26Z
CDCI,,MN-U,83,-0.0837549849897087,0.01,2025-12-06T15:49:26Z
CDCI,,MN-U,84,-0.0851961761103632,0.01,2025-12-06T15:49:26Z
CDCI,,MN-U,85,-0.0927792731390284,0.01,2025-12-06T15:49:26Z
CDCI,,MN-U,86,-0.0502976812003509,0.01,2025-12-06T15:49:26Z
CDCI,,MN-U,87,-0.0476369850109045,0.01,2025-12-06T15:49:26Z
CDCI,,MN-U,88,-0.0930953572495016,0.01,2025-12-06T15:49:26Z
CDCI,,MN-U,89,-0.116755293895182,0.01,2025-12-06T15:49:26Z
CDCI,,MN-U,90,-0.0708165412601629,0.01,2025-12-06T15:49:26Z
CDCI,,MN-U,91,-0.104630062165119,0.01,2025-12-06T15:49:26Z
CDCI,,MN-U,92,-0.0869325546967694,0.01,2025-12-06T15:49:26Z
CDCI,,MN-U,93,0.0069595024213786,0.01,2025-12-06T15:49:26Z
CDCI,,MN-U,94,-0.114770885442641,0.01,2025-12-06T15:49:26Z
CDCI,,MN-U,95,-0.0683046247647291,0.01,2025-12-06T15:49:26Z
CDCI,,MN-U,96,-0.0318776108293644,0.01,2025-12-06T15:49:26Z
CDCI,,MN-U,97,-0.0922612908591112,0.01,2025-12-06T15:49:26Z
CDCI,,MN-U,98,-0.0764932160190777,0.01,2025-12-06T15:49:26Z
CDCI,,MN-U,99,-0.0241500643195405,0.01,2025-12-06T15:49:26Z
CDCI,,MN-U,100,-0.0588701227648411,0.01,2025-12-06T15:49:26Z
CDS,,AN,1,-0.0741187051742358,0.01,2025-12-06T15:49:26Z
CDS,,AN,2,-0.0386429855134403,0.01,2025-12-06T15:49:26Z
CDS,,AN,3,-0.0739042789792767,0.01,2025-12-06T15:49:26Z
CDS,,AN,4,-0.0780224733457526,0.01,2025-12-06T15:49:26Z
CDS,,AN,5,-0.0593018453278102,0.01,2025-12-06T15:49:26Z
CDS,,AN,6,-0.0562761000003593,0.01,2025-12-06T15:49:26Z
CDS,,AN,7,-0.0922174622577425,0.01,2025-12-06T15:49:27Z
CDS,,AN,8,-0.036196069559777,0.01,2025-12-06T15:49:27Z
CDS,,AN,9,0.0040463614318876,0.01,2025-12-06T15:49:27Z
CDS,,AN,10,-0.0120246482817131,0.01,2025-12-06T15:49:27Z
CDS,,AN,11,-0.0345143755944221,0.01,2025-12-06T15:49:27Z
CDS,,AN,12,-0.0284238454307832,0.01,2025-12-06T15:49:27Z
CDS,,AN,13,-0.0464070538478355,0.01,2025-12-06T15:49:27Z
CDS,,AN,14,-0.0298380796910213,0.01,2025-12-06T15:49:27Z
CDS,,AN,15,-0.0433010474685052,0.01,2025-12-06T15:49:27Z
CDS,,AN,16,-0.0664539075227343,0.01,2025-12-06T15:49:27Z
CDS,,AN,17,-0.0686880777162757,0.01,2025-12-06T15:49:27Z
CDS,,AN,18,-0.0239925929483181,0.01,2025-12-06T15:49:27Z
CDS,,AN,19,-0.0535539401454302,0.01,2025-12-06T15:49:27Z
CDS,,AN,20,-0.0777669379301597,0.01,2025-12-06T15:49:27Z
CDS,,AN,21,-0.089286662994454,0.01,2025-12-06T15:49:27Z
CDS,,AN,22,-0.0618590692468735,0.01,2025-12-06T15:49:27Z
CDS,,AN,23,-0.0404762468782831,0.01,2025-12-06T15:49:27Z
CDS,,AN,24,-0.0345611820477345,0.01,2025-12-06T15:49:27Z
CDS,,AN,25,-0.0552134138086103,0.01,2025-12-06T15:49:27Z
CDS,,AN,26,-0.0550503304938384,0.01,2025-12-06T15:49:27Z
CDS,,AN,27,-0.0809366417315552,0.01,2025-12-06T15:49:27Z
CDS,,AN,28,-0.0224738026980762,0.01,2025-12-06T15:49:27Z
CDS,,AN,29,-0.0631159247836979,0.01,2025-12-06T15:49:27Z
CDS,,AN,30,-0.0622597887761114,0.01,2025-12-06T15:49:27Z
CDS,,AN,31,-0.0746991190820594,0.01,2025-12-06T15:49:28Z
CDS,,AN,32,-0.0762487705382072,0.01,2025-12-06T15:49:28Z
CDS,,AN,33,-0.0598139056461638,0.01,2025-12-06T15:49:28Z
CDS,,AN,34,-0.0709013885458964,0.01,2025-12-06T15:49:28Z
CDS,,AN,35,-0.0865951930129309,0.01,2025-12-06T15:49:28Z
CDS,,AN,36,-0.034679393879448,0.01,2025-12-06T15:49:28Z
CDS,,AN,37,-0.0172758178931302,0.01,2025-12-06T15:49:28Z
CDS,,AN,38,-0.0202906362524883,0.01,2025-12-06T15:49:28Z
CDS,,AN,39,-0.0819240037604869,0.01,2025-12-06T15:49:28Z
CDS,,AN,40,-0.0521736883415184,0.01,2025-12-06T15:49:28Z
CDS,,AN,41,-0.0888286153019128,0.01,2025-12-06T15:49:28Z
CDS,,AN,42,-0.0682548748309935,0.01,2025-12-06T15:49:28Z
CDS,,AN,43,-0.0575990082220937,0.01,2025-12-06T15:49:28Z
CDS,,AN,44,-0.0678412066667113,0.01,2025-12-06T15:49:28Z
CDS,,AN,45,-0.0566796862210656,0.01,2025-12-06T15:49:28Z
CDS,,AN,46,-0.0574095769451498,0.01,2025-12-06T15:49:28Z
CDS,,AN,47,-0.0500111792880328,0.01,2025-12-06T15:49:28Z
CDS,,AN,48,-0.0371956973410204,0.01,2025-12-06T15:49:28Z
CDS,,AN,49,-0.0290271890100905,0.01,2025-12-06T15:49:28Z
CDS,,AN,50,-0.0564822876764304,0.01,2025-12-06T15:49:28Z
CDS,,AN,51,-0.0889696297321799,0.01,2025-12-06T15:49:28Z
CDS,,AN,52,-0.0796797269874665,0.01,2025-12-06T15:49:28Z
CDS,,AN,53,-0.0956200339298861,0.01,2025-12-06T15:49:28Z
CDS,,AN,54,-0.0627930423985976,0.01,2025-12-06T15:49:28Z
CDS,,AN,55,-0.0799148933412321,0.01,2025-12-06T15:49:28Z
CDS,,AN,56,-0.0633018248883049,0.01,2025-12-06T15:49:29Z
CDS,,AN,57,-0.0514463039815978,0.01,2025-12-06T15:49:29Z
CDS,,AN,58,-0.0504142551493714,0.01,2025-12-06T15:49:29Z
CDS,,AN,59,-0.0562331862850655,0.01,2025-12-06T15:49:29Z
CDS,,AN,60,-0.0745002147795316,0.01,2025-12-06T15:49:29Z
CDS,,AN,61,-0.0527984373073229,0.01,2025-12-06T15:49:29Z
CDS,,AN,62,-0.0796420915706732,0.01,2025-12-06T15:49:29Z
CDS,,AN,63,-0.0405042342019687,0.01,2025-12-06T15:49:29Z
CDS,,AN,64,-0.0823704693532615,0.01,2025-12-06T15:49:29Z
CDS,,AN,65,-0.0832334191563697,0.01,2025-12-06T15:49:29Z
CDS,,AN,66,-0.0726743542976601,0.01,2025-12-06T15:49:29Z
CDS,,AN,67,-0.0518770544536812,0.01,2025-12-06T15:49:29Z
CDS,,AN,68,-0.0633646073184427,0.01,2025-12-06T15:49:29Z
CDS,,AN,69,-0.0659736865622069,0.01,2025-12-06T15:49:29Z
CDS,,AN,70,-0.060274672515022,0.01,2025-12-06T15:49:29Z
CDS,,AN,71,-0.0866129247039189,0.01,2025-12-06T15:49:29Z
CDS,,AN,72,-0.0787499805320497,0.01,2025-12-06T15:49:29Z
CDS,,AN,73,-0.073311531351752,0.01,2025-12-06T15:49:29Z
CDS,,AN,74,-0.0365458007516329,0.01,2025-12-06T15:49:29Z
CDS,,AN,75,-0.0506069891007701,0.01,2025-12-06T15:49:29Z
CDS,,AN,76,-0.054443185728158,0.01,2025-12-06T15:49:29Z
CDS,,AN,77,-0.0476801249230914,0.01,2025-12-06T15:49:29Z
CDS,,AN,78,-0.0473267766397614,0.01,2025-12-06T15:49:29Z
CDS,,AN,79,-0.0659964580042293,0.01,2025-12-06T15:49:29Z
CDS,,AN,80,-0.0408012608555731,0.01,2025-12-06T15:49:29Z
CDS,,AN,81,-0.0450509798617635,0.01,2025-12-06T15:49:30Z
CDS,,AN,82,-0.0818995859953594,0.01,2025-12-06T15:49:30Z
CDS,,AN,83,-0.0927706621828696,0.01,2025-12-06T15:49:30Z
CDS,,AN,84,-0.0058137763449036,0.01,2025-12-06T15:49:30Z
CDS,,AN,85,-0.0462218473722843,0.01,2025-12-06T15:49:30Z
CDS,,AN,86,-0.0354811871992089,0.01,2025-12-06T15:49:30Z
CDS,,AN,87,-0.0646745037259708,0.01,2025-12-06T15:49:30Z
CDS,,AN,88,-0.0754749830988987,0.01,2025-12-06T15:49:30Z
CDS,,AN,89,-0.0481846083978608,0.01,2025-12-06T15:49:30Z
CDS,,AN,90,-0.081729309176227,0.01,2025-12-06T15:49:30Z
CDS,,AN,91,-0.0584430961847496,0.01,2025-12-06T15:49:30Z
CDS,,AN,92,-0.0779100654824517,0.01,2025-12-06T15:49:30Z
CDS,,AN,93,-0.0382373746104652,0.01,2025-12-06T15:49:30Z
CDS,,AN,94,-0.0657764404850267,0.01,2025-12-06T15:49:30Z
CDS,,AN,95,-0.0377615411226693,0.01,2025-12-06T15:49:30Z
CDS,,AN,96,-0.054942292596256,0.01,2025-12-06T15:49:30Z
CDS,,AN,97,-0.0247090803557857,0.01,2025-12-06T15:49:30Z
CDS,,AN,98,-0.0693167528465935,0.01,2025-12-06T15:49:30Z
CDS,,AN,99,-0.0827751440392621,0.01,2025-12-06T15:49:30Z
CDS,,AN,100,-0.0638243444111293,0.01,2025-12-06T15:49:30Z
CDS,,AN-s,1,-0.0677751116871458,0.01,2025-12-06T15:49:30Z
CDS,,AN-s,2,-0.0195667815864541,0.01,2025-12-06T15:49:30Z
CDS,,AN-s,3,-0.0513646122801603,0.01,2025-12-06T15:49:30Z
CDS,,AN-s,4,-0.0387645485323008,0.01,2025-12-06T15:49:30Z
CDS,,AN-s,5,-0.0581322402989712,0.01,2025-12-06T15:49:30Z
CDS,,AN-s,6,-0.0311338096590002,0.01,2025-12-06T15:49:31Z
CDS,,AN-s,7,-0.0127270308211644,0.01,2025-12-06T15:49:31Z
CDS,,AN-s,8,-0.0472491336529483,0.01,2025-12-06T15:49:31Z
CDS,,AN-s,9,-0.0037383578214396,0.01,2025-12-06T15:49:31Z
CDS,,AN-s,10,-0.0151915472012904,0.01,2025-12-06T15:49:31Z
CDS,,AN-s,11,-0.029229216321441,0.01,2025-12-06T15:49:31Z
CDS,,AN-s,12,-0.045545443377359,0.01,2025-12-06T15:49:31Z
CDS,,AN-s,13,-0.0191899285126259,0.01,2025-12-06T15:49:31Z
CDS,,AN-s,14,-0.0158963474915251,0.01,2025-12-06T15:49:31Z
CDS,,AN-s,15,-0.019122586691811,0.01,2025-12-06T15:49:31Z
CDS,,AN-s,16,-0.0120530878044015,0.01,2025-12-06T15:49:31Z
CDS,,AN-s,17,-0.016668240742325,0.01,2025-12-06T15:49:31Z
CDS,,AN-s,18,-0.0295088569019448,0.01,2025-12-06T15:49:31Z
CDS,,AN-s,19,-0.0268506513073834,0.01,2025-12-06T15:49:31Z
CDS,,AN-s,20,-0.0236323804504326,0.01,2025-12-06T15:49:31Z
CDS,,AN-s,21,-0.0400520421828488,0.01,2025-12-06T15:49:31Z
CDS,,AN-s,22,-0.0239415040719164,0.01,2025-12-06T15:49:31Z
CDS,,AN-s,23,-0.0517179973843831,0.01,2025-12-06T15:49:31Z
CDS,,AN-s,24,-0.0252874556094279,0.01,2025-12-06T15:49:31Z
CDS,,AN-s,25,-0.0044564957594702,0.01,2025-12-06T15:49:31Z
CDS,,AN-s,26,-0.0303522962396312,0.01,2025-12-06T15:49:31Z
CDS,,AN-s,27,-0.0200961025040762,0.01,2025-12-06T15:49:31Z
CDS,,AN-s,28,-0.0212608067730618,0.01,2025-12-06T15:49:31Z
CDS,,AN-s,29,-0.0196516485643118,0.01,2025-12-06T15:49:31Z
CDS,,AN-s,30,-0.0409558365997256,0.01,2025-12-06T15:49:32Z
CDS,,AN-s,31,-0.0289066025445535,0.01,2025-12-06T15:49:32Z
CDS,,AN-s,32,-0.0273433971866189,0.01,2025-12-06T15:49:32Z
CDS,,AN-s,33,-0.0309155392796633,0.01,2025-12-06T15:49:32Z
CDS,,AN-s,34,-0.0261380296542346,0.01,2025-12-06T15:49:32Z
CDS,,AN-s,35,-0.0383124129597955,0.01,2025-12-06T15:49:32Z
CDS,,AN-s,36,-0.0249310894707755,0.01,2025-12-06T15:49:32Z
CDS,,AN-s,37,-0.02975341382962,0.01,2025-12-06T15:49:32Z
CDS,,AN-s,38,-0.0014962662532813,0.01,2025-12-06T15:49:32Z
CDS,,AN-s,39,-0.0195540955149564,0.01,2025-12-06T15:49:32Z
CDS,,AN-s,40,-0.043221980001613,0.01,2025-12-06T15:49:32Z
CDS,,AN-s,41,-0.0341578974697294,0.01,2025-12-06T15:49:32Z
CDS,,AN-s,42,-0.0172879262682036,0.01,2025-12-06T15:49:32Z
CDS,,AN-s,43,-0.0463891971270758,0.01,2025-12-06T15:49:32Z
CDS,,AN-s,44,-0.0510248863166707,0.01,2025-12-06T15:49:32Z
CDS,,AN-s,45,-0.040183684271399,0.01,2025-12-06T15:49:32Z
CDS,,AN-s,46,-0.0264670814580298,0.01,2025-12-06T15:49:32Z
CDS,,AN-s,47,-0.015497997500613,0.01,2025-12-06T15:49:32Z
CDS,,AN-s,48,-0.019055740200764,0.01,2025-12-06T15:49:32Z
CDS,,AN-s,49,-0.0207973579185265,0.01,2025-12-06T15:49:32Z
CDS,,AN-s,50,-0.0352768648673796,0.01,2025-12-06T15:49:32Z
CDS,,AN-s,51,-0.0068860983659331,0.01,2025-12-06T15:49:32Z
CDS,,AN-s,52,-0.0228338323244102,0.01,2025-12-06T15:49:32Z
CDS,,AN-s,53,-0.0244987990669988,0.01,2025-12-06T15:49:32Z
CDS,,AN-s,54,-0.0294017593647339,0.01,2025-12-06T15:49:33Z
CDS,,AN-s,55,-0.034928706628324,0.01,2025-12-06T15:49:33Z
CDS,,AN-s,56,-0.0271280810665389,0.01,2025-12-06T15:49:33Z
CDS,,AN-s,57,-0.0222147315642542,0.01,2025-12-06T15:49:33Z
CDS,,AN-s,58,-0.0048728278352814,0.01,2025-12-06T15:49:33Z
CDS,,AN-s,59,-0.0477587982949844,0.01,2025-12-06T15:49:33Z
CDS,,AN-s,60,-0.0267106711361343,0.01,2025-12-06T15:49:33Z
CDS,,AN-s,61,-0.0290583018283203,0.01,2025-12-06T15:49:33Z
CDS,,AN-s,62,-0.0216638099849133,0.01,2025-12-06T15:49:33Z
CDS,,AN-s,63,-0.037867233685604,0.01,2025-12-06T15:49:33Z
CDS,,AN-s,64,-0.0321171168886248,0.01,2025-12-06T15:49:33Z
CDS,,AN-s,65,0.00653997001976,0.01,2025-12-06T15:49:33Z
CDS,,AN-s,66,-0.0358773671559436,0.01,2025-12-06T15:49:33Z
CDS,,AN-s,67,-0.0529988779777457,0.01,2025-12-06T15:49:33Z
CDS,,AN-s,68,-0.0408680783863506,0.01,2025-12-06T15:49:33Z
CDS,,AN-s,69,-0.0287407500456019,0.01,2025-12-06T15:49:33Z
CDS,,AN-s,70,-0.0296881495375331,0.01,2025-12-06T15:49:33Z
CDS,,AN-s,71,-0.050476116531918,0.01,2025-12-06T15:49:33Z
CDS,,AN-s,72,-0.0127461223191029,0.01,2025-12-06T15:49:33Z
CDS,,AN-s,73,-0.040006217759597,0.01,2025-12-06T15:49:33Z
CDS,,AN-s,74,-0.0132472431224855,0.01,2025-12-06T15:49:33Z
CDS,,AN-s,75,-0.0508755878336502,0.01,2025-12-06T15:49:33Z
CDS,,AN-s,76,-0.0249270258057844,0.01,2025-12-06T15:49:33Z
CDS,,AN-s,77,-0.0389459891366709,0.01,2025-12-06T15:49:33Z
CDS,,AN-s,78,-0.0407775990712384,0.01,2025-12-06T15:49:34Z
CDS,,AN-s,79,-0.0092807380447779,0.01,2025-12-06T15:49:34Z
CDS,,AN-s,80,-0.0104189566037726,0.01,2025-12-06T15:49:34Z
CDS,,AN-s,81,-0.0226849109919358,0.01,2025-12-06T15:49:34Z
CDS,,AN-s,82,-0.0237588523719669,0.01,2025-12-06T15:49:34Z
CDS,,AN-s,83,-0.0514125399314229,0.01,2025-12-06T15:49:34Z
CDS,,AN-s,84,-0.0407351501673263,0.01,2025-12-06T15:49:34Z
CDS,,AN-s,85,-0.0399507185098814,0.01,2025-12-06T15:49:34Z
CDS,,AN-s,86,-0.0261554762783586,0.01,2025-12-06T15:49:34Z
CDS,,AN-s,87,-0.0335916242314941,0.01,2025-12-06T15:49:34Z
CDS,,AN-s,88,-0.0461780943378337,0.01,2025-12-06T15:49:34Z
CDS,,AN-s,89,-0.0249914518640751,0.01,2025-12-06T15:49:34Z
CDS,,AN-s,90,-0.0235511309844382,0.01,2025-12-06T15:49:34Z
CDS,,AN-s,91,-0.0472570693444054,0.01,2025-12-06T15:49:34Z
CDS,,AN-s,92,-0.0145408624372172,0.01,2025-12-06T15:49:34Z
CDS,,AN-s,93,-0.0279199097156384,0.01,2025-12-06T15:49:34Z
CDS,,AN-s,94,-0.0447913213985072,0.01,2025-12-06T15:49:34Z
CDS,,AN-s,95,-0.0181397559181152,0.01,2025-12-06T15:49:34Z
CDS,,AN-s,96,-0.0434682736247565,0.01,2025-12-06T15:49:34Z
CDS,,AN-s,97,-0.0523813870468753,0.01,2025-12-06T15:49:34Z
CDS,,AN-s,98,-0.025217727997684,0.01,2025-12-06T15:49:34Z
CDS,,AN-s,99,-0.0224364733983426,0.01,2025-12-06T15:49:34Z
CDS,,AN-s,100,-0.0018831971633669,0.01,2025-12-06T15:49:34Z
CDS,,LS,1,-0.055205388595836,0.01,2025-12-06T15:49:34Z
CDS,,LS,2,-0.0178990108845595,0.01,2025-12-06T15:49:35Z
CDS,,LS,3,-0.0195761852184251,0.01,2025-12-06T15:49:35Z
CDS,,LS,4,-0.0566122374784077,0.01,2025-12-06T15:49:35Z
CDS,,LS,5,-0.0576775921144468,0.01,2025-12-06T15:49:35Z
CDS,,LS,6,0.0147224121001183,0.01,2025-12-06T15:49:35Z
CDS,,LS,7,-0.0458814971033557,0.01,2025-12-06T15:49:35Z
CDS,,LS,8,-0.0310741887776119,0.01,2025-12-06T15:49:35Z
CDS,,LS,9,-0.0334376171033283,0.01,2025-12-06T15:49:35Z
CDS,,LS,10,-0.0377647970264974,0.01,2025-12-06T15:49:35Z
CDS,,LS,11,-0.047752904826472,0.01,2025-12-06T15:49:35Z
CDS,,LS,12,-0.0211847584700596,0.01,2025-12-06T15:49:35Z
CDS,,LS,13,-0.021365756008187,0.01,2025-12-06T15:49:35Z
CDS,,LS,14,0.0291290305821377,0.01,2025-12-06T15:49:35Z
CDS,,LS,15,3.80051133155312e-05,0.01,2025-12-06T15:49:35Z
CDS,,LS,16,-0.0238936154966313,0.01,2025-12-06T15:49:35Z
CDS,,LS,17,-0.0260466163634424,0.01,2025-12-06T15:49:35Z
CDS,,LS,18,0.0326886559701745,0.01,2025-12-06T15:49:35Z
CDS,,LS,19,0.0069993692681262,0.01,2025-12-06T15:49:35Z
CDS,,LS,20,0.0096803993249892,0.01,2025-12-06T15:49:35Z
CDS,,LS,21,-0.0157840641736817,0.01,2025-12-06T15:49:35Z
CDS,,LS,22,0.0079746899869834,0.01,2025-12-06T15:49:35Z
CDS,,LS,23,0.0231880685754707,0.01,2025-12-06T15:49:35Z
CDS,,LS,24,-0.0356815266859552,0.01,2025-12-06T15:49:35Z
CDS,,LS,25,-0.0330582017862633,0.01,2025-12-06T15:49:35Z
CDS,,LS,26,-0.0326007604871094,0.01,2025-12-06T15:49:36Z
CDS,,LS,27,-0.0329576955256655,0.01,2025-12-06T15:49:36Z
CDS,,LS,28,-0.0183793273146272,0.01,2025-12-06T15:49:36Z
CDS,,LS,29,-0.0190736867751534,0.01,2025-12-06T15:49:36Z
CDS,,LS,30,-0.0235093656054718,0.01,2025-12-06T15:49:36Z
CDS,,LS,31,-0.0160638927470842,0.01,2025-12-06T15:49:36Z
CDS,,LS,32,-0.0179644399817798,0.01,2025-12-06T15:49:36Z
CDS,,LS,33,-0.0001018186350296,0.01,2025-12-06T15:49:36Z
CDS,,LS,34,-0.0413567550180816,0.01,2025-12-06T15:49:36Z
CDS,,LS,35,-0.0386895633551678,0.01,2025-12-06T15:49:36Z
CDS,,LS,36,-0.0165767927723189,0.01,2025-12-06T15:49:36Z
CDS,,LS,37,-0.0046449620114891,0.01,2025-12-06T15:49:36Z
CDS,,LS,38,0.0133704338820601,0.01,2025-12-06T15:49:36Z
CDS,,LS,39,-0.0580562525698658,0.01,2025-12-06T15:49:36Z
CDS,,LS,40,-0.0250245700722964,0.01,2025-12-06T15:49:36Z
CDS,,LS,41,-0.0107417666439176,0.01,2025-12-06T15:49:36Z
CDS,,LS,42,-0.016814946638597,0.01,2025-12-06T15:49:36Z
CDS,,LS,43,-0.0107257770371461,0.01,2025-12-06T15:49:36Z
CDS,,LS,44,0.008244407214405,0.01,2025-12-06T15:49:36Z
CDS,,LS,45,-0.0026823051523364,0.01,2025-12-06T15:49:36Z
CDS,,LS,46,0.0359515679515938,0.01,2025-12-06T15:49:36Z
CDS,,LS,47,-0.0097961558848877,0.01,2025-12-06T15:49:36Z
CDS,,LS,48,0.0248677144969033,0.01,2025-12-06T15:49:36Z
CDS,,LS,49,-0.0386948814776605,0.01,2025-12-06T15:49:36Z
CDS,,LS,50,-0.0454601121345772,0.01,2025-12-06T15:49:37Z
CDS,,LS,51,0.0262429147160132,0.01,2025-12-06T15:49:37Z
CDS,,LS,52,-0.017957862551885,0.01,2025-12-06T15:49:37Z
CDS,,LS,53,-0.0323416884253334,0.01,2025-12-06T15:49:37Z
CDS,,LS,54,-0.0530300763206896,0.01,2025-12-06T15:49:37Z
CDS,,LS,55,-0.0293304542039152,0.01,2025-12-06T15:49:37Z
CDS,,LS,56,-0.0140119713259339,0.01,2025-12-06T15:49:37Z
CDS,,LS,57,-0.0242621390813312,0.01,2025-12-06T15:49:37Z
CDS,,LS,58,-0.0068427791828014,0.01,2025-12-06T15:49:37Z
CDS,,LS,59,-0.0132778503779829,0.01,2025-12-06T15:49:37Z
CDS,,LS,60,-0.0181434542230354,0.01,2025-12-06T15:49:37Z
CDS,,LS,61,-0.0416079873649354,0.01,2025-12-06T15:49:37Z
CDS,,LS,62,-0.0437173457461046,0.01,2025-12-06T15:49:37Z
CDS,,LS,63,0.0194684364399267,0.01,2025-12-06T15:49:37Z
CDS,,LS,64,-0.0447575553973862,0.01,2025-12-06T15:49:37Z
CDS,,LS,65,-0.0437572318945133,0.01,2025-12-06T15:49:37Z
CDS,,LS,66,-0.0041559026420725,0.01,2025-12-06T15:49:37Z
CDS,,LS,67,-0.0207504115146101,0.01,2025-12-06T15:49:37Z
CDS,,LS,68,-0.0495946748743339,0.01,2025-12-06T15:49:37Z
CDS,,LS,69,-0.0336771318204216,0.01,2025-12-06T15:49:37Z
CDS,,LS,70,-0.0247121225603808,0.01,2025-12-06T15:49:37Z
CDS,,LS,71,0.0030792513983235,0.01,2025-12-06T15:49:37Z
CDS,,LS,72,-0.0127391161677178,0.01,2025-12-06T15:49:37Z
CDS,,LS,73,-0.0671900811844845,0.01,2025-12-06T15:49:37Z
CDS,,LS,74,0.0089207377084737,0.01,2025-12-06T15:49:38Z
CDS,,LS,75,-0.0069187199924293,0.01,2025-12-06T15:49:38Z
CDS,,LS,76,0.0281435181290341,0.01,2025-12-06T15:49:38Z
CDS,,LS,77,-0.0018710858693135,0.01,2025-12-06T15:49:38Z
CDS,,LS,78,-0.0383309483669025,0.01,2025-12-06T15:49:38Z
CDS,,LS,79,-0.0196555304321823,0.01,2025-12-06T15:49:38Z
CDS,,LS,80,-0.0162571824811623,0.01,2025-12-06T15:49:38Z
CDS,,LS,81,0.0208590314202662,0.01,2025-12-06T15:49:38Z
CDS,,LS,82,-0.0269205728630557,0.01,2025-12-06T15:49:38Z
CDS,,LS,83,-0.048933734546171,0.01,2025-12-06T15:49:38Z
CDS,,LS,84,-0.0310303146386978,0.01,2025-12-06T15:49:38Z
CDS,,LS,85,0.0142721402224781,0.01,2025-12-06T15:49:38Z
CDS,,LS,86,-0.056136827960838,0.01,2025-12-06T15:49:38Z
CDS,,LS,87,-0.027225132793867,0.01,2025-12-06T15:49:38Z
CDS,,LS,88,0.0022032357053751,0.01,2025-12-06T15:49:38Z
CDS,,LS,89,0.004585679197606,0.01,2025-12-06T15:49:38Z
CDS,,LS,90,-0.0278988660261005,0.01,2025-12-06T15:49:38Z
CDS,,LS,91,-0.0250790373105801,0.01,2025-12-06T15:49:38Z
CDS,,LS,92,-0.0354997690814244,0.01,2025-12-06T15:49:38Z
CDS,,LS,93,0.0180740131313294,0.01,2025-12-06T15:49:38Z
CDS,,LS,94,-0.0336732029286678,0.01,2025-12-06T15:49:38Z
CDS,,LS,95,-0.0404816352567021,0.01,2025-12-06T15:49:38Z
CDS,,LS,96,-0.0339546582437712,0.01,2025-12-06T15:49:38Z
CDS,,LS,97,0.0150720515992411,0.01,2025-12-06T15:49:39Z
CDS,,LS,98,-0.0170785970039562,0.01,2025-12-06T15:49:39Z
CDS,,LS,99,-0.0127995766015809,0.01,2025-12-06T15:49:39Z
CDS,,LS,100,0.0129078681591378,0.01,2025-12-06T15:49:39Z
CDS,,LS-s,1,0.0569030955975299,0.01,2025-12-06T15:49:39Z
CDS,,LS-s,2,0.0630888750660058,0.01,2025-12-06T15:49:39Z
CDS,,LS-s,3,0.017358409929858,0.01,2025-12-06T15:49:39Z
CDS,,LS-s,4,0.0422661855779797,0.01,2025-12-06T15:49:39Z
CDS,,LS-s,5,0.0522451037333158,0.01,2025-12-06T15:49:39Z
CDS,,LS-s,6,0.009694019126482,0.01,2025-12-06T15:49:39Z
CDS,,LS-s,7,0.0668407344402762,0.01,2025-12-06T15:49:39Z
CDS,,LS-s,8,0.0581066577568883,0.01,2025-12-06T15:49:39Z
CDS,,LS-s,9,0.0276827055247833,0.01,2025-12-06T15:49:39Z
CDS,,LS-s,10,0.0503852198908875,0.01,2025-12-06T15:49:39Z
CDS,,LS-s,11,0.0590147874499559,0.01,2025-12-06T15:49:39Z
CDS,,LS-s,12,0.0279617125767091,0.01,2025-12-06T15:49:39Z
CDS,,LS-s,13,0.0076188750431601,0.01,2025-12-06T15:49:39Z
CDS,,LS-s,14,0.038969868255611,0.01,2025-12-06T15:49:39Z
CDS,,LS-s,15,0.0338436179920491,0.01,2025-12-06T15:49:39Z
CDS,,LS-s,16,-0.0340009730421388,0.01,2025-12-06T15:49:39Z
CDS,,LS-s,17,0.0420379285839383,0.01,2025-12-06T15:49:39Z
CDS,,LS-s,18,0.0471773625258605,0.01,2025-12-06T15:49:39Z
CDS,,LS-s,19,0.0056666715450391,0.01,2025-12-06T15:49:39Z
CDS,,LS-s,20,0.0529721234643535,0.01,2025-12-06T15:49:39Z
CDS,,LS-s,21,-0.0146217967598036,0.01,2025-12-06T15:49:40Z
CDS,,LS-s,22,-0.0219932747750438,0.01,2025-12-06T15:49:40Z
CDS,,LS-s,23,0.0204319062847826,0.01,2025-12-06T15:49:40Z
CDS,,LS-s,24,0.0237974376461422,0.01,2025-12-06T15:49:40Z
CDS,,LS-s,25,0.0418281427673738,0.01,2025-12-06T15:49:40Z
CDS,,LS-s,26,0.0450792158663199,0.01,2025-12-06T15:49:40Z
CDS,,LS-s,27,0.0422424101230128,0.01,2025-12-06T15:49:40Z
CDS,,LS-s,28,0.0289271757708739,0.01,2025-12-06T15:49:40Z
CDS,,LS-s,29,0.0530383189775845,0.01,2025-12-06T15:49:40Z
CDS,,LS-s,30,0.0492811017991625,0.01,2025-12-06T15:49:40Z
CDS,,LS-s,31,0.0394326542866259,0.01,2025-12-06T15:49:40Z
CDS,,LS-s,32,0.0366331569770667,0.01,2025-12-06T15:49:40Z
CDS,,LS-s,33,0.0591878166271444,0.01,2025-12-06T15:49:40Z
CDS,,LS-s,34,-0.0023685353799162,0.01,2025-12-06T15:49:40Z
CDS,,LS-s,35,0.0465669755198651,0.01,2025-12-06T15:49:40Z
CDS,,LS-s,36,0.0315819507274753,0.01,2025-12-06T15:49:40Z
CDS,,LS-s,37,0.0399230011741869,0.01,2025-12-06T15:49:40Z
CDS,,LS-s,38,0.0507123798030996,0.01,2025-12-06T15:49:40Z
CDS,,LS-s,39,0.0247672126632699,0.01,2025-12-06T15:49:40Z
CDS,,LS-s,40,0.0456739127853325,0.01,2025-12-06T15:49:40Z
CDS,,LS-s,41,0.0407106668777061,0.01,2025-12-06T15:49:40Z
CDS,,LS-s,42,0.0186662522104549,0.01,2025-12-06T15:49:40Z
CDS,,LS-s,43,0.0417084617667026,0.01,2025-12-06T15:49:40Z
CDS,,LS-s,44,0.038632184988062,0.01,2025-12-06T15:49:40Z
CDS,,LS-s,45,0.0462498853580136,0.01,2025-12-06T15:49:40Z
CDS,,LS-s,46,0.015000377629705,0.01,2025-12-06T15:49:41Z
CDS,,LS-s,47,0.0313277145519173,0.01,2025-12-06T15:49:41Z
CDS,,LS-s,48,0.0468911964549942,0.01,2025-12-06T15:49:41Z
CDS,,LS-s,49,0.0392351856778353,0.01,2025-12-06T15:49:41Z
CDS,,LS-s,50,0.0522268180869677,0.01,2025-12-06T15:49:41Z
CDS,,LS-s,51,0.0578493723243226,0.01,2025-12-06T15:49:41Z
CDS,,LS-s,52,0.0452822860299324,0.01,2025-12-06T15:49:41Z
CDS,,LS-s,53,0.0622436055263436,0.01,2025-12-06T15:49:41Z
CDS,,LS-s,54,0.0331848960779066,0.01,2025-12-06T15:49:41Z
CDS,,LS-s,55,0.0389204750386908,0.01,2025-12-06T15:49:41Z
CDS,,LS-s,56,0.022305879012191,0.01,2025-12-06T15:49:41Z
CDS,,LS-s,57,0.0299851322448982,0.01,2025-12-06T15:49:41Z
CDS,,LS-s,58,0.0433348356966978,0.01,2025-12-06T15:49:41Z
CDS,,LS-s,59,0.0028709099363981,0.01,2025-12-06T15:49:41Z
CDS,,LS-s,60,0.0613506063007416,0.01,2025-12-06T15:49:41Z
CDS,,LS-s,61,0.0315951131214662,0.01,2025-12-06T15:49:41Z
CDS,,LS-s,62,0.0307831596045166,0.01,2025-12-06T15:49:41Z
CDS,,LS-s,63,0.047905037059407,0.01,2025-12-06T15:49:41Z
CDS,,LS-s,64,0.0415929215043274,0.01,2025-12-06T15:49:41Z
CDS,,LS-s,65,0.032407675322528,0.01,2025-12-06T15:49:41Z
CDS,,LS-s,66,0.0218726285343424,0.01,2025-12-06T15:49:41Z
CDS,,LS-s,67,0.0599223050163,0.01,2025-12-06T15:49:41Z
CDS,,LS-s,68,0.0131075456287745,0.01,2025-12-06T15:49:41Z
CDS,,LS-s,69,0.0430178932291163,0.01,2025-12-06T15:49:41Z
CDS,,LS-s,70,0.0547467715788821,0.01,2025-12-06T15:49:42Z
CDS,,LS-s,71,0.0306037546704714,0.01,2025-12-06T15:49:42Z
CDS,,LS-s,72,0.0260329350598422,0.01,2025-12-06T15:49:42Z
CDS,,LS-s,73,0.0441884852592841,0.01,2025-12-06T15:49:42Z
CDS,,LS-s,74,0.0498768064788913,0.01,2025-12-06T15:49:42Z
CDS,,LS-s,75,0.063266062198689,0.01,2025-12-06T15:49:42Z
CDS,,LS-s,76,0.0286237654091176,0.01,2025-12-06T15:49:42Z
CDS,,LS-s,77,0.0188917202770146,0.01,2025-12-06T15:49:42Z
CDS,,LS-s,78,0.049724441500121,0.01,2025-12-06T15:49:42Z
CDS,,LS-s,79,0.0491552344261652,0.01,2025-12-06T15:49:42Z
CDS,,LS-s,80,0.0231355668695458,0.01,2025-12-06T15:49:42Z
CDS,,LS-s,81,0.0403154795242004,0.01,2025-12-06T15:49:42Z
CDS,,LS-s,82,0.0432719344825142,0.01,2025-12-06T15:49:42Z
CDS,,LS-s,83,0.0604051505328106,0.01,2025-12-06T15:49:42Z
CDS,,LS-s,84,0.0458914286422651,0.01,2025-12-06T15:49:42Z
CDS,,LS-s,85,0.0386378620314525,0.01,2025-12-06T15:49:42Z
CDS,,LS-s,86,0.0212865884268504,0.01,2025-12-06T15:49:42Z
CDS,,LS-s,87,0.0374468031658957,0.01,2025-12-06T15:49:42Z
CDS,,LS-s,88,0.0323914469892201,0.01,2025-12-06T15:49:42Z
CDS,,LS-s,89,0.0480962807168378,0.01,2025-12-06T15:49:42Z
CDS,,LS-s,90,0.0584769169270976,0.01,2025-12-06T15:49:42Z
CDS,,LS-s,91,0.0350852597697887,0.01,2025-12-06T15:49:42Z
CDS,,LS-s,92,0.0391395594901785,0.01,2025-12-06T15:49:42Z
CDS,,LS-s,93,0.0458822801175095,0.01,2025-12-06T15:49:43Z
CDS,,LS-s,94,0.035340203487976,0.01,2025-12-06T15:49:43Z
CDS,,LS-s,95,-0.0087196935977402,0.01,2025-12-06T15:49:43Z
CDS,,LS-s,96,0.0492274377814098,0.01,2025-12-06T15:49:43Z
CDS,,LS-s,97,0.039321422967111,0.01,2025-12-06T15:49:43Z
CDS,,LS-s,98,0.0546836944258668,0.01,2025-12-06T15:49:43Z
CDS,,LS-s,99,0.0396987652161423,0.01,2025-12-06T15:49:43Z
CDS,,LS-s,100,0.0356083067520759,0.01,2025-12-06T15:49:43Z
CDS,,MN-U,1,-0.0098094283377566,0.01,2025-12-06T15:49:43Z
CDS,,MN-U,2,-0.0117542862805446,0.01,2025-12-06T15:49:43Z
CDS,,MN-U,3,-0.0076732800197388,0.01,2025-12-06T15:49:43Z
CDS,,MN-U,4,0.0156964163791841,0.01,2025-12-06T15:49:43Z
CDS,,MN-U,5,-0.005727678957995,0.01,2025-12-06T15:49:43Z
CDS,,MN-U,6,-0.0148922594138342,0.01,2025-12-06T15:49:43Z
CDS,,MN-U,7,-0.0027238326832774,0.01,2025-12-06T15:49:43Z
CDS,,MN-U,8,0.0092015246306316,0.01,2025-12-06T15:49:43Z
CDS,,MN-U,9,-0.0119098685139502,0.01,2025-12-06T15:49:43Z
CDS,,MN-U,10,-0.0044644761992936,0.01,2025-12-06T15:49:43Z
CDS,,MN-U,11,0.0011733229367529,0.01,2025-12-06T15:49:43Z
CDS,,MN-U,12,-0.0098068737339475,0.01,2025-12-06T15:49:43Z
CDS,,MN-U,13,-0.0083439115083183,0.01,2025-12-06T15:49:43Z
CDS,,MN-U,14,-0.0117541072234969,0.01,2025-12-06T15:49:43Z
CDS,,MN-U,15,-0.0145735223247977,0.01,2025-12-06T15:49:43Z
CDS,,MN-U,16,-0.0020667610908439,0.01,2025-12-06T15:49:43Z
CDS,,MN-U,17,0.0165361343567439,0.01,2025-12-06T15:49:44Z
CDS,,MN-U,18,-0.0012720595783049,0.01,2025-12-06T15:49:44Z
CDS,,MN-U,19,-0.0037088769071095,0.01,2025-12-06T15:49:44Z
CDS,,MN-U,20,0.0072173693645471,0.01,2025-12-06T15:49:44Z
CDS,,MN-U,21,-0.011201971144572,0.01,2025-12-06T15:49:44Z
CDS,,MN-U,22,-0.0143602469361469,0.01,2025-12-06T15:49:44Z
CDS,,MN-U,23,-0.0001872406103927,0.01,2025-12-06T15:49:44Z
CDS,,MN-U,24,-0.0145913696551581,0.01,2025-12-06T15:49:44Z
CDS,,MN-U,25,-0.0027983232311817,0.01,2025-12-06T15:49:44Z
CDS,,MN-U,26,-0.0023610489514425,0.01,2025-12-06T15:49:44Z
CDS,,MN-U,27,0.0083929030315213,0.01,2025-12-06T15:49:44Z
CDS,,MN-U,28,0.0210029267130063,0.01,2025-12-06T15:49:44Z
CDS,,MN-U,29,0.0050315470786552,0.01,2025-12-06T15:49:44Z
CDS,,MN-U,30,-0.0072194464363014,0.01,2025-12-06T15:49:44Z
CDS,,MN-U,31,-0.0086207551627788,0.01,2025-12-06T15:49:44Z
CDS,,MN-U,32,-0.0205652016684684,0.01,2025-12-06T15:49:44Z
CDS,,MN-U,33,0.0190594974555899,0.01,2025-12-06T15:49:44Z
CDS,,MN-U,34,0.0042551939599074,0.01,2025-12-06T15:49:44Z
CDS,,MN-U,35,-0.0076673132207293,0.01,2025-12-06T15:49:44Z
CDS,,MN-U,36,0.001149224880034,0.01,2025-12-06T15:49:44Z
CDS,,MN-U,37,0.0060704935490885,0.01,2025-12-06T15:49:44Z
CDS,,MN-U,38,-0.001579065343362,0.01,2025-12-06T15:49:44Z
CDS,,MN-U,39,-0.0040850437265579,0.01,2025-12-06T15:49:45Z
CDS,,MN-U,40,-0.0139326491887435,0.01,2025-12-06T15:49:45Z
CDS,,MN-U,41,0.002686083903727,0.01,2025-12-06T15:49:45Z
CDS,,MN-U,42,-0.0070741820895853,0.01,2025-12-06T15:49:45Z
CDS,,MN-U,43,-0.036007765544006,0.01,2025-12-06T15:49:45Z
CDS,,MN-U,44,-0.0056788060432329,0.01,2025-12-06T15:49:45Z
CDS,,MN-U,45,0.0005311122361003,0.01,2025-12-06T15:49:45Z
CDS,,MN-U,46,-0.0029091225791257,0.01,2025-12-06T15:49:45Z
CDS,,MN-U,47,-0.0167947333409957,0.01,2025-12-06T15:49:45Z
CDS,,MN-U,48,-0.0077233937842732,0.01,2025-12-06T15:49:45Z
CDS,,MN-U,49,-0.0110504581347133,0.01,2025-12-06T15:49:45Z
CDS,,MN-U,50,-0.0067915970119289,0.01,2025-12-06T15:49:45Z
CDS,,MN-U,51,-0.0189795283537767,0.01,2025-12-06T15:49:45Z
CDS,,MN-U,52,-0.0057421900301486,0.01,2025-12-06T15:49:45Z
CDS,,MN-U,53,-0.0202363454013353,0.01,2025-12-06T15:49:45Z
CDS,,MN-U,54,-0.0133677984897139,0.01,2025-12-06T15:49:45Z
CDS,,MN-U,55,0.0147563680175602,0.01,2025-12-06T15:49:45Z
CDS,,MN-U,56,0.0053603403150554,0.01,2025-12-06T15:49:45Z
CDS,,MN-U,57,-0.0085794924702974,0.01,2025-12-06T15:49:45Z
CDS,,MN-U,58,-0.0055304411615993,0.01,2025-12-06T15:49:45Z
CDS,,MN-U,59,-0.0130806055183294,0.01,2025-12-06T15:49:45Z
CDS,,MN-U,60,0.0090135751894231,0.01,2025-12-06T15:49:45Z
CDS,,MN-U,61,0.0080354678322529,0.01,2025-12-06T15:49:45Z
CDS,,MN-U,62,-0.0109422089681828,0.01,2025-12-06T15:49:46Z
CDS,,MN-U,63,-0.0180072858737355,0.01,2025-12-06T15:49:46Z
CDS,,MN-U,64,0.026089620625664,0.01,2025-12-06T15:49:46Z
CDS,,MN-U,65,-0.0005225642785888,0.01,2025-12-06T15:49:46Z
CDS,,MN-U,66,-0.0143186500182321,0.01,2025-12-06T15:49:46Z
CDS,,MN-U,67,-0.0093296657689819,0.01,2025-12-06T15:49:46Z
CDS,,MN-U,68,-0.0144877426212726,0.01,2025-12-06T15:49:46Z
CDS,,MN-U,69,-0.0277643186927051,0.01,2025-12-06T15:49:46Z
CDS,,MN-U,70,-0.015219857008772,0.01,2025-12-06T15:49:46Z
CDS,,MN-U,71,0.0104006269281062,0.01,2025-12-06T15:49:46Z
CDS,,MN-U,72,-0.0068651219048861,0.01,2025-12-06T15:49:46Z
CDS,,MN-U,73,-0.0108982371126411,0.01,2025-12-06T15:49:46Z
CDS,,MN-U,74,0.0071121353844302,0.01,2025-12-06T15:49:46Z
CDS,,MN-U,75,-0.0114732249121322,0.01,2025-12-06T15:49:46Z
CDS,,MN-U,76,0.0102933687653673,0.01,2025-12-06T15:49:46Z
CDS,,MN-U,77,-0.0045324323527713,0.01,2025-12-06T15:49:46Z
CDS,,MN-U,78,-0.019786129039155,0.01,2025-12-06T15:49:46Z
CDS,,MN-U,79,0.0080596015844682,0.01,2025-12-06T15:49:46Z
CDS,,MN-U,80,-0.0163902233190241,0.01,2025-12-06T15:49:46Z
CDS,,MN-U,81,-0.0032954968897267,0.01,2025-12-06T15:49:46Z
CDS,,MN-U,82,-0.0064290150575898,0.01,2025-12-06T15:49:46Z
CDS,,MN-U,83,-0.0140097327572356,0.01,2025-12-06T15:49:46Z
CDS,,MN-U,84,-0.0107194966284349,0.01,2025-12-06T15:49:46Z
CDS,,MN-U,85,-0.0186432049690331,0.01,2025-12-06T15:49:47Z
CDS,,MN-U,86,-0.0096156114058795,0.01,2025-12-06T15:49:47Z
CDS,,MN-U,87,0.0089311518458815,0.01,2025-12-06T15:49:47Z
CDS,,MN-U,88,-0.000389616127363,0.01,2025-12-06T15:49:47Z
CDS,,MN-U,89,-0.0053767174380949,0.01,2025-12-06T15:49:47Z
CDS,,MN-U,90,0.0172357533973527,0.01,2025-12-06T15:49:47Z
CDS,,MN-U,91,0.0046560077993183,0.01,2025-12-06T15:49:47Z
CDS,,MN-U,92,0.003832080829484,0.01,2025-12-06T15:49:47Z
CDS,,MN-U,93,0.0107542509362322,0.01,2025-12-06T15:49:47Z
CDS,,MN-U,94,-0.0054818165315086,0.01,2025-12-06T15:49:47Z
CDS,,MN-U,95,-0.0059156886247299,0.01,2025-12-06T15:49:47Z
CDS,,MN-U,96,-0.0056517794391686,0.01,2025-12-06T15:49:47Z
CDS,,MN-U,97,-0.0083240717010998,0.01,2025-12-06T15:49:47Z
CDS,,MN-U,98,0.0036475528301637,0.01,2025-12-06T15:49:47Z
CDS,,MN-U,99,0.004395588955107,0.01,2025-12-06T15:49:47Z
CDS,,MN-U,100,-0.002380430383656,0.01,2025-12-06T15:49:47Z
HECI,,AN,1,-491.938601865867,0.01,2025-12-06T15:49:47Z
HECI,,AN,2,-1030.25804251907,0.01,2025-12-06T15:49:47Z
HECI,,AN,3,-1353.89982447882,0.01,2025-12-06T15:49:47Z
HECI,,AN,4,-1452.87907656486,0.01,2025-12-06T15:49:47Z
HECI,,AN,5,-1897.24280155737,0.01,2025-12-06T15:49:48Z
HECI,,AN,6,-1678.17475289781,0.01,2025-12-06T15:49:48Z
HECI,,AN,7,-1851.90796031859,0.01,2025-12-06T15:49:48Z
HECI,,AN,8,-1106.37583566532,0.01,2025-12-06T15:49:48Z
HECI,,AN,9,-557.054917545216,0.01,2025-12-06T15:49:48Z
HECI,,AN,10,-1734.19514240256,0.01,2025-12-06T15:49:48Z
HECI,,AN,11,-250.354744490324,0.01,2025-12-06T15:49:48Z
HECI,,AN,12,-1107.98224238564,0.01,2025-12-06T15:49:48Z
HECI,,AN,13,-414.268988583866,0.01,2025-12-06T15:49:48Z
HECI,,AN,14,-1074.95711492109,0.01,2025-12-06T15:49:48Z
HECI,,AN,15,-1101.34071107224,0.01,2025-12-06T15:49:48Z
HECI,,AN,16,-1134.00802663274,0.01,2025-12-06T15:49:48Z
HECI,,AN,17,-1270.27673370771,0.01,2025-12-06T15:49:48Z
HECI,,AN,18,284.194051298038,0.01,2025-12-06T15:49:48Z
HECI,,AN,19,-486.975770493767,0.01,2025-12-06T15:49:48Z
HECI,,AN,20,-1502.58536832704,0.01,2025-12-06T15:49:48Z
HECI,,AN,21,-1012.87814133647,0.01,2025-12-06T15:49:48Z
HECI,,AN,22,-976.271982624437,0.01,2025-12-06T15:49:48Z
HECI,,AN,23,-365.855378054358,0.01,2025-12-06T15:49:48Z
HECI,,AN,24,-548.634648806898,0.01,2025-12-06T15:49:49Z
HECI,,AN,25,-1905.28265704315,0.01,2025-12-06T15:49:49Z
HECI,,AN,26,-2176.18473473317,0.01,2025-12-06T15:49:49Z
HECI,,AN,27,-508.885204136044,0.01,2025-12-06T15:49:49Z
HECI,,AN,28,181.962330976709,0.01,2025-12-06T15:49:49Z
HECI,,AN,29,-1207.69110985902,0.01,2025-12-06T15:49:49Z
HECI,,AN,30,-726.115972178146,0.01,2025-12-06T15:49:49Z
HECI,,AN,31,-1108.45789070444,0.01,2025-12-06T15:49:49Z
HECI,,AN,32,-2381.46896621946,0.01,2025-12-06T15:49:49Z
HECI,,AN,33,-1728.79969882718,0.01,2025-12-06T15:49:49Z
HECI,,AN,34,-1897.71091868888,0.01,2025-12-06T15:49:49Z
HECI,,AN,35,-2034.19577759636,0.01,2025-12-06T15:49:49Z
HECI,,AN,36,-1316.8037402846,0.01,2025-12-06T15:49:49Z
HECI,,AN,37,-516.404652885063,0.01,2025-12-06T15:49:49Z
HECI,,AN,38,-155.171559773471,0.01,2025-12-06T15:49:49Z
HECI,,AN,39,-1493.52559244095,0.01,2025-12-06T15:49:49Z
HECI,,AN,40,-346.13539016256,0.01,2025-12-06T15:49:49Z
HECI,,AN,41,-2020.19036099983,0.01,2025-12-06T15:49:49Z
HECI,,AN,42,-617.100916403146,0.01,2025-12-06T15:49:49Z
HECI,,AN,43,-1112.14238761354,0.01,2025-12-06T15:49:49Z
HECI,,AN,44,-923.238801962683,0.01,2025-12-06T15:49:50Z
HECI,,AN,45,-565.563537400814,0.01,2025-12-06T15:49:50Z
HECI,,AN,46,-1098.72073849981,0.01,2025-12-06T15:49:50Z
HECI,,AN,47,-995.458197292492,0.01,2025-12-06T15:49:50Z
HECI,,AN,48,-1829.73215613429,0.01,2025-12-06T15:49:50Z
HECI,,AN,49,-250.783626999152,0.01,2025-12-06T15:49:50Z
HECI,,AN,50,-1142.41526364224,0.01,2025-12-06T15:49:50Z
HECI,,AN,51,-951.107105256921,0.01,2025-12-06T15:49:50Z
HECI,,AN,52,-708.708473423543,0.01,2025-12-06T15:49:50Z
HECI,,AN,53,-1494.46719510286,0.01,2025-12-06T15:49:50Z
HECI,,AN,54,-1691.393269881,0.01,2025-12-06T15:49:50Z
HECI,,AN,55,-2075.5780596315,0.01,2025-12-06T15:49:50Z
HECI,,AN,56,-405.030671902006,0.01,2025-12-06T15:49:50Z
HECI,,AN,57,-1202.9681674333,0.01,2025-12-06T15:49:50Z
HECI,,AN,58,-519.518103252794,0.01,2025-12-06T15:49:50Z
HECI,,AN,59,-921.680173511456,0.01,2025-12-06T15:49:50Z
HECI,,AN,60,-345.453053585259,0.01,2025-12-06T15:49:50Z
HECI,,AN,61,-319.26057074116,0.01,2025-12-06T15:49:50Z
HECI,,AN,62,-979.299875727226,0.01,2025-12-06T15:49:50Z
HECI,,AN,63,-1813.48308902411,0.01,2025-12-06T15:49:51Z
HECI,,AN,64,-1460.53979539238,0.01,2025-12-06T15:49:51Z
HECI,,AN,65,-1821.45949211044,0.01,2025-12-06T15:49:51Z
HECI,,AN,66,-1124.94357320366,0.01,2025-12-06T15:49:51Z
HECI,,AN,67,-1586.76769775177,0.01,2025-12-06T15:49:51Z
HECI,,AN,68,-1675.71920768825,0.01,2025-12-06T15:49:51Z
HECI,,AN,69,-1772.04642474466,0.01,2025-12-06T15:49:51Z
HECI,,AN,70,-668.874908332765,0.01,2025-12-06T15:49:51Z
HECI,,AN,71,-991.558816551616,0.01,2025-12-06T15:49:51Z
HECI,,AN,72,-1122.88516486651,0.01,2025-12-06T15:49:51Z
HECI,,AN,73,-1464.28526282986,0.01,2025-12-06T15:49:51Z
HECI,,AN,74,-760.893392249591,0.01,2025-12-06T15:49:51Z
HECI,,AN,75,-1474.23031951438,0.01,2025-12-06T15:49:51Z
HECI,,AN,76,-320.180009033841,0.01,2025-12-06T15:49:51Z
HECI,,AN,77,-897.659741702968,0.01,2025-12-06T15:49:51Z
HECI,,AN,78,-1221.70708330463,0.01,2025-12-06T15:49:51Z
HECI,,AN,79,-1384.90070223817,0.01,2025-12-06T15:49:51Z
HECI,,AN,80,-756.385866755204,0.01,2025-12-06T15:49:51Z
HECI,,AN,81,-1406.5867397985,0.01,2025-12-06T15:49:51Z
HECI,,AN,82,-2030.54722938346,0.01,2025-12-06T15:49:52Z
HECI,,AN,83,-553.906864486738,0.01,2025-12-06T15:49:52Z
HECI,,AN,84,-1299.33436980456,0.01,2025-12-06T15:49:52Z
HECI,,AN,85,-1118.93052660513,0.01,2025-12-06T15:49:52Z
HECI,,AN,86,-299.53338071483,0.01,2025-12-06T15:49:52Z
HECI,,AN,87,-1086.49807100849,0.01,2025-12-06T15:49:52Z
HECI,,AN,88,-1599.81886358308,0.01,2025-12-06T15:49:52Z
HECI,,AN,89,-356.35156609445,0.01,2025-12-06T15:49:52Z
HECI,,AN,90,-730.501907848251,0.01,2025-12-06T15:49:52Z
HECI,,AN,91,-705.483126757159,0.01,2025-12-06T15:49:52Z
HECI,,AN,92,-1712.25821645561,0.01,2025-12-06T15:49:52Z
HECI,,AN,93,-825.623700900474,0.01,2025-12-06T15:49:52Z
HECI,,AN,94,-302.546560538594,0.01,2025-12-06T15:49:52Z
HECI,,AN,95,-803.615196501679,0.01,2025-12-06T15:49:52Z
HECI,,AN,96,-945.453463237914,0.01,2025-12-06T15:49:52Z
HECI,,AN,97,-1340.00999226159,0.01,2025-12-06T15:49:52Z
HECI,,AN,98,-1307.71990285509,0.01,2025-12-06T15:49:52Z
HECI,,AN,99,-1504.16225762107,0.01,2025-12-06T15:49:52Z
HECI,,AN,100,-828.770609722565,0.01,2025-12-06T15:49:53Z
HECI,,AN-s,1,-863.364730826369,0.01,2025-12-06T15:49:53Z
HECI,,AN-s,2,-88.088279612768,0.01,2025-12-06T15:49:53Z
HECI,,AN-s,3,-548.635674517438,0.01,2025-12-06T15:49:53Z
HECI,,AN-s,4,-114.300656421972,0.01,2025-12-06T15:49:53Z
HECI,,AN-s,5,-283.018976050202,0.01,2025-12-06T15:49:53Z
HECI,,AN-s,6,-331.709405019159,0.01,2025-12-06T15:49:53Z
HECI,,AN-s,7,264.961662541835,0.01,2025-12-06T15:49:53Z
HECI,,AN-s,8,412.577702557844,0.01,2025-12-06T15:49:53Z
HECI,,AN-s,9,129.511956844703,0.01,2025-12-06T15:49:53Z
HECI,,AN-s,10,23.9937282813089,0.01,2025-12-06T15:49:53Z
HECI,,AN-s,11,-45.259449444774,0.01,2025-12-06T15:49:53Z
HECI,,AN-s,12,-157.089770307181,0.01,2025-12-06T15:49:53Z
HECI,,AN-s,13,-120.680932286799,0.01,2025-12-06T15:49:53Z
HECI,,AN-s,14,390.365962873315,0.01,2025-12-06T15:49:53Z
HECI,,AN-s,15,197.694253433435,0.01,2025-12-06T15:49:53Z
HECI,,AN-s,16,305.354229187174,0.01,2025-12-06T15:49:53Z
HECI,,AN-s,17,-897.577921397369,0.01,2025-12-06T15:49:53Z
HECI,,AN-s,18,-78.4479337151624,0.01,2025-12-06T15:49:54Z
HECI,,AN-s,19,-33.524601625074,0.01,2025-12-06T15:49:54Z
HECI,,AN-s,20,-24.8245747942592,0.01,2025-12-06T15:49:54Z
HECI,,AN-s,21,-341.656319272864,0.01,2025-12-06T15:49:54Z
HECI,,AN-s,22,71.467824493956,0.01,2025-12-06T15:49:54Z
HECI,,AN-s,23,642.541417865703,0.01,2025-12-06T15:49:54Z
HECI,,AN-s,24,472.812013364583,0.01,2025-12-06T15:49:54Z
HECI,,AN-s,25,50.1473406499217,0.01,2025-12-06T15:49:54Z
HECI,,AN-s,26,-462.082872762543,0.01,2025-12-06T15:49:54Z
HECI,,AN-s,27,-79.8845041969462,0.01,2025-12-06T15:49:54Z
HECI,,AN-s,28,-766.80304395776,0.01,2025-12-06T15:49:54Z
HECI,,AN-s,29,173.178994829321,0.01,2025-12-06T15:49:54Z
HECI,,AN-s,30,526.039830815139,0.01,2025-12-06T15:49:54Z
HECI,,AN-s,31,-707.587054087024,0.01,2025-12-06T15:49:54Z
HECI,,AN-s,32,47.2144012887129,0.01,2025-12-06T15:49:54Z
HECI,,AN-s,33,-333.526842580291,0.01,2025-12-06T15:49:54Z
HECI,,AN-s,34,-212.656129646676,0.01,2025-12-06T15:49:54Z
HECI,,AN-s,35,850.540579010907,0.01,2025-12-06T15:49:54Z
HECI,,AN-s,36,-1086.50480164565,0.01,2025-12-06T15:49:54Z
HECI,,AN-s,37,-205.494039708878,0.01,2025-12-06T15:49:55Z
HECI,,AN-s,38,5.48621508971792,0.01,2025-12-06T15:49:55Z
HECI,,AN-s,39,387.744067242313,0.01,2025-12-06T15:49:55Z
HECI,,AN-s,40,-1133.84869370994,0.01,2025-12-06T15:49:55Z
HECI,,AN-s,41,395.503429829174,0.01,2025-12-06T15:49:55Z
HECI,,AN-s,42,205.83732998226,0.01,2025-12-06T15:49:55Z
HECI,,AN-s,43,-900.026087759893,0.01,2025-12-06T15:49:55Z
HECI,,AN-s,44,-217.330518985777,0.01,2025-12-06T15:49:55Z
HECI,,AN-s,45,268.191476065872,0.01,2025-12-06T15:49:55Z
HECI,,AN-s,46,-726.52217284957,0.01,2025-12-06T15:49:55Z
HECI,,AN-s,47,-163.718103513216,0.01,2025-12-06T15:49:55Z
HECI,,AN-s,48,147.329775272787,0.01,2025-12-06T15:49:55Z
HECI,,AN-s,49,-625.010500982537,0.01,2025-12-06T15:49:55Z
HECI,,AN-s,50,-6.94807240207228,0.01,2025-12-06T15:49:55Z
HECI,,AN-s,51,-33.3147211801634,0.01,2025-12-06T15:49:55Z
HECI,,AN-s,52,-652.270719005628,0.01,2025-12-06T15:49:55Z
HECI,,AN-s,53,-303.25115466035,0.01,2025-12-06T15:49:55Z
HECI,,AN-s,54,264.985198207228,0.01,2025-12-06T15:49:55Z
HECI,,AN-s,55,159.797566662539,0.01,2025-12-06T15:49:56Z
HECI,,AN-s,56,390.993258552656,0.01,2025-12-06T15:49:56Z
HECI,,AN-s,57,107.005529826533,0.01,2025-12-06T15:49:56Z
HECI,,AN-s,58,93.5664499483728,0.01,2025-12-06T15:49:56Z
HECI,,AN-s,59,-780.746033694943,0.01,2025-12-06T15:49:56Z
HECI,,AN-s,60,-866.02778160788,0.01,2025-12-06T15:49:56Z
HECI,,AN-s,61,466.689120113349,0.01,2025-12-06T15:49:56Z
HECI,,AN-s,62,698.987077500869,0.01,2025-12-06T15:49:56Z
HECI,,AN-s,63,-853.072008887451,0.01,2025-12-06T15:49:56Z
HECI,,AN-s,64,180.749776299316,0.01,2025-12-06T15:49:56Z
HECI,,AN-s,65,1163.48858195684,0.01,2025-12-06T15:49:56Z
HECI,,AN-s,66,-11.7937917922636,0.01,2025-12-06T15:49:56Z
HECI,,AN-s,67,-146.419979690992,0.01,2025-12-06T15:49:56Z
HECI,,AN-s,68,467.395001027989,0.01,2025-12-06T15:49:56Z
HECI,,AN-s,69,555.439865207853,0.01,2025-12-06T15:49:56Z
HECI,,AN-s,70,-648.687327988558,0.01,2025-12-06T15:49:56Z
HECI,,AN-s,71,-455.62816257711,0.01,2025-12-06T15:49:56Z
HECI,,AN-s,72,-335.033140415898,0.01,2025-12-06T15:49:56Z
HECI,,AN-s,73,84.2786346985731,0.01,2025-12-06T15:49:57Z
HECI,,AN-s,74,419.515966865058,0.01,2025-12-06T15:49:57Z
HECI,,AN-s,75,-203.392819660889,0.01,2025-12-06T15:49:57Z
HECI,,AN-s,76,211.52195863033,0.01,2025-12-06T15:49:57Z
HECI,,AN-s,77,-425.721415253128,0.01,2025-12-06T15:49:57Z
HECI,,AN-s,78,-194.328093615656,0.01,2025-12-06T15:49:57Z
HECI,,AN-s,79,-242.444607942703,0.01,2025-12-06T15:49:57Z
HECI,,AN-s,80,619.68334107211,0.01,2025-12-06T15:49:57Z
HECI,,AN-s,81,-676.346213496183,0.01,2025-12-06T15:49:57Z
HECI,,AN-s,82,744.211424726253,0.01,2025-12-06T15:49:57Z
HECI,,AN-s,83,-619.908812478707,0.01,2025-12-06T15:49:57Z
HECI,,AN-s,84,-809.006747028273,0.01,2025-12-06T15:49:57Z
HECI,,AN-s,85,-126.158961745712,0.01,2025-12-06T15:49:57Z
HECI,,AN-s,86,671.739569255612,0.01,2025-12-06T15:49:57Z
HECI,,AN-s,87,164.024326267657,0.01,2025-12-06T15:49:57Z
HECI,,AN-s,88,-1077.88327827047,0.01,2025-12-06T15:49:57Z
HECI,,AN-s,89,-1056.65007176855,0.01,2025-12-06T15:49:57Z
HECI,,AN-s,90,18.1714260415001,0.01,2025-12-06T15:49:57Z
HECI,,AN-s,91,-453.422299577979,0.01,2025-12-06T15:49:58Z
HECI,,AN-s,92,509.554440960716,0.01,2025-12-06T15:49:58Z
HECI,,AN-s,93,521.251448326659,0.01,2025-12-06T15:49:58Z
HECI,,AN-s,94,-483.87793423274,0.01,2025-12-06T15:49:58Z
HECI,,AN-s,95,-596.215868584133,0.01,2025-12-06T15:49:58Z
HECI,,AN-s,96,678.489838796568,0.01,2025-12-06T15:49:58Z
HECI,,AN-s,97,-743.611185671301,0.01,2025-12-06T15:49:58Z
HECI,,AN-s,98,-48.6950422167274,0.01,2025-12-06T15:49:58Z
HECI,,AN-s,99,354.809344726242,0.01,2025-12-06T15:49:58Z
HECI,,AN-s,100,220.731826150018,0.01,2025-12-06T15:49:58Z
HECI,,LS,1,86.2101509829445,0.01,2025-12-06T15:49:58Z
HECI,,LS,2,-244.547863092022,0.01,2025-12-06T15:49:58Z
HECI,,LS,3,-3050.32849355181,0.01,2025-12-06T15:49:58Z
HECI,,LS,4,-901.972566456745,0.01,2025-12-06T15:49:58Z
HECI,,LS,5,-1700.84614160794,0.01,2025-12-06T15:49:58Z
HECI,,LS,6,-1358.76711642626,0.01,2025-12-06T15:49:58Z
HECI,,LS,7,192.506433072854,0.01,2025-12-06T15:49:58Z
HECI,,LS,8,-4272.27006588629,0.01,2025-12-06T15:49:58Z
HECI,,LS,9,-1820.49363192426,0.01,2025-12-06T15:49:58Z
HECI,,LS,10,-2011.56211032455,0.01,2025-12-06T15:49:58Z
HECI,,LS,11,-2058.31805205796,0.01,2025-12-06T15:49:59Z
HECI,,LS,12,-1786.69178304509,0.01,2025-12-06T15:49:59Z
HECI,,LS,13,35.6807712800828,0.01,2025-12-06T15:49:59Z
HECI,,LS,14,-4473.46268869356,0.01,2025-12-06T15:49:59Z
HECI,,LS,15,-610.163461941879,0.01,2025-12-06T15:49:59Z
HECI,,LS,16,183.586906150451,0.01,2025-12-06T15:49:59Z
HECI,,LS,17,-897.468340289084,0.01,2025-12-06T15:49:59Z
HECI,,LS,18,-1523.16796496383,0.01,2025-12-06T15:49:59Z
HECI,,LS,19,-1553.41491853783,0.01,2025-12-06T15:49:59Z
HECI,,LS,20,-2386.52377232621,0.01,2025-12-06T15:49:59Z
HECI,,LS,21,-3011.63980147288,0.01,2025-12-06T15:49:59Z
HECI,,LS,22,-1141.82552259544,0.01,2025-12-06T15:49:59Z
HECI,,LS,23,-3253.54997102545,0.01,2025-12-06T15:49:59Z
HECI,,LS,24,-2396.01805047562,0.01,2025-12-06T15:49:59Z
HECI,,LS,25,-566.395957307761,0.01,2025-12-06T15:49:59Z
HECI,,LS,26,-1610.58954999926,0.01,2025-12-06T15:49:59Z
HECI,,LS,27,-1100.34940220255,0.01,2025-12-06T15:49:59Z
HECI,,LS,28,-644.74134727199,0.01,2025-12-06T15:49:59Z
HECI,,LS,29,-901.522220585563,0.01,2025-12-06T15:49:59Z
HECI,,LS,30,-1501.25866723277,0.01,2025-12-06T15:49:59Z
HECI,,LS,31,-806.829969704555,0.01,2025-12-06T15:50:00Z
HECI,,LS,32,-2477.60233563855,0.01,2025-12-06T15:50:00Z
HECI,,LS,33,-190.369907390247,0.01,2025-12-06T15:50:00Z
HECI,,LS,34,-963.913519925099,0.01,2025-12-06T15:50:00Z
HECI,,LS,35,-2289.63199874338,0.01,2025-12-06T15:50:00Z
HECI,,LS,36,-414.757047135746,0.01,2025-12-06T15:50:00Z
HECI,,LS,37,-241.58865605685,0.01,2025-12-06T15:50:00Z
HECI,,LS,38,-2285.83869094624,0.01,2025-12-06T15:50:00Z
HECI,,LS,39,-2838.45980056119,0.01,2025-12-06T15:50:00Z
HECI,,LS,40,-419.317431631497,0.01,2025-12-06T15:50:00Z
HECI,,LS,41,-514.146625855296,0.01,2025-12-06T15:50:00Z
HECI,,LS,42,-1093.32582629666,0.01,2025-12-06T15:50:00Z
HECI,,LS,43,-2748.36416513668,0.01,2025-12-06T15:50:00Z
HECI,,LS,44,-2133.18818321865,0.01,2025-12-06T15:50:00Z
HECI,,LS,45,76.2509097544253,0.01,2025-12-06T15:50:00Z
HECI,,LS,46,-2340.06748446325,0.01,2025-12-06T15:50:00Z
HECI,,LS,47,-962.467237071663,0.01,2025-12-06T15:50:00Z
HECI,,LS,48,-62.321639814877,0.01,2025-12-06T15:50:00Z
HECI,,LS,49,-810.43588418091,0.01,2025-12-06T15:50:00Z
HECI,,LS,50,-2674.57829552013,0.01,2025-12-06T15:50:01Z
HECI,,LS,51,-1179.42766745,0.01,2025-12-06T15:50:01Z
HECI,,LS,52,-851.071984117046,0.01,2025-12-06T15:50:01Z
HECI,,LS,53,46.9960060755648,0.01,2025-12-06T15:50:01Z
HECI,,LS,54,-454.058693795852,0.01,2025-12-06T15:50:01Z
HECI,,LS,55,-227.14439245702,0.01,2025-12-06T15:50:01Z
HECI,,LS,56,-628.187443325975,0.01,2025-12-06T15:50:01Z
HECI,,LS,57,-128.879738305864,0.01,2025-12-06T15:50:01Z
HECI,,LS,58,-1355.18697212645,0.01,2025-12-06T15:50:01Z
HECI,,LS,59,-240.769362940566,0.01,2025-12-06T15:50:01Z
HECI,,LS,60,-882.546122846316,0.01,2025-12-06T15:50:01Z
HECI,,LS,61,-957.147327097819,0.01,2025-12-06T15:50:01Z
HECI,,LS,62,-1986.29127441085,0.01,2025-12-06T15:50:01Z
HECI,,LS,63,-4357.55053130987,0.01,2025-12-06T15:50:01Z
HECI,,LS,64,-4744.40418705813,0.01,2025-12-06T15:50:01Z
HECI,,LS,65,-1937.0554326464,0.01,2025-12-06T15:50:01Z
HECI,,LS,66,-667.060125346523,0.01,2025-12-06T15:50:02Z
HECI,,LS,67,-1551.79377644464,0.01,2025-12-06T15:50:02Z
HECI,,LS,68,-1148.69824448067,0.01,2025-12-06T15:50:02Z
HECI,,LS,69,-1908.30061458697,0.01,2025-12-06T15:50:02Z
HECI,,LS,70,-2769.50639374457,0.01,2025-12-06T15:50:02Z
HECI,,LS,71,-1326.66935233479,0.01,2025-12-06T15:50:02Z
HECI,,LS,72,-3213.92289645473,0.01,2025-12-06T15:50:02Z
HECI,,LS,73,-1070.02653124964,0.01,2025-12-06T15:50:02Z
HECI,,LS,74,-2196.12712714666,0.01,2025-12-06T15:50:02Z
HECI,,LS,75,-3447.883812798,0.01,2025-12-06T15:50:02Z
HECI,,LS,76,78.7895015220402,0.01,2025-12-06T15:50:02Z
HECI,,LS,77,-1891.1703019467,0.01,2025-12-06T15:50:02Z
HECI,,LS,78,-841.883542994493,0.01,2025-12-06T15:50:02Z
HECI,,LS,79,131.67291276963,0.01,2025-12-06T15:50:02Z
HECI,,LS,80,-2471.93538718752,0.01,2025-12-06T15:50:02Z
HECI,,LS,81,-1536.36200376932,0.01,2025-12-06T15:50:03Z
HECI,,LS,82,-2212.15054923344,0.01,2025-12-06T15:50:03Z
HECI,,LS,83,-1450.60562479501,0.01,2025-12-06T15:50:03Z
HECI,,LS,84,-924.917882325032,0.01,2025-12-06T15:50:03Z
HECI,,LS,85,-2904.86711328936,0.01,2025-12-06T15:50:03Z
HECI,,LS,86,-1429.66884400524,0.01,2025-12-06T15:50:03Z
HECI,,LS,87,-4021.12350694976,0.01,2025-12-06T15:50:03Z
HECI,,LS,88,-2349.19904536163,0.01,2025-12-06T15:50:03Z
HECI,,LS,89,-700.095691162875,0.01,2025-12-06T15:50:03Z
HECI,,LS,90,-2296.44704383613,0.01,2025-12-06T15:50:03Z
HECI,,LS,91,-1609.99312047087,0.01,2025-12-06T15:50:03Z
HECI,,LS,92,-3791.50088301026,0.01,2025-12-06T15:50:03Z
HECI,,LS,93,-775.282833975524,0.01,2025-12-06T15:50:03Z
HECI,,LS,94,-3801.57005068699,0.01,2025-12-06T15:50:03Z
HECI,,LS,95,-800.243773840008,0.01,2025-12-06T15:50:03Z
HECI,,LS,96,-3381.59090151203,0.01,2025-12-06T15:50:03Z
HECI,,LS,97,-681.466634436729,0.01,2025-12-06T15:50:03Z
HECI,,LS,98,-123.270994878379,0.01,2025-12-06T15:50:03Z
HECI,,LS,99,-493.930489791348,0.01,2025-12-06T15:50:03Z
HECI,,LS,100,-692.246965821379,0.01,2025-12-06T15:50:04Z
HECI,,LS-s,1,-35.3891594692104,0.01,2025-12-06T15:50:04Z
HECI,,LS-s,2,-223.428440380379,0.01,2025-12-06T15:50:04Z
HECI,,LS-s,3,566.291515652054,0.01,2025-12-06T15:50:04Z
HECI,,LS-s,4,-2106.78615589054,0.01,2025-12-06T15:50:04Z
HECI,,LS-s,5,388.621242703408,0.01,2025-12-06T15:50:04Z
HECI,,LS-s,6,378.68277317876,0.01,2025-12-06T15:50:04Z
HECI,,LS-s,7,-234.355667170175,0.01,2025-12-06T15:50:04Z
HECI,,LS-s,8,-24.2514881796924,0.01,2025-12-06T15:50:04Z
HECI,,LS-s,9,-2441.09792001457,0.01,2025-12-06T15:50:04Z
HECI,,LS-s,10,126.828393868678,0.01,2025-12-06T15:50:04Z
HECI,,LS-s,11,-746.164976294065,0.01,2025-12-06T15:50:04Z
HECI,,LS-s,12,-454.938961433579,0.01,2025-12-06T15:50:04Z
HECI,,LS-s,13,-151.881746487913,0.01,2025-12-06T15:50:04Z
HECI,,LS-s,14,-955.607169184017,0.01,2025-12-06T15:50:04Z
HECI,,LS-s,15,-489.839571957449,0.01,2025-12-06T15:50:04Z
HECI,,LS-s,16,-225.954567758429,0.01,2025-12-06T15:50:04Z
HECI,,LS-s,17,414.97896556869,0.01,2025-12-06T15:50:04Z
HECI,,LS-s,18,476.575005497511,0.01,2025-12-06T15:50:05Z
HECI,,LS-s,19,-151.29850312224,0.01,2025-12-06T15:50:05Z
HECI,,LS-s,20,-67.2468435494193,0.01,2025-12-06T15:50:05Z
HECI,,LS-s,21,451.469119059977,0.01,2025-12-06T15:50:05Z
HECI,,LS-s,22,-229.800235451526,0.01,2025-12-06T15:50:05Z
HECI,,LS-s,23,-555.488671345068,0.01,2025-12-06T15:50:05Z
HECI,,LS-s,24,-53.5644234914398,0.01,2025-12-06T15:50:05Z
HECI,,LS-s,25,67.993039332172,0.01,2025-12-06T15:50:05Z
HECI,,LS-s,26,-160.966914742277,0.01,2025-12-06T15:50:05Z
HECI,,LS-s,27,35.4156750707753,0.01,2025-12-06T15:50:05Z
HECI,,LS-s,28,204.459572838821,0.01,2025-12-06T15:50:05Z
HECI,,LS-s,29,235.966348311773,0.01,2025-12-06T15:50:05Z
HECI,,LS-s,30,-982.522904442103,0.01,2025-12-06T15:50:05Z
HECI,,LS-s,31,670.395236782839,0.01,2025-12-06T15:50:05Z
HECI,,LS-s,32,-397.358245729758,0.01,2025-12-06T15:50:05Z
HECI,,LS-s,33,177.617680554661,0.01,2025-12-06T15:50:05Z
HECI,,LS-s,34,187.339280920169,0.01,2025-12-06T15:50:05Z
HECI,,LS-s,35,156.884705270078,0.01,2025-12-06T15:50:06Z
HECI,,LS-s,36,-2401.41719163568,0.01,2025-12-06T15:50:06Z
HECI,,LS-s,37,699.896847770438,0.01,2025-12-06T15:50:06Z
HECI,,LS-s,38,-36.8106863433804,0.01,2025-12-06T15:50:06Z
HECI,,LS-s,39,407.422447295075,0.01,2025-12-06T15:50:06Z
HECI,,LS-s,40,-142.659097975567,0.01,2025-12-06T15:50:06Z
HECI,,LS-s,41,-246.8955614513,0.01,2025-12-06T15:50:06Z
HECI,,LS-s,42,325.325818043606,0.01,2025-12-06T15:50:06Z
HECI,,LS-s,43,-764.319254915044,0.01,2025-12-06T15:50:06Z
HECI,,LS-s,44,-1050.78644849956,0.01,2025-12-06T15:50:06Z
HECI,,LS-s,45,729.949517792054,0.01,2025-12-06T15:50:06Z
HECI,,LS-s,46,305.749026890133,0.01,2025-12-06T15:50:06Z
HECI,,LS-s,47,198.584849276482,0.01,2025-12-06T15:50:06Z
HECI,,LS-s,48,-250.365091703126,0.01,2025-12-06T15:50:06Z
HECI,,LS-s,49,-1366.50192380073,0.01,2025-12-06T15:50:06Z
HECI,,LS-s,50,-150.690750779209,0.01,2025-12-06T15:50:06Z
HECI,,LS-s,51,-732.185800986586,0.01,2025-12-06T15:50:07Z
HECI,,LS-s,52,-484.536531030533,0.01,2025-12-06T15:50:07Z
HECI,,LS-s,53,-17.7483141536077,0.01,2025-12-06T15:50:07Z
HECI,,LS-s,54,-2074.99926536203,0.01,2025-12-06T15:50:07Z
HECI,,LS-s,55,484.343518076837,0.01,2025-12-06T15:50:07Z
HECI,,LS-s,56,-148.397666959393,0.01,2025-12-06T15:50:07Z
HECI,,LS-s,57,480.956728605598,0.01,2025-12-06T15:50:07Z
HECI,,LS-s,58,449.315095969694,0.01,2025-12-06T15:50:07Z
HECI,,LS-s,59,-43.589189706011,0.01,2025-12-06T15:50:07Z
HECI,,LS-s,60,-550.141737348729,0.01,2025-12-06T15:50:07Z
HECI,,LS-s,61,174.802449120957,0.01,2025-12-06T15:50:07Z
HECI,,LS-s,62,-721.908085177294,0.01,2025-12-06T15:50:07Z
HECI,,LS-s,63,-2514.93954355915,0.01,2025-12-06T15:50:07Z
HECI,,LS-s,64,404.725328389311,0.01,2025-12-06T15:50:07Z
HECI,,LS-s,65,303.760905695672,0.01,2025-12-06T15:50:07Z
HECI,,LS-s,66,504.621043227713,0.01,2025-12-06T15:50:07Z
HECI,,LS-s,67,-230.400710214824,0.01,2025-12-06T15:50:07Z
HECI,,LS-s,68,-129.116346866394,0.01,2025-12-06T15:50:08Z
HECI,,LS-s,69,667.998115036065,0.01,2025-12-06T15:50:08Z
HECI,,LS-s,70,17.8308747646588,0.01,2025-12-06T15:50:08Z
HECI,,LS-s,71,206.865931509957,0.01,2025-12-06T15:50:08Z
HECI,,LS-s,72,-777.310854569439,0.01,2025-12-06T15:50:08Z
HECI,,LS-s,73,-711.170731154991,0.01,2025-12-06T15:50:08Z
HECI,,LS-s,74,468.712548474057,0.01,2025-12-06T15:50:08Z
HECI,,LS-s,75,181.475974349052,0.01,2025-12-06T15:50:08Z
HECI,,LS-s,76,258.894075803399,0.01,2025-12-06T15:50:08Z
HECI,,LS-s,77,65.723866458764,0.01,2025-12-06T15:50:08Z
HECI,,LS-s,78,394.464986770423,0.01,2025-12-06T15:50:08Z
HECI,,LS-s,79,-855.97906663205,0.01,2025-12-06T15:50:08Z
HECI,,LS-s,80,28.6240292996281,0.01,2025-12-06T15:50:08Z
HECI,,LS-s,81,-732.095268741949,0.01,2025-12-06T15:50:08Z
HECI,,LS-s,82,-577.456769800385,0.01,2025-12-06T15:50:08Z
HECI,,LS-s,83,331.586701234886,0.01,2025-12-06T15:50:08Z
HECI,,LS-s,84,-1040.60349651207,0.01,2025-12-06T15:50:08Z
HECI,,LS-s,85,126.872966068164,0.01,2025-12-06T15:50:09Z
HECI,,LS-s,86,236.919189424058,0.01,2025-12-06T15:50:09Z
HECI,,LS-s,87,26.9210479832827,0.01,2025-12-06T15:50:09Z
HECI,,LS-s,88,-2287.23479252775,0.01,2025-12-06T15:50:09Z
HECI,,LS-s,89,812.428970769924,0.01,2025-12-06T15:50:09Z
HECI,,LS-s,90,-237.646607579983,0.01,2025-12-06T15:50:09Z
HECI,,LS-s,91,-785.698008186138,0.01,2025-12-06T15:50:09Z
HECI,,LS-s,92,52.6124064620435,0.01,2025-12-06T15:50:09Z
HECI,,LS-s,93,-2193.12730691642,0.01,2025-12-06T15:50:09Z
HECI,,LS-s,94,-620.816755272814,0.01,2025-12-06T15:50:09Z
HECI,,LS-s,95,61.5599955919333,0.01,2025-12-06T15:50:09Z
HECI,,LS-s,96,-375.745497529559,0.01,2025-12-06T15:50:09Z
HECI,,LS-s,97,-115.063480555188,0.01,2025-12-06T15:50:09Z
HECI,,LS-s,98,-892.962896189109,0.01,2025-12-06T15:50:09Z
HECI,,LS-s,99,-760.893160282785,0.01,2025-12-06T15:50:09Z
HECI,,LS-s,100,177.835796564497,0.01,2025-12-06T15:50:09Z
HECI,,MN-U,1,580.815772609143,0.01,2025-12-06T15:50:09Z
HECI,,MN-U,2,-544.659682353685,0.01,2025-12-06T15:50:10Z
HECI,,MN-U,3,458.968316837372,0.01,2025-12-06T15:50:10Z
HECI,,MN-U,4,11.0487919774641,0.01,2025-12-06T15:50:10Z
HECI,,MN-U,5,-103.023653309434,0.01,2025-12-06T15:50:10Z
HECI,,MN-U,6,156.307926300469,0.01,2025-12-06T15:50:10Z
HECI,,MN-U,7,282.53233154108,0.01,2025-12-06T15:50:10Z
HECI,,MN-U,8,-285.365306460119,0.01,2025-12-06T15:50:10Z
HECI,,MN-U,9,-196.19482915974,0.01,2025-12-06T15:50:10Z
HECI,,MN-U,10,369.497534131421,0.01,2025-12-06T15:50:10Z
HECI,,MN-U,11,292.14813036429,0.01,2025-12-06T15:50:10Z
HECI,,MN-U,12,-39.1013509657751,0.01,2025-12-06T15:50:10Z
HECI,,MN-U,13,606.606548451045,0.01,2025-12-06T15:50:10Z
HECI,,MN-U,14,395.426083631908,0.01,2025-12-06T15:50:10Z
HECI,,MN-U,15,-59.8508193273265,0.01,2025-12-06T15:50:10Z
HECI,,MN-U,16,-86.2848805910708,0.01,2025-12-06T15:50:10Z
HECI,,MN-U,17,-571.518909548122,0.01,2025-12-06T15:50:10Z
HECI,,MN-U,18,285.222096437081,0.01,2025-12-06T15:50:11Z
HECI,,MN-U,19,168.018469015168,0.01,2025-12-06T15:50:11Z
HECI,,MN-U,20,328.805807459849,0.01,2025-12-06T15:50:11Z
HECI,,MN-U,21,734.705812403432,0.01,2025-12-06T15:50:11Z
HECI,,MN-U,22,-7.66674470340695,0.01,2025-12-06T15:50:11Z
HECI,,MN-U,23,-670.490131730962,0.01,2025-12-06T15:50:11Z
HECI,,MN-U,24,215.454026856247,0.01,2025-12-06T15:50:11Z
HECI,,MN-U,25,-277.412924115642,0.01,2025-12-06T15:50:11Z
HECI,,MN-U,26,215.956947748578,0.01,2025-12-06T15:50:11Z
HECI,,MN-U,27,-23.8374632991463,0.01,2025-12-06T15:50:11Z
HECI,,MN-U,28,110.700839587535,0.01,2025-12-06T15:50:11Z
HECI,,MN-U,29,540.717486927759,0.01,2025-12-06T15:50:11Z
HECI,,MN-U,30,744.257711969902,0.01,2025-12-06T15:50:11Z
HECI,,MN-U,31,415.050044556858,0.01,2025-12-06T15:50:11Z
HECI,,MN-U,32,-175.81787205756,0.01,2025-12-06T15:50:11Z
HECI,,MN-U,33,2.94139584093409,0.01,2025-12-06T15:50:11Z
HECI,,MN-U,34,369.024885658207,0.01,2025-12-06T15:50:11Z
HECI,,MN-U,35,-122.149284109288,0.01,2025-12-06T15:50:12Z
HECI,,MN-U,36,258.948926210043,0.01,2025-12-06T15:50:12Z
HECI,,MN-U,37,-12.5524819913826,0.01,2025-12-06T15:50:12Z
HECI,,MN-U,38,-24.5266169256993,0.01,2025-12-06T15:50:12Z
HECI,,MN-U,39,350.957822086227,0.01,2025-12-06T15:50:12Z
HECI,,MN-U,40,159.769251847651,0.01,2025-12-06T15:50:12Z
HECI,,MN-U,41,-451.388786938704,0.01,2025-12-06T15:50:12Z
HECI,,MN-U,42,381.046128584851,0.01,2025-12-06T15:50:12Z
HECI,,MN-U,43,192.28724765882,0.01,2025-12-06T15:50:12Z
HECI,,MN-U,44,172.873733050672,0.01,2025-12-06T15:50:12Z
HECI,,MN-U,45,409.667322490588,0.01,2025-12-06T15:50:12Z
HECI,,MN-U,46,210.87190700511,0.01,2025-12-06T15:50:12Z
HECI,,MN-U,47,197.710917686686,0.01,2025-12-06T15:50:12Z
HECI,,MN-U,48,396.99146327878,0.01,2025-12-06T15:50:12Z
HECI,,MN-U,49,305.144299252295,0.01,2025-12-06T15:50:12Z
HECI,,MN-U,50,-36.5976609565023,0.01,2025-12-06T15:50:12Z
HECI,,MN-U,51,97.1826389208045,0.01,2025-12-06T15:50:12Z
HECI,,MN-U,52,173.910556090897,0.01,2025-12-06T15:50:13Z
HECI,,MN-U,53,434.157734007446,0.01,2025-12-06T15:50:13Z
HECI,,MN-U,54,375.279189473245,0.01,2025-12-06T15:50:13Z
HECI,,MN-U,55,-311.754759360353,0.01,2025-12-06T15:50:13Z
HECI,,MN-U,56,56.5045535210784,0.01,2025-12-06T15:50:13Z
HECI,,MN-U,57,212.820525375142,0.01,2025-12-06T15:50:13Z
HECI,,MN-U,58,176.471432828403,0.01,2025-12-06T15:50:13Z
HECI,,MN-U,59,513.352966153045,0.01,2025-12-06T15:50:13Z
HECI,,MN-U,60,-97.8697330659797,0.01,2025-12-06T15:50:13Z
HECI,,MN-U,61,265.42837930379,0.01,2025-12-06T15:50:13Z
HECI,,MN-U,62,-132.378410922362,0.01,2025-12-06T15:50:13Z
HECI,,MN-U,63,273.089533766174,0.01,2025-12-06T15:50:13Z
HECI,,MN-U,64,490.044897530019,0.01,2025-12-06T15:50:13Z
HECI,,MN-U,65,-11.2942975464593,0.01,2025-12-06T15:50:13Z
HECI,,MN-U,66,525.434729048853,0.01,2025-12-06T15:50:13Z
HECI,,MN-U,67,690.674199480218,0.01,2025-12-06T15:50:13Z
HECI,,MN-U,68,-108.693045278696,0.01,2025-12-06T15:50:13Z
HECI,,MN-U,69,461.121024624229,0.01,2025-12-06T15:50:13Z
HECI,,MN-U,70,117.053686104188,0.01,2025-12-06T15:50:14Z
HECI,,MN-U,71,-276.959032582499,0.01,2025-12-06T15:50:14Z
HECI,,MN-U,72,521.601380719661,0.01,2025-12-06T15:50:14Z
HECI,,MN-U,73,5.79835502247897,0.01,2025-12-06T15:50:14Z
HECI,,MN-U,74,93.9982189275324,0.01,2025-12-06T15:50:14Z
HECI,,MN-U,75,-138.424561812025,0.01,2025-12-06T15:50:14Z
HECI,,MN-U,76,-221.684093110035,0.01,2025-12-06T15:50:14Z
HECI,,MN-U,77,235.981642200504,0.01,2025-12-06T15:50:14Z
HECI,,MN-U,78,362.832156176867,0.01,2025-12-06T15:50:14Z
HECI,,MN-U,79,140.463419893137,0.01,2025-12-06T15:50:14Z
HECI,,MN-U,80,186.570217918112,0.01,2025-12-06T15:50:14Z
HECI,,MN-U,81,407.164948288229,0.01,2025-12-06T15:50:14Z
HECI,,MN-U,82,250.013473716012,0.01,2025-12-06T15:50:14Z
HECI,,MN-U,83,319.248043073418,0.01,2025-12-06T15:50:14Z
HECI,,MN-U,84,766.104655446469,0.01,2025-12-06T15:50:14Z
HECI,,MN-U,85,-233.451517554856,0.01,2025-12-06T15:50:14Z
HECI,,MN-U,86,343.1797947122,0.01,2025-12-06T15:50:14Z
HECI,,MN-U,87,-108.807479784631,0.01,2025-12-06T15:50:15Z
HECI,,MN-U,88,152.636667710863,0.01,2025-12-06T15:50:15Z
HECI,,MN-U,89,176.729982975432,0.01,2025-12-06T15:50:15Z
HECI,,MN-U,90,-113.757085614462,0.01,2025-12-06T15:50:15Z
HECI,,MN-U,91,-116.466285691546,0.01,2025-12-06T15:50:15Z
HECI,,MN-U,92,-55.1748787704109,0.01,2025-12-06T15:50:15Z
HECI,,MN-U,93,38.5716813328308,0.01,2025-12-06T15:50:15Z
HECI,,MN-U,94,546.514558610672,0.01,2025-12-06T15:50:15Z
HECI,,MN-U,95,56.1449568593916,0.01,2025-12-06T15:50:15Z
HECI,,MN-U,96,481.751844181862,0.01,2025-12-06T15:50:15Z
HECI,,MN-U,97,270.536618926799,0.01,2025-12-06T15:50:15Z
HECI,,MN-U,98,68.4271576807769,0.01,2025-12-06T15:50:15Z
HECI,,MN-U,99,-29.1584794227001,0.01,2025-12-06T15:50:15Z
HECI,,MN-U,100,-8.46302988841944,0.01,2025-12-06T15:50:15Z
NNCL,,AN,1,-4.67897299481423,0.01,2025-12-06T15:50:15Z
NNCL,,AN,2,-6.56458883754581,0.01,2025-12-06T15:50:15Z
NNCL,,AN,3,-1.8084242468692,0.01,2025-12-06T15:50:15Z
NNCL,,AN,4,-47.6775800685127,0.01,2025-12-06T15:50:15Z
NNCL,,AN,5,1.00774905804799,0.01,2025-12-06T15:50:15Z
NNCL,,AN,6,-3.03739264294376,0.01,2025-12-06T15:50:15Z
NNCL,,AN,7,-7.68544606204542,0.01,2025-12-06T15:50:15Z
NNCL,,AN,8,-2.33950006268888,0.01,2025-12-06T15:50:15Z
NNCL,,AN,9,-2.38775408343387,0.01,2025-12-06T15:50:16Z
NNCL,,AN,10,-1.38339692504689,0.01,2025-12-06T15:50:16Z
NNCL,,AN,11,1.27383990163833,0.01,2025-12-06T15:50:16Z
NNCL,,AN,12,-1.34513929725058,0.01,2025-12-06T15:50:16Z
NNCL,,AN,13,-2.67666950732937,0.01,2025-12-06T15:50:16Z
NNCL,,AN,14,-2.85305463620864,0.01,2025-12-06T15:50:16Z
NNCL,,AN,15,2.96428447291212,0.01,2025-12-06T15:50:16Z
NNCL,,AN,16,1.07177105295141,0.01,2025-12-06T15:50:16Z
NNCL,,AN,17,-101.550653400727,0.01,2025-12-06T15:50:16Z
NNCL,,AN,18,-1.38696258265904,0.01,2025-12-06T15:50:16Z
NNCL,,AN,19,1.28706604247032,0.01,2025-12-06T15:50:16Z
NNCL,,AN,20,-4.69109629644521,0.01,2025-12-06T15:50:16Z
NNCL,,AN,21,1.46605420969567,0.01,2025-12-06T15:50:16Z
NNCL,,AN,22,-1.16248864407722,0.01,2025-12-06T15:50:16Z
NNCL,,AN,23,1.28178040744107,0.01,2025-12-06T15:50:16Z
NNCL,,AN,24,-1.60452062522206,0.01,2025-12-06T15:50:16Z
NNCL,,AN,25,-2.59024254672189,0.01,2025-12-06T15:50:16Z
NNCL,,AN,26,-2.89757617578052,0.01,2025-12-06T15:50:16Z
NNCL,,AN,27,-5.82181519198391,0.01,2025-12-06T15:50:16Z
NNCL,,AN,28,-1.04539510770591,0.01,2025-12-06T15:50:16Z
NNCL,,AN,29,-2.85313376688399,0.01,2025-12-06T15:50:16Z
NNCL,,AN,30,-7.89012795697679,0.01,2025-12-06T15:50:16Z
NNCL,,AN,31,-10.8829025939052,0.01,2025-12-06T15:50:16Z
NNCL,,AN,32,-6.47745840410134,0.01,2025-12-06T15:50:16Z
NNCL,,AN,33,-1.69433914519302,0.01,2025-12-06T15:50:16Z
NNCL,,AN,34,-1.4623302023706,0.01,2025-12-06T15:50:16Z
NNCL,,AN,35,-12.5830010673687,0.01,2025-12-06T15:50:16Z
NNCL,,AN,36,1.50258130581978,0.01,2025-12-06T15:50:16Z
NNCL,,AN,37,-1.68238555139094,0.01,2025-12-06T15:50:16Z
NNCL,,AN,38,-1.66486800020286,0.01,2025-12-06T15:50:16Z
NNCL,,AN,39,-13.3337716496069,0.01,2025-12-06T15:50:16Z
NNCL,,AN,40,1.46848062244009,0.01,2025-12-06T15:50:16Z
NNCL,,AN,41,-1.06185155522182,0.01,2025-12-06T15:50:16Z
NNCL,,AN,42,-3.95399015230028,0.01,2025-12-06T15:50:16Z
NNCL,,AN,43,2.14325238294237,0.01,2025-12-06T15:50:16Z
NNCL,,AN,44,-5.83141311754055,0.01,2025-12-06T15:50:16Z
NNCL,,AN,45,-12.2090694688376,0.01,2025-12-06T15:50:16Z
NNCL,,AN,46,-5.79591733518332,0.01,2025-12-06T15:50:16Z
NNCL,,AN,47,-1.76017963104089,0.01,2025-12-06T15:50:16Z
NNCL,,AN,48,-1.0548024526558,0.01,2025-12-06T15:50:16Z
NNCL,,AN,49,1.68495184355784,0.01,2025-12-06T15:50:16Z
NNCL,,AN,50,1.23067023606565,0.01,2025-12-06T15:50:16Z
NNCL,,AN,51,-13.1825717216357,0.01,2025-12-06T15:50:16Z
NNCL,,AN,52,-2.02414315285399,0.01,2025-12-06T15:50:16Z
NNCL,,AN,53,-60.8509642381784,0.01,2025-12-06T15:50:16Z
NNCL,,AN,54,-4.88272809944547,0.01,2025-12-06T15:50:16Z
NNCL,,AN,55,-29.1288027592555,0.01,2025-12-06T15:50:16Z
NNCL,,AN,56,-1.67895103792436,0.01,2025-12-06T15:50:16Z
NNCL,,AN,57,-1.67446694033962,0.01,2025-12-06T15:50:17Z
NNCL,,AN,58,-19.4329411714289,0.01,2025-12-06T15:50:17Z
NNCL,,AN,59,1.0411430201008,0.01,2025-12-06T15:50:17Z
NNCL,,AN,60,-21.8643996726294,0.01,2025-12-06T15:50:17Z
NNCL,,AN,61,1.16474842700371,0.01,2025-12-06T15:50:17Z
NNCL,,AN,62,-1.44884437684403,0.01,2025-12-06T15:50:17Z
NNCL,,AN,63,-1.58792245646704,0.01,2025-12-06T15:50:17Z
NNCL,,AN,64,-6.68221956246276,0.01,2025-12-06T15:50:17Z
NNCL,,AN,65,-8.52291944994517,0.01,2025-12-06T15:50:17Z
NNCL,,AN,66,-20.4504135446512,0.01,2025-12-06T15:50:17Z
NNCL,,AN,67,-3.14296719705875,0.01,2025-12-06T15:50:17Z
NNCL,,AN,68,-1.40192845272839,0.01,2025-12-06T15:50:17Z
NNCL,,AN,69,1.69766849698048,0.01,2025-12-06T15:50:17Z
NNCL,,AN,70,-3.58430043077377,0.01,2025-12-06T15:50:17Z
NNCL,,AN,71,-12.0037354859973,0.01,2025-12-06T15:50:17Z
NNCL,,AN,72,-7.53298049704996,0.01,2025-12-06T15:50:17Z
NNCL,,AN,73,-8.29410636513798,0.01,2025-12-06T15:50:17Z
NNCL,,AN,74,-1.48714212503422,0.01,2025-12-06T15:50:17Z
NNCL,,AN,75,-3.21820970883115,0.01,2025-12-06T15:50:17Z
NNCL,,AN,76,2.11940311105224,0.01,2025-12-06T15:50:17Z
NNCL,,AN,77,-1.8589005451288,0.01,2025-12-06T15:50:17Z
NNCL,,AN,78,-3.62028744307014,0.01,2025-12-06T15:50:17Z
NNCL,,AN,79,-12.018090051752,0.01,2025-12-06T15:50:17Z
NNCL,,AN,80,-1.3707515492145,0.01,2025-12-06T15:50:17Z
NNCL,,AN,81,-2.33445739493139,0.01,2025-12-06T15:50:17Z
NNCL,,AN,82,-22.4164686588531,0.01,2025-12-06T15:50:17Z
NNCL,,AN,83,-34.4121406140723,0.01,2025-12-06T15:50:17Z
NNCL,,AN,84,-2.03616214779206,0.01,2025-12-06T15:50:17Z
NNCL,,AN,85,-1.55993223548478,0.01,2025-12-06T15:50:17Z
NNCL,,AN,86,-2.18051584865644,0.01,2025-12-06T15:50:17Z
NNCL,,AN,87,-66.0532667645426,0.01,2025-12-06T15:50:17Z
NNCL,,AN,88,-3.25506040913604,0.01,2025-12-06T15:50:17Z
NNCL,,AN,89,-4.17247173442587,0.01,2025-12-06T15:50:17Z
NNCL,,AN,90,-50.0167845915016,0.01,2025-12-06T15:50:17Z
NNCL,,AN,91,-7.0111713548683,0.01,2025-12-06T15:50:17Z
NNCL,,AN,92,-11.5185439492849,0.01,2025-12-06T15:50:17Z
NNCL,,AN,93,-2.04475132759696,0.01,2025-12-06T15:50:17Z
NNCL,,AN,94,-2.10785085643585,0.01,2025-12-06T15:50:17Z
NNCL,,AN,95,-1.37219962448393,0.01,2025-12-06T15:50:17Z
NNCL,,AN,96,-1.75025283235909,0.01,2025-12-06T15:50:17Z
NNCL,,AN,97,-1.86425661318324,0.01,2025-12-06T15:50:17Z
NNCL,,AN,98,-8.62375704691892,0.01,2025-12-06T15:50:17Z
NNCL,,AN,99,-6.84523026421316,0.01,2025-12-06T15:50:17Z
NNCL,,AN,100,-2.50395923649313,0.01,2025-12-06T15:50:17Z
NNCL,,AN-s,1,-1.14636586454584,0.01,2025-12-06T15:50:17Z
NNCL,,AN-s,2,-1.05961446653331,0.01,2025-12-06T15:50:17Z
NNCL,,AN-s,3,-1.11535996621918,0.01,2025-12-06T15:50:18Z
NNCL,,AN-s,4,-1.06492855335776,0.01,2025-12-06T15:50:18Z
NNCL,,AN-s,5,-1.00869785747449,0.01,2025-12-06T15:50:18Z
NNCL,,AN-s,6,-1.06722260626067,0.01,2025-12-06T15:50:18Z
NNCL,,AN-s,7,1.02083188565926,0.01,2025-12-06T15:50:18Z
NNCL,,AN-s,8,1.17103242775308,0.01,2025-12-06T15:50:18Z
NNCL,,AN-s,9,1.50744987019738,0.01,2025-12-06T15:50:18Z
NNCL,,AN-s,10,1.29411177816422,0.01,2025-12-06T15:50:18Z
NNCL,,AN-s,11,1.05936490393833,0.01,2025-12-06T15:50:18Z
NNCL,,AN-s,12,1.15531895820149,0.01,2025-12-06T15:50:18Z
NNCL,,AN-s,13,1.66751136162999,0.01,2025-12-06T15:50:18Z
NNCL,,AN-s,14,1.00411607088562,0.01,2025-12-06T15:50:18Z
NNCL,,AN-s,15,1.10710183478124,0.01,2025-12-06T15:50:18Z
NNCL,,AN-s,16,1.11813884021208,0.01,2025-12-06T15:50:18Z
NNCL,,AN-s,17,1.08469532953905,0.01,2025-12-06T15:50:18Z
NNCL,,AN-s,18,1.04452138438659,0.01,2025-12-06T15:50:18Z
NNCL,,AN-s,19,1.19082054515938,0.01,2025-12-06T15:50:18Z
NNCL,,AN-s,20,1.10064017647333,0.01,2025-12-06T15:50:18Z
NNCL,,AN-s,21,1.00145791302716,0.01,2025-12-06T15:50:18Z
NNCL,,AN-s,22,1.33919547255694,0.01,2025-12-06T15:50:18Z
NNCL,,AN-s,23,1.1450614841819,0.01,2025-12-06T15:50:18Z
NNCL,,AN-s,24,1.54961185646658,0.01,2025-12-06T15:50:18Z
NNCL,,AN-s,25,1.3211492931247,0.01,2025-12-06T15:50:18Z
NNCL,,AN-s,26,1.04986191774268,0.01,2025-12-06T15:50:18Z
NNCL,,AN-s,27,1.06982396435316,0.01,2025-12-06T15:50:18Z
NNCL,,AN-s,28,1.70118106648001,0.01,2025-12-06T15:50:18Z
NNCL,,AN-s,29,1.85658034666432,0.01,2025-12-06T15:50:18Z
NNCL,,AN-s,30,1.25023475280906,0.01,2025-12-06T15:50:18Z
NNCL,,AN-s,31,1.08612485641862,0.01,2025-12-06T15:50:18Z
NNCL,,AN-s,32,1.03368874326437,0.01,2025-12-06T15:50:18Z
NNCL,,AN-s,33,-1.23821570267194,0.01,2025-12-06T15:50:18Z
NNCL,,AN-s,34,1.05777637200171,0.01,2025-12-06T15:50:18Z
NNCL,,AN-s,35,1.79993440819816,0.01,2025-12-06T15:50:18Z
NNCL,,AN-s,36,-1.2410298743965,0.01,2025-12-06T15:50:18Z
NNCL,,AN-s,37,1.16858503411455,0.01,2025-12-06T15:50:18Z
NNCL,,AN-s,38,1.37657662918513,0.01,2025-12-06T15:50:18Z
NNCL,,AN-s,39,1.23541379636008,0.01,2025-12-06T15:50:18Z
NNCL,,AN-s,40,-1.14260658472654,0.01,2025-12-06T15:50:18Z
NNCL,,AN-s,41,1.26361664646728,0.01,2025-12-06T15:50:18Z
NNCL,,AN-s,42,1.10466555879319,0.01,2025-12-06T15:50:18Z
NNCL,,AN-s,43,1.00416748993425,0.01,2025-12-06T15:50:18Z
NNCL,,AN-s,44,1.0860125015226,0.01,2025-12-06T15:50:18Z
NNCL,,AN-s,45,1.02785864723184,0.01,2025-12-06T15:50:18Z
NNCL,,AN-s,46,-1.2494193064874,0.01,2025-12-06T15:50:18Z
NNCL,,AN-s,47,-1.02230882964789,0.01,2025-12-06T15:50:18Z
NNCL,,AN-s,48,-1.12506045335475,0.01,2025-12-06T15:50:18Z
NNCL,,AN-s,49,-1.02151541783596,0.01,2025-12-06T15:50:18Z
NNCL,,AN-s,50,1.06723392440489,0.01,2025-12-06T15:50:18Z
NNCL,,AN-s,51,1.27614440600875,0.01,2025-12-06T15:50:19Z
NNCL,,AN-s,52,-1.16577304369595,0.01,2025-12-06T15:50:19Z
NNCL,,AN-s,53,-1.07962246526673,0.01,2025-12-06T15:50:19Z
NNCL,,AN-s,54,1.70019636225781,0.01,2025-12-06T15:50:19Z
NNCL,,AN-s,55,1.03784966708377,0.01,2025-12-06T15:50:19Z
NNCL,,AN-s,56,1.56140704375359,0.01,2025-12-06T15:50:19Z
NNCL,,AN-s,57,1.29265469813013,0.01,2025-12-06T15:50:19Z
NNCL,,AN-s,58,1.67215120265633,0.01,2025-12-06T15:50:19Z
NNCL,,AN-s,59,1.01370541536796,0.01,2025-12-06T15:50:19Z
NNCL,,AN-s,60,-1.05297737238635,0.01,2025-12-06T15:50:19Z
NNCL,,AN-s,61,1.60696471075853,0.01,2025-12-06T15:50:19Z
NNCL,,AN-s,62,1.68362230809962,0.01,2025-12-06T15:50:19Z
NNCL,,AN-s,63,1.02644593016488,0.01,2025-12-06T15:50:19Z
NNCL,,AN-s,64,-1.08666551398448,0.01,2025-12-06T15:50:19Z
NNCL,,AN-s,65,1.18283146594723,0.01,2025-12-06T15:50:19Z
NNCL,,AN-s,66,1.0385618036934,0.01,2025-12-06T15:50:19Z
NNCL,,AN-s,67,-1.19997939704778,0.01,2025-12-06T15:50:19Z
NNCL,,AN-s,68,1.15044189013223,0.01,2025-12-06T15:50:19Z
NNCL,,AN-s,69,1.12551728290935,0.01,2025-12-06T15:50:19Z
NNCL,,AN-s,70,-1.00648493038431,0.01,2025-12-06T15:50:19Z
NNCL,,AN-s,71,-1.31573516577637,0.01,2025-12-06T15:50:19Z
NNCL,,AN-s,72,-1.03956036987092,0.01,2025-12-06T15:50:19Z
NNCL,,AN-s,73,1.02959137499806,0.01,2025-12-06T15:50:19Z
NNCL,,AN-s,74,1.129885366865,0.01,2025-12-06T15:50:19Z
NNCL,,AN-s,75,-1.02790893898548,0.01,2025-12-06T15:50:19Z
NNCL,,AN-s,76,-1.01116365900212,0.01,2025-12-06T15:50:19Z
NNCL,,AN-s,77,-1.16827336673218,0.01,2025-12-06T15:50:19Z
NNCL,,AN-s,78,1.05066246365116,0.01,2025-12-06T15:50:19Z
NNCL,,AN-s,79,-1.05653476707434,0.01,2025-12-06T15:50:19Z
NNCL,,AN-s,80,1.0258031874208,0.01,2025-12-06T15:50:19Z
NNCL,,AN-s,81,-1.10482705709965,0.01,2025-12-06T15:50:19Z
NNCL,,AN-s,82,-1.04691531733247,0.01,2025-12-06T15:50:19Z
NNCL,,AN-s,83,-1.07439453310027,0.01,2025-12-06T15:50:19Z
NNCL,,AN-s,84,-1.2212024372555,0.01,2025-12-06T15:50:19Z
NNCL,,AN-s,85,1.05615514031562,0.01,2025-12-06T15:50:19Z
NNCL,,AN-s,86,1.15118898151737,0.01,2025-12-06T15:50:19Z
NNCL,,AN-s,87,1.5304095535138,0.01,2025-12-06T15:50:19Z
NNCL,,AN-s,88,1.13585368157898,0.01,2025-12-06T15:50:19Z
NNCL,,AN-s,89,-1.01178261763985,0.01,2025-12-06T15:50:19Z
NNCL,,AN-s,90,-1.11652319671958,0.01,2025-12-06T15:50:19Z
NNCL,,AN-s,91,-1.3084948215256,0.01,2025-12-06T15:50:19Z
NNCL,,AN-s,92,1.07171349615824,0.01,2025-12-06T15:50:19Z
NNCL,,AN-s,93,1.31744496864389,0.01,2025-12-06T15:50:19Z
NNCL,,AN-s,94,-1.14966620351939,0.01,2025-12-06T15:50:19Z
NNCL,,AN-s,95,1.60660033656076,0.01,2025-12-06T15:50:19Z
NNCL,,AN-s,96,1.11702056401374,0.01,2025-12-06T15:50:19Z
NNCL,,AN-s,97,1.66963634426867,0.01,2025-12-06T15:50:20Z
NNCL,,AN-s,98,1.51047508724007,0.01,2025-12-06T15:50:20Z
NNCL,,AN-s,99,1.08988869553959,0.01,2025-12-06T15:50:20Z
NNCL,,AN-s,100,2.0052389992232,0.01,2025-12-06T15:50:20Z
NNCL,,LS,1,-3.99957163660933,0.01,2025-12-06T15:50:20Z
NNCL,,LS,2,-4.81105831441282,0.01,2025-12-06T15:50:20Z
NNCL,,LS,3,-18.2140219055204,0.01,2025-12-06T15:50:20Z
NNCL,,LS,4,-3.37279059310294,0.01,2025-12-06T15:50:20Z
NNCL,,LS,5,-11.9953964007621,0.01,2025-12-06T15:50:20Z
NNCL,,LS,6,-1.86054110830482,0.01,2025-12-06T15:50:20Z
NNCL,,LS,7,-4.1551946615964,0.01,2025-12-06T15:50:20Z
NNCL,,LS,8,-4.07192373132046,0.01,2025-12-06T15:50:20Z
NNCL,,LS,9,-2.00488381498076,0.01,2025-12-06T15:50:20Z
NNCL,,LS,10,-1.66654327407106,0.01,2025-12-06T15:50:20Z
NNCL,,LS,11,-5.99109400844093,0.01,2025-12-06T15:50:20Z
NNCL,,LS,12,-3.64056861131642,0.01,2025-12-06T15:50:20Z
NNCL,,LS,13,-1.42558668374477,0.01,2025-12-06T15:50:20Z
NNCL,,LS,14,2.96214655793341,0.01,2025-12-06T15:50:20Z
NNCL,,LS,15,-2.56919500592086,0.01,2025-12-06T15:50:20Z
NNCL,,LS,16,-9.33113576089629,0.01,2025-12-06T15:50:20Z
NNCL,,LS,17,1.50852264677783,0.01,2025-12-06T15:50:20Z
NNCL,,LS,18,-1.37721415513523,0.01,2025-12-06T15:50:20Z
NNCL,,LS,19,1.53649800220146,0.01,2025-12-06T15:50:20Z
NNCL,,LS,20,2.81244139620507,0.01,2025-12-06T15:50:20Z
NNCL,,LS,21,-2.07092449155857,0.01,2025-12-06T15:50:20Z
NNCL,,LS,22,-1.39674057862099,0.01,2025-12-06T15:50:20Z
NNCL,,LS,23,2.9632791478946,0.01,2025-12-06T15:50:20Z
NNCL,,LS,24,-9.58538799137674,0.01,2025-12-06T15:50:20Z
NNCL,,LS,25,-2.12192751834287,0.01,2025-12-06T15:50:20Z
NNCL,,LS,26,-5.48352975420848,0.01,2025-12-06T15:50:20Z
NNCL,,LS,27,-4.67162124097953,0.01,2025-12-06T15:50:20Z
NNCL,,LS,28,-5.33191256788506,0.01,2025-12-06T15:50:20Z
NNCL,,LS,29,-12.8128517969931,0.01,2025-12-06T15:50:20Z
NNCL,,LS,30,-1.34383039867833,0.01,2025-12-06T15:50:20Z
NNCL,,LS,31,-3.2824249293495,0.01,2025-12-06T15:50:20Z
NNCL,,LS,32,1.31216122626582,0.01,2025-12-06T15:50:20Z
NNCL,,LS,33,-1.17186488038374,0.01,2025-12-06T15:50:20Z
NNCL,,LS,34,-1.62307171315248,0.01,2025-12-06T15:50:20Z
NNCL,,LS,35,-3.860534459599,0.01,2025-12-06T15:50:20Z
NNCL,,LS,36,-1.30470457092164,0.01,2025-12-06T15:50:20Z
NNCL,,LS,37,-29.6607923375411,0.01,2025-12-06T15:50:20Z
NNCL,,LS,38,-2.10490185790388,0.01,2025-12-06T15:50:20Z
NNCL,,LS,39,-5.28827961153792,0.01,2025-12-06T15:50:20Z
NNCL,,LS,40,-4.61091152513651,0.01,2025-12-06T15:50:20Z
NNCL,,LS,41,-3.46862360137938,0.01,2025-12-06T15:50:20Z
NNCL,,LS,42,-1.69007810752207,0.01,2025-12-06T15:50:20Z
NNCL,,LS,43,-1.87661144299272,0.01,2025-12-06T15:50:20Z
NNCL,,LS,44,-2.82473296644838,0.01,2025-12-06T15:50:21Z
NNCL,,LS,45,-2.88530269724528,0.01,2025-12-06T15:50:21Z
NNCL,,LS,46,4.99785361243513,0.01,2025-12-06T15:50:21Z
NNCL,,LS,47,-1.23365846224326,0.01,2025-12-06T15:50:21Z
NNCL,,LS,48,1.89649139142228,0.01,2025-12-06T15:50:21Z
NNCL,,LS,49,1.13183450459317,0.01,2025-12-06T15:50:21Z
NNCL,,LS,50,-2.07797271670538,0.01,2025-12-06T15:50:21Z
NNCL,,LS,51,-1.03758701787594,0.01,2025-12-06T15:50:21Z
NNCL,,LS,52,3.21306857476412,0.01,2025-12-06T15:50:21Z
NNCL,,LS,53,-31.3471546491398,0.01,2025-12-06T15:50:21Z
NNCL,,LS,54,-32.4022100537181,0.01,2025-12-06T15:50:21Z
NNCL,,LS,55,-1.37230864688538,0.01,2025-12-06T15:50:21Z
NNCL,,LS,56,1.21326611715392,0.01,2025-12-06T15:50:21Z
NNCL,,LS,57,-6.0384880863515,0.01,2025-12-06T15:50:21Z
NNCL,,LS,58,3.54190060212601,0.01,2025-12-06T15:50:21Z
NNCL,,LS,59,-6.12490600254108,0.01,2025-12-06T15:50:21Z
NNCL,,LS,60,-1.32676377259779,0.01,2025-12-06T15:50:21Z
NNCL,,LS,61,2.70639434053161,0.01,2025-12-06T15:50:21Z
NNCL,,LS,62,-2.14594660277878,0.01,2025-12-06T15:50:21Z
NNCL,,LS,63,-3.55772709773972,0.01,2025-12-06T15:50:21Z
NNCL,,LS,64,-81.0214761944229,0.01,2025-12-06T15:50:21Z
NNCL,,LS,65,-4.98315433843455,0.01,2025-12-06T15:50:21Z
NNCL,,LS,66,-9.11462403574581,0.01,2025-12-06T15:50:21Z
NNCL,,LS,67,-2.72076793405644,0.01,2025-12-06T15:50:21Z
NNCL,,LS,68,-9.57519714158741,0.01,2025-12-06T15:50:21Z
NNCL,,LS,69,-7.0765108417255,0.01,2025-12-06T15:50:21Z
NNCL,,LS,70,-2.73578610788497,0.01,2025-12-06T15:50:21Z
NNCL,,LS,71,6.25785200619445,0.01,2025-12-06T15:50:21Z
NNCL,,LS,72,-8.33998178403444,0.01,2025-12-06T15:50:21Z
NNCL,,LS,73,-2.13241162733837,0.01,2025-12-06T15:50:21Z
NNCL,,LS,74,-2.78884014896415,0.01,2025-12-06T15:50:21Z
NNCL,,LS,75,-1.59240328358969,0.01,2025-12-06T15:50:21Z
NNCL,,LS,76,-2.87876799210626,0.01,2025-12-06T15:50:21Z
NNCL,,LS,77,-2.02671645898259,0.01,2025-12-06T15:50:21Z
NNCL,,LS,78,-2.07905834020663,0.01,2025-12-06T15:50:21Z
NNCL,,LS,79,-3.63151202631421,0.01,2025-12-06T15:50:21Z
NNCL,,LS,80,-2.18085221464433,0.01,2025-12-06T15:50:21Z
NNCL,,LS,81,-1.32207387488176,0.01,2025-12-06T15:50:21Z
NNCL,,LS,82,-5.36067546428783,0.01,2025-12-06T15:50:21Z
NNCL,,LS,83,-2.10149706977721,0.01,2025-12-06T15:50:21Z
NNCL,,LS,84,-2.30426603607746,0.01,2025-12-06T15:50:21Z
NNCL,,LS,85,-2.95388433581096,0.01,2025-12-06T15:50:21Z
NNCL,,LS,86,-28.6350075244976,0.01,2025-12-06T15:50:21Z
NNCL,,LS,87,-4.77999641642577,0.01,2025-12-06T15:50:21Z
NNCL,,LS,88,3.47020494057219,0.01,2025-12-06T15:50:21Z
NNCL,,LS,89,-1.97483841261761,0.01,2025-12-06T15:50:21Z
NNCL,,LS,90,-1.28164284654185,0.01,2025-12-06T15:50:21Z
NNCL,,LS,91,-4.91344952575622,0.01,2025-12-06T15:50:21Z
NNCL,,LS,92,-9.13932749009947,0.01,2025-12-06T15:50:21Z
NNCL,,LS,93,7.7906861372491,0.01,2025-12-06T15:50:22Z
NNCL,,LS,94,-1.43762397533135,0.01,2025-12-06T15:50:22Z
NNCL,,LS,95,-1.68228759336362,0.01,2025-12-06T15:50:22Z
NNCL,,LS,96,-20.4659542461383,0.01,2025-12-06T15:50:22Z
NNCL,,LS,97,-2.19913457463003,0.01,2025-12-06T15:50:22Z
NNCL,,LS,98,-3.2382646489767,0.01,2025-12-06T15:50:22Z
NNCL,,LS,99,-1.92786275465037,0.01,2025-12-06T15:50:22Z
NNCL,,LS,100,-1.01238096285082,0.01,2025-12-06T15:50:22Z
NNCL,,LS-s,1,1.45927929554128,0.01,2025-12-06T15:50:22Z
NNCL,,LS-s,2,-1.0140626399471,0.01,2025-12-06T15:50:22Z
NNCL,,LS-s,3,1.11675982534954,0.01,2025-12-06T15:50:22Z
NNCL,,LS-s,4,1.05752885972515,0.01,2025-12-06T15:50:22Z
NNCL,,LS-s,5,1.24559588608752,0.01,2025-12-06T15:50:22Z
NNCL,,LS-s,6,-1.30247926859006,0.01,2025-12-06T15:50:22Z
NNCL,,LS-s,7,1.2406038526504,0.01,2025-12-06T15:50:22Z
NNCL,,LS-s,8,1.30998058976046,0.01,2025-12-06T15:50:22Z
NNCL,,LS-s,9,1.03515009728632,0.01,2025-12-06T15:50:22Z
NNCL,,LS-s,10,1.18027831082432,0.01,2025-12-06T15:50:22Z
NNCL,,LS-s,11,1.02477300015025,0.01,2025-12-06T15:50:22Z
NNCL,,LS-s,12,1.08480095677463,0.01,2025-12-06T15:50:22Z
NNCL,,LS-s,13,-1.00396731607888,0.01,2025-12-06T15:50:22Z
NNCL,,LS-s,14,1.02072484685042,0.01,2025-12-06T15:50:22Z
NNCL,,LS-s,15,1.22136461121706,0.01,2025-12-06T15:50:22Z
NNCL,,LS-s,16,1.18857552852647,0.01,2025-12-06T15:50:22Z
NNCL,,LS-s,17,1.15888530676291,0.01,2025-12-06T15:50:22Z
NNCL,,LS-s,18,1.45116271350869,0.01,2025-12-06T15:50:22Z
NNCL,,LS-s,19,-1.0118512736165,0.01,2025-12-06T15:50:22Z
NNCL,,LS-s,20,1.13749992546642,0.01,2025-12-06T15:50:22Z
NNCL,,LS-s,21,1.01522728625515,0.01,2025-12-06T15:50:22Z
NNCL,,LS-s,22,1.0251418733075,0.01,2025-12-06T15:50:22Z
NNCL,,LS-s,23,-1.04117947371495,0.01,2025-12-06T15:50:22Z
NNCL,,LS-s,24,-1.00004281722868,0.01,2025-12-06T15:50:22Z
NNCL,,LS-s,25,1.22854048923654,0.01,2025-12-06T15:50:22Z
NNCL,,LS-s,26,1.13454048740646,0.01,2025-12-06T15:50:22Z
NNCL,,LS-s,27,1.28217446252032,0.01,2025-12-06T15:50:22Z
NNCL,,LS-s,28,-1.419872563317,0.01,2025-12-06T15:50:22Z
NNCL,,LS-s,29,1.23755824910571,0.01,2025-12-06T15:50:22Z
NNCL,,LS-s,30,1.02152465910545,0.01,2025-12-06T15:50:22Z
NNCL,,LS-s,31,1.5700925134756,0.01,2025-12-06T15:50:22Z
NNCL,,LS-s,32,1.04035159181589,0.01,2025-12-06T15:50:22Z
NNCL,,LS-s,33,1.16260631728648,0.01,2025-12-06T15:50:22Z
NNCL,,LS-s,34,1.01652569489357,0.01,2025-12-06T15:50:22Z
NNCL,,LS-s,35,-1.25660727883567,0.01,2025-12-06T15:50:22Z
NNCL,,LS-s,36,1.04545824313386,0.01,2025-12-06T15:50:22Z
NNCL,,LS-s,37,1.21258349435683,0.01,2025-12-06T15:50:22Z
NNCL,,LS-s,38,1.15712918258363,0.01,2025-12-06T15:50:22Z
NNCL,,LS-s,39,-1.60423508821319,0.01,2025-12-06T15:50:22Z
NNCL,,LS-s,40,1.20918683845814,0.01,2025-12-06T15:50:23Z
NNCL,,LS-s,41,1.55829891433575,0.01,2025-12-06T15:50:23Z
NNCL,,LS-s,42,1.2219493070324,0.01,2025-12-06T15:50:23Z
NNCL,,LS-s,43,1.01371291283525,0.01,2025-12-06T15:50:23Z
NNCL,,LS-s,44,1.28067470458284,0.01,2025-12-06T15:50:23Z
NNCL,,LS-s,45,1.23954291429893,0.01,2025-12-06T15:50:23Z
NNCL,,LS-s,46,-1.21950048619871,0.01,2025-12-06T15:50:23Z
NNCL,,LS-s,47,1.12912470571642,0.01,2025-12-06T15:50:23Z
NNCL,,LS-s,48,1.28999115417479,0.01,2025-12-06T15:50:23Z
NNCL,,LS-s,49,1.0125773489261,0.01,2025-12-06T15:50:23Z
NNCL,,LS-s,50,1.39005042023249,0.01,2025-12-06T15:50:23Z
NNCL,,LS-s,51,1.00896335098061,0.01,2025-12-06T15:50:23Z
NNCL,,LS-s,52,1.18535755326568,0.01,2025-12-06T15:50:23Z
NNCL,,LS-s,53,1.26713672318585,0.01,2025-12-06T15:50:23Z
NNCL,,LS-s,54,1.2240821556243,0.01,2025-12-06T15:50:23Z
NNCL,,LS-s,55,1.50128613520021,0.01,2025-12-06T15:50:23Z
NNCL,,LS-s,56,-1.14898872007107,0.01,2025-12-06T15:50:23Z
NNCL,,LS-s,57,-1.08453521829034,0.01,2025-12-06T15:50:23Z
NNCL,,LS-s,58,1.22947057707473,0.01,2025-12-06T15:50:23Z
NNCL,,LS-s,59,-1.01778623932498,0.01,2025-12-06T15:50:23Z
NNCL,,LS-s,60,1.17220261564262,0.01,2025-12-06T15:50:23Z
NNCL,,LS-s,61,1.05128627604428,0.01,2025-12-06T15:50:23Z
NNCL,,LS-s,62,1.12847161718276,0.01,2025-12-06T15:50:23Z
NNCL,,LS-s,63,1.02422260986066,0.01,2025-12-06T15:50:23Z
NNCL,,LS-s,64,-1.20002663580006,0.01,2025-12-06T15:50:23Z
NNCL,,LS-s,65,1.07504265009389,0.01,2025-12-06T15:50:23Z
NNCL,,LS-s,66,-1.26405910584041,0.01,2025-12-06T15:50:23Z
NNCL,,LS-s,67,1.00305229221042,0.01,2025-12-06T15:50:23Z
NNCL,,LS-s,68,1.17695426764419,0.01,2025-12-06T15:50:23Z
NNCL,,LS-s,69,1.36289604360697,0.01,2025-12-06T15:50:23Z
NNCL,,LS-s,70,1.23998646279584,0.01,2025-12-06T15:50:23Z
NNCL,,LS-s,71,1.19243359283929,0.01,2025-12-06T15:50:23Z
NNCL,,LS-s,72,1.18633857541613,0.01,2025-12-06T15:50:23Z
NNCL,,LS-s,73,1.27634014961347,0.01,2025-12-06T15:50:23Z
NNCL,,LS-s,74,1.12199838016871,0.01,2025-12-06T15:50:23Z
NNCL,,LS-s,75,1.29481433300992,0.01,2025-12-06T15:50:23Z
NNCL,,LS-s,76,1.15776473358862,0.01,2025-12-06T15:50:23Z
NNCL,,LS-s,77,-1.53827223784742,0.01,2025-12-06T15:50:23Z
NNCL,,LS-s,78,1.10785894153875,0.01,2025-12-06T15:50:23Z
NNCL,,LS-s,79,1.2530287554133,0.01,2025-12-06T15:50:23Z
NNCL,,LS-s,80,-1.1519181312034,0.01,2025-12-06T15:50:23Z
NNCL,,LS-s,81,1.17861730400807,0.01,2025-12-06T15:50:23Z
NNCL,,LS-s,82,1.18906951143257,0.01,2025-12-06T15:50:23Z
NNCL,,LS-s,83,1.00799548109009,0.01,2025-12-06T15:50:23Z
NNCL,,LS-s,84,1.03488318402023,0.01,2025-12-06T15:50:23Z
NNCL,,LS-s,85,1.12200899125447,0.01,2025-12-06T15:50:23Z
NNCL,,LS-s,86,1.10208674711962,0.01,2025-12-06T15:50:23Z
NNCL,,LS-s,87,1.38448923085743,0.01,2025-12-06T15:50:23Z
NNCL,,LS-s,88,1.01556808820872,0.01,2025-12-06T15:50:23Z
NNCL,,LS-s,89,1.31184608830438,0.01,2025-12-06T15:50:24Z
NNCL,,LS-s,90,1.35315059881721,0.01,2025-12-06T15:50:24Z
NNCL,,LS-s,91,1.26004346777783,0.01,2025-12-06T15:50:24Z
NNCL,,LS-s,92,1.06843494877236,0.01,2025-12-06T15:50:24Z
NNCL,,LS-s,93,1.0102366653144,0.01,2025-12-06T15:50:24Z
NNCL,,LS-s,94,-1.00336693800255,0.01,2025-12-06T15:50:24Z
NNCL,,LS-s,95,1.18200680949872,0.01,2025-12-06T15:50:24Z
NNCL,,LS-s,96,1.0272355859724,0.01,2025-12-06T15:50:24Z
NNCL,,LS-s,97,-1.12291584119507,0.01,2025-12-06T15:50:24Z
NNCL,,LS-s,98,1.00667763452949,0.01,2025-12-06T15:50:24Z
NNCL,,LS-s,99,1.05174929754168,0.01,2025-12-06T15:50:24Z
NNCL,,LS-s,100,1.39977625255304,0.01,2025-12-06T15:50:24Z
NNCL,,MN-U,1,-1.6133788471226,0.01,2025-12-06T15:50:24Z
NNCL,,MN-U,2,-1.22203109201629,0.01,2025-12-06T15:50:24Z
NNCL,,MN-U,3,1.03995675008545,0.01,2025-12-06T15:50:24Z
NNCL,,MN-U,4,-1.39036000723961,0.01,2025-12-06T15:50:24Z
NNCL,,MN-U,5,-1.47914053715215,0.01,2025-12-06T15:50:24Z
NNCL,,MN-U,6,-1.23332888131793,0.01,2025-12-06T15:50:24Z
NNCL,,MN-U,7,1.02272313174403,0.01,2025-12-06T15:50:24Z
NNCL,,MN-U,8,-1.74920809325945,0.01,2025-12-06T15:50:24Z
NNCL,,MN-U,9,-1.12185145152462,0.01,2025-12-06T15:50:24Z
NNCL,,MN-U,10,-1.10180221896774,0.01,2025-12-06T15:50:24Z
NNCL,,MN-U,11,-1.01703798278078,0.01,2025-12-06T15:50:24Z
NNCL,,MN-U,12,-2.4805551129015,0.01,2025-12-06T15:50:24Z
NNCL,,MN-U,13,1.10325241423698,0.01,2025-12-06T15:50:24Z
NNCL,,MN-U,14,1.06271204594415,0.01,2025-12-06T15:50:24Z
NNCL,,MN-U,15,-1.29246291191927,0.01,2025-12-06T15:50:24Z
NNCL,,MN-U,16,1.07671466770873,0.01,2025-12-06T15:50:24Z
NNCL,,MN-U,17,-1.00345669142408,0.01,2025-12-06T15:50:24Z
NNCL,,MN-U,18,1.0126901889169,0.01,2025-12-06T15:50:24Z
NNCL,,MN-U,19,-1.10450555308762,0.01,2025-12-06T15:50:24Z
NNCL,,MN-U,20,1.01166256176138,0.01,2025-12-06T15:50:24Z
NNCL,,MN-U,21,1,0.01,2025-12-06T15:50:24Z
NNCL,,MN-U,22,1.0438950743532,0.01,2025-12-06T15:50:24Z
NNCL,,MN-U,23,-1.23156574922706,0.01,2025-12-06T15:50:24Z
NNCL,,MN-U,24,-1.5011724700612,0.01,2025-12-06T15:50:24Z
NNCL,,MN-U,25,-1.37619737834704,0.01,2025-12-06T15:50:24Z
NNCL,,MN-U,26,1.06240341783407,0.01,2025-12-06T15:50:24Z
NNCL,,MN-U,27,-1.46736626885858,0.01,2025-12-06T15:50:24Z
NNCL,,MN-U,28,-1.40823492301482,0.01,2025-12-06T15:50:24Z
NNCL,,MN-U,29,1,0.01,2025-12-06T15:50:24Z
NNCL,,MN-U,30,1.05080506433761,0.01,2025-12-06T15:50:24Z
NNCL,,MN-U,31,-1.9521075902813,0.01,2025-12-06T15:50:24Z
NNCL,,MN-U,32,1.03703137610443,0.01,2025-12-06T15:50:24Z
NNCL,,MN-U,33,-2.10383069758328,0.01,2025-12-06T15:50:24Z
NNCL,,MN-U,34,1.01076541537164,0.01,2025-12-06T15:50:24Z
NNCL,,MN-U,35,1.00141703265826,0.01,2025-12-06T15:50:24Z
NNCL,,MN-U,36,1.03692536582232,0.01,2025-12-06T15:50:25Z
NNCL,,MN-U,37,-1.3863625982712,0.01,2025-12-06T15:50:25Z
NNCL,,MN-U,38,-1.57292082140087,0.01,2025-12-06T15:50:25Z
NNCL,,MN-U,39,-1.07764036436003,0.01,2025-12-06T15:50:25Z
NNCL,,MN-U,40,1.04056135592583,0.01,2025-12-06T15:50:25Z
NNCL,,MN-U,41,-1.36782055251131,0.01,2025-12-06T15:50:25Z
NNCL,,MN-U,42,-1.02596538797402,0.01,2025-12-06T15:50:25Z
NNCL,,MN-U,43,-1.59551069096179,0.01,2025-12-06T15:50:25Z
NNCL,,MN-U,44,1.0210008829015,0.01,2025-12-06T15:50:25Z
NNCL,,MN-U,45,-1.99038756424899,0.01,2025-12-06T15:50:25Z
NNCL,,MN-U,46,1.00820789053576,0.01,2025-12-06T15:50:25Z
NNCL,,MN-U,47,1.02123445236093,0.01,2025-12-06T15:50:25Z
NNCL,,MN-U,48,-1.43419312263843,0.01,2025-12-06T15:50:25Z
NNCL,,MN-U,49,1.04051382605887,0.01,2025-12-06T15:50:25Z
NNCL,,MN-U,50,-1.33900917453434,0.01,2025-12-06T15:50:25Z
NNCL,,MN-U,51,-1.17778562885322,0.01,2025-12-06T15:50:25Z
NNCL,,MN-U,52,-1.0648699129296,0.01,2025-12-06T15:50:25Z
NNCL,,MN-U,53,1.05589452784434,0.01,2025-12-06T15:50:25Z
NNCL,,MN-U,54,1.09536101123399,0.01,2025-12-06T15:50:25Z
NNCL,,MN-U,55,-1.24699949441559,0.01,2025-12-06T15:50:25Z
NNCL,,MN-U,56,-1.12126824831087,0.01,2025-12-06T15:50:25Z
NNCL,,MN-U,57,-2.37760098228813,0.01,2025-12-06T15:50:25Z
NNCL,,MN-U,58,1.017363866354,0.01,2025-12-06T15:50:25Z
NNCL,,MN-U,59,-1.58661069739123,0.01,2025-12-06T15:50:25Z
NNCL,,MN-U,60,-1.01976920330643,0.01,2025-12-06T15:50:25Z
NNCL,,MN-U,61,-1.50998164981352,0.01,2025-12-06T15:50:25Z
NNCL,,MN-U,62,-1.86768184972241,0.01,2025-12-06T15:50:25Z
NNCL,,MN-U,63,-2.65391800144281,0.01,2025-12-06T15:50:25Z
NNCL,,MN-U,64,1.00670436296635,0.01,2025-12-06T15:50:25Z
NNCL,,MN-U,65,-1.86728967100347,0.01,2025-12-06T15:50:25Z
NNCL,,MN-U,66,1.02261700882307,0.01,2025-12-06T15:50:25Z
NNCL,,MN-U,67,1.01405030236022,0.01,2025-12-06T15:50:25Z
NNCL,,MN-U,68,1.01824064436007,0.01,2025-12-06T15:50:25Z
NNCL,,MN-U,69,-1.30787843182109,0.01,2025-12-06T15:50:25Z
NNCL,,MN-U,70,-1.01061648525566,0.01,2025-12-06T15:50:25Z
NNCL,,MN-U,71,1.00429868951776,0.01,2025-12-06T15:50:25Z
NNCL,,MN-U,72,1.05349015850561,0.01,2025-12-06T15:50:25Z
NNCL,,MN-U,73,1.07351494085328,0.01,2025-12-06T15:50:25Z
NNCL,,MN-U,74,-1.58074164059317,0.01,2025-12-06T15:50:25Z
NNCL,,MN-U,75,1.03179684108022,0.01,2025-12-06T15:50:25Z
NNCL,,MN-U,76,-1.74644727777016,0.01,2025-12-06T15:50:25Z
NNCL,,MN-U,77,-1.85753802337968,0.01,2025-12-06T15:50:25Z
NNCL,,MN-U,78,-1.80111879601222,0.01,2025-12-06T15:50:25Z
NNCL,,MN-U,79,-1.16678264127,0.01,2025-12-06T15:50:25Z
NNCL,,MN-U,80,1.00981032672077,0.01,2025-12-06T15:50:25Z
NNCL,,MN-U,81,-1.15521595773519,0.01,2025-12-06T15:50:25Z
NNCL,,MN-U,82,-1.00809220335769,0.01,2025-12-06T15:50:25Z
NNCL,,MN-U,83,1.05023615358871,0.01,2025-12-06T15:50:25Z
NNCL,,MN-U,84,1.10457390473518,0.01,2025-12-06T15:50:26Z
NNCL,,MN-U,85,-1.4153027075278,0.01,2025-12-06T15:50:26Z
NNCL,,MN-U,86,-1.46814237031674,0.01,2025-12-06T15:50:26Z
NNCL,,MN-U,87,-1.46575261352766,0.01,2025-12-06T15:50:26Z
NNCL,,MN-U,88,1.03130368213446,0.01,2025-12-06T15:50:26Z
NNCL,,MN-U,89,1.01981078295369,0.01,2025-12-06T15:50:26Z
NNCL,,MN-U,90,-1.37465050447366,0.01,2025-12-06T15:50:26Z
NNCL,,MN-U,91,-1.0155359698274,0.01,2025-12-06T15:50:26Z
NNCL,,MN-U,92,-1.00754456900998,0.01,2025-12-06T15:50:26Z
NNCL,,MN-U,93,-1.16114781882396,0.01,2025-12-06T15:50:26Z
NNCL,,MN-U,94,-1.67059340783241,0.01,2025-12-06T15:50:26Z
NNCL,,MN-U,95,1.06138804426261,0.01,2025-12-06T15:50:26Z
NNCL,,MN-U,96,1.01081913656321,0.01,2025-12-06T15:50:26Z
NNCL,,MN-U,97,-1.05756067425506,0.01,2025-12-06T15:50:26Z
NNCL,,MN-U,98,1.0354065924569,0.01,2025-12-06T15:50:26Z
NNCL,,MN-U,99,-1.52401777538106,0.01,2025-12-06T15:50:26Z
NNCL,,MN-U,100,-1.10346678864934,0.01,2025-12-06T15:50:26Z
CGNN,,AN,62,0.0065627677641878,0.01,2025-12-06T19:24:06Z
CGNN,,AN,63,-0.0184984341374334,0.01,2025-12-06T19:24:26Z
CGNN,,AN,64,-0.0678288158992387,0.01,2025-12-06T19:24:47Z
CGNN,,AN,65,-0.0959361050125576,0.01,2025-12-06T19:25:08Z
CGNN,,AN,66,-0.0332646165291756,0.01,2025-12-06T19:25:28Z
CGNN,,AN,67,-0.0159988243973623,0.01,2025-12-06T19:25:44Z
CGNN,,AN,68,-0.0070736691339928,0.01,2025-12-06T19:26:02Z
CGNN,,AN,69,-0.0071815822965327,0.01,2025-12-06T19:26:23Z
CGNN,,AN,70,0.0063664890316024,0.01,2025-12-06T19:26:45Z
CGNN,,AN,71,-0.135821288687969,0.01,2025-12-06T19:27:05Z
CGNN,,AN,72,-0.0478438837029325,0.01,2025-12-06T19:27:26Z
CGNN,,AN,73,-0.0318910232915927,0.01,2025-12-06T19:27:46Z
CGNN,,AN,74,-0.0169280837607231,0.01,2025-12-06T19:28:06Z
CGNN,,AN,75,-0.0815692061196829,0.01,2025-12-06T19:28:28Z
CGNN,,AN,76,-0.006478339539867,0.01,2025-12-06T19:28:45Z
CGNN,,AN,77,-0.0305093977185737,0.01,2025-12-06T19:29:06Z
CGNN,,AN,78,-0.0816310828152124,0.01,2025-12-06T19:29:26Z
CGNN,,AN,79,0.0237405643457646,0.01,2025-12-06T19:29:43Z
CGNN,,AN,80,0.0533852953606093,0.01,2025-12-06T19:30:02Z
CGNN,,AN,81,-0.0130832026363179,0.01,2025-12-06T19:30:23Z
CGNN,,AN,82,0.0223157041451105,0.01,2025-12-06T19:30:43Z
CGNN,,AN,83,-0.0141001979097864,0.01,2025-12-06T19:31:05Z
CGNN,,AN,84,0.0482899900509584,0.01,2025-12-06T19:31:21Z
CGNN,,AN,85,-0.0851487928168882,0.01,2025-12-06T19:31:42Z
CGNN,,AN,86,0.0221387263326725,0.01,2025-12-06T19:32:02Z
CGNN,,AN,87,-0.10197055138475,0.01,2025-12-06T19:32:23Z
CGNN,,AN,88,-0.115096207128541,0.01,2025-12-06T19:32:44Z
CGNN,,AN,89,-0.107673975830061,0.01,2025-12-06T19:33:05Z
CGNN,,AN,90,-0.0388902302057576,0.01,2025-12-06T19:33:25Z
CGNN,,AN,91,-0.0032883272175089,0.01,2025-12-06T19:33:42Z
CGNN,,AN,92,0.0321323677380785,0.01,2025-12-06T19:33:59Z
CGNN,,AN,93,-0.0165899177715192,0.01,2025-12-06T19:34:20Z
CGNN,,AN,94,0.0487713435469202,0.01,2025-12-06T19:34:41Z
CGNN,,AN,95,0.0430451012991608,0.01,2025-12-06T19:35:02Z
CGNN,,AN,96,-0.0571696917061788,0.01,2025-12-06T19:35:23Z
CGNN,,AN,97,0.0584861041013,0.01,2025-12-06T19:35:41Z
CGNN,,AN,98,-0.0377534830465649,0.01,2025-12-06T19:35:59Z
CGNN,,AN,99,-0.0821332796579866,0.01,2025-12-06T19:36:20Z
CGNN,,AN,100,-0.037933430425718,0.01,2025-12-06T19:36:41Z
CGNN,,AN-s,1,-0.0745852310635055,0.01,2025-12-06T19:37:02Z
CGNN,,AN-s,2,-0.0066462813282233,0.01,2025-12-06T19:37:19Z
CGNN,,AN-s,3,-0.10436486010931,0.01,2025-12-06T19:37:36Z
CGNN,,AN-s,4,-0.0515253483392047,0.01,2025-12-06T19:37:54Z
CGNN,,AN-s,5,-0.0586427348025404,0.01,2025-12-06T19:38:14Z
CGNN,,AN-s,6,-0.0688714936162064,0.01,2025-12-06T19:38:36Z
CGNN,,AN-s,7,0.0009079762331554,0.01,2025-12-06T19:38:57Z
CGNN,,AN-s,8,0.0147421370293412,0.01,2025-12-06T19:39:18Z
CGNN,,AN-s,9,-0.0143121002751201,0.01,2025-12-06T19:39:40Z
CGNN,,AN,1,-0.0955533352608685,0.01,2025-12-06T20:30:21Z
CGNN,,AN,2,0.0174783023880412,0.01,2025-12-06T20:30:41Z
CGNN,,AN,3,-0.0480310042071088,0.01,2025-12-06T20:30:57Z
CGNN,,AN,4,-0.0443336541254539,0.01,2025-12-06T20:31:13Z
CGNN,,AN,5,0.0010061532911517,0.01,2025-12-06T20:31:34Z
CGNN,,AN,6,-0.072546921287537,0.01,2025-12-06T20:31:51Z
CGNN,,AN,7,-0.146719615143829,0.01,2025-12-06T20:32:10Z
CGNN,,AN,8,0.0108502452640797,0.01,2025-12-06T20:32:30Z
CGNN,,AN,9,-0.0252028485772461,0.01,2025-12-06T20:32:50Z
CGNN,,AN,10,-0.0258285749769626,0.01,2025-12-06T20:33:10Z
CGNN,,AN,11,0.009909719775965,0.01,2025-12-06T20:33:26Z
CGNN,,AN,12,0.0016962700034224,0.01,2025-12-06T20:33:41Z
CGNN,,AN,13,0.0372166527990766,0.01,2025-12-06T20:33:55Z
CGNN,,AN,14,-0.0195214306607261,0.01,2025-12-06T20:34:13Z
CGNN,,AN,15,0.002881772458319,0.01,2025-12-06T20:34:34Z
CGNN,,AN,16,0.0256648837419972,0.01,2025-12-06T20:34:51Z
CGNN,,AN,17,-0.0971799852275978,0.01,2025-12-06T20:35:11Z
CGNN,,AN,18,-0.0056743197452209,0.01,2025-12-06T20:35:32Z
CGNN,,AN,19,0.0159937058260873,0.01,2025-12-06T20:35:52Z
CGNN,,AN,20,0.016855596772716,0.01,2025-12-06T20:36:12Z
CGNN,,AN,21,0.0298017243733864,0.01,2025-12-06T20:36:33Z
CGNN,,AN,22,-0.109306687764957,0.01,2025-12-06T20:36:53Z
CGNN,,AN,23,0.0037240682511839,0.01,2025-12-06T20:37:13Z
CGNN,,AN,24,0.0061942852755058,0.01,2025-12-06T20:37:31Z
CGNN,,AN,25,-0.0713156420441927,0.01,2025-12-06T20:37:46Z
CGNN,,AN,26,-0.0878069075874475,0.01,2025-12-06T20:38:02Z
CGNN,,AN,27,-0.0182168877844882,0.01,2025-12-06T20:38:23Z
CGNN,,AN,28,0.0025941547055219,0.01,2025-12-06T20:38:43Z
CGNN,,AN,29,-0.151437363818924,0.01,2025-12-06T20:38:59Z
CGNN,,AN,30,0.0417840949576269,0.01,2025-12-06T20:39:14Z
CGNN,,AN,31,0.0292756096175102,0.01,2025-12-06T20:39:35Z
CGNN,,AN,32,-0.0821552225430657,0.01,2025-12-06T20:39:55Z
CGNN,,AN,33,-0.0011514326258267,0.01,2025-12-06T20:40:16Z
CGNN,,AN,34,-0.022057299449447,0.01,2025-12-06T20:40:36Z
CGNN,,AN,35,-0.169982439637297,0.01,2025-12-06T20:40:53Z
CGNN,,AN,36,-0.0472317284901018,0.01,2025-12-06T20:41:09Z
CGNN,,AN,37,0.0328529139761379,0.01,2025-12-06T20:41:28Z
CGNN,,AN,38,0.0023550980307595,0.01,2025-12-06T20:41:43Z
CGNN,,AN,39,-0.0342925020899381,0.01,2025-12-06T20:41:59Z
CGNN,,AN,40,-0.0718047659470137,0.01,2025-12-06T20:42:20Z
CGNN,,AN,41,-0.0445498038299051,0.01,2025-12-06T20:42:40Z
CGNN,,AN,42,-0.0417389487828683,0.01,2025-12-06T20:43:00Z
CGNN,,AN,43,-0.0512717568971509,0.01,2025-12-06T20:43:18Z
CGNN,,AN,44,-0.10558776020423,0.01,2025-12-06T20:43:33Z
CGNN,,AN,45,-0.0697583642505978,0.01,2025-12-06T20:43:51Z
CGNN,,AN,46,-0.0165449213628999,0.01,2025-12-06T20:44:10Z
CGNN,,AN,47,-0.010528477325806,0.01,2025-12-06T20:44:30Z
CGNN,,AN,48,0.0270511201952054,0.01,2025-12-06T20:44:49Z
CGNN,,AN,49,0.0559393802227204,0.01,2025-12-06T20:45:04Z
CGNN,,AN,50,-0.0116850540245272,0.01,2025-12-06T20:45:23Z
CGNN,,AN,51,0.0026072835314784,0.01,2025-12-06T20:45:39Z
CGNN,,AN,52,-0.0492305002125327,0.01,2025-12-06T20:45:54Z
CGNN,,AN,53,-0.0950291894558879,0.01,2025-12-06T20:46:14Z
CGNN,,AN,54,-0.0136022295607688,0.01,2025-12-06T20:46:34Z
CGNN,,AN,55,-0.228479483012652,0.01,2025-12-06T20:46:55Z
CGNN,,AN,56,-0.0194117528598689,0.01,2025-12-06T20:47:12Z
CGNN,,AN,57,0.0093167202142801,0.01,2025-12-06T20:47:32Z
CGNN,,AN,58,-0.0235730417217972,0.01,2025-12-06T20:47:50Z
CGNN,,AN,59,-0.0909644452242705,0.01,2025-12-06T20:48:10Z
CGNN,,AN,60,-0.0396978748483091,0.01,2025-12-06T20:48:29Z
CGNN,,AN,61,-0.0878454110177461,0.01,2025-12-06T20:48:45Z
CGNN,,AN-s,10,-0.035168484025273,0.01,2025-12-06T22:30:56Z
CGNN,,AN-s,11,-0.0369603941304358,0.01,2025-12-06T22:31:15Z
CGNN,,AN-s,12,-0.0291816184909813,0.01,2025-12-06T22:31:33Z
CGNN,,AN-s,13,-0.0222674335589304,0.01,2025-12-06T22:31:52Z
CGNN,,AN-s,14,0.0064213873300733,0.01,2025-12-06T22:32:12Z
CGNN,,AN-s,15,0.0121776330437763,0.01,2025-12-06T22:32:30Z
CGNN,,AN-s,16,0.0202307548853238,0.01,2025-12-06T22:32:47Z
CGNN,,AN-s,17,-0.052537655858891,0.01,2025-12-06T22:33:07Z
CGNN,,AN-s,18,-0.0331359009999243,0.01,2025-12-06T22:33:26Z
CGNN,,AN-s,19,-0.0174554809054642,0.01,2025-12-06T22:33:48Z
CAM,,AN,1,2.38127121296324,0.01,2025-12-06T22:37:06Z
CAM,,AN,2,2.38001929312357,0.01,2025-12-06T22:37:06Z
CAM,,AN,3,2.44346768429977,0.01,2025-12-06T22:37:06Z
CAM,,AN,4,2.5597815722111,0.01,2025-12-06T22:37:07Z
CAM,,AN,5,2.35328774500046,0.01,2025-12-06T22:37:07Z
CAM,,AN,6,2.27494467653626,0.01,2025-12-06T22:37:07Z
CAM,,AN,7,2.26393230954003,0.01,2025-12-06T22:37:08Z
CAM,,AN,8,2.62140180648423,0.01,2025-12-06T22:37:08Z
CAM,,AN,9,2.41060879161126,0.01,2025-12-06T22:37:08Z
CAM,,AN,10,2.45591003939575,0.01,2025-12-06T22:37:08Z
CAM,,AN,11,2.3929488337015,0.01,2025-12-06T22:37:09Z
CAM,,AN,12,2.33761512448806,0.01,2025-12-06T22:37:09Z
CAM,,AN,13,2.42165660614723,0.01,2025-12-06T22:37:09Z
CAM,,AN,14,2.30224306806083,0.01,2025-12-06T22:37:09Z
CAM,,AN,15,2.40999187344437,0.01,2025-12-06T22:37:10Z
CAM,,AN,16,2.41287662381027,0.01,2025-12-06T22:37:10Z
CAM,,AN,17,2.39484323853502,0.01,2025-12-06T22:37:10Z
CAM,,AN,18,2.22771740329907,0.01,2025-12-06T22:37:10Z
CAM,,AN,19,2.47778389321416,0.01,2025-12-06T22:37:11Z
CAM,,AN,20,2.50460318380803,0.01,2025-12-06T22:37:11Z
CAM,,AN,21,2.43160000143715,0.01,2025-12-06T22:37:11Z
CAM,,AN,22,2.46022349526843,0.01,2025-12-06T22:37:12Z
CAM,,AN,23,2.52777502635801,0.01,2025-12-06T22:37:12Z
CAM,,AN,24,2.2804829268173,0.01,2025-12-06T22:37:12Z
CAM,,AN,25,2.49167334565397,0.01,2025-12-06T22:37:12Z
CAM,,AN,26,2.42487437450663,0.01,2025-12-06T22:37:13Z
CAM,,AN,27,2.43681121834863,0.01,2025-12-06T22:37:13Z
CAM,,AN,28,2.48387908889006,0.01,2025-12-06T22:37:13Z
CAM,,AN,29,2.32553039526488,0.01,2025-12-06T22:37:13Z
CAM,,AN,30,2.3546038865884,0.01,2025-12-06T22:37:14Z
CAM,,AN,31,2.51387298187277,0.01,2025-12-06T22:37:14Z
CAM,,AN,32,2.39241681874552,0.01,2025-12-06T22:37:14Z
CAM,,AN,33,2.2540345834598,0.01,2025-12-06T22:37:14Z
CAM,,AN,34,2.44044613782231,0.01,2025-12-06T22:37:15Z
CAM,,AN,35,2.50919817638935,0.01,2025-12-06T22:37:15Z
CAM,,AN,36,2.46340600446005,0.01,2025-12-06T22:37:15Z
CAM,,AN,37,2.40324316019052,0.01,2025-12-06T22:37:15Z
CAM,,AN,38,2.48606261309227,0.01,2025-12-06T22:37:16Z
CAM,,AN,39,2.47267425953886,0.01,2025-12-06T22:37:16Z
CAM,,AN,40,2.50499603243055,0.01,2025-12-06T22:37:16Z
CAM,,AN,41,2.33238048138807,0.01,2025-12-06T22:37:16Z
CAM,,AN,42,2.43918420426158,0.01,2025-12-06T22:37:17Z
CAM,,AN,43,2.3187011078558,0.01,2025-12-06T22:37:17Z
CAM,,AN,44,2.42420209146105,0.01,2025-12-06T22:37:17Z
CAM,,AN,45,2.46189915709987,0.01,2025-12-06T22:37:18Z
CAM,,AN,46,2.39255709189558,0.01,2025-12-06T22:37:18Z
CAM,,AN,47,2.32502738068663,0.01,2025-12-06T22:37:18Z
SLOPE,,AN,1,-0.0069413600430027,0.01,2025-12-07T02:27:52Z
SLOPE,,AN,2,0.0073797649894823,0.01,2025-12-07T02:27:53Z
SLOPE,,AN,3,0.003998921239016,0.01,2025-12-07T02:27:53Z
SLOPE,,AN,4,-0.0027727366097212,0.01,2025-12-07T02:27:54Z
SLOPE,,AN,5,0.0074115187402709,0.01,2025-12-07T02:27:54Z
SLOPE,,AN,6,-0.0075338690060757,0.01,2025-12-07T02:27:54Z
SLOPE,,AN,7,-0.0145439189024805,0.01,2025-12-07T02:27:55Z
SLOPE,,AN,8,0.003203353012583,0.01,2025-12-07T02:27:55Z
SLOPE,,AN,9,0.0004114758324718,0.01,2025-12-07T02:27:56Z
SLOPE,,AN,10,-0.0069859815575732,0.01,2025-12-07T02:27:56Z
SLOPE,,AN,11,-0.010592463735404,0.01,2025-12-07T02:27:56Z
SLOPE,,AN,12,0.0042600414706905,0.01,2025-12-07T02:27:57Z
SLOPE,,AN,13,-0.0143702064824499,0.01,2025-12-07T02:27:57Z
SLOPE,,AN,14,-0.0210333755829048,0.01,2025-12-07T02:27:58Z
SLOPE,,AN,15,-0.0101078632013954,0.01,2025-12-07T02:27:58Z
SLOPE,,AN,16,-0.0086125411347847,0.01,2025-12-07T02:27:58Z
SLOPE,,AN,17,-0.0159545949627897,0.01,2025-12-07T02:27:59Z
SLOPE,,AN,18,-0.0076283678282149,0.01,2025-12-07T02:27:59Z
SLOPE,,AN,19,-0.0218436114518441,0.01,2025-12-07T02:28:00Z
SLOPE,,AN,20,-0.0082424514908334,0.01,2025-12-07T02:28:00Z
SLOPE,,AN,21,-0.0216024677424987,0.01,2025-12-07T02:28:01Z
SLOPE,,AN,22,-0.0072338345908433,0.01,2025-12-07T02:28:01Z
SLOPE,,AN,23,-0.0175033098038216,0.01,2025-12-07T02:28:02Z
SLOPE,,AN,24,-0.0131118298358295,0.01,2025-12-07T02:28:02Z
SLOPE,,AN,25,-0.0151914803485687,0.01,2025-12-07T02:28:02Z
SLOPE,,AN,26,0.0089900308453808,0.01,2025-12-07T02:28:03Z
SLOPE,,AN,27,-0.0142813828126342,0.01,2025-12-07T02:28:03Z
SLOPE,,AN,28,-0.010224076182925,0.01,2025-12-07T02:28:04Z
SLOPE,,AN,29,0.0008515289720247,0.01,2025-12-07T02:28:04Z
SLOPE,,AN,30,-0.0029722879578376,0.01,2025-12-07T02:28:05Z
SLOPE,,AN,31,-0.0180626998509972,0.01,2025-12-07T02:28:05Z
SLOPE,,AN,32,0.0175783022451465,0.01,2025-12-07T02:28:06Z
SLOPE,,AN,33,0.000327884819419,0.01,2025-12-07T02:28:06Z
SLOPE,,AN,34,0.0003737701963663,0.01,2025-12-07T02:28:07Z
SLOPE,,AN,35,-0.0103553743353153,0.01,2025-12-07T02:28:07Z
SLOPE,,AN,36,-0.0163415937891975,0.01,2025-12-07T02:28:07Z
SLOPE,,AN,37,-0.0048507128706486,0.01,2025-12-07T02:28:08Z
SLOPE,,AN,38,-0.0045448182279705,0.01,2025-12-07T02:28:08Z
SLOPE,,AN,39,-0.0005995610746954,0.01,2025-12-07T02:28:09Z
SLOPE,,AN,40,-0.0044279361125244,0.01,2025-12-07T02:28:09Z
SLOPE,,AN,41,0.0048353703106478,0.01,2025-12-07T02:28:10Z
SLOPE,,AN,42,-0.0153615564884064,0.01,2025-12-07T02:28:10Z
SLOPE,,AN,43,-0.0057321691213513,0.01,2025-12-07T02:28:11Z
SLOPE,,AN,44,-0.0025230031584,0.01,2025-12-07T02:28:11Z
SLOPE,,AN,45,-0.0085174459382616,0.01,2025-12-07T02:28:11Z
SLOPE,,AN,46,-0.0117480388176556,0.01,2025-12-07T02:28:12Z
SLOPE,,AN,47,-0.0071474293802757,0.01,2025-12-07T02:28:12Z
SLOPE,,AN,48,0.005532116738194,0.01,2025-12-07T02:28:13Z
SLOPE,,AN,49,-0.0170027655776791,0.01,2025-12-07T02:28:13Z
SLOPE,,AN,50,-0.0150163758200275,0.01,2025-12-07T02:28:14Z
SLOPE,,AN,51,-0.0104435083216347,0.01,2025-12-07T02:28:14Z
SLOPE,,AN,52,-0.0080046884642925,0.01,2025-12-07T02:28:14Z
SLOPE,,AN,53,-0.010534397997148,0.01,2025-12-07T02:28:15Z
SLOPE,,AN,54,-0.0168100276524978,0.01,2025-12-07T02:28:15Z
SLOPE,,AN,55,-0.009035761717583,0.01,2025-12-07T02:28:16Z
SLOPE,,AN,56,-0.0095758902834268,0.01,2025-12-07T02:28:16Z
SLOPE,,AN,57,0.0029189836828115,0.01,2025-12-07T02:28:17Z
SLOPE,,AN,58,0.0002600574966978,0.01,2025-12-07T02:28:17Z
SLOPE,,AN,59,-0.0094291406701449,0.01,2025-12-07T02:28:18Z
SLOPE,,AN,60,-0.0060206835271249,0.01,2025-12-07T02:28:18Z
SLOPE,,AN,61,-0.0160188466914587,0.01,2025-12-07T02:28:19Z
SLOPE,,AN,62,-0.0083972375277009,0.01,2025-12-07T02:28:19Z
SLOPE,,AN,63,0.0083306751604982,0.01,2025-12-07T02:28:20Z
SLOPE,,AN,64,-0.0152995471501453,0.01,2025-12-07T02:28:20Z
SLOPE,,AN,65,-0.0067412204503178,0.01,2025-12-07T02:28:20Z
SLOPE,,AN,66,-0.0161431588742112,0.01,2025-12-07T02:28:21Z
SLOPE,,AN,67,-0.0136465959025371,0.01,2025-12-07T02:28:21Z
SLOPE,,AN,68,-0.0015387946224241,0.01,2025-12-07T02:28:21Z
SLOPE,,AN,69,-0.0073199694867106,0.01,2025-12-07T02:28:22Z
SLOPE,,AN,70,-0.0100585840690107,0.01,2025-12-07T02:28:22Z
SLOPE,,AN,71,-0.0157613627096441,0.01,2025-12-07T02:28:22Z
SLOPE,,AN,72,-0.0059617118365177,0.01,2025-12-07T02:28:23Z
SLOPE,,AN,73,-0.0159132535850854,0.01,2025-12-07T02:28:23Z
SLOPE,,AN,74,-0.0022573178661001,0.01,2025-12-07T02:28:24Z
SLOPE,,AN,75,-0.0085918407447445,0.01,2025-12-07T02:28:24Z
SLOPE,,AN,76,-0.0040462636874394,0.01,2025-12-07T02:28:25Z
SLOPE,,AN,77,-0.0136429923003208,0.01,2025-12-07T02:28:25Z
SLOPE,,AN,78,-0.007407978322433,0.01,2025-12-07T02:28:26Z
SLOPE,,AN,79,-0.0109543344172748,0.01,2025-12-07T02:28:26Z
SLOPE,,AN,80,-0.0067691098932766,0.01,2025-12-07T02:28:26Z
SLOPE,,AN,81,-0.0112807705074386,0.01,2025-12-07T02:28:27Z
SLOPE,,AN,82,0.0022415825445917,0.01,2025-12-07T02:28:27Z
SLOPE,,AN,83,-0.0040500837795294,0.01,2025-12-07T02:28:28Z
SLOPE,,AN,84,-0.0122160934425146,0.01,2025-12-07T02:28:28Z
SLOPE,,AN,85,0.0048025741302373,0.01,2025-12-07T02:28:29Z
SLOPE,,AN,86,-0.0100156935127121,0.01,2025-12-07T02:28:29Z
SLOPE,,AN,87,-0.0023212992411952,0.01,2025-12-07T02:28:29Z
SLOPE,,AN,88,-0.0048875227285125,0.01,2025-12-07T02:28:30Z
SLOPE,,AN,89,-0.0127668313142503,0.01,2025-12-07T02:28:30Z
SLOPE,,AN,90,-0.014469674164496,0.01,2025-12-07T02:28:31Z
SLOPE,,AN,91,-0.0166985408381566,0.01,2025-12-07T02:28:31Z
SLOPE,,AN,92,-0.0004143169413998,0.01,2025-12-07T02:28:31Z
SLOPE,,AN,93,-0.0012968922910404,0.01,2025-12-07T02:28:32Z
SLOPE,,AN,94,-0.0129455162653208,0.01,2025-12-07T02:28:32Z
SLOPE,,AN,95,-0.004581637609573,0.01,2025-12-07T02:28:32Z
SLOPE,,AN,96,-0.0186948385787275,0.01,2025-12-07T02:28:33Z
SLOPE,,AN,97,-0.0070852507780969,0.01,2025-12-07T02:28:33Z
SLOPE,,AN,98,-0.0039011067239067,0.01,2025-12-07T02:28:33Z
SLOPE,,AN,99,-0.005953549768385,0.01,2025-12-07T02:28:34Z
SLOPE,,AN,100,-0.0160737115161089,0.01,2025-12-07T02:28:34Z
SLOPE,,AN-s,1,0.005698408838987,0.01,2025-12-07T02:28:35Z
SLOPE,,AN-s,2,-0.0026312168425055,0.01,2025-12-07T02:28:35Z
SLOPE,,AN-s,3,-0.0088916563658657,0.01,2025-12-07T02:28:35Z
SLOPE,,AN-s,4,0.0001185093364476,0.01,2025-12-07T02:28:36Z
SLOPE,,AN-s,5,-0.0005240261371659,0.01,2025-12-07T02:28:36Z
SLOPE,,AN-s,6,-0.0028938887212656,0.01,2025-12-07T02:28:37Z
SLOPE,,AN-s,7,-0.0061649252886205,0.01,2025-12-07T02:28:37Z
SLOPE,,AN-s,8,-0.0140469879585373,0.01,2025-12-07T02:28:37Z
SLOPE,,AN-s,9,-0.0035439273175471,0.01,2025-12-07T02:28:38Z
SLOPE,,AN-s,10,-0.0044062133977199,0.01,2025-12-07T02:28:38Z
SLOPE,,AN-s,11,-0.0024101111419011,0.01,2025-12-07T02:28:38Z
SLOPE,,AN-s,12,-0.0078245398891546,0.01,2025-12-07T02:28:39Z
SLOPE,,AN-s,13,0.0005637887498306,0.01,2025-12-07T02:28:39Z
SLOPE,,AN-s,14,-0.0063905961616189,0.01,2025-12-07T02:28:39Z
SLOPE,,AN-s,15,-0.0098915760462814,0.01,2025-12-07T02:28:39Z
SLOPE,,AN-s,16,-0.0058238827270626,0.01,2025-12-07T02:28:40Z
SLOPE,,AN-s,17,0.0057441053369025,0.01,2025-12-07T02:28:40Z
SLOPE,,AN-s,18,-0.0050193093948556,0.01,2025-12-07T02:28:41Z
SLOPE,,AN-s,19,-0.0044126701054042,0.01,2025-12-07T02:28:41Z
SLOPE,,AN-s,20,-0.003252845604613,0.01,2025-12-07T02:28:42Z
SLOPE,,AN-s,21,-0.0076822867620335,0.01,2025-12-07T02:28:42Z
SLOPE,,AN-s,22,-0.0083626356819666,0.01,2025-12-07T02:28:42Z
SLOPE,,AN-s,23,-0.0178172288996716,0.01,2025-12-07T02:28:43Z
SLOPE,,AN-s,24,-0.007973928925654,0.01,2025-12-07T02:28:43Z
SLOPE,,AN-s,25,-0.0002881182117409,0.01,2025-12-07T02:28:44Z
SLOPE,,AN-s,26,-0.0025655219736914,0.01,2025-12-07T02:28:44Z
SLOPE,,AN-s,27,-0.0018391085615272,0.01,2025-12-07T02:28:45Z
SLOPE,,AN-s,28,0.0094228259111719,0.01,2025-12-07T02:28:45Z
SLOPE,,AN-s,29,-0.0098670634169062,0.01,2025-12-07T02:28:45Z
SLOPE,,AN-s,30,-0.0144962978333529,0.01,2025-12-07T02:28:46Z
SLOPE,,AN-s,31,-0.0020301926908798,0.01,2025-12-07T02:28:46Z
SLOPE,,AN-s,32,-0.00499587506934,0.01,2025-12-07T02:28:46Z
SLOPE,,AN-s,33,0.0036383339297336,0.01,2025-12-07T02:28:47Z
SLOPE,,AN-s,34,-0.0007430400538706,0.01,2025-12-07T02:28:47Z
SLOPE,,AN-s,35,-0.0169302523935416,0.01,2025-12-07T02:28:47Z
SLOPE,,AN-s,36,0.0073791594731398,0.01,2025-12-07T02:28:48Z
SLOPE,,AN-s,37,-0.008430330775883,0.01,2025-12-07T02:28:48Z
SLOPE,,AN-s,38,-0.0043435924206191,0.01,2025-12-07T02:28:49Z
SLOPE,,AN-s,39,-0.0074141693645563,0.01,2025-12-07T02:28:49Z
SLOPE,,AN-s,40,0.0134133035144092,0.01,2025-12-07T02:28:49Z
SLOPE,,AN-s,41,-0.0179165804533388,0.01,2025-12-07T02:28:50Z
SLOPE,,AN-s,42,-0.0102854890740116,0.01,2025-12-07T02:28:50Z
SLOPE,,AN-s,43,0.0107930374310134,0.01,2025-12-07T02:28:50Z
SLOPE,,AN-s,44,-0.0011029669675423,0.01,2025-12-07T02:28:51Z
SLOPE,,AN-s,45,-0.0181701147637469,0.01,2025-12-07T02:28:51Z
SLOPE,,AN-s,46,0.0029190400344962,0.01,2025-12-07T02:28:52Z
SLOPE,,AN-s,47,0.0007594513509014,0.01,2025-12-07T02:28:52Z
SLOPE,,AN-s,48,-0.003068321034504,0.01,2025-12-07T02:28:52Z
SLOPE,,AN-s,49,0.0039867705813579,0.01,2025-12-07T02:28:53Z
SLOPE,,AN-s,50,-0.0043426011142041,0.01,2025-12-07T02:28:53Z
SLOPE,,AN-s,51,1.76425353696219e-05,0.01,2025-12-07T02:28:53Z
SLOPE,,AN-s,52,0.0070287786637145,0.01,2025-12-07T02:28:54Z
SLOPE,,AN-s,53,0.0036300838473962,0.01,2025-12-07T02:28:54Z
SLOPE,,AN-s,54,-0.0037831148901913,0.01,2025-12-07T02:28:55Z
SLOPE,,AN-s,55,-0.0118092179417266,0.01,2025-12-07T02:28:55Z
SLOPE,,AN-s,56,-0.0144159377261945,0.01,2025-12-07T02:28:55Z
SLOPE,,AN-s,57,-0.0015443214536517,0.01,2025-12-07T02:28:56Z
SLOPE,,AN-s,58,-0.002646656610453,0.01,2025-12-07T02:28:56Z
SLOPE,,AN-s,59,0.0100710874223766,0.01,2025-12-07T02:28:56Z
SLOPE,,AN-s,60,0.0103741790594954,0.01,2025-12-07T02:28:57Z
SLOPE,,AN-s,61,-0.0098352345909519,0.01,2025-12-07T02:28:57Z
SLOPE,,AN-s,62,-0.0122074623008676,0.01,2025-12-07T02:28:57Z
SLOPE,,AN-s,63,0.0086822935529566,0.01,2025-12-07T02:28:58Z
SLOPE,,AN-s,64,-0.0028639399686459,0.01,2025-12-07T02:28:58Z
SLOPE,,AN-s,65,-0.014612924692242,0.01,2025-12-07T02:28:59Z
SLOPE,,AN-s,66,-0.0097975487563867,0.01,2025-12-07T02:28:59Z
SLOPE,,AN-s,67,-0.0030599920332302,0.01,2025-12-07T02:29:00Z
SLOPE,,AN-s,68,-0.0152691914040282,0.01,2025-12-07T02:29:00Z
SLOPE,,AN-s,69,-0.0084682797012013,0.01,2025-12-07T02:29:00Z
SLOPE,,AN-s,70,-0.0011045185264374,0.01,2025-12-07T02:29:00Z
SLOPE,,AN-s,71,0.0030467556844715,0.01,2025-12-07T02:29:01Z
SLOPE,,AN-s,72,0.0039710068787295,0.01,2025-12-07T02:29:01Z
SLOPE,,AN-s,73,-0.0186330320206162,0.01,2025-12-07T02:29:02Z
SLOPE,,AN-s,74,-0.0074436450708847,0.01,2025-12-07T02:29:02Z
SLOPE,,AN-s,75,-0.0050462916144352,0.01,2025-12-07T02:29:03Z
SLOPE,,AN-s,76,-0.004560092618362,0.01,2025-12-07T02:29:03Z
SLOPE,,AN-s,77,0.0022301825290531,0.01,2025-12-07T02:29:04Z
SLOPE,,AN-s,78,-0.0024773127142216,0.01,2025-12-07T02:29:04Z
SLOPE,,AN-s,79,0.0028290096197132,0.01,2025-12-07T02:29:04Z
SLOPE,,AN-s,80,-0.0089087223128943,0.01,2025-12-07T02:29:05Z
SLOPE,,AN-s,81,0.0037612753674967,0.01,2025-12-07T02:29:05Z
SLOPE,,AN-s,82,-0.0090718622506622,0.01,2025-12-07T02:29:06Z
SLOPE,,AN-s,83,-0.0020708766565555,0.01,2025-12-07T02:29:06Z
SLOPE,,AN-s,84,0.0029969492173171,0.01,2025-12-07T02:29:06Z
SLOPE,,AN-s,85,-0.0023563599537711,0.01,2025-12-07T02:29:07Z
SLOPE,,AN-s,86,-0.0158781289855787,0.01,2025-12-07T02:29:07Z
SLOPE,,AN-s,87,-0.006644101368748,0.01,2025-12-07T02:29:08Z
SLOPE,,AN-s,88,-0.004916114286085,0.01,2025-12-07T02:29:08Z
SLOPE,,AN-s,89,0.0016747715339341,0.01,2025-12-07T02:29:08Z
SLOPE,,AN-s,90,-0.0062939093508609,0.01,2025-12-07T02:29:09Z
SLOPE,,AN-s,91,0.0033158360001541,0.01,2025-12-07T02:29:09Z
SLOPE,,AN-s,92,-0.0107233759514907,0.01,2025-12-07T02:29:10Z
SLOPE,,AN-s,93,-0.0145260981869174,0.01,2025-12-07T02:29:10Z
SLOPE,,AN-s,94,-0.0033014839365145,0.01,2025-12-07T02:29:10Z
SLOPE,,AN-s,95,0.0067145669115418,0.01,2025-12-07T02:29:11Z
SLOPE,,AN-s,96,-0.0163408720415687,0.01,2025-12-07T02:29:11Z
SLOPE,,AN-s,97,0.0071912149345275,0.01,2025-12-07T02:29:12Z
SLOPE,,AN-s,98,-0.0046123660496313,0.01,2025-12-07T02:29:12Z
SLOPE,,AN-s,99,-0.0070892437180607,0.01,2025-12-07T02:29:12Z
SLOPE,,AN-s,100,-0.0029092950182884,0.01,2025-12-07T02:29:12Z
SLOPE,,LS,1,-0.0080453749681873,0.01,2025-12-07T02:29:13Z
SLOPE,,LS,2,-0.0029786734889849,0.01,2025-12-07T02:29:13Z
SLOPE,,LS,3,-0.0107244462456078,0.01,2025-12-07T02:29:14Z
SLOPE,,LS,4,-0.0003966778532408,0.01,2025-12-07T02:29:14Z
SLOPE,,LS,5,-0.0039826344611544,0.01,2025-12-07T02:29:15Z
SLOPE,,LS,6,-0.0140580389248303,0.01,2025-12-07T02:29:15Z
SLOPE,,LS,7,-0.0090546510194114,0.01,2025-12-07T02:29:16Z
SLOPE,,LS,8,-0.0041702087337577,0.01,2025-12-07T02:29:16Z
SLOPE,,LS,9,-0.006475217746262,0.01,2025-12-07T02:29:16Z
SLOPE,,LS,10,-0.0129329259652493,0.01,2025-12-07T02:29:17Z
SLOPE,,LS,11,3.82435810076798e-05,0.01,2025-12-07T02:29:17Z
SLOPE,,LS,12,-0.0056452661576281,0.01,2025-12-07T02:29:17Z
SLOPE,,LS,13,-0.0015431288117172,0.01,2025-12-07T02:29:18Z
SLOPE,,LS,14,-0.0100183494655954,0.01,2025-12-07T02:29:18Z
SLOPE,,LS,15,-0.0006284408767183,0.01,2025-12-07T02:29:19Z
SLOPE,,LS,16,-0.0110425174204956,0.01,2025-12-07T02:29:19Z
SLOPE,,LS,17,-0.003203408737839,0.01,2025-12-07T02:29:19Z
SLOPE,,LS,18,0.0014240569738254,0.01,2025-12-07T02:29:20Z
SLOPE,,LS,19,-0.010881584950445,0.01,2025-12-07T02:29:20Z
SLOPE,,LS,20,-0.0063886073678038,0.01,2025-12-07T02:29:20Z
SLOPE,,LS,21,0.0040978292016441,0.01,2025-12-07T02:29:21Z
SLOPE,,LS,22,-0.0119018643918074,0.01,2025-12-07T02:29:21Z
SLOPE,,LS,23,-0.0063108778014704,0.01,2025-12-07T02:29:21Z
SLOPE,,LS,24,-0.0112888804895968,0.01,2025-12-07T02:29:22Z
SLOPE,,LS,25,-0.0009334278385189,0.01,2025-12-07T02:29:22Z
SLOPE,,LS,26,-0.015839648964343,0.01,2025-12-07T02:29:23Z
SLOPE,,LS,27,-0.0037468886662472,0.01,2025-12-07T02:29:23Z
SLOPE,,LS,28,-0.0076725260810297,0.01,2025-12-07T02:29:24Z
SLOPE,,LS,29,0.0040735088654366,0.01,2025-12-07T02:29:24Z
SLOPE,,LS,30,-0.0045108535009068,0.01,2025-12-07T02:29:24Z
SLOPE,,LS,31,-0.0092897704959764,0.01,2025-12-07T02:29:25Z
SLOPE,,LS,32,0.0038613525918254,0.01,2025-12-07T02:29:25Z
SLOPE,,LS,33,-0.0064933488805626,0.01,2025-12-07T02:29:26Z
SLOPE,,LS,34,-0.0073757927063832,0.01,2025-12-07T02:29:26Z
SLOPE,,LS,35,0.0075434853034863,0.01,2025-12-07T02:29:27Z
SLOPE,,LS,36,0.0001092099292023,0.01,2025-12-07T02:29:27Z
SLOPE,,LS,37,-0.0096287937743952,0.01,2025-12-07T02:29:27Z
SLOPE,,LS,38,-0.0033350314021428,0.01,2025-12-07T02:29:28Z
SLOPE,,LS,39,-0.0001922314491253,0.01,2025-12-07T02:29:28Z
SLOPE,,LS,40,0.0017656101578283,0.01,2025-12-07T02:29:29Z
SLOPE,,LS,41,-0.0024415123989286,0.01,2025-12-07T02:29:29Z
SLOPE,,LS,42,-0.0113057331502851,0.01,2025-12-07T02:29:29Z
SLOPE,,LS,43,-0.0013572934808512,0.01,2025-12-07T02:29:30Z
SLOPE,,LS,44,-0.013021067288836,0.01,2025-12-07T02:29:30Z
SLOPE,,LS,45,-0.0094349513947888,0.01,2025-12-07T02:29:31Z
SLOPE,,LS,46,-0.0085384920651009,0.01,2025-12-07T02:29:31Z
SLOPE,,LS,47,-0.0160724869841567,0.01,2025-12-07T02:29:31Z
SLOPE,,LS,48,-0.0155210194674239,0.01,2025-12-07T02:29:32Z
SLOPE,,LS,49,-0.0120472311067593,0.01,2025-12-07T02:29:32Z
SLOPE,,LS,50,0.0085412194221577,0.01,2025-12-07T02:29:32Z
SLOPE,,LS,51,-0.0036706083192027,0.01,2025-12-07T02:29:33Z
SLOPE,,LS,52,-0.0110053058183781,0.01,2025-12-07T02:29:33Z
SLOPE,,LS,53,-0.0027857933726559,0.01,2025-12-07T02:29:33Z
SLOPE,,LS,54,-0.0010765534395802,0.01,2025-12-07T02:29:34Z
SLOPE,,LS,55,-0.0021479479390864,0.01,2025-12-07T02:29:34Z
SLOPE,,LS,56,-0.0092533974951256,0.01,2025-12-07T02:29:35Z
SLOPE,,LS,57,-0.004625382345428,0.01,2025-12-07T02:29:35Z
SLOPE,,LS,58,-0.0064052717929354,0.01,2025-12-07T02:29:36Z
SLOPE,,LS,59,-0.0103862170015079,0.01,2025-12-07T02:29:36Z
SLOPE,,LS,60,0.0068147521543735,0.01,2025-12-07T02:29:36Z
SLOPE,,LS,61,0.0024714743163241,0.01,2025-12-07T02:29:37Z
SLOPE,,LS,62,-0.0066916437887185,0.01,2025-12-07T02:29:37Z
SLOPE,,LS,63,0.0073027289849664,0.01,2025-12-07T02:29:37Z
SLOPE,,LS,64,0.0034684209151074,0.01,2025-12-07T02:29:38Z
SLOPE,,LS,65,-0.0153820666074376,0.01,2025-12-07T02:29:38Z
SLOPE,,LS,66,-0.0075482892128607,0.01,2025-12-07T02:29:39Z
SLOPE,,LS,67,-0.0059467880347189,0.01,2025-12-07T02:29:39Z
SLOPE,,LS,68,-0.0175825001440129,0.01,2025-12-07T02:29:40Z
SLOPE,,LS,69,-0.0121625647512855,0.01,2025-12-07T02:29:40Z
SLOPE,,LS,70,-0.0080184351358955,0.01,2025-12-07T02:29:40Z
SLOPE,,LS,71,-0.0130100294514688,0.01,2025-12-07T02:29:41Z
SLOPE,,LS,72,0.0001673125569897,0.01,2025-12-07T02:29:41Z
SLOPE,,LS,73,-0.0012674796889667,0.01,2025-12-07T02:29:42Z
SLOPE,,LS,74,-0.0064824422476799,0.01,2025-12-07T02:29:42Z
SLOPE,,LS,75,0.0044936516282939,0.01,2025-12-07T02:29:42Z
SLOPE,,LS,76,-0.0065371233918185,0.01,2025-12-07T02:29:43Z
SLOPE,,LS,77,-0.0067274821402785,0.01,2025-12-07T02:29:43Z
SLOPE,,LS,78,-0.0017257734845019,0.01,2025-12-07T02:29:44Z
SLOPE,,LS,79,-0.0112899143348886,0.01,2025-12-07T02:29:44Z
SLOPE,,LS,80,-0.0049613368452737,0.01,2025-12-07T02:29:45Z
SLOPE,,LS,81,0.0022240283029661,0.01,2025-12-07T02:29:45Z
SLOPE,,LS,82,-0.007654739218839,0.01,2025-12-07T02:29:45Z
SLOPE,,LS,83,-0.0002883578605495,0.01,2025-12-07T02:29:46Z
SLOPE,,LS,84,-0.0103621020389105,0.01,2025-12-07T02:29:46Z
SLOPE,,LS,85,-0.0045897313777351,0.01,2025-12-07T02:29:47Z
SLOPE,,LS,86,0.0018876884603367,0.01,2025-12-07T02:29:47Z
SLOPE,,LS,87,-0.0075616603464309,0.01,2025-12-07T02:29:48Z
SLOPE,,LS,88,-0.0125796031335672,0.01,2025-12-07T02:29:48Z
SLOPE,,LS,89,-0.0042477879328978,0.01,2025-12-07T02:29:48Z
SLOPE,,LS,90,0.0083666362084537,0.01,2025-12-07T02:29:49Z
SLOPE,,LS,91,0.0016069827169189,0.01,2025-12-07T02:29:49Z
SLOPE,,LS,92,0.0004309851964859,0.01,2025-12-07T02:29:50Z
SLOPE,,LS,93,-0.0031346009137761,0.01,2025-12-07T02:29:50Z
SLOPE,,LS,94,-0.0013083796100182,0.01,2025-12-07T02:29:50Z
SLOPE,,LS,95,-0.0038020174923873,0.01,2025-12-07T02:29:51Z
SLOPE,,LS,96,-0.0013040685812065,0.01,2025-12-07T02:29:51Z
SLOPE,,LS,97,-0.0085930472948728,0.01,2025-12-07T02:29:52Z
SLOPE,,LS,98,7.21113928646711e-05,0.01,2025-12-07T02:29:52Z
SLOPE,,LS,99,-0.0035150672764289,0.01,2025-12-07T02:29:52Z
SLOPE,,LS,100,-0.0154798613997386,0.01,2025-12-07T02:29:53Z
SLOPE,,LS-s,1,-0.0131256963659324,0.01,2025-12-07T02:29:53Z
SLOPE,,LS-s,2,-0.0030584247074543,0.01,2025-12-07T02:29:54Z
SLOPE,,LS-s,3,-0.0092094422539773,0.01,2025-12-07T02:29:54Z
SLOPE,,LS-s,4,0.0014486007507836,0.01,2025-12-07T02:29:55Z
SLOPE,,LS-s,5,-0.0114075594208733,0.01,2025-12-07T02:29:55Z
SLOPE,,LS-s,6,-0.0054305278934948,0.01,2025-12-07T02:29:55Z
SLOPE,,LS-s,7,-0.0034347142672837,0.01,2025-12-07T02:29:56Z
SLOPE,,LS-s,8,-0.0129739093759646,0.01,2025-12-07T02:29:56Z
SLOPE,,LS-s,9,0.0164814014456289,0.01,2025-12-07T02:29:56Z
SLOPE,,LS-s,10,-0.0091703969708296,0.01,2025-12-07T02:29:57Z
SLOPE,,LS-s,11,0.0044434436076477,0.01,2025-12-07T02:29:57Z
SLOPE,,LS-s,12,0.0010575825913331,0.01,2025-12-07T02:29:57Z
SLOPE,,LS-s,13,0.0007600918325358,0.01,2025-12-07T02:29:58Z
SLOPE,,LS-s,14,-0.000285481582682,0.01,2025-12-07T02:29:58Z
SLOPE,,LS-s,15,-0.0055962932981712,0.01,2025-12-07T02:29:59Z
SLOPE,,LS-s,16,0.0016299832392719,0.01,2025-12-07T02:29:59Z
SLOPE,,LS-s,17,-0.0096557904059302,0.01,2025-12-07T02:30:00Z
SLOPE,,LS-s,18,-0.013700087920174,0.01,2025-12-07T02:30:00Z
SLOPE,,LS-s,19,0.0001879398617538,0.01,2025-12-07T02:30:00Z
SLOPE,,LS-s,20,-0.0102665700212413,0.01,2025-12-07T02:30:01Z
SLOPE,,LS-s,21,-0.0079937167786054,0.01,2025-12-07T02:30:01Z
SLOPE,,LS-s,22,0.0023415713924402,0.01,2025-12-07T02:30:02Z
SLOPE,,LS-s,23,0.0030303284664626,0.01,2025-12-07T02:30:02Z
SLOPE,,LS-s,24,-0.0030415709474963,0.01,2025-12-07T02:30:03Z
SLOPE,,LS-s,25,-0.0099953434076738,0.01,2025-12-07T02:30:03Z
SLOPE,,LS-s,26,-0.0038067665100882,0.01,2025-12-07T02:30:03Z
SLOPE,,LS-s,27,-0.0092665501746672,0.01,2025-12-07T02:30:04Z
SLOPE,,LS-s,28,-0.0087398629884889,0.01,2025-12-07T02:30:04Z
SLOPE,,LS-s,29,-0.010961053255225,0.01,2025-12-07T02:30:05Z
SLOPE,,LS-s,30,0.0048658236874574,0.01,2025-12-07T02:30:05Z
SLOPE,,LS-s,31,-0.0189920077674558,0.01,2025-12-07T02:30:06Z
SLOPE,,LS-s,32,-0.0026934192526405,0.01,2025-12-07T02:30:06Z
SLOPE,,LS-s,33,-0.0123241772767318,0.01,2025-12-07T02:30:06Z
SLOPE,,LS-s,34,-0.0056251347609052,0.01,2025-12-07T02:30:07Z
SLOPE,,LS-s,35,-0.0068363437259862,0.01,2025-12-07T02:30:07Z
SLOPE,,LS-s,36,0.0005795229993773,0.01,2025-12-07T02:30:08Z
SLOPE,,LS-s,37,-0.0156510164733758,0.01,2025-12-07T02:30:08Z
SLOPE,,LS-s,38,-0.0066746841080614,0.01,2025-12-07T02:30:08Z
SLOPE,,LS-s,39,-0.0072514861964211,0.01,2025-12-07T02:30:09Z
SLOPE,,LS-s,40,-0.0071495455846107,0.01,2025-12-07T02:30:09Z
SLOPE,,LS-s,41,-0.015402651833017,0.01,2025-12-07T02:30:10Z
SLOPE,,LS-s,42,-0.0059274883660849,0.01,2025-12-07T02:30:10Z
SLOPE,,LS-s,43,-0.0027824644053255,0.01,2025-12-07T02:30:11Z
SLOPE,,LS-s,44,-0.0088831907513243,0.01,2025-12-07T02:30:11Z
SLOPE,,LS-s,45,-0.0177681877017625,0.01,2025-12-07T02:30:11Z
SLOPE,,LS-s,46,-0.0068368874741391,0.01,2025-12-07T02:30:12Z
SLOPE,,LS-s,47,-0.008511054730816,0.01,2025-12-07T02:30:12Z
SLOPE,,LS-s,48,-0.0141088560720726,0.01,2025-12-07T02:30:13Z
SLOPE,,LS-s,49,0.0002534534427049,0.01,2025-12-07T02:30:13Z
SLOPE,,LS-s,50,-0.0133922698397745,0.01,2025-12-07T02:30:14Z
SLOPE,,LS-s,51,-0.0022954818630184,0.01,2025-12-07T02:30:14Z
SLOPE,,LS-s,52,-0.004459723549043,0.01,2025-12-07T02:30:15Z
SLOPE,,LS-s,53,-0.0075324433064569,0.01,2025-12-07T02:30:15Z
SLOPE,,LS-s,54,-0.0006573028439688,0.01,2025-12-07T02:30:15Z
SLOPE,,LS-s,55,-0.0165256412757808,0.01,2025-12-07T02:30:16Z
SLOPE,,LS-s,56,-0.0034591198904257,0.01,2025-12-07T02:30:16Z
SLOPE,,LS-s,57,-0.0092969045322155,0.01,2025-12-07T02:30:17Z
SLOPE,,LS-s,58,-0.0133206076516164,0.01,2025-12-07T02:30:17Z
SLOPE,,LS-s,59,-0.0013301107336569,0.01,2025-12-07T02:30:17Z
SLOPE,,LS-s,60,-0.0015591271339603,0.01,2025-12-07T02:30:18Z
SLOPE,,LS-s,61,-0.0086991536785093,0.01,2025-12-07T02:30:18Z
SLOPE,,LS-s,62,-0.0082957286136213,0.01,2025-12-07T02:30:19Z
SLOPE,,LS-s,63,0.0119831622247912,0.01,2025-12-07T02:30:19Z
SLOPE,,LS-s,64,-0.0094844434671995,0.01,2025-12-07T02:30:19Z
SLOPE,,LS-s,65,-0.009853226427104,0.01,2025-12-07T02:30:20Z
SLOPE,,LS-s,66,-0.0103045789972676,0.01,2025-12-07T02:30:20Z
SLOPE,,LS-s,67,-0.0032250365576609,0.01,2025-12-07T02:30:20Z
SLOPE,,LS-s,68,-0.0028379455624668,0.01,2025-12-07T02:30:21Z
SLOPE,,LS-s,69,-0.0155466331976564,0.01,2025-12-07T02:30:21Z
SLOPE,,LS-s,70,-0.0122189962900051,0.01,2025-12-07T02:30:21Z
SLOPE,,LS-s,71,-0.0054247894132044,0.01,2025-12-07T02:30:22Z
SLOPE,,LS-s,72,-0.0075382446633822,0.01,2025-12-07T02:30:22Z
SLOPE,,LS-s,73,-0.0092307952095883,0.01,2025-12-07T02:30:23Z
SLOPE,,LS-s,74,-0.0105480720615664,0.01,2025-12-07T02:30:23Z
SLOPE,,LS-s,75,-0.0096699527706072,0.01,2025-12-07T02:30:23Z
SLOPE,,LS-s,76,-0.0133758407895494,0.01,2025-12-07T02:30:24Z
SLOPE,,LS-s,77,-0.0044437508622979,0.01,2025-12-07T02:30:24Z
SLOPE,,LS-s,78,-0.0105441263437144,0.01,2025-12-07T02:30:25Z
SLOPE,,LS-s,79,-0.0012497993207104,0.01,2025-12-07T02:30:25Z
SLOPE,,LS-s,80,-0.0035166050210635,0.01,2025-12-07T02:30:26Z
SLOPE,,LS-s,81,-0.0006511182011768,0.01,2025-12-07T02:30:26Z
SLOPE,,LS-s,82,-0.0014554335641363,0.01,2025-12-07T02:30:26Z
SLOPE,,LS-s,83,-0.0106165820961079,0.01,2025-12-07T02:30:27Z
SLOPE,,LS-s,84,-0.0068787113493345,0.01,2025-12-07T02:30:27Z
SLOPE,,LS-s,85,-0.0094393519582439,0.01,2025-12-07T02:30:28Z
SLOPE,,LS-s,86,-0.0049532449476396,0.01,2025-12-07T02:30:28Z
SLOPE,,LS-s,87,-0.0119211520140948,0.01,2025-12-07T02:30:29Z
SLOPE,,LS-s,88,0.0180009509732785,0.01,2025-12-07T02:30:29Z
SLOPE,,LS-s,89,-0.0145742430646004,0.01,2025-12-07T02:30:29Z
SLOPE,,LS-s,90,-0.0063200624694309,0.01,2025-12-07T02:30:30Z
SLOPE,,LS-s,91,-0.0055027043992554,0.01,2025-12-07T02:30:30Z
SLOPE,,LS-s,92,-0.006749431884898,0.01,2025-12-07T02:30:30Z
SLOPE,,LS-s,93,0.0158536003745713,0.01,2025-12-07T02:30:31Z
SLOPE,,LS-s,94,-0.0032523568707469,0.01,2025-12-07T02:30:31Z
SLOPE,,LS-s,95,-0.0050177440904508,0.01,2025-12-07T02:30:31Z
SLOPE,,LS-s,96,-0.0057120138475638,0.01,2025-12-07T02:30:32Z
SLOPE,,LS-s,97,-0.0037422691311209,0.01,2025-12-07T02:30:32Z
SLOPE,,LS-s,98,0.0013452564388702,0.01,2025-12-07T02:30:33Z
SLOPE,,LS-s,99,0.0033876903704398,0.01,2025-12-07T02:30:33Z
SLOPE,,LS-s,100,-0.0136782115527526,0.01,2025-12-07T02:30:34Z
SLOPE,,MN-U,1,-0.0074033513976986,0.01,2025-12-07T02:30:34Z
SLOPE,,MN-U,2,0.0013851883098986,0.01,2025-12-07T02:30:34Z
SLOPE,,MN-U,3,-0.009825869606205,0.01,2025-12-07T02:30:35Z
SLOPE,,MN-U,4,-0.0016908235879045,0.01,2025-12-07T02:30:35Z
SLOPE,,MN-U,5,-0.005704236868996,0.01,2025-12-07T02:30:36Z
SLOPE,,MN-U,6,-0.0023808535242149,0.01,2025-12-07T02:30:36Z
SLOPE,,MN-U,7,-0.0071423275831327,0.01,2025-12-07T02:30:37Z
SLOPE,,MN-U,8,-0.0019773193376965,0.01,2025-12-07T02:30:37Z
SLOPE,,MN-U,9,0.0001103205000833,0.01,2025-12-07T02:30:37Z
SLOPE,,MN-U,10,-0.0060274432875649,0.01,2025-12-07T02:30:38Z
SLOPE,,MN-U,11,-0.0016425994690414,0.01,2025-12-07T02:30:38Z
SLOPE,,MN-U,12,-0.0045231985225204,0.01,2025-12-07T02:30:39Z
SLOPE,,MN-U,13,-0.0137452110641893,0.01,2025-12-07T02:30:39Z
SLOPE,,MN-U,14,-0.0124347276421882,0.01,2025-12-07T02:30:39Z
SLOPE,,MN-U,15,-6.84932040618813e-05,0.01,2025-12-07T02:30:40Z
SLOPE,,MN-U,16,-0.0034094282717488,0.01,2025-12-07T02:30:40Z
SLOPE,,MN-U,17,3.91943962489982e-05,0.01,2025-12-07T02:30:41Z
SLOPE,,MN-U,18,-0.0068944627377105,0.01,2025-12-07T02:30:41Z
SLOPE,,MN-U,19,-0.0077994517483664,0.01,2025-12-07T02:30:42Z
SLOPE,,MN-U,20,-0.0086270373512402,0.01,2025-12-07T02:30:42Z
SLOPE,,MN-U,21,-0.0132883440218919,0.01,2025-12-07T02:30:42Z
SLOPE,,MN-U,22,-0.0081872943932603,0.01,2025-12-07T02:30:43Z
SLOPE,,MN-U,23,0.0004743155614614,0.01,2025-12-07T02:30:43Z
SLOPE,,MN-U,24,-0.0036815823428404,0.01,2025-12-07T02:30:44Z
SLOPE,,MN-U,25,-0.0018081817822962,0.01,2025-12-07T02:30:44Z
SLOPE,,MN-U,26,-0.0070213337617566,0.01,2025-12-07T02:30:45Z
SLOPE,,MN-U,27,-0.0047370147517949,0.01,2025-12-07T02:30:45Z
SLOPE,,MN-U,28,-0.0026105478533166,0.01,2025-12-07T02:30:45Z
SLOPE,,MN-U,29,-0.0105173299883223,0.01,2025-12-07T02:30:46Z
SLOPE,,MN-U,30,-0.0133520131183594,0.01,2025-12-07T02:30:46Z
SLOPE,,MN-U,31,-0.0079793501006257,0.01,2025-12-07T02:30:46Z
SLOPE,,MN-U,32,-0.0031170959698704,0.01,2025-12-07T02:30:47Z
SLOPE,,MN-U,33,-0.0043732795793354,0.01,2025-12-07T02:30:47Z
SLOPE,,MN-U,34,-0.0095513652654428,0.01,2025-12-07T02:30:48Z
SLOPE,,MN-U,35,-0.0062148182609657,0.01,2025-12-07T02:30:48Z
SLOPE,,MN-U,36,-0.0079729759859351,0.01,2025-12-07T02:30:48Z
SLOPE,,MN-U,37,-0.0022768854179736,0.01,2025-12-07T02:30:49Z
SLOPE,,MN-U,38,0.0006882791053258,0.01,2025-12-07T02:30:49Z
SLOPE,,MN-U,39,-0.0092644389756111,0.01,2025-12-07T02:30:50Z
SLOPE,,MN-U,40,-0.0084821080446673,0.01,2025-12-07T02:30:50Z
SLOPE,,MN-U,41,0.0034577260032019,0.01,2025-12-07T02:30:51Z
SLOPE,,MN-U,42,-0.0106474198296514,0.01,2025-12-07T02:30:51Z
SLOPE,,MN-U,43,-0.0049450972915348,0.01,2025-12-07T02:30:52Z
SLOPE,,MN-U,44,-0.0084126354058782,0.01,2025-12-07T02:30:52Z
SLOPE,,MN-U,45,-0.0098620558467086,0.01,2025-12-07T02:30:53Z
SLOPE,,MN-U,46,-0.0091770433856718,0.01,2025-12-07T02:30:53Z
SLOPE,,MN-U,47,-0.0072711688426291,0.01,2025-12-07T02:30:53Z
SLOPE,,MN-U,48,-0.0069344896984954,0.01,2025-12-07T02:30:54Z
SLOPE,,MN-U,49,-0.0069821522805061,0.01,2025-12-07T02:30:54Z
SLOPE,,MN-U,50,-0.0038222787343059,0.01,2025-12-07T02:30:55Z
SLOPE,,MN-U,51,-0.0047068107529573,0.01,2025-12-07T02:30:55Z
SLOPE,,MN-U,52,-0.0082480682250161,0.01,2025-12-07T02:30:56Z
SLOPE,,MN-U,53,-0.0058345694087735,0.01,2025-12-07T02:30:56Z
SLOPE,,MN-U,54,-0.0090496077229078,0.01,2025-12-07T02:30:56Z
SLOPE,,MN-U,55,-0.0008378871200138,0.01,2025-12-07T02:30:57Z
SLOPE,,MN-U,56,-0.0076541290309488,0.01,2025-12-07T02:30:57Z
SLOPE,,MN-U,57,-0.0026765678673287,0.01,2025-12-07T02:30:58Z
SLOPE,,MN-U,58,-0.0084934895156182,0.01,2025-12-07T02:30:58Z
SLOPE,,MN-U,59,-0.00953401939297,0.01,2025-12-07T02:30:58Z
SLOPE,,MN-U,60,-0.0033203231992809,0.01,2025-12-07T02:30:59Z
SLOPE,,MN-U,61,-0.0044334346132344,0.01,2025-12-07T02:30:59Z
SLOPE,,MN-U,62,6.3619131717374e-05,0.01,2025-12-07T02:31:00Z
SLOPE,,MN-U,63,-0.0045583369740056,0.01,2025-12-07T02:31:00Z
SLOPE,,MN-U,64,-0.0072315435423091,0.01,2025-12-07T02:31:01Z
SLOPE,,MN-U,65,-0.0014205783042606,0.01,2025-12-07T02:31:01Z
SLOPE,,MN-U,66,-0.009003318910518,0.01,2025-12-07T02:31:02Z
SLOPE,,MN-U,67,-0.0157507988396553,0.01,2025-12-07T02:31:02Z
SLOPE,,MN-U,68,-0.0031407772751802,0.01,2025-12-07T02:31:02Z
SLOPE,,MN-U,69,-0.0083200980436469,0.01,2025-12-07T02:31:03Z
SLOPE,,MN-U,70,-0.0050217102887141,0.01,2025-12-07T02:31:03Z
SLOPE,,MN-U,71,-0.0023902154120672,0.01,2025-12-07T02:31:04Z
SLOPE,,MN-U,72,-0.0101163298826889,0.01,2025-12-07T02:31:04Z
SLOPE,,MN-U,73,-0.0043320350748178,0.01,2025-12-07T02:31:04Z
SLOPE,,MN-U,74,-0.0049409319943329,0.01,2025-12-07T02:31:05Z
SLOPE,,MN-U,75,-0.0052992719600186,0.01,2025-12-07T02:31:05Z
SLOPE,,MN-U,76,-0.0043376021192588,0.01,2025-12-07T02:31:06Z
SLOPE,,MN-U,77,-0.0028216310997668,0.01,2025-12-07T02:31:06Z
SLOPE,,MN-U,78,-0.0078839355883026,0.01,2025-12-07T02:31:06Z
SLOPE,,MN-U,79,-0.0037589036195808,0.01,2025-12-07T02:31:07Z
SLOPE,,MN-U,80,-0.0044516035093535,0.01,2025-12-07T02:31:07Z
SLOPE,,MN-U,81,-0.0042600017832324,0.01,2025-12-07T02:31:08Z
SLOPE,,MN-U,82,-0.0064500719063778,0.01,2025-12-07T02:31:08Z
SLOPE,,MN-U,83,-0.0116885443250959,0.01,2025-12-07T02:31:08Z
SLOPE,,MN-U,84,-0.0111978930589223,0.01,2025-12-07T02:31:09Z
SLOPE,,MN-U,85,-0.0018477594928958,0.01,2025-12-07T02:31:09Z
SLOPE,,MN-U,86,-0.0036801127460761,0.01,2025-12-07T02:31:10Z
SLOPE,,MN-U,87,-0.0007180312839232,0.01,2025-12-07T02:31:10Z
SLOPE,,MN-U,88,-0.007444885099868,0.01,2025-12-07T02:31:10Z
SLOPE,,MN-U,89,-0.0079021574742355,0.01,2025-12-07T02:31:11Z
SLOPE,,MN-U,90,-0.0017232875933641,0.01,2025-12-07T02:31:11Z
SLOPE,,MN-U,91,-0.0038025168185952,0.01,2025-12-07T02:31:12Z
SLOPE,,MN-U,92,-0.0068128942458445,0.01,2025-12-07T02:31:12Z
SLOPE,,MN-U,93,-0.0035516552494725,0.01,2025-12-07T02:31:12Z
SLOPE,,MN-U,94,-0.0131142288900852,0.01,2025-12-07T02:31:13Z
SLOPE,,MN-U,95,-0.0078756715774012,0.01,2025-12-07T02:31:13Z
SLOPE,,MN-U,96,-0.005183689825608,0.01,2025-12-07T02:31:14Z
SLOPE,,MN-U,97,-0.0092220388039936,0.01,2025-12-07T02:31:14Z
SLOPE,,MN-U,98,-0.0076666463599583,0.01,2025-12-07T02:31:15Z
SLOPE,,MN-U,99,-0.0004065895825778,0.01,2025-12-07T02:31:15Z
SLOPE,,MN-U,100,-0.0057383915270108,0.01,2025-12-07T02:31:15Z
SLOPPY,,AN,1,-0.261227237044028,0.01,2025-12-07T02:50:29Z
SLOPPY,,AN,2,0.239237678070082,0.01,2025-12-07T02:50:30Z
SLOPPY,,AN,3,0.168986034377167,0.01,2025-12-07T02:50:31Z
SLOPPY,,AN,4,-0.142142128695063,0.01,2025-12-07T02:50:31Z
SLOPPY,,AN,5,0.239475195493574,0.01,2025-12-07T02:50:32Z
SLOPPY,,AN,6,-0.265072560146491,0.01,2025-12-07T02:50:33Z
SLOPPY,,AN,7,-0.26323465208733,0.01,2025-12-07T02:50:33Z
SLOPPY,,AN,8,0.0647706889109359,0.01,2025-12-07T02:50:34Z
SLOPPY,,AN,9,-0.0551254694339421,0.01,2025-12-07T02:50:35Z
SLOPPY,,AN,10,-0.248490957640805,0.01,2025-12-07T02:50:36Z
SLOPPY,,AN,11,-0.250206494073191,0.01,2025-12-07T02:50:36Z
SLOPPY,,AN,12,0.0900935143289474,0.01,2025-12-07T02:50:37Z
SLOPPY,,AN,13,-0.355320678510571,0.01,2025-12-07T02:50:38Z
SLOPPY,,AN,14,-0.420526682185322,0.01,2025-12-07T02:50:39Z
SLOPPY,,AN,15,-0.252606255727123,0.01,2025-12-07T02:50:40Z
SLOPPY,,AN,16,-0.284697720055494,0.01,2025-12-07T02:50:40Z
SLOPPY,,AN,17,-0.350009105855187,0.01,2025-12-07T02:50:41Z
SLOPPY,,AN,18,-0.11687321550604,0.01,2025-12-07T02:50:42Z
SLOPPY,,AN,19,-0.429818956311119,0.01,2025-12-07T02:50:43Z
SLOPPY,,AN,20,-0.303907859221948,0.01,2025-12-07T02:50:43Z
SLOPPY,,AN,21,-0.4179317423411,0.01,2025-12-07T02:50:44Z
SLOPPY,,AN,22,-0.10490305965258,0.01,2025-12-07T02:50:45Z
SLOPPY,,AN,23,-0.390301297138809,0.01,2025-12-07T02:50:45Z
SLOPPY,,AN,24,-0.264755738730503,0.01,2025-12-07T02:50:46Z
SLOPPY,,AN,25,-0.112422232791323,0.01,2025-12-07T02:50:47Z
SLOPPY,,AN,26,0.323713368488425,0.01,2025-12-07T02:50:47Z
SLOPPY,,AN,27,-0.384886095274684,0.01,2025-12-07T02:50:48Z
SLOPPY,,AN,28,-0.187991240195675,0.01,2025-12-07T02:50:49Z
SLOPPY,,AN,29,-0.0819804657987091,0.01,2025-12-07T02:50:49Z
SLOPPY,,AN,30,-0.161951213002597,0.01,2025-12-07T02:50:50Z
SLOPPY,,AN,31,-0.321701195895233,0.01,2025-12-07T02:50:51Z
SLOPPY,,AN,32,0.359131166198906,0.01,2025-12-07T02:50:51Z
SLOPPY,,AN,33,0.0140419562589214,0.01,2025-12-07T02:50:52Z
SLOPPY,,AN,34,0.0166446776435785,0.01,2025-12-07T02:50:53Z
SLOPPY,,AN,35,-0.0188031616168304,0.01,2025-12-07T02:50:54Z
SLOPPY,,AN,36,-0.329867199262506,0.01,2025-12-07T02:50:54Z
SLOPPY,,AN,37,-0.0705907897294729,0.01,2025-12-07T02:50:55Z
SLOPPY,,AN,38,-0.117962752828507,0.01,2025-12-07T02:50:56Z
SLOPPY,,AN,39,-0.0265124154431466,0.01,2025-12-07T02:50:56Z
SLOPPY,,AN,40,-0.106427055952048,0.01,2025-12-07T02:50:57Z
SLOPPY,,AN,41,0.187290019939012,0.01,2025-12-07T02:50:58Z
SLOPPY,,AN,42,-0.301576585311015,0.01,2025-12-07T02:50:58Z
SLOPPY,,AN,43,-0.174732549626651,0.01,2025-12-07T02:50:59Z
SLOPPY,,AN,44,-0.145040269728041,0.01,2025-12-07T02:51:00Z
SLOPPY,,AN,45,-0.22862397400107,0.01,2025-12-07T02:51:01Z
SLOPPY,,AN,46,-0.371589725072211,0.01,2025-12-07T02:51:02Z
SLOPPY,,AN,47,-0.267578877444173,0.01,2025-12-07T02:51:02Z
SLOPPY,,AN,48,0.210421324115267,0.01,2025-12-07T02:51:03Z
SLOPPY,,AN,49,-0.378372570134484,0.01,2025-12-07T02:51:04Z
SLOPPY,,AN,50,-0.344111657791134,0.01,2025-12-07T02:51:05Z
SLOPPY,,AN,51,-0.412336029422981,0.01,2025-12-07T02:51:05Z
SLOPPY,,AN,52,-0.297580488706401,0.01,2025-12-07T02:51:06Z
SLOPPY,,AN,53,-0.282170019597088,0.01,2025-12-07T02:51:07Z
SLOPPY,,AN,54,-0.217898846461423,0.01,2025-12-07T02:51:07Z
SLOPPY,,AN,55,-0.144261805838791,0.01,2025-12-07T02:51:08Z
SLOPPY,,AN,56,-0.29226053309182,0.01,2025-12-07T02:51:09Z
SLOPPY,,AN,57,0.128253935797217,0.01,2025-12-07T02:51:10Z
SLOPPY,,AN,58,0.0150002005188443,0.01,2025-12-07T02:51:11Z
SLOPPY,,AN,59,-0.0550005463637435,0.01,2025-12-07T02:51:12Z
SLOPPY,,AN,60,-0.270207119780104,0.01,2025-12-07T02:51:12Z
SLOPPY,,AN,61,-0.229050810590111,0.01,2025-12-07T02:51:13Z
SLOPPY,,AN,62,-0.331579239254116,0.01,2025-12-07T02:51:14Z
SLOPPY,,AN,63,0.297492331791847,0.01,2025-12-07T02:51:14Z
SLOPPY,,AN,64,-0.199173547508658,0.01,2025-12-07T02:51:15Z
SLOPPY,,AN,65,-0.0700869849372249,0.01,2025-12-07T02:51:16Z
SLOPPY,,AN,66,-0.34168401465832,0.01,2025-12-07T02:51:16Z
SLOPPY,,AN,67,-0.312968635724805,0.01,2025-12-07T02:51:17Z
SLOPPY,,AN,68,-0.0985964055911354,0.01,2025-12-07T02:51:18Z
SLOPPY,,AN,69,-0.13444285234683,0.01,2025-12-07T02:51:19Z
SLOPPY,,AN,70,-0.324160427087778,0.01,2025-12-07T02:51:19Z
SLOPPY,,AN,71,-0.362335999693783,0.01,2025-12-07T02:51:20Z
SLOPPY,,AN,72,-0.238466932511544,0.01,2025-12-07T02:51:21Z
SLOPPY,,AN,73,-0.373923466237839,0.01,2025-12-07T02:51:22Z
SLOPPY,,AN,74,-0.0387554117045297,0.01,2025-12-07T02:51:23Z
SLOPPY,,AN,75,-0.171575114020497,0.01,2025-12-07T02:51:23Z
SLOPPY,,AN,76,-0.098618510777178,0.01,2025-12-07T02:51:24Z
SLOPPY,,AN,77,-0.290025202097426,0.01,2025-12-07T02:51:25Z
SLOPPY,,AN,78,-0.21361508524299,0.01,2025-12-07T02:51:26Z
SLOPPY,,AN,79,-0.274950414671773,0.01,2025-12-07T02:51:26Z
SLOPPY,,AN,80,-0.20228239233052,0.01,2025-12-07T02:51:27Z
SLOPPY,,AN,81,-0.172468130575594,0.01,2025-12-07T02:51:28Z
SLOPPY,,AN,82,0.0607197082402565,0.01,2025-12-07T02:51:28Z
SLOPPY,,AN,83,-0.159823918283455,0.01,2025-12-07T02:51:29Z
SLOPPY,,AN,84,-0.228929941143004,0.01,2025-12-07T02:51:30Z
SLOPPY,,AN,85,0.1084063581437,0.01,2025-12-07T02:51:31Z
SLOPPY,,AN,86,-0.235189188514089,0.01,2025-12-07T02:51:32Z
SLOPPY,,AN,87,-0.175845313755643,0.01,2025-12-07T02:51:33Z
SLOPPY,,AN,88,-0.229325693995794,0.01,2025-12-07T02:51:33Z
SLOPPY,,AN,89,-0.220126995564456,0.01,2025-12-07T02:51:34Z
SLOPPY,,AN,90,-0.392414570440943,0.01,2025-12-07T02:51:35Z
SLOPPY,,AN,91,-0.469744711365343,0.01,2025-12-07T02:51:36Z
SLOPPY,,AN,92,-0.0263103814340242,0.01,2025-12-07T02:51:37Z
SLOPPY,,AN,93,-0.137933120093632,0.01,2025-12-07T02:51:37Z
SLOPPY,,AN,94,-0.450537862049236,0.01,2025-12-07T02:51:38Z
SLOPPY,,AN,95,-0.166947800769973,0.01,2025-12-07T02:51:39Z
SLOPPY,,AN,96,-0.50568357872717,0.01,2025-12-07T02:51:40Z
SLOPPY,,AN,97,-0.172650827302214,0.01,2025-12-07T02:51:40Z
SLOPPY,,AN,98,-0.15409907929866,0.01,2025-12-07T02:51:41Z
SLOPPY,,AN,99,0.0565861024263509,0.01,2025-12-07T02:51:42Z
SLOPPY,,AN,100,-0.301807329030499,0.01,2025-12-07T02:51:43Z
SLOPPY,,AN-s,1,-0.0466193519610761,0.01,2025-12-07T02:51:44Z
SLOPPY,,AN-s,2,-0.0417543106957728,0.01,2025-12-07T02:51:44Z
SLOPPY,,AN-s,3,-0.111460970278134,0.01,2025-12-07T02:51:45Z
SLOPPY,,AN-s,4,-0.169906814532464,0.01,2025-12-07T02:51:46Z
SLOPPY,,AN-s,5,-0.134734876696622,0.01,2025-12-07T02:51:46Z
SLOPPY,,AN-s,6,-0.0506020557595956,0.01,2025-12-07T02:51:47Z
SLOPPY,,AN-s,7,-0.136602845662673,0.01,2025-12-07T02:51:48Z
SLOPPY,,AN-s,8,-0.250124752347829,0.01,2025-12-07T02:51:49Z
SLOPPY,,AN-s,9,-0.0745507350609302,0.01,2025-12-07T02:51:50Z
SLOPPY,,AN-s,10,-0.0860333041737518,0.01,2025-12-07T02:51:50Z
SLOPPY,,AN-s,11,-0.0473161675261528,0.01,2025-12-07T02:51:51Z
SLOPPY,,AN-s,12,-0.227894009909239,0.01,2025-12-07T02:51:52Z
SLOPPY,,AN-s,13,-0.0819347248835526,0.01,2025-12-07T02:51:53Z
SLOPPY,,AN-s,14,-0.160385667611087,0.01,2025-12-07T02:51:53Z
SLOPPY,,AN-s,15,-0.206005845749939,0.01,2025-12-07T02:51:54Z
SLOPPY,,AN-s,16,-0.124672539764589,0.01,2025-12-07T02:51:55Z
SLOPPY,,AN-s,17,0.166998129020731,0.01,2025-12-07T02:51:56Z
SLOPPY,,AN-s,18,-0.0913829188103032,0.01,2025-12-07T02:51:57Z
SLOPPY,,AN-s,19,-0.0737770303973925,0.01,2025-12-07T02:51:58Z
SLOPPY,,AN-s,20,-0.0598439603213653,0.01,2025-12-07T02:51:58Z
SLOPPY,,AN-s,21,-0.131393620402705,0.01,2025-12-07T02:51:59Z
SLOPPY,,AN-s,22,-0.161887863726389,0.01,2025-12-07T02:52:00Z
SLOPPY,,AN-s,23,-0.315230141321717,0.01,2025-12-07T02:52:01Z
SLOPPY,,AN-s,24,-0.199240113474469,0.01,2025-12-07T02:52:02Z
SLOPPY,,AN-s,25,-0.0585665353319869,0.01,2025-12-07T02:52:03Z
SLOPPY,,AN-s,26,-0.0217156936126685,0.01,2025-12-07T02:52:03Z
SLOPPY,,AN-s,27,-0.102898703577429,0.01,2025-12-07T02:52:04Z
SLOPPY,,AN-s,28,0.143578740106009,0.01,2025-12-07T02:52:05Z
SLOPPY,,AN-s,29,-0.190697014319463,0.01,2025-12-07T02:52:05Z
SLOPPY,,AN-s,30,-0.252541267370132,0.01,2025-12-07T02:52:06Z
SLOPPY,,AN-s,31,-0.0241961004745275,0.01,2025-12-07T02:52:07Z
SLOPPY,,AN-s,32,-0.178235501489442,0.01,2025-12-07T02:52:08Z
SLOPPY,,AN-s,33,-0.0046196288861366,0.01,2025-12-07T02:52:09Z
SLOPPY,,AN-s,34,-0.122716427672117,0.01,2025-12-07T02:52:09Z
SLOPPY,,AN-s,35,-0.321622407669132,0.01,2025-12-07T02:52:10Z
SLOPPY,,AN-s,36,0.225204607572215,0.01,2025-12-07T02:52:11Z
SLOPPY,,AN-s,37,-0.155178781583911,0.01,2025-12-07T02:52:12Z
SLOPPY,,AN-s,38,-0.088733792283612,0.01,2025-12-07T02:52:12Z
SLOPPY,,AN-s,39,-0.180592499233992,0.01,2025-12-07T02:52:13Z
SLOPPY,,AN-s,40,0.1558499669111,0.01,2025-12-07T02:52:14Z
SLOPPY,,AN-s,41,-0.275408013912471,0.01,2025-12-07T02:52:14Z
SLOPPY,,AN-s,42,-0.193242020958939,0.01,2025-12-07T02:52:15Z
SLOPPY,,AN-s,43,0.0958196689851148,0.01,2025-12-07T02:52:16Z
SLOPPY,,AN-s,44,-0.180262159037119,0.01,2025-12-07T02:52:17Z
SLOPPY,,AN-s,45,-0.31031745684929,0.01,2025-12-07T02:52:17Z
SLOPPY,,AN-s,46,0.105933268046482,0.01,2025-12-07T02:52:18Z
SLOPPY,,AN-s,47,-0.0189044681863932,0.01,2025-12-07T02:52:19Z
SLOPPY,,AN-s,48,-0.140170320949599,0.01,2025-12-07T02:52:19Z
SLOPPY,,AN-s,49,0.122699862479817,0.01,2025-12-07T02:52:20Z
SLOPPY,,AN-s,50,-0.0469086721508736,0.01,2025-12-07T02:52:21Z
SLOPPY,,AN-s,51,-0.0600912981121157,0.01,2025-12-07T02:52:22Z
SLOPPY,,AN-s,52,0.0721999150347687,0.01,2025-12-07T02:52:23Z
SLOPPY,,AN-s,53,0.0280283988679329,0.01,2025-12-07T02:52:23Z
SLOPPY,,AN-s,54,-0.159590520401068,0.01,2025-12-07T02:52:24Z
SLOPPY,,AN-s,55,-0.297856950116058,0.01,2025-12-07T02:52:25Z
SLOPPY,,AN-s,56,-0.248771228655864,0.01,2025-12-07T02:52:26Z
SLOPPY,,AN-s,57,-0.0979578450786372,0.01,2025-12-07T02:52:27Z
SLOPPY,,AN-s,58,-0.0678665865439513,0.01,2025-12-07T02:52:28Z
SLOPPY,,AN-s,59,0.091865755501303,0.01,2025-12-07T02:52:28Z
SLOPPY,,AN-s,60,0.134637479135158,0.01,2025-12-07T02:52:29Z
SLOPPY,,AN-s,61,-0.246838341683746,0.01,2025-12-07T02:52:30Z
SLOPPY,,AN-s,62,-0.213792096359287,0.01,2025-12-07T02:52:31Z
SLOPPY,,AN-s,63,0.122608848166828,0.01,2025-12-07T02:52:31Z
SLOPPY,,AN-s,64,-0.114000644280444,0.01,2025-12-07T02:52:32Z
SLOPPY,,AN-s,65,-0.298650492913544,0.01,2025-12-07T02:52:33Z
SLOPPY,,AN-s,66,-0.153288296961459,0.01,2025-12-07T02:52:34Z
SLOPPY,,AN-s,67,-0.0972631070257585,0.01,2025-12-07T02:52:35Z
SLOPPY,,AN-s,68,-0.263829814353811,0.01,2025-12-07T02:52:35Z
SLOPPY,,AN-s,69,-0.184524933960197,0.01,2025-12-07T02:52:36Z
SLOPPY,,AN-s,70,0.0119101206910927,0.01,2025-12-07T02:52:37Z
SLOPPY,,AN-s,71,-0.0340542579755402,0.01,2025-12-07T02:52:38Z
SLOPPY,,AN-s,72,0.0316385945686934,0.01,2025-12-07T02:52:38Z
SLOPPY,,AN-s,73,-0.307408852332206,0.01,2025-12-07T02:52:39Z
SLOPPY,,AN-s,74,-0.180507685898163,0.01,2025-12-07T02:52:40Z
SLOPPY,,AN-s,75,-0.183582254490778,0.01,2025-12-07T02:52:41Z
SLOPPY,,AN-s,76,-0.145085206176544,0.01,2025-12-07T02:52:42Z
SLOPPY,,AN-s,77,-0.0756191303135138,0.01,2025-12-07T02:52:42Z
SLOPPY,,AN-s,78,-0.155460928392105,0.01,2025-12-07T02:52:43Z
SLOPPY,,AN-s,79,0.0314592473416531,0.01,2025-12-07T02:52:44Z
SLOPPY,,AN-s,80,-0.23280096624654,0.01,2025-12-07T02:52:45Z
SLOPPY,,AN-s,81,0.107613214282918,0.01,2025-12-07T02:52:46Z
SLOPPY,,AN-s,82,-0.160279110764177,0.01,2025-12-07T02:52:46Z
SLOPPY,,AN-s,83,-0.0054386739709854,0.01,2025-12-07T02:52:47Z
SLOPPY,,AN-s,84,0.116712606126016,0.01,2025-12-07T02:52:48Z
SLOPPY,,AN-s,85,-0.170715939390071,0.01,2025-12-07T02:52:49Z
SLOPPY,,AN-s,86,-0.323401942547648,0.01,2025-12-07T02:52:49Z
SLOPPY,,AN-s,87,-0.175445356434239,0.01,2025-12-07T02:52:50Z
SLOPPY,,AN-s,88,-0.0092189525903978,0.01,2025-12-07T02:52:51Z
SLOPPY,,AN-s,89,0.0992258822231767,0.01,2025-12-07T02:52:51Z
SLOPPY,,AN-s,90,-0.118100989786618,0.01,2025-12-07T02:52:52Z
SLOPPY,,AN-s,91,-0.010043417998925,0.01,2025-12-07T02:52:53Z
SLOPPY,,AN-s,92,-0.194965004151872,0.01,2025-12-07T02:52:53Z
SLOPPY,,AN-s,93,-0.27069271266588,0.01,2025-12-07T02:52:55Z
SLOPPY,,AN-s,94,-0.032205403012304,0.01,2025-12-07T02:52:56Z
SLOPPY,,AN-s,95,0.113247432269294,0.01,2025-12-07T02:52:57Z
SLOPPY,,AN-s,96,-0.271777440195734,0.01,2025-12-07T02:52:58Z
SLOPPY,,AN-s,97,0.0898654091713584,0.01,2025-12-07T02:52:59Z
SLOPPY,,AN-s,98,-0.0702268187459767,0.01,2025-12-07T02:52:59Z
SLOPPY,,AN-s,99,-0.215607637601022,0.01,2025-12-07T02:53:00Z
SLOPPY,,AN-s,100,-0.085139376435638,0.01,2025-12-07T02:53:01Z
SLOPPY,,LS,1,-0.306636400025762,0.01,2025-12-07T02:53:02Z
SLOPPY,,LS,2,-0.234606558897507,0.01,2025-12-07T02:53:02Z
SLOPPY,,LS,3,-0.256527955543914,0.01,2025-12-07T02:53:03Z
SLOPPY,,LS,4,-0.0255124100511585,0.01,2025-12-07T02:53:04Z
SLOPPY,,LS,5,-0.207847014812436,0.01,2025-12-07T02:53:05Z
SLOPPY,,LS,6,-0.185732459524276,0.01,2025-12-07T02:53:06Z
SLOPPY,,LS,7,-0.340113658185973,0.01,2025-12-07T02:53:06Z
SLOPPY,,LS,8,0.0402231764830417,0.01,2025-12-07T02:53:07Z
SLOPPY,,LS,9,-0.211330935975765,0.01,2025-12-07T02:53:08Z
SLOPPY,,LS,10,-0.340441654033253,0.01,2025-12-07T02:53:08Z
SLOPPY,,LS,11,0.0037444586950146,0.01,2025-12-07T02:53:10Z
SLOPPY,,LS,12,-0.261146953715036,0.01,2025-12-07T02:53:11Z
SLOPPY,,LS,13,-0.0977785889342982,0.01,2025-12-07T02:53:11Z
SLOPPY,,LS,14,-0.0903924740957737,0.01,2025-12-07T02:53:12Z
SLOPPY,,LS,15,-0.0305639479760494,0.01,2025-12-07T02:53:13Z
SLOPPY,,LS,16,-0.373180344245818,0.01,2025-12-07T02:53:14Z
SLOPPY,,LS,17,-0.181341456587614,0.01,2025-12-07T02:53:15Z
SLOPPY,,LS,18,0.24246292524327,0.01,2025-12-07T02:53:16Z
SLOPPY,,LS,19,-0.239917632146648,0.01,2025-12-07T02:53:17Z
SLOPPY,,LS,20,0.0883709402718555,0.01,2025-12-07T02:53:18Z
SLOPPY,,LS,21,0.0286566794955827,0.01,2025-12-07T02:53:18Z
SLOPPY,,LS,22,-0.305493945182668,0.01,2025-12-07T02:53:19Z
SLOPPY,,LS,23,-0.13699651495272,0.01,2025-12-07T02:53:20Z
SLOPPY,,LS,24,-0.329398316391102,0.01,2025-12-07T02:53:21Z
SLOPPY,,LS,25,-0.137583428815418,0.01,2025-12-07T02:53:22Z
SLOPPY,,LS,26,-0.483694166021407,0.01,2025-12-07T02:53:23Z
SLOPPY,,LS,27,-0.212336942389387,0.01,2025-12-07T02:53:23Z
SLOPPY,,LS,28,-0.2995268591973,0.01,2025-12-07T02:53:24Z
SLOPPY,,LS,29,0.107002196880436,0.01,2025-12-07T02:53:25Z
SLOPPY,,LS,30,-0.180802213671353,0.01,2025-12-07T02:53:26Z
SLOPPY,,LS,31,-0.308093357544305,0.01,2025-12-07T02:53:27Z
SLOPPY,,LS,32,0.157442390300371,0.01,2025-12-07T02:53:28Z
SLOPPY,,LS,33,-0.173036955955821,0.01,2025-12-07T02:53:28Z
SLOPPY,,LS,34,-0.288690323978524,0.01,2025-12-07T02:53:29Z
SLOPPY,,LS,35,0.289420435210346,0.01,2025-12-07T02:53:30Z
SLOPPY,,LS,36,0.0046654083911076,0.01,2025-12-07T02:53:30Z
SLOPPY,,LS,37,-0.309435515009784,0.01,2025-12-07T02:53:31Z
SLOPPY,,LS,38,0.0653990201974986,0.01,2025-12-07T02:53:32Z
SLOPPY,,LS,39,-0.0569185884740379,0.01,2025-12-07T02:53:33Z
SLOPPY,,LS,40,0.0441446599351229,0.01,2025-12-07T02:53:33Z
SLOPPY,,LS,41,-0.204814764897214,0.01,2025-12-07T02:53:34Z
SLOPPY,,LS,42,-0.324249289118949,0.01,2025-12-07T02:53:35Z
SLOPPY,,LS,43,-0.132149407089184,0.01,2025-12-07T02:53:36Z
SLOPPY,,LS,44,-0.299516312124096,0.01,2025-12-07T02:53:37Z
SLOPPY,,LS,45,-0.387783864801109,0.01,2025-12-07T02:53:38Z
SLOPPY,,LS,46,-0.10324036394884,0.01,2025-12-07T02:53:39Z
SLOPPY,,LS,47,-0.380286224876849,0.01,2025-12-07T02:53:40Z
SLOPPY,,LS,48,-0.382633673325784,0.01,2025-12-07T02:53:41Z
SLOPPY,,LS,49,-0.402787083605603,0.01,2025-12-07T02:53:41Z
SLOPPY,,LS,50,0.326035932609056,0.01,2025-12-07T02:53:42Z
SLOPPY,,LS,51,-0.0729363559713346,0.01,2025-12-07T02:53:43Z
SLOPPY,,LS,52,-0.391588900030302,0.01,2025-12-07T02:53:44Z
SLOPPY,,LS,53,-0.207739740458421,0.01,2025-12-07T02:53:45Z
SLOPPY,,LS,54,-0.0498500068480008,0.01,2025-12-07T02:53:45Z
SLOPPY,,LS,55,-0.0628580928039644,0.01,2025-12-07T02:53:46Z
SLOPPY,,LS,56,-0.325755865547725,0.01,2025-12-07T02:53:47Z
SLOPPY,,LS,57,-0.26960510975391,0.01,2025-12-07T02:53:48Z
SLOPPY,,LS,58,-0.207956937391733,0.01,2025-12-07T02:53:49Z
SLOPPY,,LS,59,-0.451290095557334,0.01,2025-12-07T02:53:50Z
SLOPPY,,LS,60,0.234333377350417,0.01,2025-12-07T02:53:51Z
SLOPPY,,LS,61,0.12700570936609,0.01,2025-12-07T02:53:51Z
SLOPPY,,LS,62,-0.271049691860403,0.01,2025-12-07T02:53:52Z
SLOPPY,,LS,63,0.326432425099902,0.01,2025-12-07T02:53:53Z
SLOPPY,,LS,64,0.113506845044246,0.01,2025-12-07T02:53:54Z
SLOPPY,,LS,65,-0.458501991340565,0.01,2025-12-07T02:53:55Z
SLOPPY,,LS,66,-0.272422519214055,0.01,2025-12-07T02:53:55Z
SLOPPY,,LS,67,-0.197499950493009,0.01,2025-12-07T02:53:56Z
SLOPPY,,LS,68,-0.517814264753507,0.01,2025-12-07T02:53:57Z
SLOPPY,,LS,69,-0.354957833165073,0.01,2025-12-07T02:53:57Z
SLOPPY,,LS,70,-0.272343770476613,0.01,2025-12-07T02:53:58Z
SLOPPY,,LS,71,-0.252575143563091,0.01,2025-12-07T02:53:59Z
SLOPPY,,LS,72,-0.103607701382331,0.01,2025-12-07T02:54:00Z
SLOPPY,,LS,73,-0.0583497776543837,0.01,2025-12-07T02:54:01Z
SLOPPY,,LS,74,-0.179841539564523,0.01,2025-12-07T02:54:02Z
SLOPPY,,LS,75,0.156690098523096,0.01,2025-12-07T02:54:02Z
SLOPPY,,LS,76,-0.163051127348639,0.01,2025-12-07T02:54:03Z
SLOPPY,,LS,77,-0.27808106582841,0.01,2025-12-07T02:54:04Z
SLOPPY,,LS,78,-0.128043621529726,0.01,2025-12-07T02:54:05Z
SLOPPY,,LS,79,-0.428640346141543,0.01,2025-12-07T02:54:05Z
SLOPPY,,LS,80,-0.224408029550104,0.01,2025-12-07T02:54:06Z
SLOPPY,,LS,81,0.0883044232581347,0.01,2025-12-07T02:54:07Z
SLOPPY,,LS,82,-0.206979514758195,0.01,2025-12-07T02:54:08Z
SLOPPY,,LS,83,-0.0485011919654617,0.01,2025-12-07T02:54:08Z
SLOPPY,,LS,84,-0.393092365136108,0.01,2025-12-07T02:54:09Z
SLOPPY,,LS,85,0.0389718923748034,0.01,2025-12-07T02:54:10Z
SLOPPY,,LS,86,0.0672002347904427,0.01,2025-12-07T02:54:11Z
SLOPPY,,LS,87,-0.329824195882667,0.01,2025-12-07T02:54:12Z
SLOPPY,,LS,88,-0.326220019814054,0.01,2025-12-07T02:54:13Z
SLOPPY,,LS,89,-0.109715142804358,0.01,2025-12-07T02:54:13Z
SLOPPY,,LS,90,0.320640836676073,0.01,2025-12-07T02:54:14Z
SLOPPY,,LS,91,-0.0397957622107615,0.01,2025-12-07T02:54:15Z
SLOPPY,,LS,92,0.0659400980426127,0.01,2025-12-07T02:54:15Z
SLOPPY,,LS,93,-0.113585861235121,0.01,2025-12-07T02:54:16Z
SLOPPY,,LS,94,-0.102323652180617,0.01,2025-12-07T02:54:17Z
SLOPPY,,LS,95,-0.147298552052082,0.01,2025-12-07T02:54:17Z
SLOPPY,,LS,96,-0.0233573593450445,0.01,2025-12-07T02:54:18Z
SLOPPY,,LS,97,-0.297022259121189,0.01,2025-12-07T02:54:19Z
SLOPPY,,LS,98,-0.0499194567306865,0.01,2025-12-07T02:54:20Z
SLOPPY,,LS,99,-0.144556909261145,0.01,2025-12-07T02:54:20Z
SLOPPY,,LS,100,-0.254249947555887,0.01,2025-12-07T02:54:21Z
SLOPPY,,LS-s,1,-0.201781847634692,0.01,2025-12-07T02:54:22Z
SLOPPY,,LS-s,2,-0.107312484409959,0.01,2025-12-07T02:54:23Z
SLOPPY,,LS-s,3,-0.26195749365553,0.01,2025-12-07T02:54:23Z
SLOPPY,,LS-s,4,0.127644428274593,0.01,2025-12-07T02:54:24Z
SLOPPY,,LS-s,5,-0.21004331104816,0.01,2025-12-07T02:54:25Z
SLOPPY,,LS-s,6,-0.196720268624082,0.01,2025-12-07T02:54:26Z
SLOPPY,,LS-s,7,-0.108456684858772,0.01,2025-12-07T02:54:27Z
SLOPPY,,LS-s,8,-0.230038863729561,0.01,2025-12-07T02:54:28Z
SLOPPY,,LS-s,9,0.132736446148015,0.01,2025-12-07T02:54:29Z
SLOPPY,,LS-s,10,-0.163661104431744,0.01,2025-12-07T02:54:30Z
SLOPPY,,LS-s,11,-0.0091058755011746,0.01,2025-12-07T02:54:31Z
SLOPPY,,LS-s,12,-0.0736565593719649,0.01,2025-12-07T02:54:31Z
SLOPPY,,LS-s,13,-0.0593008375948285,0.01,2025-12-07T02:54:32Z
SLOPPY,,LS-s,14,-0.0562969462515986,0.01,2025-12-07T02:54:33Z
SLOPPY,,LS-s,15,-0.133024211747379,0.01,2025-12-07T02:54:33Z
SLOPPY,,LS-s,16,-0.0376403920773104,0.01,2025-12-07T02:54:34Z
SLOPPY,,LS-s,17,-0.225440255244767,0.01,2025-12-07T02:54:35Z
SLOPPY,,LS-s,18,-0.303891599553578,0.01,2025-12-07T02:54:36Z
SLOPPY,,LS-s,19,-0.052806073773063,0.01,2025-12-07T02:54:37Z
SLOPPY,,LS-s,20,-0.184802297079521,0.01,2025-12-07T02:54:37Z
SLOPPY,,LS-s,21,-0.323209172345859,0.01,2025-12-07T02:54:38Z
SLOPPY,,LS-s,22,-0.0132337776124056,0.01,2025-12-07T02:54:39Z
SLOPPY,,LS-s,23,0.0934186248468235,0.01,2025-12-07T02:54:40Z
SLOPPY,,LS-s,24,-0.132463340232511,0.01,2025-12-07T02:54:41Z
SLOPPY,,LS-s,25,-0.154700353546252,0.01,2025-12-07T02:54:41Z
SLOPPY,,LS-s,26,-0.104171258782568,0.01,2025-12-07T02:54:42Z
SLOPPY,,LS-s,27,-0.220064207533186,0.01,2025-12-07T02:54:43Z
SLOPPY,,LS-s,28,-0.214294951905094,0.01,2025-12-07T02:54:44Z
SLOPPY,,LS-s,29,-0.228162566651612,0.01,2025-12-07T02:54:45Z
SLOPPY,,LS-s,30,-0.0032795024731788,0.01,2025-12-07T02:54:45Z
SLOPPY,,LS-s,31,-0.3655939375105,0.01,2025-12-07T02:54:46Z
SLOPPY,,LS-s,32,-0.138946170988705,0.01,2025-12-07T02:54:47Z
SLOPPY,,LS-s,33,-0.241980323951997,0.01,2025-12-07T02:54:48Z
SLOPPY,,LS-s,34,-0.155628861794101,0.01,2025-12-07T02:54:48Z
SLOPPY,,LS-s,35,-0.20767235336499,0.01,2025-12-07T02:54:49Z
SLOPPY,,LS-s,36,0.143748483634179,0.01,2025-12-07T02:54:50Z
SLOPPY,,LS-s,37,-0.285772654174982,0.01,2025-12-07T02:54:51Z
SLOPPY,,LS-s,38,-0.145510562585357,0.01,2025-12-07T02:54:52Z
SLOPPY,,LS-s,39,-0.266786413612496,0.01,2025-12-07T02:54:53Z
SLOPPY,,LS-s,40,-0.134253419440288,0.01,2025-12-07T02:54:54Z
SLOPPY,,LS-s,41,-0.266070847336368,0.01,2025-12-07T02:54:54Z
SLOPPY,,LS-s,42,-0.244235752637366,0.01,2025-12-07T02:54:55Z
SLOPPY,,LS-s,43,-0.0152704590874122,0.01,2025-12-07T02:54:56Z
SLOPPY,,LS-s,44,-0.126503182504624,0.01,2025-12-07T02:54:57Z
SLOPPY,,LS-s,45,-0.27539491068121,0.01,2025-12-07T02:54:57Z
SLOPPY,,LS-s,46,-0.185980593082484,0.01,2025-12-07T02:54:58Z
SLOPPY,,LS-s,47,-0.21214950768905,0.01,2025-12-07T02:54:59Z
SLOPPY,,LS-s,48,-0.186058532831978,0.01,2025-12-07T02:54:59Z
SLOPPY,,LS-s,49,0.0525178163833432,0.01,2025-12-07T02:55:00Z
SLOPPY,,LS-s,50,-0.224724100691546,0.01,2025-12-07T02:55:01Z
SLOPPY,,LS-s,51,-0.0124874206735243,0.01,2025-12-07T02:55:01Z
SLOPPY,,LS-s,52,-0.0726334558318662,0.01,2025-12-07T02:55:02Z
SLOPPY,,LS-s,53,-0.165024455584177,0.01,2025-12-07T02:55:03Z
SLOPPY,,LS-s,54,0.0962073589390754,0.01,2025-12-07T02:55:04Z
SLOPPY,,LS-s,55,-0.351761432457185,0.01,2025-12-07T02:55:05Z
SLOPPY,,LS-s,56,-0.0851311243921519,0.01,2025-12-07T02:55:05Z
SLOPPY,,LS-s,57,-0.216099169591917,0.01,2025-12-07T02:55:06Z
SLOPPY,,LS-s,58,-0.245085708873449,0.01,2025-12-07T02:55:07Z
SLOPPY,,LS-s,59,-0.126266405007984,0.01,2025-12-07T02:55:08Z
SLOPPY,,LS-s,60,-0.0267938556530455,0.01,2025-12-07T02:55:09Z
SLOPPY,,LS-s,61,-0.242429217424591,0.01,2025-12-07T02:55:09Z
SLOPPY,,LS-s,62,-0.102569343157595,0.01,2025-12-07T02:55:10Z
SLOPPY,,LS-s,63,0.147158470466628,0.01,2025-12-07T02:55:11Z
SLOPPY,,LS-s,64,-0.255291796927403,0.01,2025-12-07T02:55:12Z
SLOPPY,,LS-s,65,-0.206317018190464,0.01,2025-12-07T02:55:13Z
SLOPPY,,LS-s,66,-0.254590115829383,0.01,2025-12-07T02:55:14Z
SLOPPY,,LS-s,67,-0.117571185156787,0.01,2025-12-07T02:55:15Z
SLOPPY,,LS-s,68,-0.154608516540116,0.01,2025-12-07T02:55:15Z
SLOPPY,,LS-s,69,-0.269996894512336,0.01,2025-12-07T02:55:16Z
SLOPPY,,LS-s,70,-0.218080389574142,0.01,2025-12-07T02:55:17Z
SLOPPY,,LS-s,71,-0.18004893061669,0.01,2025-12-07T02:55:18Z
SLOPPY,,LS-s,72,-0.0544039128190265,0.01,2025-12-07T02:55:19Z
SLOPPY,,LS-s,73,-0.115285560075928,0.01,2025-12-07T02:55:20Z
SLOPPY,,LS-s,74,-0.182288588182108,0.01,2025-12-07T02:55:20Z
SLOPPY,,LS-s,75,-0.200509655451237,0.01,2025-12-07T02:55:21Z
SLOPPY,,LS-s,76,-0.335493888613988,0.01,2025-12-07T02:55:22Z
SLOPPY,,LS-s,77,-0.211607292838552,0.01,2025-12-07T02:55:23Z
SLOPPY,,LS-s,78,-0.230823968821475,0.01,2025-12-07T02:55:23Z
SLOPPY,,LS-s,79,-0.086617697500817,0.01,2025-12-07T02:55:24Z
SLOPPY,,LS-s,80,-0.114190719364799,0.01,2025-12-07T02:55:25Z
SLOPPY,,LS-s,81,-0.107689937828001,0.01,2025-12-07T02:55:26Z
SLOPPY,,LS-s,82,-0.117703405461452,0.01,2025-12-07T02:55:27Z
SLOPPY,,LS-s,83,-0.173685699546078,0.01,2025-12-07T02:55:28Z
SLOPPY,,LS-s,84,-0.0414602490903968,0.01,2025-12-07T02:55:28Z
SLOPPY,,LS-s,85,-0.242655033122408,0.01,2025-12-07T02:55:29Z
SLOPPY,,LS-s,86,-0.204715102916713,0.01,2025-12-07T02:55:30Z
SLOPPY,,LS-s,87,-0.238749351411232,0.01,2025-12-07T02:55:31Z
SLOPPY,,LS-s,88,0.193624104125285,0.01,2025-12-07T02:55:32Z
SLOPPY,,LS-s,89,-0.3102733037191,0.01,2025-12-07T02:55:32Z
SLOPPY,,LS-s,90,-0.125036132910131,0.01,2025-12-07T02:55:33Z
SLOPPY,,LS-s,91,-0.157966957755939,0.01,2025-12-07T02:55:34Z
SLOPPY,,LS-s,92,-0.236286566510271,0.01,2025-12-07T02:55:35Z
SLOPPY,,LS-s,93,0.127969986653185,0.01,2025-12-07T02:55:36Z
SLOPPY,,LS-s,94,-0.0165952249135639,0.01,2025-12-07T02:55:36Z
SLOPPY,,LS-s,95,-0.135513161976677,0.01,2025-12-07T02:55:37Z
SLOPPY,,LS-s,96,-0.067026539985968,0.01,2025-12-07T02:55:38Z
SLOPPY,,LS-s,97,-0.0893585984602518,0.01,2025-12-07T02:55:39Z
SLOPPY,,LS-s,98,0.0484248264905378,0.01,2025-12-07T02:55:39Z
SLOPPY,,LS-s,99,-0.0524103049515537,0.01,2025-12-07T02:55:40Z
SLOPPY,,LS-s,100,-0.269042515749726,0.01,2025-12-07T02:55:41Z
SLOPPY,,MN-U,1,-0.244675702322327,0.01,2025-12-07T02:55:42Z
SLOPPY,,MN-U,2,0.0315619615081457,0.01,2025-12-07T02:55:42Z
SLOPPY,,MN-U,3,-0.21569640517392,0.01,2025-12-07T02:55:43Z
SLOPPY,,MN-U,4,-0.0759954254309066,0.01,2025-12-07T02:55:44Z
SLOPPY,,MN-U,5,-0.0966657083346801,0.01,2025-12-07T02:55:44Z
SLOPPY,,MN-U,6,-0.165831862493388,0.01,2025-12-07T02:55:45Z
SLOPPY,,MN-U,7,-0.170670334923798,0.01,2025-12-07T02:55:46Z
SLOPPY,,MN-U,8,-0.0489762910650487,0.01,2025-12-07T02:55:46Z
SLOPPY,,MN-U,9,0.0089956580840772,0.01,2025-12-07T02:55:48Z
SLOPPY,,MN-U,10,-0.203299275653667,0.01,2025-12-07T02:55:48Z
SLOPPY,,MN-U,11,-0.118398187920616,0.01,2025-12-07T02:55:49Z
SLOPPY,,MN-U,12,-0.114042085163875,0.01,2025-12-07T02:55:50Z
SLOPPY,,MN-U,13,-0.294484680347804,0.01,2025-12-07T02:55:51Z
SLOPPY,,MN-U,14,-0.247455187490878,0.01,2025-12-07T02:55:52Z
SLOPPY,,MN-U,15,-0.0513914196745685,0.01,2025-12-07T02:55:52Z
SLOPPY,,MN-U,16,-0.0985518639733213,0.01,2025-12-07T02:55:53Z
SLOPPY,,MN-U,17,0.0282598611670441,0.01,2025-12-07T02:55:54Z
SLOPPY,,MN-U,18,-0.203843315246163,0.01,2025-12-07T02:55:55Z
SLOPPY,,MN-U,19,-0.189581279170848,0.01,2025-12-07T02:55:56Z
SLOPPY,,MN-U,20,-0.158718582662864,0.01,2025-12-07T02:55:57Z
SLOPPY,,MN-U,21,-0.298097877372208,0.01,2025-12-07T02:55:58Z
SLOPPY,,MN-U,22,-0.175617719058863,0.01,2025-12-07T02:55:58Z
SLOPPY,,MN-U,23,0.005430733755612,0.01,2025-12-07T02:55:59Z
SLOPPY,,MN-U,24,-0.133832776280543,0.01,2025-12-07T02:56:00Z
SLOPPY,,MN-U,25,-0.0597086978385432,0.01,2025-12-07T02:56:01Z
SLOPPY,,MN-U,26,-0.162205507546949,0.01,2025-12-07T02:56:02Z
SLOPPY,,MN-U,27,-0.113545363494493,0.01,2025-12-07T02:56:02Z
SLOPPY,,MN-U,28,-0.112106283312912,0.01,2025-12-07T02:56:03Z
SLOPPY,,MN-U,29,-0.218898785009484,0.01,2025-12-07T02:56:04Z
SLOPPY,,MN-U,30,-0.288897619884783,0.01,2025-12-07T02:56:05Z
SLOPPY,,MN-U,31,-0.196522813066708,0.01,2025-12-07T02:56:05Z
SLOPPY,,MN-U,32,-0.102344654077163,0.01,2025-12-07T02:56:06Z
SLOPPY,,MN-U,33,-0.108139740318809,0.01,2025-12-07T02:56:07Z
SLOPPY,,MN-U,34,-0.189261391675375,0.01,2025-12-07T02:56:07Z
SLOPPY,,MN-U,35,-0.135810795960192,0.01,2025-12-07T02:56:08Z
SLOPPY,,MN-U,36,-0.190537576262101,0.01,2025-12-07T02:56:09Z
SLOPPY,,MN-U,37,-0.0947743604486511,0.01,2025-12-07T02:56:09Z
SLOPPY,,MN-U,38,-0.0452217728059145,0.01,2025-12-07T02:56:10Z
SLOPPY,,MN-U,39,-0.239830246496264,0.01,2025-12-07T02:56:11Z
SLOPPY,,MN-U,40,-0.190355820164957,0.01,2025-12-07T02:56:12Z
SLOPPY,,MN-U,41,0.0618318585060476,0.01,2025-12-07T02:56:13Z
SLOPPY,,MN-U,42,-0.222413806138054,0.01,2025-12-07T02:56:14Z
SLOPPY,,MN-U,43,-0.181317700500338,0.01,2025-12-07T02:56:14Z
SLOPPY,,MN-U,44,-0.188981179241584,0.01,2025-12-07T02:56:15Z
SLOPPY,,MN-U,45,-0.196509375762244,0.01,2025-12-07T02:56:16Z
SLOPPY,,MN-U,46,-0.166132670753113,0.01,2025-12-07T02:56:17Z
SLOPPY,,MN-U,47,-0.154119415783463,0.01,2025-12-07T02:56:18Z
SLOPPY,,MN-U,48,-0.202748442811187,0.01,2025-12-07T02:56:19Z
SLOPPY,,MN-U,49,-0.225688115366042,0.01,2025-12-07T02:56:19Z
SLOPPY,,MN-U,50,-0.111213144351917,0.01,2025-12-07T02:56:20Z
SLOPPY,,MN-U,51,-0.13313096405258,0.01,2025-12-07T02:56:21Z
SLOPPY,,MN-U,52,-0.193570169630351,0.01,2025-12-07T02:56:22Z
SLOPPY,,MN-U,53,-0.219972515124402,0.01,2025-12-07T02:56:23Z
SLOPPY,,MN-U,54,-0.244742318743055,0.01,2025-12-07T02:56:24Z
SLOPPY,,MN-U,55,-0.016474826693724,0.01,2025-12-07T02:56:25Z
SLOPPY,,MN-U,56,-0.148224361605856,0.01,2025-12-07T02:56:26Z
SLOPPY,,MN-U,57,-0.168648206435901,0.01,2025-12-07T02:56:26Z
SLOPPY,,MN-U,58,-0.141360722168233,0.01,2025-12-07T02:56:27Z
SLOPPY,,MN-U,59,-0.241316472860635,0.01,2025-12-07T02:56:28Z
SLOPPY,,MN-U,60,-0.113346755691023,0.01,2025-12-07T02:56:29Z
SLOPPY,,MN-U,61,-0.153601539140664,0.01,2025-12-07T02:56:29Z
SLOPPY,,MN-U,62,-0.105339815219252,0.01,2025-12-07T02:56:30Z
SLOPPY,,MN-U,63,-0.229557222409147,0.01,2025-12-07T02:56:31Z
SLOPPY,,MN-U,64,-0.25061562530361,0.01,2025-12-07T02:56:32Z
SLOPPY,,MN-U,65,-0.0589552795007712,0.01,2025-12-07T02:56:32Z
SLOPPY,,MN-U,66,-0.271522165967603,0.01,2025-12-07T02:56:33Z
SLOPPY,,MN-U,67,-0.299627188805307,0.01,2025-12-07T02:56:34Z
SLOPPY,,MN-U,68,-0.0857968748811803,0.01,2025-12-07T02:56:35Z
SLOPPY,,MN-U,69,-0.271803111876448,0.01,2025-12-07T02:56:36Z
SLOPPY,,MN-U,70,-0.165868678011891,0.01,2025-12-07T02:56:37Z
SLOPPY,,MN-U,71,-0.0327331151028847,0.01,2025-12-07T02:56:39Z
SLOPPY,,MN-U,72,-0.239331017226471,0.01,2025-12-07T02:56:40Z
SLOPPY,,MN-U,73,-0.136195714937602,0.01,2025-12-07T02:56:41Z
SLOPPY,,MN-U,74,-0.109925761055518,0.01,2025-12-07T02:56:42Z
SLOPPY,,MN-U,75,-0.136077209087628,0.01,2025-12-07T02:56:43Z
SLOPPY,,MN-U,76,-0.0790269667633697,0.01,2025-12-07T02:56:44Z
SLOPPY,,MN-U,77,-0.188056583434359,0.01,2025-12-07T02:56:44Z
SLOPPY,,MN-U,78,-0.219835165842973,0.01,2025-12-07T02:56:45Z
SLOPPY,,MN-U,79,-0.0956695136906258,0.01,2025-12-07T02:56:46Z
SLOPPY,,MN-U,80,-0.119303676485805,0.01,2025-12-07T02:56:47Z
SLOPPY,,MN-U,81,-0.222685603218674,0.01,2025-12-07T02:56:47Z
SLOPPY,,MN-U,82,-0.171486600175897,0.01,2025-12-07T02:56:48Z
SLOPPY,,MN-U,83,-0.247616307430529,0.01,2025-12-07T02:56:49Z
SLOPPY,,MN-U,84,-0.310804055087622,0.01,2025-12-07T02:56:50Z
SLOPPY,,MN-U,85,-0.0172724444546763,0.01,2025-12-07T02:56:51Z
SLOPPY,,MN-U,86,-0.197636226699728,0.01,2025-12-07T02:56:52Z
SLOPPY,,MN-U,87,-0.0426484215365454,0.01,2025-12-07T02:56:52Z
SLOPPY,,MN-U,88,-0.187375529037353,0.01,2025-12-07T02:56:53Z
SLOPPY,,MN-U,89,-0.174470550596086,0.01,2025-12-07T02:56:54Z
SLOPPY,,MN-U,90,-0.0778980640642346,0.01,2025-12-07T02:56:55Z
SLOPPY,,MN-U,91,-0.0795314163524764,0.01,2025-12-07T02:56:55Z
SLOPPY,,MN-U,92,-0.106342558678068,0.01,2025-12-07T02:56:56Z
SLOPPY,,MN-U,93,-0.095157518060458,0.01,2025-12-07T02:56:57Z
SLOPPY,,MN-U,94,-0.238763814493858,0.01,2025-12-07T02:56:57Z
SLOPPY,,MN-U,95,-0.168520227832187,0.01,2025-12-07T02:56:58Z
SLOPPY,,MN-U,96,-0.259518509969472,0.01,2025-12-07T02:56:59Z
SLOPPY,,MN-U,97,-0.202407046743902,0.01,2025-12-07T02:57:00Z
SLOPPY,,MN-U,98,-0.170435455362369,0.01,2025-12-07T02:57:00Z
SLOPPY,,MN-U,99,-0.0813586981191464,0.01,2025-12-07T02:57:01Z
SLOPPY,,MN-U,100,-0.119942739293223,0.01,2025-12-07T02:57:02Z
CGNN,,AN-s,20,-0.0238518929805304,0.01,2025-12-07 04:18:09
CGNN,,AN-s,21,-0.0585524507935417,0.01,2025-12-07 04:18:25
CGNN,,AN-s,22,-0.0184162344573266,0.01,2025-12-07 04:18:41
CGNN,,AN-s,23,-0.0154550267682683,0.01,2025-12-07 04:18:56
CGNN,,AN-s,24,-0.0285297515918173,0.01,2025-12-07 04:19:16
CGNN,,AN-s,25,-0.0234267234279307,0.01,2025-12-07 04:19:36
CGNN,,AN-s,26,-0.024560035112119,0.01,2025-12-07 04:19:56
CGNN,,AN-s,27,-0.0296346774627703,0.01,2025-12-07 04:20:13
CGNN,,AN-s,28,-0.0398496104319161,0.01,2025-12-07 04:20:29
CGNN,,AN-s,29,0.0310985993071992,0.01,2025-12-07 04:20:45
CGNN,,AN-s,30,-0.0129660945317276,0.01,2025-12-07 04:21:03
CGNN,,AN-s,31,-0.084798343072307,0.01,2025-12-07 04:21:23
CGNN,,AN-s,32,-0.0360603624044578,0.01,2025-12-07 04:21:41
CGNN,,AN-s,33,-0.0588264146512851,0.01,2025-12-07 04:21:58
CGNN,,AN-s,34,-0.0381202517252236,0.01,2025-12-07 04:22:19
CGNN,,AN-s,35,-0.0186851392901299,0.01,2025-12-07 04:22:40
CGNN,,AN-s,36,-0.0419193368403271,0.01,2025-12-07 04:23:01
CGNN,,AN-s,37,-0.0075277027234743,0.01,2025-12-07 04:23:21
CGNN,,AN-s,38,-0.0265432214107293,0.01,2025-12-07 04:23:39
CGNN,,AN-s,39,0.0363231513134996,0.01,2025-12-07 04:23:59
CGNN,,AN-s,40,-0.0504774004756212,0.01,2025-12-07 04:24:21
CGNN,,AN-s,41,-0.056164658538567,0.01,2025-12-07 04:24:43
CGNN,,AN-s,42,0.0276857949183662,0.01,2025-12-07 04:25:05
CGNN,,AN-s,43,-0.0854583368302345,0.01,2025-12-07 04:25:26
CGNN,,AN-s,44,-0.0587565373760781,0.01,2025-12-07 04:25:45
CGNN,,AN-s,45,0.0051169690545276,0.01,2025-12-07 04:26:06
CGNN,,AN-s,46,-0.0349672796297403,0.01,2025-12-07 04:26:29
CGNN,,AN-s,47,-0.0109711300166401,0.01,2025-12-07 04:26:51
CGNN,,AN-s,48,0.0119040702349176,0.01,2025-12-07 04:27:14
CGNN,,AN-s,49,-0.0153252796003657,0.01,2025-12-07 04:27:35
CGNN,,AN-s,50,-0.0032760785964087,0.01,2025-12-07 04:27:56
CGNN,,AN-s,51,0.0073704717162504,0.01,2025-12-07 04:28:19
CGNN,,AN-s,52,-0.0208871563339158,0.01,2025-12-07 04:28:40
CGNN,,AN-s,53,-0.0184811684570935,0.01,2025-12-07 04:29:02
CGNN,,AN-s,54,-0.005871359855906,0.01,2025-12-07 04:29:25
CGNN,,AN-s,55,-0.0263334266566687,0.01,2025-12-07 04:29:47
CGNN,,AN-s,56,-0.0451952598486604,0.01,2025-12-07 04:30:09
CGNN,,AN-s,57,-0.016206450888404,0.01,2025-12-07 04:30:31
CGNN,,AN-s,58,0.0142399383525892,0.01,2025-12-07 04:30:53
CGNN,,AN-s,59,-0.0460624321068093,0.01,2025-12-07 04:31:16
CGNN,,AN-s,60,-0.0542132910266744,0.01,2025-12-07 04:31:39
CGNN,,AN-s,61,-0.0209426922373717,0.01,2025-12-07 04:32:02
CGNN,,AN-s,62,0.0332553365724322,0.01,2025-12-07 04:32:24
CGNN,,AN-s,63,-0.0514300900880204,0.01,2025-12-07 04:32:47
CGNN,,AN-s,64,0.0033453855547284,0.01,2025-12-07 04:33:09
CGNN,,AN-s,65,0.0232236219204539,0.01,2025-12-07 04:33:32
CGNN,,AN-s,66,-0.0443196370783224,0.01,2025-12-07 04:33:54
CGNN,,AN-s,67,0.0009173948955238,0.01,2025-12-07 04:34:17
CGNN,,AN-s,68,-0.0208686527923706,0.01,2025-12-07 04:34:40
CGNN,,AN-s,69,0.0081841753678924,0.01,2025-12-07 04:35:02
CGNN,,AN-s,70,-0.024106537781264,0.01,2025-12-07 04:35:25
CGNN,,AN-s,71,-0.0747198724522633,0.01,2025-12-07 04:35:48
CGNN,,AN-s,72,-0.0163806954695897,0.01,2025-12-07 04:36:11
CGNN,,AN-s,73,-0.0501579786125351,0.01,2025-12-07 04:36:33
CGNN,,AN-s,74,-0.0187526588134762,0.01,2025-12-07 04:36:56
CGNN,,AN-s,75,-0.0686953886062901,0.01,2025-12-07 04:37:19
CGNN,,AN-s,76,-0.0594108878727552,0.01,2025-12-07 04:37:41
CGNN,,AN-s,77,-0.0374468809479298,0.01,2025-12-07 04:38:05
CGNN,,AN-s,78,-0.0129396604696121,0.01,2025-12-07 04:38:27
CGNN,,AN-s,79,-0.030507139099381,0.01,2025-12-07 04:38:50
CGNN,,AN-s,80,-0.0200242555513195,0.01,2025-12-07 04:39:14
CGNN,,AN-s,81,0.000981344590194,0.01,2025-12-07 04:39:36
CGNN,,AN-s,82,-0.0040895780043519,0.01,2025-12-07 04:39:59
CGNN,,AN-s,83,-0.0448518088538198,0.01,2025-12-07 04:40:22
CGNN,,AN-s,84,-0.0362280470282541,0.01,2025-12-07 04:40:45
CGNN,,AN-s,85,-0.0326774874232993,0.01,2025-12-07 04:41:08
CGNN,,AN-s,86,-0.015019682381068,0.01,2025-12-07 04:41:31
CGNN,,AN-s,87,-0.0163045379831418,0.01,2025-12-07 04:41:54
CGNN,,AN-s,88,-0.0781065137255002,0.01,2025-12-07 04:42:18
CGNN,,AN-s,89,-0.065302642948212,0.01,2025-12-07 04:42:41
CGNN,,AN-s,90,-0.0333248070792864,0.01,2025-12-07 04:43:04
CGNN,,AN-s,91,-0.0441499691471316,0.01,2025-12-07 04:43:27
CGNN,,AN-s,92,-0.0055065678461167,0.01,2025-12-07 04:43:50
CGNN,,AN-s,93,-0.0012005965390519,0.01,2025-12-07 04:44:13
CGNN,,AN-s,94,-0.0524620737907029,0.01,2025-12-07 04:44:36
CGNN,,AN-s,95,-0.0021666159460185,0.01,2025-12-07 04:44:59
CGNN,,AN-s,96,-0.0012134109037185,0.01,2025-12-07 04:45:22
CGNN,,AN-s,97,-0.0331712943289579,0.01,2025-12-07 04:45:45
CGNN,,AN-s,98,-0.0093271169378805,0.01,2025-12-07 04:46:09
CGNN,,AN-s,99,-0.0033163228158257,0.01,2025-12-07 04:46:32
CGNN,,AN-s,100,0.0092240891847804,0.01,2025-12-07 04:46:55
CGNN,,LS,1,-0.0236951368374145,0.01,2025-12-07 04:47:18
CGNN,,LS,2,-0.0497578321499907,0.01,2025-12-07 04:47:41
CGNN,,LS,3,-0.195256909254948,0.01,2025-12-07 04:48:04
CGNN,,LS,4,0.0034676890964513,0.01,2025-12-07 04:48:27
CGNN,,LS,5,-0.103307226612256,0.01,2025-12-07 04:48:50
CGNN,,LS,6,0.0104227128980513,0.01,2025-12-07 04:49:13
CGNN,,LS,7,0.0277884281308016,0.01,2025-12-07 04:49:36
CGNN,,LS,8,-0.278909745233104,0.01,2025-12-07 04:49:59
CGNN,,LS,9,-0.206621182848368,0.01,2025-12-07 04:50:22
CGNN,,LS,10,0.0540551306663512,0.01,2025-12-07 04:50:45
CGNN,,LS,11,-0.048723669634658,0.01,2025-12-07 04:51:09
CGNN,,LS,12,0.0795496486337622,0.01,2025-12-07 04:51:32
CGNN,,LS,13,-0.0216642129652974,0.01,2025-12-07 04:51:55
CGNN,,LS,14,-0.391026581270686,0.01,2025-12-07 04:52:18
CGNN,,LS,15,-0.0536266584621507,0.01,2025-12-07 04:52:41
CGNN,,LS,16,-0.088467507009619,0.01,2025-12-07 04:53:04
CGNN,,LS,17,0.0260031370999268,0.01,2025-12-07 04:53:27
CGNN,,LS,18,-0.0109288534819581,0.01,2025-12-07 04:53:49
CGNN,,LS,19,-0.0030501453411856,0.01,2025-12-07 04:54:12
CGNN,,LS,20,-0.0051513726234713,0.01,2025-12-07 04:54:35
CGNN,,LS,21,-0.0458873504828723,0.01,2025-12-07 04:54:58
CGNN,,LS,22,0.090934395618124,0.01,2025-12-07 04:55:21
CGNN,,LS,23,-0.311553888718669,0.01,2025-12-07 04:55:43
CGNN,,LS,24,-0.121957983643836,0.01,2025-12-07 04:56:06
CGNN,,LS,25,0.0362885894604081,0.01,2025-12-07 04:56:29
CGNN,,LS,26,-0.0755057889371493,0.01,2025-12-07 04:56:52
CGNN,,LS,27,-0.0291636917810668,0.01,2025-12-07 04:57:15
CGNN,,LS,28,0.0361668474791837,0.01,2025-12-07 04:57:38
CGNN,,LS,29,-0.0229044206747001,0.01,2025-12-07 04:58:01
CGNN,,LS,30,-0.0075090991861852,0.01,2025-12-07 04:58:23
CGNN,,LS,31,-0.0162889569591591,0.01,2025-12-07 04:58:46
CGNN,,LS,32,-0.0195448302534209,0.01,2025-12-07 04:59:10
CGNN,,LS,33,0.011645458864926,0.01,2025-12-07 04:59:33
CGNN,,LS,34,0.0476534997319399,0.01,2025-12-07 04:59:55
CGNN,,LS,35,-0.0338009715768583,0.01,2025-12-07 05:00:18
CGNN,,LS,36,0.0192441412145894,0.01,2025-12-07 05:00:41
CGNN,,LS,37,-0.0536786566279566,0.01,2025-12-07 05:01:04
CGNN,,LS,38,-0.0087886168148618,0.01,2025-12-07 05:01:28
CGNN,,LS,39,-0.106495146409613,0.01,2025-12-07 05:01:51
CGNN,,LS,40,0.0011626667792113,0.01,2025-12-07 05:02:14
CGNN,,LS,41,0.0230567494049977,0.01,2025-12-07 05:02:38
CGNN,,LS,42,0.021647119759521,0.01,2025-12-07 05:03:01
CGNN,,LS,43,-0.0129390719768813,0.01,2025-12-07 05:03:24
CGNN,,LS,44,-0.0349599578756527,0.01,2025-12-07 05:03:48
CGNN,,LS,45,0.0108307573239248,0.01,2025-12-07 05:04:11
CGNN,,LS,46,-0.012066631817624,0.01,2025-12-07 05:04:34
CGNN,,LS,47,0.0107285029168655,0.01,2025-12-07 05:04:57
CGNN,,LS,48,0.0471596730077934,0.01,2025-12-07 05:05:21
CGNN,,LS,49,0.008146541325789,0.01,2025-12-07 05:05:44
CGNN,,LS,50,-0.0598706236597492,0.01,2025-12-07 05:06:07
CGNN,,LS,51,-0.0244160768657598,0.01,2025-12-07 05:06:31
CGNN,,LS,52,-0.0071716111519546,0.01,2025-12-07 05:06:54
CGNN,,LS,53,-0.0074315724550113,0.01,2025-12-07 05:07:18
CGNN,,LS,54,-0.0185506289817859,0.01,2025-12-07 05:07:41
CGNN,,LS,55,-0.0201600293253787,0.01,2025-12-07 05:08:05
CGNN,,LS,56,-0.0063678770479536,0.01,2025-12-07 05:08:28
CGNN,,LS,57,-0.0265210704571309,0.01,2025-12-07 05:08:51
CGNN,,LS,58,-0.068618766077874,0.01,2025-12-07 05:09:15
CGNN,,LS,59,-0.0544835355926091,0.01,2025-12-07 05:09:39
CGNN,,LS,60,0.0217311198134281,0.01,2025-12-07 05:10:02
CGNN,,LS,61,0.0445754704512013,0.01,2025-12-07 05:10:25
CGNN,,LS,62,-0.0522954001236298,0.01,2025-12-07 05:10:49
CGNN,,LS,63,-0.128556613807986,0.01,2025-12-07 05:11:12
CGNN,,LS,64,-0.288336652357717,0.01,2025-12-07 05:11:36
CGNN,,LS,65,-0.0838399384543357,0.01,2025-12-07 05:12:00
CGNN,,LS,66,-0.0133716006665313,0.01,2025-12-07 05:12:23
CGNN,,LS,67,-0.0209900389745976,0.01,2025-12-07 05:12:47
CGNN,,LS,68,-0.0447865357183668,0.01,2025-12-07 05:13:10
CGNN,,LS,69,-0.0784687011772681,0.01,2025-12-07 05:13:33
CGNN,,LS,70,-0.176660200248354,0.01,2025-12-07 05:13:57
CGNN,,LS,71,0.0181343033680592,0.01,2025-12-07 05:14:20
CGNN,,LS,72,-0.100888710906582,0.01,2025-12-07 05:14:43
CGNN,,LS,73,-0.0264049719699263,0.01,2025-12-07 05:15:06
CGNN,,LS,74,-0.0918529196315991,0.01,2025-12-07 05:15:29
CGNN,,LS,75,-0.127557578875516,0.01,2025-12-07 05:15:52
CGNN,,LS,76,-0.0018951447873489,0.01,2025-12-07 05:16:15
CGNN,,LS,77,0.0094569227718412,0.01,2025-12-07 05:16:38
CGNN,,LS,78,0.0669086139394948,0.01,2025-12-07 05:17:02
CGNN,,LS,79,-0.0592492833216637,0.01,2025-12-07 05:17:25
CGNN,,LS,80,-0.0084614339291186,0.01,2025-12-07 05:17:48
CGNN,,LS,81,-0.0303898752232898,0.01,2025-12-07 05:18:11
CGNN,,LS,82,-0.217444252882268,0.01,2025-12-07 05:18:34
CGNN,,LS,83,-0.0440556614177275,0.01,2025-12-07 05:18:57
CGNN,,LS,84,-0.0364225146825905,0.01,2025-12-07 05:19:20
CGNN,,LS,85,-0.069370376351727,0.01,2025-12-07 05:19:43
CGNN,,LS,86,-0.0577479961952677,0.01,2025-12-07 05:20:06
CGNN,,LS,87,-0.22795539426921,0.01,2025-12-07 05:20:29
CGNN,,LS,88,-0.0629869157819229,0.01,2025-12-07 05:20:52
CGNN,,LS,89,0.0016098162176126,0.01,2025-12-07 05:21:15
CGNN,,LS,90,-0.0870829304745608,0.01,2025-12-07 05:21:38
CGNN,,LS,91,-0.122369823962199,0.01,2025-12-07 05:22:01
CGNN,,LS,92,-0.16290973598041,0.01,2025-12-07 05:22:24
CGNN,,LS,93,0.0098801396980129,0.01,2025-12-07 05:22:47
CGNN,,LS,94,-0.0827605933069096,0.01,2025-12-07 05:23:10
CGNN,,LS,95,0.0023762823804996,0.01,2025-12-07 05:23:34
CGNN,,LS,96,-0.173463247722377,0.01,2025-12-07 05:23:59
CGNN,,LS,97,0.0349576571809745,0.01,2025-12-07 05:24:23
CGNN,,LS,98,-0.0053138749856655,0.01,2025-12-07 05:24:47
CGNN,,LS,99,0.019023199410471,0.01,2025-12-07 05:25:11
CGNN,,LS,100,0.0260790861130282,0.01,2025-12-07 05:25:36
CGNN,,LS-s,1,-0.111417724210774,0.01,2025-12-07 05:26:00
CGNN,,LS-s,2,-0.0558115669479439,0.01,2025-12-07 05:26:24
CGNN,,LS-s,3,-0.0055900718125663,0.01,2025-12-07 05:26:48
CGNN,,LS-s,4,-0.138971073659403,0.01,2025-12-07 05:27:12
CGNN,,LS-s,5,0.0222001169273514,0.01,2025-12-07 05:27:35
CGNN,,LS-s,6,-0.0157067074958225,0.01,2025-12-07 05:28:00
CGNN,,LS-s,7,-0.0992062421475065,0.01,2025-12-07 05:28:23
CGNN,,LS-s,8,-0.0555653176420329,0.01,2025-12-07 05:28:48
CGNN,,LS-s,9,-0.229157154295259,0.01,2025-12-07 05:29:11
CGNN,,LS-s,10,0.0114081596415269,0.01,2025-12-07 05:29:35
CGNN,,LS-s,11,-0.0816634400322417,0.01,2025-12-07 05:29:59
CGNN,,LS-s,12,-0.0184425223501392,0.01,2025-12-07 05:30:23
CGNN,,LS-s,13,0.0125028622224983,0.01,2025-12-07 05:30:46
CGNN,,LS-s,14,-0.135737149699232,0.01,2025-12-07 05:31:10
CGNN,,LS-s,15,-0.0369805348045796,0.01,2025-12-07 05:31:34
CGNN,,LS-s,16,-0.0389224921959623,0.01,2025-12-07 05:31:59
CGNN,,LS-s,17,-0.0255127382579358,0.01,2025-12-07 05:32:23
CGNN,,LS-s,18,-0.0021632755847675,0.01,2025-12-07 05:32:47
CGNN,,LS-s,19,-0.0091921438246314,0.01,2025-12-07 05:33:11
CGNN,,LS-s,20,-0.0556572538281049,0.01,2025-12-07 05:33:34
CGNN,,LS-s,21,-0.0134212693434891,0.01,2025-12-07 05:33:58
CGNN,,LS-s,22,-0.0062024224891248,0.01,2025-12-07 05:34:22
CGNN,,LS-s,23,-0.0041604533210407,0.01,2025-12-07 05:34:46
CGNN,,LS-s,24,-0.004521327163994,0.01,2025-12-07 05:35:09
CGNN,,LS-s,25,-0.0066280583080862,0.01,2025-12-07 05:35:33
CGNN,,LS-s,26,-0.0013652146505574,0.01,2025-12-07 05:35:57
CGNN,,LS-s,27,0.0309782152165577,0.01,2025-12-07 05:36:20
CGNN,,LS-s,28,0.0137118550139277,0.01,2025-12-07 05:36:44
CGNN,,LS-s,29,0.0153629745237164,0.01,2025-12-07 05:37:08
CGNN,,LS-s,30,-0.060066499492555,0.01,2025-12-07 05:37:31
CGNN,,LS-s,31,-0.0691481424935001,0.01,2025-12-07 05:37:55
CGNN,,LS-s,32,-0.11317788595304,0.01,2025-12-07 05:38:19
CGNN,,LS-s,33,-0.0286515248498543,0.01,2025-12-07 05:38:42
CGNN,,LS-s,34,0.000322594508657,0.01,2025-12-07 05:39:06
CGNN,,LS-s,35,0.0024390800346945,0.01,2025-12-07 05:39:30
CGNN,,LS-s,36,-0.188014680740345,0.01,2025-12-07 05:39:54
CGNN,,LS-s,37,-0.0730658913162587,0.01,2025-12-07 05:40:17
CGNN,,LS-s,38,0.0038914630431554,0.01,2025-12-07 05:40:41
CGNN,,LS-s,39,-0.0087948095672821,0.01,2025-12-07 05:41:05
CGNN,,LS-s,40,-0.0590357045856303,0.01,2025-12-07 05:41:28
CGNN,,LS-s,41,-0.0900892224794015,0.01,2025-12-07 05:41:52
CGNN,,LS-s,42,0.0180030243406993,0.01,2025-12-07 05:42:16
CGNN,,LS-s,43,-0.0789343489148476,0.01,2025-12-07 05:42:38
CGNN,,LS-s,44,-0.133238350368983,0.01,2025-12-07 05:43:01
CGNN,,LS-s,45,-0.0090879326364759,0.01,2025-12-07 05:43:24
CGNN,,LS-s,46,-0.0163395523208372,0.01,2025-12-07 05:43:47
CGNN,,LS-s,47,0.0007716859880415,0.01,2025-12-07 05:44:09
CGNN,,LS-s,48,-0.120013619700333,0.01,2025-12-07 05:44:32
CGNN,,LS-s,49,-0.152019478315058,0.01,2025-12-07 05:44:54
CGNN,,LS-s,50,-0.120449703634948,0.01,2025-12-07 05:45:17
CGNN,,LS-s,51,-0.0362495718858562,0.01,2025-12-07 05:45:40
CGNN,,LS-s,52,-0.0263081771070544,0.01,2025-12-07 05:46:03
CGNN,,LS-s,53,-0.0158202247009758,0.01,2025-12-07 05:46:25
CGNN,,LS-s,54,-0.186699067929988,0.01,2025-12-07 05:46:48
CGNN,,LS-s,55,0.0225682594778634,0.01,2025-12-07 05:47:11
CGNN,,LS-s,56,-0.0165821407245029,0.01,2025-12-07 05:47:33
CGNN,,LS-s,57,-2.31975239111881e-05,0.01,2025-12-07 05:47:56
CGNN,,LS-s,58,-0.0250921269252441,0.01,2025-12-07 05:48:18
CGNN,,LS-s,59,-0.0131660878128742,0.01,2025-12-07 05:48:41
CGNN,,LS-s,60,0.0110478967130811,0.01,2025-12-07 05:49:03
CGNN,,LS-s,61,-0.0249715675937997,0.01,2025-12-07 05:49:26
CGNN,,LS-s,62,-0.106626192225482,0.01,2025-12-07 05:49:48
CGNN,,LS-s,63,-0.213702220392111,0.01,2025-12-07 05:50:11
CGNN,,LS-s,64,0.0038250985777949,0.01,2025-12-07 05:50:33
CGNN,,LS-s,65,0.0149763013740531,0.01,2025-12-07 05:50:56
CGNN,,LS-s,66,-0.0082440040430402,0.01,2025-12-07 05:51:18
CGNN,,LS-s,67,-0.088916582811824,0.01,2025-12-07 05:51:40
CGNN,,LS-s,68,0.0018482281800337,0.01,2025-12-07 05:52:03
CGNN,,LS-s,69,0.0089840198432268,0.01,2025-12-07 05:52:26
CGNN,,LS-s,70,-0.048246188136806,0.01,2025-12-07 05:52:49
CGNN,,LS-s,71,0.0087097650234083,0.01,2025-12-07 05:53:11
CGNN,,LS-s,72,-0.132041282044979,0.01,2025-12-07 05:53:33
CGNN,,LS-s,73,-0.122817192021012,0.01,2025-12-07 05:53:55
CGNN,,LS-s,74,-0.0638067867974091,0.01,2025-12-07 05:54:18
CGNN,,LS-s,75,0.015042188483954,0.01,2025-12-07 05:54:40
CGNN,,LS-s,76,0.0030177615089869,0.01,2025-12-07 05:55:02
CGNN,,LS-s,77,-0.0093068123985404,0.01,2025-12-07 05:55:25
CGNN,,LS-s,78,-0.0308223461662929,0.01,2025-12-07 05:55:47
CGNN,,LS-s,79,-0.0657335422981008,0.01,2025-12-07 05:56:09
CGNN,,LS-s,80,0.016555469965128,0.01,2025-12-07 05:56:32
CGNN,,LS-s,81,-0.113147924141797,0.01,2025-12-07 05:56:54
CGNN,,LS-s,82,-0.0585071715658693,0.01,2025-12-07 05:57:16
CGNN,,LS-s,83,-0.0323720827412314,0.01,2025-12-07 05:57:38
CGNN,,LS-s,84,-0.12371708029274,0.01,2025-12-07 05:58:00
CGNN,,LS-s,85,0.0198096961033037,0.01,2025-12-07 05:58:23
CGNN,,LS-s,86,-0.0014437246118926,0.01,2025-12-07 05:58:45
CGNN,,LS-s,87,-0.0310105505010037,0.01,2025-12-07 05:59:07
CGNN,,LS-s,88,-0.159138378861549,0.01,2025-12-07 05:59:29
CGNN,,LS-s,89,0.0225240065455888,0.01,2025-12-07 05:59:51
CGNN,,LS-s,90,-0.0365034964174787,0.01,2025-12-07 06:00:14
CGNN,,LS-s,91,-0.150630038393218,0.01,2025-12-07 06:00:36
CGNN,,LS-s,92,0.0400163364498115,0.01,2025-12-07 06:00:58
CGNN,,LS-s,93,-0.251490062115479,0.01,2025-12-07 06:01:20
CGNN,,LS-s,94,-0.0646262183030989,0.01,2025-12-07 06:01:42
CGNN,,LS-s,95,-0.0359763686225179,0.01,2025-12-07 06:02:05
CGNN,,LS-s,96,-0.0683101372242019,0.01,2025-12-07 06:02:27
CGNN,,LS-s,97,0.0113285886518833,0.01,2025-12-07 06:02:49
CGNN,,LS-s,98,-0.0491249240450203,0.01,2025-12-07 06:03:12
CGNN,,LS-s,99,-0.144420520627839,0.01,2025-12-07 06:03:34
CGNN,,LS-s,100,-0.0140043081310591,0.01,2025-12-07 06:03:56
CGNN,,MN-U,1,-0.003388003571852,0.01,2025-12-07 06:04:18
CGNN,,MN-U,2,0.0583020866298728,0.01,2025-12-07 06:04:40
CGNN,,MN-U,3,0.0450762443532538,0.01,2025-12-07 06:05:02
CGNN,,MN-U,4,0.0172234446363378,0.01,2025-12-07 06:05:24
CGNN,,MN-U,5,0.0160646055485869,0.01,2025-12-07 06:05:48
CGNN,,MN-U,6,0.0218084152364916,0.01,2025-12-07 06:06:13
CGNN,,MN-U,7,0.0458024916810218,0.01,2025-12-07 06:06:36
CGNN,,MN-U,8,0.021425582145937,0.01,2025-12-07 06:06:59
CGNN,,MN-U,9,0.0151336243134927,0.01,2025-12-07 06:07:25
CGNN,,MN-U,10,0.0075691126077186,0.01,2025-12-07 06:07:49
CGNN,,MN-U,11,0.0176839686237416,0.01,2025-12-07 06:08:13
CGNN,,MN-U,12,0.0187850176845121,0.01,2025-12-07 06:08:38
CGNN,,MN-U,13,0.0503761293551066,0.01,2025-12-07 06:09:00
CGNN,,MN-U,14,0.0404179578184111,0.01,2025-12-07 06:09:23
CGNN,,MN-U,15,0.0309746160392526,0.01,2025-12-07 06:09:47
CGNN,,MN-U,16,-0.0019947486422071,0.01,2025-12-07 06:10:10
CGNN,,MN-U,17,0.0841864771119012,0.01,2025-12-07 06:10:34
CGNN,,MN-U,18,0.0518432835145978,0.01,2025-12-07 06:10:57
CGNN,,MN-U,19,0.0331075736012062,0.01,2025-12-07 06:11:20
CGNN,,MN-U,20,0.0431297503217982,0.01,2025-12-07 06:11:43
CGNN,,MN-U,21,0.0121720450598044,0.01,2025-12-07 06:12:10
CGNN,,MN-U,22,0.0687499098541638,0.01,2025-12-07 06:12:35
CGNN,,MN-U,23,0.0087869811955055,0.01,2025-12-07 06:13:00
CGNN,,MN-U,24,0.0048640220006249,0.01,2025-12-07 06:13:27
CGNN,,MN-U,25,0.052853639300385,0.01,2025-12-07 06:13:50
CGNN,,MN-U,26,0.0470478873589428,0.01,2025-12-07 06:14:14
CGNN,,MN-U,27,0.029284897581616,0.01,2025-12-07 06:14:36
CGNN,,MN-U,28,0.0198270404377634,0.01,2025-12-07 06:15:00
CGNN,,MN-U,29,0.0704020949665876,0.01,2025-12-07 06:15:23
CGNN,,MN-U,30,0.0594466727589228,0.01,2025-12-07 06:15:53
CGNN,,MN-U,31,0.0358218767650303,0.01,2025-12-07 06:16:20
CGNN,,MN-U,32,0.050839913823061,0.01,2025-12-07 06:16:46
CGNN,,MN-U,33,0.0447634658546192,0.01,2025-12-07 06:17:13
CGNN,,MN-U,34,0.0659731561235133,0.01,2025-12-07 06:17:36
CGNN,,MN-U,35,0.0489603013291132,0.01,2025-12-07 06:18:00
CGNN,,MN-U,36,0.0508868624076542,0.01,2025-12-07 06:18:33
CGNN,,MN-U,37,0.0182942430786511,0.01,2025-12-07 06:19:05
CGNN,,MN-U,38,0.0137275293297876,0.01,2025-12-07 06:19:37
CGNN,,MN-U,39,0.0251693552346902,0.01,2025-12-07 06:20:06
CGNN,,MN-U,40,0.0458946585749602,0.01,2025-12-07 06:20:33
CGNN,,MN-U,41,-0.0099144490449043,0.01,2025-12-07 06:21:00
CGNN,,MN-U,42,0.0332467761213561,0.01,2025-12-07 06:21:24
CGNN,,MN-U,43,-0.031581075991165,0.01,2025-12-07 06:21:52
CGNN,,MN-U,44,0.0417459954237927,0.01,2025-12-07 06:22:15
CGNN,,MN-U,45,0.0358632920566995,0.01,2025-12-07 06:22:41
CGNN,,MN-U,46,0.0754982755733324,0.01,2025-12-07 06:23:05
CGNN,,MN-U,47,0.0503567801986004,0.01,2025-12-07 06:23:27
CGNN,,MN-U,48,0.0119058319796702,0.01,2025-12-07 06:23:54
CGNN,,MN-U,49,0.0420682675496603,0.01,2025-12-07 06:24:15
CGNN,,MN-U,50,0.0250821357928655,0.01,2025-12-07 06:24:40
CGNN,,MN-U,51,-0.026682262567356,0.01,2025-12-07 06:25:04
CGNN,,MN-U,52,0.0116733787423778,0.01,2025-12-07 06:25:25
CGNN,,MN-U,53,-0.0016257862774705,0.01,2025-12-07 06:25:51
CGNN,,MN-U,54,0.0178105023973215,0.01,2025-12-07 06:26:12
CGNN,,MN-U,55,0.0248634192391564,0.01,2025-12-07 06:26:32
CGNN,,MN-U,56,0.0389164137863646,0.01,2025-12-07 06:26:51
CGNN,,MN-U,57,0.0321637787792969,0.01,2025-12-07 06:27:11
CGNN,,MN-U,58,0.0614649270168295,0.01,2025-12-07 06:27:31
CGNN,,MN-U,59,0.0257811794541004,0.01,2025-12-07 06:27:53
CGNN,,MN-U,60,0.0513918192314718,0.01,2025-12-07 06:28:13
CGNN,,MN-U,61,0.0292615438103722,0.01,2025-12-07 06:28:32
CGNN,,MN-U,62,0.0207520157151042,0.01,2025-12-07 06:28:51
CGNN,,MN-U,63,0.0085698376729622,0.01,2025-12-07 06:29:13
CGNN,,MN-U,64,0.0114591319765693,0.01,2025-12-07 06:29:37
CGNN,,MN-U,65,0.0130990684658846,0.01,2025-12-07 06:29:59
CGNN,,MN-U,66,0.00952181889436,0.01,2025-12-07 06:30:20
CGNN,,MN-U,67,0.0473316160385342,0.01,2025-12-07 06:30:42
CGNN,,MN-U,68,0.019796146039445,0.01,2025-12-07 06:31:04
CGNN,,MN-U,69,0.0392245072626551,0.01,2025-12-07 06:31:25
CGNN,,MN-U,70,0.0446446144297313,0.01,2025-12-07 06:31:47
CGNN,,MN-U,71,0.0672875361106041,0.01,2025-12-07 06:32:09
CGNN,,MN-U,72,0.0299191841045326,0.01,2025-12-07 06:32:30
CGNN,,MN-U,73,0.0168869158544781,0.01,2025-12-07 06:32:52
CGNN,,MN-U,74,0.0195986187399579,0.01,2025-12-07 06:33:13
CGNN,,MN-U,75,0.0535647036656512,0.01,2025-12-07 06:33:34
CGNN,,MN-U,76,0.0177228904084167,0.01,2025-12-07 06:33:56
CGNN,,MN-U,77,0.0241292342575008,0.01,2025-12-07 06:34:17
CGNN,,MN-U,78,0.0410384226310048,0.01,2025-12-07 06:34:39
CGNN,,MN-U,79,0.0324098701200228,0.01,2025-12-07 06:35:00
CGNN,,MN-U,80,0.0019312081663034,0.01,2025-12-07 06:35:21
CGNN,,MN-U,81,0.0158968799940388,0.01,2025-12-07 06:35:43
CGNN,,MN-U,82,-0.0012348882741743,0.01,2025-12-07 06:36:04
CGNN,,MN-U,83,0.0636724349867511,0.01,2025-12-07 06:36:26
CGNN,,MN-U,84,0.0142601575900824,0.01,2025-12-07 06:36:48
CGNN,,MN-U,85,0.0270314829993128,0.01,2025-12-07 06:37:09
CGNN,,MN-U,86,0.0215256769120232,0.01,2025-12-07 06:37:30
CGNN,,MN-U,87,0.011492526583851,0.01,2025-12-07 06:37:52
CGNN,,MN-U,88,0.0229350297449555,0.01,2025-12-07 06:38:13
CGNN,,MN-U,89,0.0455612085087925,0.01,2025-12-07 06:38:34
CGNN,,MN-U,90,0.0005582073351384,0.01,2025-12-07 06:38:55
CGNN,,MN-U,91,0.0590699010750315,0.01,2025-12-07 06:39:16
CGNN,,MN-U,92,-0.0004306806132917,0.01,2025-12-07 06:39:37
CGNN,,MN-U,93,0.0146862856616924,0.01,2025-12-07 06:39:58
CGNN,,MN-U,94,0.0227016430164491,0.01,2025-12-07 06:40:20
CGNN,,MN-U,95,0.0569913575382249,0.01,2025-12-07 06:40:41
CGNN,,MN-U,96,0.0178300744741684,0.01,2025-12-07 06:41:02
CGNN,,MN-U,97,0.0300700829226714,0.01,2025-12-07 06:41:22
CGNN,,MN-U,98,0.0150257059837346,0.01,2025-12-07 06:41:44
CGNN,,MN-U,99,0.0121012564560863,0.01,2025-12-07 06:42:05
CGNN,,MN-U,100,0.0336783319458011,0.01,2025-12-07 06:42:26
FOM,,AN,1,-9.62638945085096,0.01,2025-12-07 06:42:34
FOM,,AN,2,-6.38714489070757,0.01,2025-12-07 06:42:45
FOM,,AN,3,-12.8370412120378,0.01,2025-12-07 06:42:55
FOM,,AN,4,-6.5029149472556,0.01,2025-12-07 06:43:02
FOM,,AN,5,-13.7299812834012,0.01,2025-12-07 06:43:10
FOM,,AN,6,-10.7782559926018,0.01,2025-12-07 06:43:20
FOM,,AN,7,3.84981584390767,0.01,2025-12-07 06:43:28
FOM,,AN,8,-10.1268773065525,0.01,2025-12-07 06:43:36
FOM,,AN,9,-17.3268463490199,0.01,2025-12-07 06:43:44
FOM,,AN,10,7.59240388367765,0.01,2025-12-07 06:43:52
FOM,,AN,11,-16.8226752331216,0.01,2025-12-07 06:44:00
FOM,,AN,12,-16.6556930028186,0.01,2025-12-07 06:44:09
FOM,,AN,13,-10.6026886899372,0.01,2025-12-07 06:44:16
FOM,,AN,14,8.963038759981,0.01,2025-12-07 06:44:25
FOM,,AN,15,-12.1317726766898,0.01,2025-12-07 06:44:33
FOM,,AN,16,-9.32204338896662,0.01,2025-12-07 06:44:46
FOM,,AN,17,-3.77158717449304,0.01,2025-12-07 06:44:54
FOM,,AN,18,-21.9341931827439,0.01,2025-12-07 06:45:01
FOM,,AN,19,-5.01691605926067,0.01,2025-12-07 06:45:08
FOM,,AN,20,-5.75527624558573,0.01,2025-12-07 06:45:17
FOM,,AN,21,1.62744076931426,0.01,2025-12-07 06:45:25
FOM,,AN,22,-15.7358676273186,0.01,2025-12-07 06:45:34
FOM,,AN,23,-9.83824520860021,0.01,2025-12-07 06:45:44
FOM,,AN,24,-16.6263062284081,0.01,2025-12-07 06:45:52
FOM,,AN,25,4.34413942220775,0.01,2025-12-07 06:46:01
FOM,,AN,26,-9.84612513914382,0.01,2025-12-07 06:46:11
FOM,,AN,27,-11.2162522984427,0.01,2025-12-07 06:46:20
FOM,,AN,28,-18.0205180877072,0.01,2025-12-07 06:46:27
FOM,,AN,29,-13.9367671573302,0.01,2025-12-07 06:46:37
FOM,,AN,30,-11.0072821433899,0.01,2025-12-07 06:46:45
FOM,,AN,31,0.381285386782359,0.01,2025-12-07 06:46:55
FOM,,AN,32,-9.72616774300945,0.01,2025-12-07 06:47:03
FOM,,AN,33,-12.5206211328619,0.01,2025-12-07 06:47:12
FOM,,AN,34,-15.8879723835664,0.01,2025-12-07 06:47:21
FOM,,AN,35,4.83268709690367,0.01,2025-12-07 06:47:29
FOM,,AN,36,2.65050056893023,0.01,2025-12-07 06:47:40
FOM,,AN,37,-17.8576665915963,0.01,2025-12-07 06:47:48
FOM,,AN,38,-14.6989955442137,0.01,2025-12-07 06:47:55
FOM,,AN,39,-8.28331846959493,0.01,2025-12-07 06:48:07
FOM,,AN,40,-13.2682217415207,0.01,2025-12-07 06:48:15
FOM,,AN,41,-10.6199130163325,0.01,2025-12-07 06:48:26
FOM,,AN,42,-13.5621135180567,0.01,2025-12-07 06:48:33
FOM,,AN,43,-15.037269227075,0.01,2025-12-07 06:48:41
FOM,,AN,44,-11.1441460516366,0.01,2025-12-07 06:48:49
FOM,,AN,45,-9.58717483720877,0.01,2025-12-07 06:48:57
FOM,,AN,46,-6.26296120391217,0.01,2025-12-07 06:49:04
FOM,,AN,47,-13.4213521411424,0.01,2025-12-07 06:49:13
FOM,,AN,48,-11.5102049959587,0.01,2025-12-07 06:49:23
FOM,,AN,49,-14.1362856637623,0.01,2025-12-07 06:49:31
FOM,,AN,50,0.261721407773894,0.01,2025-12-07 06:49:39
FOM,,AN,51,-7.18115303715563,0.01,2025-12-07 06:49:47
FOM,,AN,52,-8.27688605503459,0.01,2025-12-07 06:49:54
FOM,,AN,53,-3.77911838744813,0.01,2025-12-07 06:50:04
FOM,,AN,54,3.11054308620944,0.01,2025-12-07 06:50:12
FOM,,AN,55,10.310546855087,0.01,2025-12-07 06:50:21
FOM,,AN,56,-9.60056535932383,0.01,2025-12-07 06:50:28
FOM,,AN,57,-13.0373753104257,0.01,2025-12-07 06:50:37
FOM,,AN,58,-9.64869111211181,0.01,2025-12-07 06:50:45
FOM,,AN,59,-5.21490134246496,0.01,2025-12-07 06:50:52
FOM,,AN,60,-6.40625140981659,0.01,2025-12-07 06:51:01
FOM,,AN,61,-5.33697094810227,0.01,2025-12-07 06:51:09
FOM,,AN,62,-8.67588611352531,0.01,2025-12-07 06:51:18
FOM,,AN,63,-9.12740319828717,0.01,2025-12-07 06:51:25
FOM,,AN,64,4.32257188813753,0.01,2025-12-07 06:51:33
FOM,,AN,65,-3.92711271391376,0.01,2025-12-07 06:51:40
FOM,,AN,66,-1.61820459401506,0.01,2025-12-07 06:51:47
FOM,,AN,67,5.15525225557904,0.01,2025-12-07 06:51:55
FOM,,AN,68,-8.79195272048648,0.01,2025-12-07 06:52:05
FOM,,AN,69,-7.45347817494468,0.01,2025-12-07 06:52:13
FOM,,AN,70,-11.9864392315333,0.01,2025-12-07 06:52:22
FOM,,AN,71,-2.6569384262783,0.01,2025-12-07 06:52:30
FOM,,AN,72,-8.1185795774021,0.01,2025-12-07 06:52:38
FOM,,AN,73,-0.292831848789298,0.01,2025-12-07 06:52:47
FOM,,AN,74,-17.4762263212255,0.01,2025-12-07 06:52:55
FOM,,AN,75,-10.2950736615649,0.01,2025-12-07 06:53:04
FOM,,AN,76,-15.7494780012697,0.01,2025-12-07 06:53:12
FOM,,AN,77,-12.7490097117414,0.01,2025-12-07 06:53:20
FOM,,AN,78,-7.30010239313938,0.01,2025-12-07 06:53:29
FOM,,AN,79,-3.29180513960334,0.01,2025-12-07 06:53:42
FOM,,AN,80,-12.383548735118,0.01,2025-12-07 06:53:50
FOM,,AN,81,2.38194458858243,0.01,2025-12-07 06:53:58
FOM,,AN,82,-7.02168685876604,0.01,2025-12-07 06:54:06
FOM,,AN,83,-5.85260797122999,0.01,2025-12-07 06:54:15
FOM,,AN,84,-3.5548347638208,0.01,2025-12-07 06:54:23
FOM,,AN,85,-13.371126527572,0.01,2025-12-07 06:54:30
FOM,,AN,86,-12.472953530039,0.01,2025-12-07 06:54:37
FOM,,AN,87,-7.18727935466169,0.01,2025-12-07 06:54:46
FOM,,AN,88,-4.41370221134916,0.01,2025-12-07 06:54:53
FOM,,AN,89,-13.4716095442181,0.01,2025-12-07 06:55:05
FOM,,AN,90,-5.35106134293989,0.01,2025-12-07 06:55:13
FOM,,AN,91,-11.6178594612731,0.01,2025-12-07 06:55:22
FOM,,AN,92,-6.01774814571472,0.01,2025-12-07 06:55:31
FOM,,AN,93,-12.5347325604101,0.01,2025-12-07 06:55:38
FOM,,AN,94,-13.4707552614442,0.01,2025-12-07 06:55:46
FOM,,AN,95,-13.8600104850628,0.01,2025-12-07 06:55:54
FOM,,AN,96,-5.43990595061256,0.01,2025-12-07 06:56:03
FOM,,AN,97,-13.829588980148,0.01,2025-12-07 06:56:12
FOM,,AN,98,-11.268624305704,0.01,2025-12-07 06:56:20
FOM,,AN,99,-7.63782721609323,0.01,2025-12-07 06:56:28
FOM,,AN,100,-5.58365015540589,0.01,2025-12-07 06:56:36
FOM,,AN-s,1,-13.4948345623731,0.01,2025-12-07 06:56:44
FOM,,AN-s,2,-10.080262302558,0.01,2025-12-07 06:56:51
FOM,,AN-s,3,-21.6356211591351,0.01,2025-12-07 06:56:59
FOM,,AN-s,4,-13.2081153334682,0.01,2025-12-07 06:57:07
FOM,,AN-s,5,-12.9183073260285,0.01,2025-12-07 06:57:15
FOM,,AN-s,6,-27.501650961339,0.01,2025-12-07 06:57:22
FOM,,AN-s,7,-14.5081314854321,0.01,2025-12-07 06:57:29
FOM,,AN-s,8,-13.9928998645255,0.01,2025-12-07 06:57:37
FOM,,AN-s,9,-12.8410124816611,0.01,2025-12-07 06:57:44
FOM,,AN-s,10,-17.0993464301025,0.01,2025-12-07 06:57:50
FOM,,AN-s,11,-27.707796530745,0.01,2025-12-07 06:57:57
FOM,,AN-s,12,-25.2987412666972,0.01,2025-12-07 06:58:06
FOM,,AN-s,13,-11.9429316800256,0.01,2025-12-07 06:58:14
FOM,,AN-s,14,-10.4695589678059,0.01,2025-12-07 06:58:21
FOM,,AN-s,15,-19.0488098039182,0.01,2025-12-07 06:58:29
FOM,,AN-s,16,-11.8276718057361,0.01,2025-12-07 06:58:36
FOM,,AN-s,17,-9.72053075835101,0.01,2025-12-07 06:58:42
FOM,,AN-s,18,-8.30604508093222,0.01,2025-12-07 06:58:50
FOM,,AN-s,19,-14.938758577663,0.01,2025-12-07 06:58:56
FOM,,AN-s,20,-13.2691837809616,0.01,2025-12-07 06:59:03
FOM,,AN-s,21,-27.4505985782655,0.01,2025-12-07 06:59:09
FOM,,AN-s,22,-10.247304245624,0.01,2025-12-07 06:59:16
FOM,,AN-s,23,-12.9184441560883,0.01,2025-12-07 06:59:25
FOM,,AN-s,24,-23.5999426528127,0.01,2025-12-07 06:59:31
FOM,,AN-s,25,-25.4702567582343,0.01,2025-12-07 06:59:38
FOM,,AN-s,26,-9.69729443457552,0.01,2025-12-07 06:59:44
FOM,,AN-s,27,-22.1370950142074,0.01,2025-12-07 06:59:51
FOM,,AN-s,28,-16.6102835315703,0.01,2025-12-07 06:59:57
FOM,,AN-s,29,-16.7870180586419,0.01,2025-12-07 07:00:04
FOM,,AN-s,30,-18.8105746785244,0.01,2025-12-07 07:00:11
FOM,,AN-s,31,-23.8227185765073,0.01,2025-12-07 07:00:18
FOM,,AN-s,32,-21.8229028987519,0.01,2025-12-07 07:00:24
FOM,,AN-s,33,-15.0672643889587,0.01,2025-12-07 07:00:31
FOM,,AN-s,34,-22.4781964683842,0.01,2025-12-07 07:00:37
FOM,,AN-s,35,-29.525617129891,0.01,2025-12-07 07:00:45
FOM,,AN-s,36,-6.55821841404182,0.01,2025-12-07 07:00:52
FOM,,AN-s,37,-26.023602176458,0.01,2025-12-07 07:01:00
FOM,,AN-s,38,-13.6356520908387,0.01,2025-12-07 07:01:07
FOM,,AN-s,39,-15.7598939636299,0.01,2025-12-07 07:01:14
FOM,,AN-s,40,-11.8108437036844,0.01,2025-12-07 07:01:20
FOM,,AN-s,41,-9.56939914770605,0.01,2025-12-07 07:01:27
FOM,,AN-s,42,-9.06559198182534,0.01,2025-12-07 07:01:35
FOM,,AN-s,43,-22.59395788663,0.01,2025-12-07 07:01:42
FOM,,AN-s,44,-18.5360785788857,0.01,2025-12-07 07:01:50
FOM,,AN-s,45,-28.9514432804683,0.01,2025-12-07 07:01:58
FOM,,AN-s,46,-8.47437824746252,0.01,2025-12-07 07:02:06
FOM,,AN-s,47,-12.0910788837547,0.01,2025-12-07 07:02:13
FOM,,AN-s,48,-14.4618076804303,0.01,2025-12-07 07:02:20
FOM,,AN-s,49,-22.1682365881799,0.01,2025-12-07 07:02:27
FOM,,AN-s,50,-13.1667959972539,0.01,2025-12-07 07:02:34
FOM,,AN-s,51,-14.4821233672656,0.01,2025-12-07 07:02:41
FOM,,AN-s,52,-13.9265890984468,0.01,2025-12-07 07:02:48
FOM,,AN-s,53,-27.5072635757467,0.01,2025-12-07 07:02:55
FOM,,AN-s,54,-11.5561595085198,0.01,2025-12-07 07:03:02
FOM,,AN-s,55,-21.0956601769053,0.01,2025-12-07 07:03:11
FOM,,AN-s,56,-28.9936613059562,0.01,2025-12-07 07:03:18
FOM,,AN-s,57,-23.5429558454723,0.01,2025-12-07 07:03:24
FOM,,AN-s,58,-22.3675578014234,0.01,2025-12-07 07:03:32
FOM,,AN-s,59,-8.26810284345361,0.01,2025-12-07 07:03:40
FOM,,AN-s,60,-12.1191138566974,0.01,2025-12-07 07:03:47
FOM,,AN-s,61,-17.4374869603102,0.01,2025-12-07 07:03:54
FOM,,AN-s,62,-33.7176084524568,0.01,2025-12-07 07:04:01
FOM,,AN-s,63,-11.3018079864505,0.01,2025-12-07 07:04:09
FOM,,AN-s,64,-14.4062251403686,0.01,2025-12-07 07:04:15
FOM,,AN-s,65,-24.6657928648667,0.01,2025-12-07 07:04:23
FOM,,AN-s,66,-17.7026571639396,0.01,2025-12-07 07:04:30
FOM,,AN-s,67,-20.4705527287368,0.01,2025-12-07 07:04:37
FOM,,AN-s,68,-17.1346665985213,0.01,2025-12-07 07:04:44
FOM,,AN-s,69,-21.8169328995857,0.01,2025-12-07 07:04:53
FOM,,AN-s,70,-6.34013210972702,0.01,2025-12-07 07:05:01
FOM,,AN-s,71,-20.8178434747732,0.01,2025-12-07 07:05:08
FOM,,AN-s,72,-27.6783706756223,0.01,2025-12-07 07:05:14
FOM,,AN-s,73,-15.1565717072748,0.01,2025-12-07 07:05:22
FOM,,AN-s,74,-25.8993784926441,0.01,2025-12-07 07:05:30
FOM,,AN-s,75,-18.2924870196004,0.01,2025-12-07 07:05:38
FOM,,AN-s,76,-7.93488031260763,0.01,2025-12-07 07:05:46
FOM,,AN-s,77,-21.7522533412163,0.01,2025-12-07 07:05:53
FOM,,AN-s,78,-8.71431823300102,0.01,2025-12-07 07:06:00
FOM,,AN-s,79,-6.77062898367517,0.01,2025-12-07 07:06:07
FOM,,AN-s,80,-29.4513940012865,0.01,2025-12-07 07:06:15
FOM,,AN-s,81,-8.32872594379018,0.01,2025-12-07 07:06:21
FOM,,AN-s,82,-11.6284209800557,0.01,2025-12-07 07:06:28
FOM,,AN-s,83,-26.015453164482,0.01,2025-12-07 07:06:35
FOM,,AN-s,84,-7.01098581846556,0.01,2025-12-07 07:06:42
FOM,,AN-s,85,-6.28193456695699,0.01,2025-12-07 07:06:50
FOM,,AN-s,86,-22.5492548061764,0.01,2025-12-07 07:06:58
FOM,,AN-s,87,-20.9102166251602,0.01,2025-12-07 07:07:06
FOM,,AN-s,88,-11.5428677732,0.01,2025-12-07 07:07:16
FOM,,AN-s,89,-13.0184330824488,0.01,2025-12-07 07:07:25
FOM,,AN-s,90,-11.6458410423655,0.01,2025-12-07 07:07:32
FOM,,AN-s,91,-11.7655579368247,0.01,2025-12-07 07:07:40
FOM,,AN-s,92,-14.1942840212245,0.01,2025-12-07 07:07:47
FOM,,AN-s,93,-21.0076394430411,0.01,2025-12-07 07:07:54
FOM,,AN-s,94,-13.3075369393886,0.01,2025-12-07 07:08:02
FOM,,AN-s,95,-6.18645883637569,0.01,2025-12-07 07:08:08
FOM,,AN-s,96,-21.948354307123,0.01,2025-12-07 07:08:19
FOM,,AN-s,97,-20.7512632622225,0.01,2025-12-07 07:08:26
FOM,,AN-s,98,-20.2724341463668,0.01,2025-12-07 07:08:32
FOM,,AN-s,99,-8.3395136776614,0.01,2025-12-07 07:08:40
FOM,,AN-s,100,-10.173338896956,0.01,2025-12-07 07:08:48
FOM,,LS,1,-8.40803293810123,0.01,2025-12-07 07:08:57
FOM,,LS,2,-11.7218405800508,0.01,2025-12-07 07:09:05
FOM,,LS,3,-7.30507787434937,0.01,2025-12-07 07:09:15
FOM,,LS,4,-1.66960561641306,0.01,2025-12-07 07:09:24
FOM,,LS,5,-4.74730329086132,0.01,2025-12-07 07:09:36
FOM,,LS,6,13.256703665259,0.01,2025-12-07 07:09:50
FOM,,LS,7,-7.9359148042498,0.01,2025-12-07 07:09:58
FOM,,LS,8,-6.70068065423778,0.01,2025-12-07 07:10:11
FOM,,LS,9,2.90449197250121,0.01,2025-12-07 07:10:22
FOM,,LS,10,-8.14887651466566,0.01,2025-12-07 07:10:34
FOM,,LS,11,-9.83786306859094,0.01,2025-12-07 07:10:44
FOM,,LS,12,-3.39777936189767,0.01,2025-12-07 07:10:56
FOM,,LS,13,-5.80474715696928,0.01,2025-12-07 07:11:04
FOM,,LS,14,-10.4219339135499,0.01,2025-12-07 07:11:18
FOM,,LS,15,-7.33759148305816,0.01,2025-12-07 07:11:26
FOM,,LS,16,-3.98046806232016,0.01,2025-12-07 07:11:34
FOM,,LS,17,-12.1342794138684,0.01,2025-12-07 07:11:44
FOM,,LS,18,-8.8929779792307,0.01,2025-12-07 07:11:55
FOM,,LS,19,7.35328472614979,0.01,2025-12-07 07:12:07
FOM,,LS,20,-14.4881547844665,0.01,2025-12-07 07:12:15
FOM,,LS,21,-11.3895045757081,0.01,2025-12-07 07:12:26
FOM,,LS,22,-6.11643445516942,0.01,2025-12-07 07:12:38
FOM,,LS,23,-10.1132869187879,0.01,2025-12-07 07:12:49
FOM,,LS,24,-1.10355816674119,0.01,2025-12-07 07:12:59
FOM,,LS,25,32.925899839071,0.01,2025-12-07 07:13:06
FOM,,LS,26,-10.7720718195747,0.01,2025-12-07 07:13:18
FOM,,LS,27,-3.50405735301156,0.01,2025-12-07 07:13:26
FOM,,LS,28,-4.93954562388232,0.01,2025-12-07 07:13:36
FOM,,LS,29,-6.92328633776983,0.01,2025-12-07 07:13:45
FOM,,LS,30,-13.1047958708378,0.01,2025-12-07 07:13:55
FOM,,LS,31,-2.85458205527691,0.01,2025-12-07 07:14:06
FOM,,LS,32,-10.2626958869803,0.01,2025-12-07 07:14:18
FOM,,LS,33,-9.40674602640121,0.01,2025-12-07 07:14:26
FOM,,LS,34,-5.57416718645069,0.01,2025-12-07 07:14:33
FOM,,LS,35,-11.225548453986,0.01,2025-12-07 07:14:42
FOM,,LS,36,-7.68359823508253,0.01,2025-12-07 07:14:51
FOM,,LS,37,-3.11138213407295,0.01,2025-12-07 07:14:58
FOM,,LS,38,-12.3693215327276,0.01,2025-12-07 07:15:09
FOM,,LS,39,-7.95875506798336,0.01,2025-12-07 07:15:19
FOM,,LS,40,-9.43661773186021,0.01,2025-12-07 07:15:26
FOM,,LS,41,-6.01311690732565,0.01,2025-12-07 07:15:36
FOM,,LS,42,-15.6654105291759,0.01,2025-12-07 07:15:44
FOM,,LS,43,-11.4646967225113,0.01,2025-12-07 07:15:57
FOM,,LS,44,-10.5182499650689,0.01,2025-12-07 07:16:09
FOM,,LS,45,-5.47258261905453,0.01,2025-12-07 07:16:16
FOM,,LS,46,-13.5045843343755,0.01,2025-12-07 07:16:25
FOM,,LS,47,-5.00537913730774,0.01,2025-12-07 07:16:38
FOM,,LS,48,-6.78719086090591,0.01,2025-12-07 07:16:46
FOM,,LS,49,-6.87019917453152,0.01,2025-12-07 07:16:59
FOM,,LS,50,-11.3053402201406,0.01,2025-12-07 07:17:07
FOM,,LS,51,-12.4847855578943,0.01,2025-12-07 07:17:16
FOM,,LS,52,31.0309448464802,0.01,2025-12-07 07:17:26
FOM,,LS,53,2.89061942599577,0.01,2025-12-07 07:17:34
FOM,,LS,54,-6.43157549264736,0.01,2025-12-07 07:17:41
FOM,,LS,55,-13.419950848565,0.01,2025-12-07 07:17:48
FOM,,LS,56,-11.4564651223976,0.01,2025-12-07 07:17:57
FOM,,LS,57,-8.35189221083548,0.01,2025-12-07 07:18:07
FOM,,LS,58,-19.3369368326849,0.01,2025-12-07 07:18:20
FOM,,LS,59,-9.59214834223744,0.01,2025-12-07 07:18:30
FOM,,LS,60,-8.50094675066377,0.01,2025-12-07 07:18:39
FOM,,LS,61,-7.55435772250984,0.01,2025-12-07 07:18:47
FOM,,LS,62,-11.0686080509662,0.01,2025-12-07 07:19:00
FOM,,LS,63,-16.7031415886537,0.01,2025-12-07 07:19:13
FOM,,LS,64,-5.33011502673147,0.01,2025-12-07 07:19:26
FOM,,LS,65,-3.75761446890255,0.01,2025-12-07 07:19:40
FOM,,LS,66,-12.6782491830064,0.01,2025-12-07 07:19:49
FOM,,LS,67,-3.89956339716053,0.01,2025-12-07 07:19:59
FOM,,LS,68,-7.46826943193905,0.01,2025-12-07 07:20:13
FOM,,LS,69,-8.04647248801302,0.01,2025-12-07 07:20:24
FOM,,LS,70,-8.29567806258871,0.01,2025-12-07 07:20:38
FOM,,LS,71,-11.0903697580764,0.01,2025-12-07 07:20:49
FOM,,LS,72,-9.4312855171265,0.01,2025-12-07 07:21:02
FOM,,LS,73,-10.0800838377529,0.01,2025-12-07 07:21:10
FOM,,LS,74,-12.3343550549339,0.01,2025-12-07 07:21:23
FOM,,LS,75,-16.1027209517365,0.01,2025-12-07 07:21:35
FOM,,LS,76,-13.7820101950159,0.01,2025-12-07 07:21:45
FOM,,LS,77,-6.03507149801918,0.01,2025-12-07 07:21:57
FOM,,LS,78,-7.76415846673166,0.01,2025-12-07 07:22:05
FOM,,LS,79,-8.22038647463953,0.01,2025-12-07 07:22:13
FOM,,LS,80,-9.72579452709585,0.01,2025-12-07 07:22:23
FOM,,LS,81,-17.541164145077,0.01,2025-12-07 07:22:31
FOM,,LS,82,7.00384097482493,0.01,2025-12-07 07:22:44
FOM,,LS,83,-8.14815284192945,0.01,2025-12-07 07:22:56
FOM,,LS,84,-8.73116323685949,0.01,2025-12-07 07:23:03
FOM,,LS,85,-10.2962461844645,0.01,2025-12-07 07:23:14
FOM,,LS,86,-3.70675687458533,0.01,2025-12-07 07:23:24
FOM,,LS,87,-7.17172494341093,0.01,2025-12-07 07:23:36
FOM,,LS,88,-7.88194682901361,0.01,2025-12-07 07:23:48
FOM,,LS,89,-12.6091807033049,0.01,2025-12-07 07:23:56
FOM,,LS,90,-16.3461091263672,0.01,2025-12-07 07:24:03
FOM,,LS,91,-10.6073985030629,0.01,2025-12-07 07:24:14
FOM,,LS,92,-8.90838015018689,0.01,2025-12-07 07:24:26
FOM,,LS,93,-7.20170808262378,0.01,2025-12-07 07:24:35
FOM,,LS,94,-10.8077199842094,0.01,2025-12-07 07:24:48
FOM,,LS,95,-10.1147266417782,0.01,2025-12-07 07:24:58
FOM,,LS,96,-10.1212024456164,0.01,2025-12-07 07:25:09
FOM,,LS,97,-8.46732928741395,0.01,2025-12-07 07:25:19
FOM,,LS,98,-8.59609024830898,0.01,2025-12-07 07:25:29
FOM,,LS,99,-11.7193232308444,0.01,2025-12-07 07:25:37
FOM,,LS,100,-12.9739594357851,0.01,2025-12-07 07:25:49
FOM,,LS-s,1,-20.6750588829469,0.01,2025-12-07 07:25:58
FOM,,LS-s,2,-20.0688360879135,0.01,2025-12-07 07:26:06
FOM,,LS-s,3,-17.8041442745006,0.01,2025-12-07 07:26:14
FOM,,LS-s,4,-20.4371802731875,0.01,2025-12-07 07:26:33
FOM,,LS-s,5,-18.8245972946062,0.01,2025-12-07 07:26:42
FOM,,LS-s,6,-14.3981961394015,0.01,2025-12-07 07:26:49
FOM,,LS-s,7,-6.8772986221135,0.01,2025-12-07 07:26:58
FOM,,LS-s,8,-23.9947099449654,0.01,2025-12-07 07:27:15
FOM,,LS-s,9,-25.5320489943793,0.01,2025-12-07 07:27:27
FOM,,LS-s,10,-19.5523897159773,0.01,2025-12-07 07:27:35
FOM,,LS-s,11,-20.545373136235,0.01,2025-12-07 07:27:43
FOM,,LS-s,12,-11.7934058799932,0.01,2025-12-07 07:27:53
FOM,,LS-s,13,-16.5805044351439,0.01,2025-12-07 07:28:00
FOM,,LS-s,14,-27.1029205699395,0.01,2025-12-07 07:28:16
FOM,,LS-s,15,-22.5110272077612,0.01,2025-12-07 07:28:24
FOM,,LS-s,16,-12.5615055457846,0.01,2025-12-07 07:28:32
FOM,,LS-s,17,-18.3927790655321,0.01,2025-12-07 07:28:40
FOM,,LS-s,18,-12.5189688938576,0.01,2025-12-07 07:28:48
FOM,,LS-s,19,-16.2358538632348,0.01,2025-12-07 07:28:56
FOM,,LS-s,20,-22.515017596271,0.01,2025-12-07 07:29:04
FOM,,LS-s,21,-11.7613109352648,0.01,2025-12-07 07:29:12
FOM,,LS-s,22,-15.7630074273309,0.01,2025-12-07 07:29:20
FOM,,LS-s,23,-15.5982053327325,0.01,2025-12-07 07:29:27
FOM,,LS-s,24,-19.3049636136829,0.01,2025-12-07 07:29:37
FOM,,LS-s,25,-24.1203731754125,0.01,2025-12-07 07:29:45
FOM,,LS-s,26,-9.13772382742894,0.01,2025-12-07 07:29:53
FOM,,LS-s,27,-16.7347277555519,0.01,2025-12-07 07:30:01
FOM,,LS-s,28,-17.8974535082097,0.01,2025-12-07 07:30:08
FOM,,LS-s,29,-19.0808879953666,0.01,2025-12-07 07:30:16
FOM,,LS-s,30,-25.2724876249906,0.01,2025-12-07 07:30:27
FOM,,LS-s,31,-20.6060535401292,0.01,2025-12-07 07:30:35
FOM,,LS-s,32,-24.7206692290478,0.01,2025-12-07 07:30:45
FOM,,LS-s,33,-21.4237572309942,0.01,2025-12-07 07:30:52
FOM,,LS-s,34,-11.8871363704746,0.01,2025-12-07 07:31:00
FOM,,LS-s,35,-18.8913813388781,0.01,2025-12-07 07:31:08
FOM,,LS-s,36,-25.3109131854353,0.01,2025-12-07 07:31:19
FOM,,LS-s,37,-20.9312673490507,0.01,2025-12-07 07:31:26
FOM,,LS-s,38,-21.0467706370669,0.01,2025-12-07 07:31:33
FOM,,LS-s,39,-15.0612292087105,0.01,2025-12-07 07:31:41
FOM,,LS-s,40,-14.0343101127129,0.01,2025-12-07 07:31:50
FOM,,LS-s,41,-14.3177957260834,0.01,2025-12-07 07:31:57
FOM,,LS-s,42,-18.2578603144415,0.01,2025-12-07 07:32:05
FOM,,LS-s,43,-20.2066692381659,0.01,2025-12-07 07:32:12
FOM,,LS-s,44,-19.1376472108817,0.01,2025-12-07 07:32:26
FOM,,LS-s,45,-23.5767579509547,0.01,2025-12-07 07:32:33
FOM,,LS-s,46,-15.7417530387151,0.01,2025-12-07 07:32:40
FOM,,LS-s,47,-14.6667092480459,0.01,2025-12-07 07:32:47
FOM,,LS-s,48,-26.257057862278,0.01,2025-12-07 07:32:57
FOM,,LS-s,49,-25.3140384504084,0.01,2025-12-07 07:33:05
FOM,,LS-s,50,-22.9738133313586,0.01,2025-12-07 07:33:16
FOM,,LS-s,51,-24.6373133512987,0.01,2025-12-07 07:33:23
FOM,,LS-s,52,-21.4627123349269,0.01,2025-12-07 07:33:31
FOM,,LS-s,53,-21.3168814407798,0.01,2025-12-07 07:33:38
FOM,,LS-s,54,-20.4810789069761,0.01,2025-12-07 07:33:50
FOM,,LS-s,55,-18.9718778308067,0.01,2025-12-07 07:33:57
FOM,,LS-s,56,-14.6699196209056,0.01,2025-12-07 07:34:06
FOM,,LS-s,57,-18.4395477053008,0.01,2025-12-07 07:34:13
FOM,,LS-s,58,-22.178926605957,0.01,2025-12-07 07:34:21
FOM,,LS-s,59,-11.9767227608926,0.01,2025-12-07 07:34:31
FOM,,LS-s,60,-22.8808824042212,0.01,2025-12-07 07:34:38
FOM,,LS-s,61,-16.2648441344818,0.01,2025-12-07 07:34:46
FOM,,LS-s,62,-21.293930335825,0.01,2025-12-07 07:35:02
FOM,,LS-s,63,-26.6622229601212,0.01,2025-12-07 07:35:20
FOM,,LS-s,64,-16.5240899298321,0.01,2025-12-07 07:35:28
FOM,,LS-s,65,-16.404527353099,0.01,2025-12-07 07:35:36
FOM,,LS-s,66,-15.0647222951566,0.01,2025-12-07 07:35:42
FOM,,LS-s,67,-21.6851920833367,0.01,2025-12-07 07:35:52
FOM,,LS-s,68,-14.4987978775124,0.01,2025-12-07 07:36:00
FOM,,LS-s,69,-27.8769629224006,0.01,2025-12-07 07:36:07
FOM,,LS-s,70,-16.0717515421819,0.01,2025-12-07 07:36:14
FOM,,LS-s,71,-17.0100200692636,0.01,2025-12-07 07:36:21
FOM,,LS-s,72,-21.2178430193732,0.01,2025-12-07 07:36:32
FOM,,LS-s,73,-21.9405117133774,0.01,2025-12-07 07:36:48
FOM,,LS-s,74,-25.0991968380316,0.01,2025-12-07 07:36:55
FOM,,LS-s,75,-19.3033485046805,0.01,2025-12-07 07:37:04
FOM,,LS-s,76,-14.7652367290754,0.01,2025-12-07 07:37:12
FOM,,LS-s,77,17.8937802852489,0.01,2025-12-07 07:37:19
FOM,,LS-s,78,-22.1875981675561,0.01,2025-12-07 07:37:26
FOM,,LS-s,79,-23.7021359516123,0.01,2025-12-07 07:37:39
FOM,,LS-s,80,-19.9907161648168,0.01,2025-12-07 07:37:47
FOM,,LS-s,81,-21.919073481794,0.01,2025-12-07 07:38:01
FOM,,LS-s,82,-17.7853909320414,0.01,2025-12-07 07:38:14
FOM,,LS-s,83,-22.6547803995419,0.01,2025-12-07 07:38:21
FOM,,LS-s,84,-27.1898100044365,0.01,2025-12-07 07:38:29
FOM,,LS-s,85,-15.5787328907067,0.01,2025-12-07 07:38:37
FOM,,LS-s,86,-14.3516083139446,0.01,2025-12-07 07:38:43
FOM,,LS-s,87,-20.8551719265736,0.01,2025-12-07 07:38:52
FOM,,LS-s,88,-23.4085577173765,0.01,2025-12-07 07:39:01
FOM,,LS-s,89,-18.1677218457283,0.01,2025-12-07 07:39:09
FOM,,LS-s,90,-19.1192997462938,0.01,2025-12-07 07:39:15
FOM,,LS-s,91,-23.570358344296,0.01,2025-12-07 07:39:26
FOM,,LS-s,92,-16.8379353923827,0.01,2025-12-07 07:39:34
FOM,,LS-s,93,-21.0581549871844,0.01,2025-12-07 07:39:42
FOM,,LS-s,94,-21.1150311781283,0.01,2025-12-07 07:39:49
FOM,,LS-s,95,-14.5607235148927,0.01,2025-12-07 07:39:56
FOM,,LS-s,96,-20.6378246721431,0.01,2025-12-07 07:40:02
FOM,,LS-s,97,-17.0791833147958,0.01,2025-12-07 07:40:09
FOM,,LS-s,98,-23.5785666718521,0.01,2025-12-07 07:40:16
FOM,,LS-s,99,-26.2224421222399,0.01,2025-12-07 07:40:26
FOM,,LS-s,100,-20.8403194822074,0.01,2025-12-07 07:40:41
FOM,,MN-U,1,-15.6054117472729,0.01,2025-12-07 07:40:48
FOM,,MN-U,2,-18.4486455706898,0.01,2025-12-07 07:40:58
FOM,,MN-U,3,-18.6958751079762,0.01,2025-12-07 07:41:07
FOM,,MN-U,4,-10.5162199777309,0.01,2025-12-07 07:41:14
FOM,,MN-U,5,-17.2888071826355,0.01,2025-12-07 07:41:24
FOM,,MN-U,6,-14.4726009397312,0.01,2025-12-07 07:41:31
FOM,,MN-U,7,-22.1451330425555,0.01,2025-12-07 07:41:41
FOM,,MN-U,8,-22.3239173262864,0.01,2025-12-07 07:41:52
FOM,,MN-U,9,-15.4810974863618,0.01,2025-12-07 07:41:59
FOM,,MN-U,10,-15.1647118252793,0.01,2025-12-07 07:42:10
FOM,,MN-U,11,-15.3783489901203,0.01,2025-12-07 07:42:17
FOM,,MN-U,12,-14.3870335766663,0.01,2025-12-07 07:42:25
FOM,,MN-U,13,-20.4245418131201,0.01,2025-12-07 07:42:35
FOM,,MN-U,14,-22.0604379044584,0.01,2025-12-07 07:42:45
FOM,,MN-U,15,-14.8754693040883,0.01,2025-12-07 07:42:52
FOM,,MN-U,16,-18.8484753472192,0.01,2025-12-07 07:43:00
FOM,,MN-U,17,-18.8559193028349,0.01,2025-12-07 07:43:09
FOM,,MN-U,18,-17.6682350549787,0.01,2025-12-07 07:43:19
FOM,,MN-U,19,-20.0173670591233,0.01,2025-12-07 07:43:25
FOM,,MN-U,20,-20.9959396506544,0.01,2025-12-07 07:43:35
FOM,,MN-U,21,-19.5558011517405,0.01,2025-12-07 07:43:46
FOM,,MN-U,22,-17.9105218416607,0.01,2025-12-07 07:43:55
FOM,,MN-U,23,-18.8520134307324,0.01,2025-12-07 07:44:05
FOM,,MN-U,24,-16.0502786450924,0.01,2025-12-07 07:44:15
FOM,,MN-U,25,-20.3905351989292,0.01,2025-12-07 07:44:23
FOM,,MN-U,26,-17.4895128331976,0.01,2025-12-07 07:44:31
FOM,,MN-U,27,-19.3643968525921,0.01,2025-12-07 07:44:40
FOM,,MN-U,28,-11.7804133966354,0.01,2025-12-07 07:44:48
FOM,,MN-U,29,-17.7354992990097,0.01,2025-12-07 07:44:58
FOM,,MN-U,30,-18.0532378590275,0.01,2025-12-07 07:45:08
FOM,,MN-U,31,-14.4295741485323,0.01,2025-12-07 07:45:18
FOM,,MN-U,32,-18.1945665947166,0.01,2025-12-07 07:45:26
FOM,,MN-U,33,-19.0485151894956,0.01,2025-12-07 07:45:35
FOM,,MN-U,34,-18.2965631350388,0.01,2025-12-07 07:45:44
FOM,,MN-U,35,-18.4879261327785,0.01,2025-12-07 07:45:54
FOM,,MN-U,36,-17.8810873593244,0.01,2025-12-07 07:46:01
FOM,,MN-U,37,-15.0960016792209,0.01,2025-12-07 07:46:10
FOM,,MN-U,38,-13.6328461333099,0.01,2025-12-07 07:46:17
FOM,,MN-U,39,-17.0712453931111,0.01,2025-12-07 07:46:28
FOM,,MN-U,40,-16.8361679926776,0.01,2025-12-07 07:46:38
FOM,,MN-U,41,-14.4579147412509,0.01,2025-12-07 07:46:49
FOM,,MN-U,42,-19.7252794260327,0.01,2025-12-07 07:46:58
FOM,,MN-U,43,-11.8596154642248,0.01,2025-12-07 07:47:05
FOM,,MN-U,44,-17.6207178732167,0.01,2025-12-07 07:47:14
FOM,,MN-U,45,-20.5540755133081,0.01,2025-12-07 07:47:23
FOM,,MN-U,46,-19.3435051607685,0.01,2025-12-07 07:47:32
FOM,,MN-U,47,-17.5082867797755,0.01,2025-12-07 07:47:40
FOM,,MN-U,48,-18.4339091068814,0.01,2025-12-07 07:47:46
FOM,,MN-U,49,-18.5897223064147,0.01,2025-12-07 07:47:56
FOM,,MN-U,50,-19.1655134415466,0.01,2025-12-07 07:48:06
FOM,,MN-U,51,-16.3400547014414,0.01,2025-12-07 07:48:12
FOM,,MN-U,52,-17.4934018726685,0.01,2025-12-07 07:48:22
FOM,,MN-U,53,-17.5850367089491,0.01,2025-12-07 07:48:31
FOM,,MN-U,54,-14.7362277024595,0.01,2025-12-07 07:48:41
FOM,,MN-U,55,-16.9383857972932,0.01,2025-12-07 07:48:50
FOM,,MN-U,56,-19.9820691212586,0.01,2025-12-07 07:49:00
FOM,,MN-U,57,-15.4269902835251,0.01,2025-12-07 07:49:09
FOM,,MN-U,58,-19.0739475961922,0.01,2025-12-07 07:49:19
FOM,,MN-U,59,-15.6638633300478,0.01,2025-12-07 07:49:27
FOM,,MN-U,60,-17.8795413331006,0.01,2025-12-07 07:49:36
FOM,,MN-U,61,-18.840876419442,0.01,2025-12-07 07:49:46
FOM,,MN-U,62,-14.3181851187241,0.01,2025-12-07 07:49:54
FOM,,MN-U,63,-19.0622714781194,0.01,2025-12-07 07:50:02
FOM,,MN-U,64,-14.9576408325866,0.01,2025-12-07 07:50:10
FOM,,MN-U,65,-11.9115421437677,0.01,2025-12-07 07:50:16
FOM,,MN-U,66,-12.8421437049277,0.01,2025-12-07 07:50:23
FOM,,MN-U,67,-16.9522230862499,0.01,2025-12-07 07:50:32
FOM,,MN-U,68,-16.27634917568,0.01,2025-12-07 07:50:41
FOM,,MN-U,69,-17.1184980640885,0.01,2025-12-07 07:50:48
FOM,,MN-U,70,-19.9342198800786,0.01,2025-12-07 07:50:57
FOM,,MN-U,71,-19.1938172265504,0.01,2025-12-07 07:51:08
FOM,,MN-U,72,-17.0977190576046,0.01,2025-12-07 07:51:17
FOM,,MN-U,73,-19.4035745907338,0.01,2025-12-07 07:51:25
FOM,,MN-U,74,-19.1794809716576,0.01,2025-12-07 07:51:33
FOM,,MN-U,75,-16.5454450347441,0.01,2025-12-07 07:51:42
FOM,,MN-U,76,-18.0712222251273,0.01,2025-12-07 07:51:52
FOM,,MN-U,77,-14.7451527717619,0.01,2025-12-07 07:51:59
FOM,,MN-U,78,-19.2837235252592,0.01,2025-12-07 07:52:11
FOM,,MN-U,79,-16.7390574117067,0.01,2025-12-07 07:52:21
FOM,,MN-U,80,-17.5142603669066,0.01,2025-12-07 07:52:28
FOM,,MN-U,81,-12.8227720928983,0.01,2025-12-07 07:52:37
FOM,,MN-U,82,-17.0361844857376,0.01,2025-12-07 07:52:47
FOM,,MN-U,83,-19.3146890395444,0.01,2025-12-07 07:52:56
FOM,,MN-U,84,-19.5729984061372,0.01,2025-12-07 07:53:05
FOM,,MN-U,85,-20.5448412010856,0.01,2025-12-07 07:53:15
FOM,,MN-U,86,-16.0294837001457,0.01,2025-12-07 07:53:22
FOM,,MN-U,87,-15.0258212453911,0.01,2025-12-07 07:53:29
FOM,,MN-U,88,-19.5782775802361,0.01,2025-12-07 07:53:38
FOM,,MN-U,89,-19.7564490253164,0.01,2025-12-07 07:53:47
FOM,,MN-U,90,-17.4141297908751,0.01,2025-12-07 07:53:56
FOM,,MN-U,91,-17.9633046296676,0.01,2025-12-07 07:54:05
FOM,,MN-U,92,-18.8953960229906,0.01,2025-12-07 07:54:14
FOM,,MN-U,93,-18.5889295664007,0.01,2025-12-07 07:54:22
FOM,,MN-U,94,-18.2439385965675,0.01,2025-12-07 07:54:31
FOM,,MN-U,95,-19.4299968182945,0.01,2025-12-07 07:54:41
FOM,,MN-U,96,-13.0295134185047,0.01,2025-12-07 07:54:48
FOM,,MN-U,97,-16.4710385585635,0.01,2025-12-07 07:54:58
FOM,,MN-U,98,-19.2039501794067,0.01,2025-12-07 07:55:05
FOM,,MN-U,99,-17.9935492140729,0.01,2025-12-07 07:55:13
FOM,,MN-U,100,-18.482220543657,0.01,2025-12-07 07:55:21
LOCI,,AN,1,-0.0042098731963082,0.01,2025-12-07 07:55:46
LOCI,,AN,2,-0.0037250690769548,0.01,2025-12-07 07:56:10
LOCI,,AN,3,-0.0033995400592092,0.01,2025-12-07 07:56:34
LOCI,,AN,4,-0.0068843017375715,0.01,2025-12-07 07:56:58
LOCI,,AN,5,-0.002092843657838,0.01,2025-12-07 07:57:22
LOCI,,AN,6,-0.008344854255053,0.01,2025-12-07 07:57:45
LOCI,,AN,7,-0.0034787829726303,0.01,2025-12-07 07:58:09
LOCI,,AN,8,-0.0031875807299449,0.01,2025-12-07 07:58:34
LOCI,,AN,9,-0.0010095351593232,0.01,2025-12-07 07:58:58
LOCI,,AN,10,-0.0073574973562217,0.01,2025-12-07 07:59:22
LOCI,,AN,11,-0.0054271704054403,0.01,2025-12-07 07:59:47
LOCI,,AN,12,-0.0024417337348417,0.01,2025-12-07 08:00:09
LOCI,,AN,13,-0.0093191672963912,0.01,2025-12-07 08:00:33
LOCI,,AN,14,-0.0033671723729973,0.01,2025-12-07 08:00:57
LOCI,,AN,15,-0.0037408476705038,0.01,2025-12-07 08:01:22
LOCI,,AN,16,-0.005715783943992,0.01,2025-12-07 08:01:46
LOCI,,AN,17,-0.0047626921694611,0.01,2025-12-07 08:02:09
LOCI,,AN,18,-8.84609508352895e-05,0.01,2025-12-07 08:02:35
LOCI,,AN,19,-0.0073656907333475,0.01,2025-12-07 08:02:59
LOCI,,AN,20,-0.0157829512183981,0.01,2025-12-07 08:03:23
LOCI,,AN,21,-0.0104309413280337,0.01,2025-12-07 08:03:46
LOCI,,AN,22,-0.0049093966096846,0.01,2025-12-07 08:04:11
LOCI,,AN,23,-0.0101815797086918,0.01,2025-12-07 08:04:35
LOCI,,AN,24,-0.0029911969239222,0.01,2025-12-07 08:04:59
LOCI,,AN,25,-0.0088836050079505,0.01,2025-12-07 08:05:21
LOCI,,AN,26,-0.0016406530028273,0.01,2025-12-07 08:05:46
LOCI,,AN,27,-0.008189865626462,0.01,2025-12-07 08:06:10
LOCI,,AN,28,-0.0022223802887868,0.01,2025-12-07 08:06:35
LOCI,,AN,29,-0.0027420325246241,0.01,2025-12-07 08:06:58
LOCI,,AN,30,-0.0035456817330338,0.01,2025-12-07 08:07:23
LOCI,,AN,31,-0.0098027993865793,0.01,2025-12-07 08:07:48
LOCI,,AN,32,-0.0025238661778479,0.01,2025-12-07 08:08:14
LOCI,,AN,33,-0.0051240137517387,0.01,2025-12-07 08:08:37
LOCI,,AN,34,-0.0123326937595609,0.01,2025-12-07 08:09:02
LOCI,,AN,35,-0.002371767851157,0.01,2025-12-07 08:09:28
LOCI,,AN,36,-0.0111088344984604,0.01,2025-12-07 08:09:51
LOCI,,AN,37,-0.0038389256627917,0.01,2025-12-07 08:10:17
LOCI,,AN,38,-0.002441605898241,0.01,2025-12-07 08:10:42
LOCI,,AN,39,-0.0088747108902756,0.01,2025-12-07 08:11:06
LOCI,,AN,40,-0.0015504414086284,0.01,2025-12-07 08:11:31
LOCI,,AN,41,-0.0028392122951933,0.01,2025-12-07 08:11:58
LOCI,,AN,42,-0.0028673560599024,0.01,2025-12-07 08:12:22
LOCI,,AN,43,-0.0046365422544815,0.01,2025-12-07 08:12:47
LOCI,,AN,44,-0.0012556487300407,0.01,2025-12-07 08:13:13
LOCI,,AN,45,-0.0088518644737831,0.01,2025-12-07 08:13:37
LOCI,,AN,46,-0.0053051666015515,0.01,2025-12-07 08:14:01
LOCI,,AN,47,-0.0031381141901038,0.01,2025-12-07 08:14:26
LOCI,,AN,48,-0.0028394675125619,0.01,2025-12-07 08:14:50
LOCI,,AN,49,-0.0028865078372997,0.01,2025-12-07 08:15:13
LOCI,,AN,50,-0.0145251247362016,0.01,2025-12-07 08:15:39
LOCI,,AN,51,-0.0107161819110799,0.01,2025-12-07 08:16:04
LOCI,,AN,52,-0.0051703136759257,0.01,2025-12-07 08:16:27
LOCI,,AN,53,-0.0041954377225554,0.01,2025-12-07 08:16:52
LOCI,,AN,54,-0.0105273796720765,0.01,2025-12-07 08:17:17
LOCI,,AN,55,-0.0028387552791939,0.01,2025-12-07 08:17:41
LOCI,,AN,56,-0.0010830264430275,0.01,2025-12-07 08:18:06
LOCI,,AN,57,-0.0021897855955629,0.01,2025-12-07 08:18:31
LOCI,,AN,58,-0.0030665396958706,0.01,2025-12-07 08:18:54
LOCI,,AN,59,-0.0028038892337415,0.01,2025-12-07 08:19:19
LOCI,,AN,60,-0.0048811825921664,0.01,2025-12-07 08:19:44
LOCI,,AN,61,-0.00142713161307,0.01,2025-12-07 08:20:07
LOCI,,AN,62,-0.0096949895802595,0.01,2025-12-07 08:20:33
LOCI,,AN,63,-0.003479979682389,0.01,2025-12-07 08:20:58
LOCI,,AN,64,-0.0046837564012799,0.01,2025-12-07 08:21:21
LOCI,,AN,65,-0.003400844931226,0.01,2025-12-07 08:21:47
LOCI,,AN,66,-0.0040201813200712,0.01,2025-12-07 08:22:12
LOCI,,AN,67,-0.0033955191289029,0.01,2025-12-07 08:22:35
LOCI,,AN,68,-0.0041971984155887,0.01,2025-12-07 08:23:01
LOCI,,AN,69,-0.0029671061615257,0.01,2025-12-07 08:23:26
LOCI,,AN,70,-0.0040902818444399,0.01,2025-12-07 08:23:49
LOCI,,AN,71,-0.0029552357505135,0.01,2025-12-07 08:24:14
LOCI,,AN,72,-0.0017532732359104,0.01,2025-12-07 08:24:38
LOCI,,AN,73,-0.006120855922501,0.01,2025-12-07 08:25:01
LOCI,,AN,74,-0.0013800122473682,0.01,2025-12-07 08:25:27
LOCI,,AN,75,-0.0098273831079694,0.01,2025-12-07 08:25:52
LOCI,,AN,76,-0.0032595989328455,0.01,2025-12-07 08:26:15
LOCI,,AN,77,-0.0030705132989891,0.01,2025-12-07 08:26:40
LOCI,,AN,78,-0.0037780326712483,0.01,2025-12-07 08:27:05
LOCI,,AN,79,-0.0055201151953123,0.01,2025-12-07 08:27:30
LOCI,,AN,80,-0.0024329140428212,0.01,2025-12-07 08:27:54
LOCI,,AN,81,-0.0116426551120324,0.01,2025-12-07 08:28:19
LOCI,,AN,82,-0.0115740068573183,0.01,2025-12-07 08:28:44
LOCI,,AN,83,-0.003148178956091,0.01,2025-12-07 08:29:06
LOCI,,AN,84,-0.0048950001319764,0.01,2025-12-07 08:29:31
LOCI,,AN,85,-0.0010227605799104,0.01,2025-12-07 08:29:56
LOCI,,AN,86,-0.0066326528380327,0.01,2025-12-07 08:30:20
LOCI,,AN,87,-0.0017599203719221,0.01,2025-12-07 08:30:43
LOCI,,AN,88,-0.0051148625679783,0.01,2025-12-07 08:31:09
LOCI,,AN,89,-0.0025833529006315,0.01,2025-12-07 08:31:35
LOCI,,AN,90,-0.0019513843774726,0.01,2025-12-07 08:31:57
LOCI,,AN,91,-0.0101948093837506,0.01,2025-12-07 08:32:23
LOCI,,AN,92,-0.009898837411639,0.01,2025-12-07 08:32:48
LOCI,,AN,93,-0.0085500932927773,0.01,2025-12-07 08:33:13
LOCI,,AN,94,-0.0031764106767319,0.01,2025-12-07 08:33:36
LOCI,,AN,95,-0.0042805165189501,0.01,2025-12-07 08:34:01
LOCI,,AN,96,-0.007561877838071,0.01,2025-12-07 08:34:26
LOCI,,AN,97,-0.0024824320036338,0.01,2025-12-07 08:34:49
LOCI,,AN,98,-0.0027986330100139,0.01,2025-12-07 08:35:14
LOCI,,AN,99,-0.002572663190766,0.01,2025-12-07 08:35:39
LOCI,,AN,100,-0.0028364218210643,0.01,2025-12-07 08:36:03
LOCI,,AN-s,1,-0.0006111753160396,0.01,2025-12-07 08:36:29
LOCI,,AN-s,2,-0.0008233622755155,0.01,2025-12-07 08:36:54
LOCI,,AN-s,3,-0.0006331654398986,0.01,2025-12-07 08:37:16
LOCI,,AN-s,4,-0.0005793930590196,0.01,2025-12-07 08:37:42
LOCI,,AN-s,5,-0.0017073850683625,0.01,2025-12-07 08:38:07
LOCI,,AN-s,6,-0.000486047867871,0.01,2025-12-07 08:38:30
LOCI,,AN-s,7,-0.0005742892203163,0.01,2025-12-07 08:38:55
LOCI,,AN-s,8,-0.0042011147105856,0.01,2025-12-07 08:39:21
LOCI,,AN-s,9,-0.0005485110969039,0.01,2025-12-07 08:39:46
LOCI,,AN-s,10,-0.0006637955184831,0.01,2025-12-07 08:40:10
LOCI,,AN-s,11,-0.0002537549651216,0.01,2025-12-07 08:40:36
LOCI,,AN-s,12,-0.00423426119632,0.01,2025-12-07 08:41:01
LOCI,,AN-s,13,-0.0004766145105811,0.01,2025-12-07 08:41:24
LOCI,,AN-s,14,-0.0006647167015425,0.01,2025-12-07 08:41:49
LOCI,,AN-s,15,-0.0034827863406854,0.01,2025-12-07 08:42:15
LOCI,,AN-s,16,-0.0011110691306835,0.01,2025-12-07 08:42:37
LOCI,,AN-s,17,-0.0002205202884492,0.01,2025-12-07 08:43:02
LOCI,,AN-s,18,-0.0006024935781546,0.01,2025-12-07 08:43:27
LOCI,,AN-s,19,-0.000492084636665,0.01,2025-12-07 08:43:51
LOCI,,AN-s,20,-0.0005406005672962,0.01,2025-12-07 08:44:15
LOCI,,AN-s,21,-0.000643360534173,0.01,2025-12-07 08:44:40
LOCI,,AN-s,22,-0.003871649301083,0.01,2025-12-07 08:45:03
LOCI,,AN-s,23,-0.0032892558473626,0.01,2025-12-07 08:45:27
LOCI,,AN-s,24,-0.0019934989385397,0.01,2025-12-07 08:45:52
LOCI,,AN-s,25,-0.0011499291249086,0.01,2025-12-07 08:46:18
LOCI,,AN-s,26,-0.0008963047882889,0.01,2025-12-07 08:46:40
LOCI,,AN-s,27,-0.0002990707150647,0.01,2025-12-07 08:47:05
LOCI,,AN-s,28,-0.0001865634758744,0.01,2025-12-07 08:47:30
LOCI,,AN-s,29,-0.0014136155040192,0.01,2025-12-07 08:47:54
LOCI,,AN-s,30,-0.0043044353710225,0.01,2025-12-07 08:48:19
LOCI,,AN-s,31,-0.0013836100003705,0.01,2025-12-07 08:48:44
LOCI,,AN-s,32,-0.0010154206948388,0.01,2025-12-07 08:49:06
LOCI,,AN-s,33,-0.0013317884360791,0.01,2025-12-07 08:49:31
LOCI,,AN-s,34,-0.0015311484772055,0.01,2025-12-07 08:49:57
LOCI,,AN-s,35,-0.0035516796549004,0.01,2025-12-07 08:50:21
LOCI,,AN-s,36,-0.0002276986836383,0.01,2025-12-07 08:50:45
LOCI,,AN-s,37,-0.0036499440148627,0.01,2025-12-07 08:51:10
LOCI,,AN-s,38,-0.001353621931733,0.01,2025-12-07 08:51:33
LOCI,,AN-s,39,-0.0031138883991017,0.01,2025-12-07 08:51:57
LOCI,,AN-s,40,-0.0002582794871798,0.01,2025-12-07 08:52:22
LOCI,,AN-s,41,-0.0068968896580684,0.01,2025-12-07 08:52:45
LOCI,,AN-s,42,-0.002800216651765,0.01,2025-12-07 08:53:10
LOCI,,AN-s,43,-0.000323557708585,0.01,2025-12-07 08:53:35
LOCI,,AN-s,44,-0.0008749056220564,0.01,2025-12-07 08:53:58
LOCI,,AN-s,45,-0.0047577813683687,0.01,2025-12-07 08:54:23
LOCI,,AN-s,46,-0.0003887100135514,0.01,2025-12-07 08:54:48
LOCI,,AN-s,47,-0.0016004396570751,0.01,2025-12-07 08:55:11
LOCI,,AN-s,48,-0.0007421300210892,0.01,2025-12-07 08:55:36
LOCI,,AN-s,49,6.33106423399325e-05,0.01,2025-12-07 08:56:02
LOCI,,AN-s,50,-0.0004753077121637,0.01,2025-12-07 08:56:24
LOCI,,AN-s,51,-0.0012480538328716,0.01,2025-12-07 08:56:50
LOCI,,AN-s,52,-0.0011247043775819,0.01,2025-12-07 08:57:15
LOCI,,AN-s,53,-0.0003157946314004,0.01,2025-12-07 08:57:38
LOCI,,AN-s,54,-0.0007703936163245,0.01,2025-12-07 08:58:03
LOCI,,AN-s,55,-0.0017297422099345,0.01,2025-12-07 08:58:28
LOCI,,AN-s,56,-0.0041093222553116,0.01,2025-12-07 08:58:50
LOCI,,AN-s,57,-0.0006724394601177,0.01,2025-12-07 08:59:15
LOCI,,AN-s,58,-0.0026868681077575,0.01,2025-12-07 08:59:40
LOCI,,AN-s,59,-0.0005503005813704,0.01,2025-12-07 09:00:04
LOCI,,AN-s,60,-0.0004355051400818,0.01,2025-12-07 09:00:27
LOCI,,AN-s,61,-0.0009820905983341,0.01,2025-12-07 09:00:53
LOCI,,AN-s,62,-0.0013727457440899,0.01,2025-12-07 09:01:19
LOCI,,AN-s,63,-0.0009982079824265,0.01,2025-12-07 09:01:40
LOCI,,AN-s,64,-0.0002737860022256,0.01,2025-12-07 09:02:06
LOCI,,AN-s,65,-0.0010242871264351,0.01,2025-12-07 09:02:32
LOCI,,AN-s,66,-0.0014346729224587,0.01,2025-12-07 09:02:55
LOCI,,AN-s,67,-0.0004558550046903,0.01,2025-12-07 09:03:18
LOCI,,AN-s,68,-0.004476374335354,0.01,2025-12-07 09:03:44
LOCI,,AN-s,69,-0.0008273329877483,0.01,2025-12-07 09:04:09
LOCI,,AN-s,70,-0.0009181708979327,0.01,2025-12-07 09:04:31
LOCI,,AN-s,71,-0.0004141963330084,0.01,2025-12-07 09:04:56
LOCI,,AN-s,72,-0.0004855660259591,0.01,2025-12-07 09:05:22
LOCI,,AN-s,73,-0.0047901088403958,0.01,2025-12-07 09:05:46
LOCI,,AN-s,74,-0.0014476453973602,0.01,2025-12-07 09:06:09
LOCI,,AN-s,75,-0.0029925661660539,0.01,2025-12-07 09:06:35
LOCI,,AN-s,76,-0.0028561080182937,0.01,2025-12-07 09:06:58
LOCI,,AN-s,77,-0.0009417641510385,0.01,2025-12-07 09:07:22
LOCI,,AN-s,78,-0.0022918687704804,0.01,2025-12-07 09:07:48
LOCI,,AN-s,79,-4.08039752340193e-05,0.01,2025-12-07 09:08:14
LOCI,,AN-s,80,-0.0017563376858588,0.01,2025-12-07 09:08:37
LOCI,,AN-s,81,-7.65745287138477e-05,0.01,2025-12-07 09:09:02
LOCI,,AN-s,82,-0.0003566614565895,0.01,2025-12-07 09:09:25
LOCI,,AN-s,83,-0.0003036423659885,0.01,2025-12-07 09:09:49
LOCI,,AN-s,84,-0.000124317472099,0.01,2025-12-07 09:10:15
LOCI,,AN-s,85,-0.0003676955952865,0.01,2025-12-07 09:10:40
LOCI,,AN-s,86,-0.0042186975693744,0.01,2025-12-07 09:11:03
LOCI,,AN-s,87,-0.0013538457286096,0.01,2025-12-07 09:11:28
LOCI,,AN-s,88,-4.61112780101179e-05,0.01,2025-12-07 09:11:52
LOCI,,AN-s,89,-0.0007951211617056,0.01,2025-12-07 09:12:17
LOCI,,AN-s,90,-0.0007590522776387,0.01,2025-12-07 09:12:42
LOCI,,AN-s,91,-0.000857842997261,0.01,2025-12-07 09:13:04
LOCI,,AN-s,92,-0.0019468284351029,0.01,2025-12-07 09:13:29
LOCI,,AN-s,93,-0.0023356786659685,0.01,2025-12-07 09:13:55
LOCI,,AN-s,94,-0.0011199431900721,0.01,2025-12-07 09:14:19
LOCI,,AN-s,95,-4.47570675807742e-05,0.01,2025-12-07 09:14:43
LOCI,,AN-s,96,-0.0036303547402291,0.01,2025-12-07 09:15:08
LOCI,,AN-s,97,-0.0001855747167081,0.01,2025-12-07 09:15:30
LOCI,,AN-s,98,-0.0003972398578895,0.01,2025-12-07 09:15:55
LOCI,,AN-s,99,-0.0004819962755717,0.01,2025-12-07 09:16:21
LOCI,,AN-s,100,-6.73456882183092e-05,0.01,2025-12-07 09:16:46
LOCI,,LS,1,0.0003431503022608,0.01,2025-12-07 09:17:09
LOCI,,LS,2,-0.0003221499571029,0.01,2025-12-07 09:17:34
LOCI,,LS,3,-0.003428349195902,0.01,2025-12-07 09:17:57
LOCI,,LS,4,-0.007093140380841,0.01,2025-12-07 09:18:22
LOCI,,LS,5,-0.0048803258977915,0.01,2025-12-07 09:18:47
LOCI,,LS,6,-0.0075088816970796,0.01,2025-12-07 09:19:12
LOCI,,LS,7,-0.0038570036508799,0.01,2025-12-07 09:19:35
LOCI,,LS,8,0.0018878512637687,0.01,2025-12-07 09:20:01
LOCI,,LS,9,-0.001141187327197,0.01,2025-12-07 09:20:24
LOCI,,LS,10,-0.0062844421691611,0.01,2025-12-07 09:20:49
LOCI,,LS,11,-0.0126681153055887,0.01,2025-12-07 09:21:15
LOCI,,LS,12,-0.0122605096126456,0.01,2025-12-07 09:21:38
LOCI,,LS,13,-0.0001566347813812,0.01,2025-12-07 09:22:04
LOCI,,LS,14,0.0066253820837181,0.01,2025-12-07 09:22:28
LOCI,,LS,15,-0.0002192738362303,0.01,2025-12-07 09:22:52
LOCI,,LS,16,-0.0015754472288569,0.01,2025-12-07 09:23:17
LOCI,,LS,17,-0.0080087351534923,0.01,2025-12-07 09:23:41
LOCI,,LS,18,0.0002690068507009,0.01,2025-12-07 09:24:03
LOCI,,LS,19,-0.0005355168415933,0.01,2025-12-07 09:24:28
LOCI,,LS,20,-0.0037301945912879,0.01,2025-12-07 09:24:54
LOCI,,LS,21,-0.0003619348024022,0.01,2025-12-07 09:25:18
LOCI,,LS,22,-0.0022150122561503,0.01,2025-12-07 09:25:43
LOCI,,LS,23,-0.0051981540299453,0.01,2025-12-07 09:26:08
LOCI,,LS,24,0.0004965639897551,0.01,2025-12-07 09:26:30
LOCI,,LS,25,-0.0036401888250314,0.01,2025-12-07 09:26:55
LOCI,,LS,26,0.0020115316704554,0.01,2025-12-07 09:27:21
LOCI,,LS,27,-0.0046290414706835,0.01,2025-12-07 09:27:46
LOCI,,LS,28,-0.0021822676113098,0.01,2025-12-07 09:28:09
LOCI,,LS,29,-0.0029046506766009,0.01,2025-12-07 09:28:35
LOCI,,LS,30,-0.0070790250196979,0.01,2025-12-07 09:29:00
LOCI,,LS,31,0.0007586961553155,0.01,2025-12-07 09:29:23
LOCI,,LS,32,1.5425065250423e-05,0.01,2025-12-07 09:29:48
LOCI,,LS,33,-0.0028070894881112,0.01,2025-12-07 09:30:11
LOCI,,LS,34,-0.0026816235665697,0.01,2025-12-07 09:30:37
LOCI,,LS,35,-0.0049394107056873,0.01,2025-12-07 09:31:02
LOCI,,LS,36,-0.0005036802390573,0.01,2025-12-07 09:31:24
LOCI,,LS,37,-0.0022625357451561,0.01,2025-12-07 09:31:49
LOCI,,LS,38,-0.0090772841146756,0.01,2025-12-07 09:32:15
LOCI,,LS,39,-0.0055486125203407,0.01,2025-12-07 09:32:38
LOCI,,LS,40,-0.0002209046097038,0.01,2025-12-07 09:33:03
LOCI,,LS,41,-0.0034896455903869,0.01,2025-12-07 09:33:28
LOCI,,LS,42,-0.0100168970487578,0.01,2025-12-07 09:33:51
LOCI,,LS,43,-0.000790035874541,0.01,2025-12-07 09:34:17
LOCI,,LS,44,0.005788551831835,0.01,2025-12-07 09:34:40
LOCI,,LS,45,-0.0008273451383302,0.01,2025-12-07 09:35:05
LOCI,,LS,46,-0.0033007454495682,0.01,2025-12-07 09:35:31
LOCI,,LS,47,-0.0011356063550313,0.01,2025-12-07 09:35:54
LOCI,,LS,48,-0.010181728203322,0.01,2025-12-07 09:36:19
LOCI,,LS,49,-0.0027491611744893,0.01,2025-12-07 09:36:42
LOCI,,LS,50,-0.0065044897707751,0.01,2025-12-07 09:37:08
LOCI,,LS,51,-0.0022781759735514,0.01,2025-12-07 09:37:33
LOCI,,LS,52,-0.002098009771329,0.01,2025-12-07 09:37:56
LOCI,,LS,53,-0.000239002373158,0.01,2025-12-07 09:38:22
LOCI,,LS,54,-0.0012442733216464,0.01,2025-12-07 09:38:45
LOCI,,LS,55,3.52499927691397e-05,0.01,2025-12-07 09:39:10
LOCI,,LS,56,-0.0009435508132532,0.01,2025-12-07 09:39:36
LOCI,,LS,57,-0.0026829301972367,0.01,2025-12-07 09:39:58
LOCI,,LS,58,-0.0028951747941363,0.01,2025-12-07 09:40:23
LOCI,,LS,59,-0.0012372164006061,0.01,2025-12-07 09:40:49
LOCI,,LS,60,-0.0011379028853425,0.01,2025-12-07 09:41:10
LOCI,,LS,61,-0.0053548728621202,0.01,2025-12-07 09:41:35
LOCI,,LS,62,-0.0002934675214889,0.01,2025-12-07 09:42:01
LOCI,,LS,63,0.0004325079820672,0.01,2025-12-07 09:42:24
LOCI,,LS,64,-0.0056160501048101,0.01,2025-12-07 09:42:48
LOCI,,LS,65,-0.0006553114899504,0.01,2025-12-07 09:43:14
LOCI,,LS,66,-0.0074203873438908,0.01,2025-12-07 09:43:39
LOCI,,LS,67,-2.69106276154125e-05,0.01,2025-12-07 09:44:01
LOCI,,LS,68,-0.0121229818111902,0.01,2025-12-07 09:44:27
LOCI,,LS,69,-0.0034157370798215,0.01,2025-12-07 09:44:51
LOCI,,LS,70,-0.002785180280652,0.01,2025-12-07 09:45:14
LOCI,,LS,71,-0.0013552035876672,0.01,2025-12-07 09:45:41
LOCI,,LS,72,-0.0016932897333332,0.01,2025-12-07 09:46:05
LOCI,,LS,73,-0.0051313803710285,0.01,2025-12-07 09:46:28
LOCI,,LS,74,-0.003872155620307,0.01,2025-12-07 09:46:53
LOCI,,LS,75,0.0021755303852959,0.01,2025-12-07 09:47:19
LOCI,,LS,76,-0.0003851169265798,0.01,2025-12-07 09:47:41
LOCI,,LS,77,-0.0040785770898598,0.01,2025-12-07 09:48:07
LOCI,,LS,78,-0.003697641738201,0.01,2025-12-07 09:48:33
LOCI,,LS,79,-0.0020996103998072,0.01,2025-12-07 09:48:56
LOCI,,LS,80,-0.005276232335726,0.01,2025-12-07 09:49:21
LOCI,,LS,81,-0.002885663990375,0.01,2025-12-07 09:49:45
LOCI,,LS,82,0.0008224341698128,0.01,2025-12-07 09:50:09
LOCI,,LS,83,-0.0015168917360182,0.01,2025-12-07 09:50:34
LOCI,,LS,84,-0.0048616485664612,0.01,2025-12-07 09:50:59
LOCI,,LS,85,-0.006526427127668,0.01,2025-12-07 09:51:22
LOCI,,LS,86,-0.0053946802322862,0.01,2025-12-07 09:51:47
LOCI,,LS,87,-0.0041226183626874,0.01,2025-12-07 09:52:10
LOCI,,LS,88,0.0012395199364554,0.01,2025-12-07 09:52:35
LOCI,,LS,89,-0.0048340972590957,0.01,2025-12-07 09:53:01
LOCI,,LS,90,-0.0028686776940321,0.01,2025-12-07 09:53:24
LOCI,,LS,91,-0.0018075478077125,0.01,2025-12-07 09:53:49
LOCI,,LS,92,0.0009948261346075,0.01,2025-12-07 09:54:13
LOCI,,LS,93,-0.0017838541642891,0.01,2025-12-07 09:54:37
LOCI,,LS,94,-0.0021726278302601,0.01,2025-12-07 09:55:04
LOCI,,LS,95,-0.0034512762618098,0.01,2025-12-07 09:55:26
LOCI,,LS,96,-0.0016373436560225,0.01,2025-12-07 09:55:52
LOCI,,LS,97,-0.0012439887493848,0.01,2025-12-07 09:56:14
LOCI,,LS,98,-0.0001386227390986,0.01,2025-12-07 09:56:39
LOCI,,LS,99,-0.003972652027287,0.01,2025-12-07 09:57:04
LOCI,,LS,100,-0.0082457519108311,0.01,2025-12-07 09:57:28
LOCI,,LS-s,1,0.0001427869793153,0.01,2025-12-07 09:57:52
LOCI,,LS-s,2,0.000273497638081,0.01,2025-12-07 09:58:17
LOCI,,LS-s,3,-0.0001922000285409,0.01,2025-12-07 09:58:41
LOCI,,LS-s,4,0.0048871659225365,0.01,2025-12-07 09:59:04
LOCI,,LS-s,5,-0.0008250875209938,0.01,2025-12-07 09:59:30
LOCI,,LS-s,6,-9.87015813568652e-05,0.01,2025-12-07 09:59:55
LOCI,,LS-s,7,-8.80786894516896e-06,0.01,2025-12-07 10:00:18
LOCI,,LS-s,8,0.0004944921999388,0.01,2025-12-07 10:00:43
LOCI,,LS-s,9,0.0061057415800343,0.01,2025-12-07 10:01:09
LOCI,,LS-s,10,-0.0017033925370868,0.01,2025-12-07 10:01:31
LOCI,,LS-s,11,0.0009592905556539,0.01,2025-12-07 10:01:56
LOCI,,LS-s,12,-0.0049399563193409,0.01,2025-12-07 10:02:22
LOCI,,LS-s,13,-0.0001842779028708,0.01,2025-12-07 10:02:44
LOCI,,LS-s,14,-0.000658213581664,0.01,2025-12-07 10:03:10
LOCI,,LS-s,15,0.0001613071178084,0.01,2025-12-07 10:03:35
LOCI,,LS-s,16,-0.0008489124682983,0.01,2025-12-07 10:03:57
LOCI,,LS-s,17,-0.0010755187420214,0.01,2025-12-07 10:04:22
LOCI,,LS-s,18,-0.0014113589570536,0.01,2025-12-07 10:04:48
LOCI,,LS-s,19,-0.0013345546949312,0.01,2025-12-07 10:05:10
LOCI,,LS-s,20,0.0002054106476055,0.01,2025-12-07 10:05:35
LOCI,,LS-s,21,-0.0001483623635389,0.01,2025-12-07 10:06:01
LOCI,,LS-s,22,-0.00072155210637,0.01,2025-12-07 10:06:24
LOCI,,LS-s,23,-0.0017571213718666,0.01,2025-12-07 10:06:49
LOCI,,LS-s,24,-0.0031107425037371,0.01,2025-12-07 10:07:13
LOCI,,LS-s,25,-0.0011854309609344,0.01,2025-12-07 10:07:36
LOCI,,LS-s,26,-0.0003778840656636,0.01,2025-12-07 10:08:01
LOCI,,LS-s,27,-0.0004927778104112,0.01,2025-12-07 10:08:26
LOCI,,LS-s,28,-0.0018188158423394,0.01,2025-12-07 10:08:48
LOCI,,LS-s,29,-0.001575771005692,0.01,2025-12-07 10:09:14
LOCI,,LS-s,30,0.0009987530511451,0.01,2025-12-07 10:09:38
LOCI,,LS-s,31,-0.0007308032049633,0.01,2025-12-07 10:10:03
LOCI,,LS-s,32,0.0020218828283842,0.01,2025-12-07 10:10:28
LOCI,,LS-s,33,0.0001104443176401,0.01,2025-12-07 10:10:50
LOCI,,LS-s,34,0.0001687518974966,0.01,2025-12-07 10:11:15
LOCI,,LS-s,35,-0.0011211977676764,0.01,2025-12-07 10:11:40
LOCI,,LS-s,36,0.0053855027576529,0.01,2025-12-07 10:12:03
LOCI,,LS-s,37,0.0002173262510028,0.01,2025-12-07 10:12:28
LOCI,,LS-s,38,-0.0009757084833822,0.01,2025-12-07 10:12:53
LOCI,,LS-s,39,0.0002179551546008,0.01,2025-12-07 10:13:15
LOCI,,LS-s,40,-0.0002427104104456,0.01,2025-12-07 10:13:40
LOCI,,LS-s,41,0.0007812297402847,0.01,2025-12-07 10:14:05
LOCI,,LS-s,42,-0.000370704648252,0.01,2025-12-07 10:14:27
LOCI,,LS-s,43,1.98037929182583e-05,0.01,2025-12-07 10:14:52
LOCI,,LS-s,44,0.0029343744308679,0.01,2025-12-07 10:15:17
LOCI,,LS-s,45,0.0001328733696615,0.01,2025-12-07 10:15:41
LOCI,,LS-s,46,-0.0007709282586147,0.01,2025-12-07 10:16:06
LOCI,,LS-s,47,-0.0009803030087528,0.01,2025-12-07 10:16:29
LOCI,,LS-s,48,-0.0007630485153889,0.01,2025-12-07 10:16:55
LOCI,,LS-s,49,0.0009211964855521,0.01,2025-12-07 10:17:18
LOCI,,LS-s,50,0.0022447579848833,0.01,2025-12-07 10:17:44
LOCI,,LS-s,51,0.0011420446664258,0.01,2025-12-07 10:18:07
LOCI,,LS-s,52,-0.0004129611785523,0.01,2025-12-07 10:18:32
LOCI,,LS-s,53,-0.0001200759685441,0.01,2025-12-07 10:18:55
LOCI,,LS-s,54,0.0039019942024966,0.01,2025-12-07 10:19:20
LOCI,,LS-s,55,-0.0042296931473751,0.01,2025-12-07 10:19:44
LOCI,,LS-s,56,-0.0012777897773424,0.01,2025-12-07 10:20:09
LOCI,,LS-s,57,-0.0002054641430284,0.01,2025-12-07 10:20:31
LOCI,,LS-s,58,7.78650263388118e-05,0.01,2025-12-07 10:20:57
LOCI,,LS-s,59,-0.0006914088450335,0.01,2025-12-07 10:21:22
LOCI,,LS-s,60,-0.0004306498018917,0.01,2025-12-07 10:21:44
LOCI,,LS-s,61,-0.0017076206799502,0.01,2025-12-07 10:22:10
LOCI,,LS-s,62,-0.0003922793133883,0.01,2025-12-07 10:22:35
LOCI,,LS-s,63,0.0048410970337799,0.01,2025-12-07 10:22:58
LOCI,,LS-s,64,-0.0018130734633596,0.01,2025-12-07 10:23:23
LOCI,,LS-s,65,0.0002511609268213,0.01,2025-12-07 10:23:49
LOCI,,LS-s,66,-0.0017291568629968,0.01,2025-12-07 10:24:10
LOCI,,LS-s,67,-0.0007621346636901,0.01,2025-12-07 10:24:36
LOCI,,LS-s,68,-0.000994824705353,0.01,2025-12-07 10:24:59
LOCI,,LS-s,69,0.0002981758517823,0.01,2025-12-07 10:25:23
LOCI,,LS-s,70,-0.0006039051319375,0.01,2025-12-07 10:25:49
LOCI,,LS-s,71,-0.0001187914042234,0.01,2025-12-07 10:26:12
LOCI,,LS-s,72,0.0008165252751262,0.01,2025-12-07 10:26:37
LOCI,,LS-s,73,0.0007009190877228,0.01,2025-12-07 10:27:02
LOCI,,LS-s,74,2.74537957063425e-05,0.01,2025-12-07 10:27:25
LOCI,,LS-s,75,1.35708944712515e-05,0.01,2025-12-07 10:27:49
LOCI,,LS-s,76,-0.001613260352474,0.01,2025-12-07 10:28:15
LOCI,,LS-s,77,-0.0022900090569477,0.01,2025-12-07 10:28:37
LOCI,,LS-s,78,-0.0010101971033783,0.01,2025-12-07 10:29:03
LOCI,,LS-s,79,0.0017715062149267,0.01,2025-12-07 10:29:27
LOCI,,LS-s,80,-0.0007476030006404,0.01,2025-12-07 10:29:52
LOCI,,LS-s,81,0.0017209677514241,0.01,2025-12-07 10:30:16
LOCI,,LS-s,82,0.0013122565664618,0.01,2025-12-07 10:30:41
LOCI,,LS-s,83,-0.0006180735056196,0.01,2025-12-07 10:31:06
LOCI,,LS-s,84,0.0008678077101742,0.01,2025-12-07 10:31:28
LOCI,,LS-s,85,-0.0005891140283304,0.01,2025-12-07 10:31:55
LOCI,,LS-s,86,-1.09890147376706e-05,0.01,2025-12-07 10:32:18
LOCI,,LS-s,87,-4.89933660711727e-05,0.01,2025-12-07 10:32:43
LOCI,,LS-s,88,0.0018622305390328,0.01,2025-12-07 10:33:07
LOCI,,LS-s,89,-0.0005272085233545,0.01,2025-12-07 10:33:30
LOCI,,LS-s,90,0.000976582732939,0.01,2025-12-07 10:33:56
LOCI,,LS-s,91,-0.0002945449449269,0.01,2025-12-07 10:34:18
LOCI,,LS-s,92,-0.0022557288944005,0.01,2025-12-07 10:34:44
LOCI,,LS-s,93,0.0031750863623403,0.01,2025-12-07 10:35:09
LOCI,,LS-s,94,0.0003473471575889,0.01,2025-12-07 10:35:31
LOCI,,LS-s,95,-0.0001979472919519,0.01,2025-12-07 10:35:57
LOCI,,LS-s,96,-0.0003220123969943,0.01,2025-12-07 10:36:20
LOCI,,LS-s,97,-0.0020085485426683,0.01,2025-12-07 10:36:44
LOCI,,LS-s,98,0.0001063669699021,0.01,2025-12-07 10:37:10
LOCI,,LS-s,99,0.0009975824568452,0.01,2025-12-07 10:37:32
LOCI,,LS-s,100,0.000384552943651,0.01,2025-12-07 10:37:57
LOCI,,MN-U,1,-0.0009305900257403,0.01,2025-12-07 10:38:22
LOCI,,MN-U,2,-0.0021672892566743,0.01,2025-12-07 10:38:44
LOCI,,MN-U,3,-0.0036526018769629,0.01,2025-12-07 10:39:10
LOCI,,MN-U,4,-9.91595404548742e-05,0.01,2025-12-07 10:39:34
LOCI,,MN-U,5,-0.0030310370801403,0.01,2025-12-07 10:39:57
LOCI,,MN-U,6,-0.0001718166490509,0.01,2025-12-07 10:40:23
LOCI,,MN-U,7,-0.0043095316923286,0.01,2025-12-07 10:40:46
LOCI,,MN-U,8,-0.0032020135951023,0.01,2025-12-07 10:41:10
LOCI,,MN-U,9,-5.31812158129637e-05,0.01,2025-12-07 10:41:36
LOCI,,MN-U,10,0.0001279664785,0.01,2025-12-07 10:41:58
LOCI,,MN-U,11,-0.0005964621615294,0.01,2025-12-07 10:42:23
LOCI,,MN-U,12,-0.0012335481190156,0.01,2025-12-07 10:42:47
LOCI,,MN-U,13,-0.0075470967761843,0.01,2025-12-07 10:43:11
LOCI,,MN-U,14,-0.0068786772932638,0.01,2025-12-07 10:43:37
LOCI,,MN-U,15,-0.0001507652780776,0.01,2025-12-07 10:44:00
LOCI,,MN-U,16,-0.004858528602398,0.01,2025-12-07 10:44:25
LOCI,,MN-U,17,-0.0061388186518354,0.01,2025-12-07 10:44:50
LOCI,,MN-U,18,-0.0024798151640894,0.01,2025-12-07 10:45:12
LOCI,,MN-U,19,-0.0036389738760562,0.01,2025-12-07 10:45:38
LOCI,,MN-U,20,-0.0059647382502919,0.01,2025-12-07 10:46:02
LOCI,,MN-U,21,-0.0028405118359191,0.01,2025-12-07 10:46:26
LOCI,,MN-U,22,-0.009385521290952,0.01,2025-12-07 10:46:51
LOCI,,MN-U,23,-0.0064956546249329,0.01,2025-12-07 10:47:14
LOCI,,MN-U,24,-0.000341357913761,0.01,2025-12-07 10:47:39
LOCI,,MN-U,25,-0.0031998706021297,0.01,2025-12-07 10:48:04
LOCI,,MN-U,26,-0.0016752194548613,0.01,2025-12-07 10:48:27
LOCI,,MN-U,27,-0.0005919579682829,0.01,2025-12-07 10:48:53
LOCI,,MN-U,28,-0.0002207422719195,0.01,2025-12-07 10:49:16
LOCI,,MN-U,29,-0.0075818877402313,0.01,2025-12-07 10:49:40
LOCI,,MN-U,30,-0.0055103736435654,0.01,2025-12-07 10:50:06
LOCI,,MN-U,31,-0.0010367377894331,0.01,2025-12-07 10:50:28
LOCI,,MN-U,32,-0.0054698474157519,0.01,2025-12-07 10:50:54
LOCI,,MN-U,33,-0.0050005686634063,0.01,2025-12-07 10:51:19
LOCI,,MN-U,34,-0.008277658797683,0.01,2025-12-07 10:51:43
LOCI,,MN-U,35,-0.0057450922413061,0.01,2025-12-07 10:52:07
LOCI,,MN-U,36,-0.004987198840098,0.01,2025-12-07 10:52:32
LOCI,,MN-U,37,-0.0004598174855405,0.01,2025-12-07 10:52:58
LOCI,,MN-U,38,-0.0005678618622318,0.01,2025-12-07 10:53:19
LOCI,,MN-U,39,-0.0029264505090301,0.01,2025-12-07 10:53:45
LOCI,,MN-U,40,-0.0049481308859753,0.01,2025-12-07 10:54:10
LOCI,,MN-U,41,-0.0010651222703501,0.01,2025-12-07 10:54:34
LOCI,,MN-U,42,-0.005294020168779,0.01,2025-12-07 10:54:59
LOCI,,MN-U,43,-0.0003283184974269,0.01,2025-12-07 10:55:21
LOCI,,MN-U,44,-0.0057839108257364,0.01,2025-12-07 10:55:46
LOCI,,MN-U,45,-0.0032109719321967,0.01,2025-12-07 10:56:11
LOCI,,MN-U,46,-0.0066369723690368,0.01,2025-12-07 10:56:34
LOCI,,MN-U,47,-0.0041582030575097,0.01,2025-12-07 10:57:00
LOCI,,MN-U,48,-0.0001883460565217,0.01,2025-12-07 10:57:21
LOCI,,MN-U,49,-0.0038066004666759,0.01,2025-12-07 10:57:47
LOCI,,MN-U,50,-0.00208663476116,0.01,2025-12-07 10:58:11
LOCI,,MN-U,51,-0.0011034807206143,0.01,2025-12-07 10:58:35
LOCI,,MN-U,52,-0.0029061327492573,0.01,2025-12-07 10:59:00
LOCI,,MN-U,53,-0.0012202638453556,0.01,2025-12-07 10:59:22
LOCI,,MN-U,54,-0.0013573967960599,0.01,2025-12-07 10:59:47
LOCI,,MN-U,55,-0.0004701673635792,0.01,2025-12-07 11:00:12
LOCI,,MN-U,56,-0.0041963177317869,0.01,2025-12-07 11:00:35
LOCI,,MN-U,57,-0.0020158369615825,0.01,2025-12-07 11:01:01
LOCI,,MN-U,58,-0.0066128042271664,0.01,2025-12-07 11:01:23
LOCI,,MN-U,59,-0.0005814535974138,0.01,2025-12-07 11:01:48
LOCI,,MN-U,60,-0.0032330432751795,0.01,2025-12-07 11:02:12
LOCI,,MN-U,61,-0.0012898277299581,0.01,2025-12-07 11:02:35
LOCI,,MN-U,62,-0.0019584646928275,0.01,2025-12-07 11:03:01
LOCI,,MN-U,63,-0.0021077389120716,0.01,2025-12-07 11:03:22
LOCI,,MN-U,64,-0.0004337450873437,0.01,2025-12-07 11:03:47
LOCI,,MN-U,65,-0.0004644774050414,0.01,2025-12-07 11:04:11
LOCI,,MN-U,66,-0.0005498357147909,0.01,2025-12-07 11:04:34
LOCI,,MN-U,67,-0.0088544553692879,0.01,2025-12-07 11:04:59
LOCI,,MN-U,68,-0.0013967736599485,0.01,2025-12-07 11:05:21
LOCI,,MN-U,69,3.41763116776695e-06,0.01,2025-12-07 11:05:47
LOCI,,MN-U,70,-0.0032926614453701,0.01,2025-12-07 11:06:12
LOCI,,MN-U,71,-0.0074766698809674,0.01,2025-12-07 11:06:35
LOCI,,MN-U,72,-0.0058610776338025,0.01,2025-12-07 11:07:00
LOCI,,MN-U,73,-0.0039410267203907,0.01,2025-12-07 11:07:23
LOCI,,MN-U,74,-0.0012628193291002,0.01,2025-12-07 11:07:50
LOCI,,MN-U,75,-0.001244832490944,0.01,2025-12-07 11:08:14
LOCI,,MN-U,76,-0.0023288172221517,0.01,2025-12-07 11:08:37
LOCI,,MN-U,77,4.22824184879198e-05,0.01,2025-12-07 11:09:03
LOCI,,MN-U,78,-0.0030974982507312,0.01,2025-12-07 11:09:25
LOCI,,MN-U,79,-0.0003568976583939,0.01,2025-12-07 11:09:50
LOCI,,MN-U,80,-0.0004589221064108,0.01,2025-12-07 11:10:14
LOCI,,MN-U,81,-0.0003672447517339,0.01,2025-12-07 11:10:38
LOCI,,MN-U,82,-0.0012917318896027,0.01,2025-12-07 11:11:03
LOCI,,MN-U,83,-0.0079822425974566,0.01,2025-12-07 11:11:25
LOCI,,MN-U,84,-0.0007846985311425,0.01,2025-12-07 11:11:51
LOCI,,MN-U,85,-0.0021333910242742,0.01,2025-12-07 11:12:15
LOCI,,MN-U,86,0.0001615480031917,0.01,2025-12-07 11:12:38
LOCI,,MN-U,87,-0.001148358045048,0.01,2025-12-07 11:13:04
LOCI,,MN-U,88,-0.0052342594784904,0.01,2025-12-07 11:13:26
LOCI,,MN-U,89,-0.0051259393662836,0.01,2025-12-07 11:13:52
LOCI,,MN-U,90,-0.0015471344215476,0.01,2025-12-07 11:14:15
LOCI,,MN-U,91,-0.0045300732941667,0.01,2025-12-07 11:14:41
LOCI,,MN-U,92,-0.0050573091483432,0.01,2025-12-07 11:15:05
LOCI,,MN-U,93,-0.0001983770662768,0.01,2025-12-07 11:15:27
LOCI,,MN-U,94,-0.0039693048674644,0.01,2025-12-07 11:15:53
LOCI,,MN-U,95,-0.0062997249200209,0.01,2025-12-07 11:16:16
LOCI,,MN-U,96,-0.0004233612702312,0.01,2025-12-07 11:16:41
LOCI,,MN-U,97,-0.0048295059246237,0.01,2025-12-07 11:17:06
LOCI,,MN-U,98,-0.0052402424600065,0.01,2025-12-07 11:17:29
LOCI,,MN-U,99,-0.0002268360159283,0.01,2025-12-07 11:17:55
LOCI,,MN-U,100,-0.001912133976393,0.01,2025-12-07 11:18:17
LCUBE,,AN,1,NaN,0.01,2025-12-07 11:18:17
LCUBE,,AN,2,NaN,0.01,2025-12-07 11:18:17
LCUBE,,AN,3,-1330.63885098421,0.01,2025-12-07 11:18:17
LCUBE,,AN,4,NaN,0.01,2025-12-07 11:18:17
LCUBE,,AN,5,NaN,0.01,2025-12-07 11:18:17
LCUBE,,AN,6,NaN,0.01,2025-12-07 11:18:17
LCUBE,,AN,7,NaN,0.01,2025-12-07 11:18:17
LCUBE,,AN,8,NaN,0.01,2025-12-07 11:18:17
LCUBE,,AN,9,-1083.5481573175,0.01,2025-12-07 11:18:18
LCUBE,,AN,10,-955.417712985557,0.01,2025-12-07 11:18:18
LCUBE,,AN,11,-1134.26077309218,0.01,2025-12-07 11:18:18
LCUBE,,AN,12,NaN,0.01,2025-12-07 11:18:18
LCUBE,,AN,13,NaN,0.01,2025-12-07 11:18:18
LCUBE,,AN,14,-1355.21624467233,0.01,2025-12-07 11:18:18
LCUBE,,AN,15,-1229.85318395656,0.01,2025-12-07 11:18:18
LCUBE,,AN,16,-1413.77922827411,0.01,2025-12-07 11:18:18
LCUBE,,AN,17,NaN,0.01,2025-12-07 11:18:18
LCUBE,,AN,18,NaN,0.01,2025-12-07 11:18:18
LCUBE,,AN,19,NaN,0.01,2025-12-07 11:18:18
LCUBE,,AN,20,NaN,0.01,2025-12-07 11:18:18
LCUBE,,AN,21,-1093.06276460344,0.01,2025-12-07 11:18:18
LCUBE,,AN,22,-992.241626115534,0.01,2025-12-07 11:18:18
LCUBE,,AN,23,-1056.32591691287,0.01,2025-12-07 11:18:18
LCUBE,,AN,24,NaN,0.01,2025-12-07 11:18:18
LCUBE,,AN,25,NaN,0.01,2025-12-07 11:18:18
LCUBE,,AN,26,NaN,0.01,2025-12-07 11:18:18
LCUBE,,AN,27,-1212.93773541359,0.01,2025-12-07 11:18:18
LCUBE,,AN,28,-933.401413846806,0.01,2025-12-07 11:18:18
LCUBE,,AN,29,NaN,0.01,2025-12-07 11:18:18
LCUBE,,AN,30,NaN,0.01,2025-12-07 11:18:18
LCUBE,,AN,31,NaN,0.01,2025-12-07 11:18:18
LCUBE,,AN,32,-1535.70210570697,0.01,2025-12-07 11:18:18
LCUBE,,AN,33,-1384.21241647288,0.01,2025-12-07 11:18:18
LCUBE,,AN,34,-1346.65501216063,0.01,2025-12-07 11:18:18
LCUBE,,AN,35,NaN,0.01,2025-12-07 11:18:18
LCUBE,,AN,36,NaN,0.01,2025-12-07 11:18:18
LCUBE,,AN,37,NaN,0.01,2025-12-07 11:18:18
LCUBE,,AN,38,-1184.46948990808,0.01,2025-12-07 11:18:18
LCUBE,,AN,39,-1447.83885107575,0.01,2025-12-07 11:18:19
LCUBE,,AN,40,NaN,0.01,2025-12-07 11:18:19
LCUBE,,AN,41,NaN,0.01,2025-12-07 11:18:19
LCUBE,,AN,42,NaN,0.01,2025-12-07 11:18:19
LCUBE,,AN,43,NaN,0.01,2025-12-07 11:18:19
LCUBE,,AN,44,-1374.68354563676,0.01,2025-12-07 11:18:19
LCUBE,,AN,45,-1285.05683042355,0.01,2025-12-07 11:18:19
LCUBE,,AN,46,-1488.58455251003,0.01,2025-12-07 11:18:19
LCUBE,,AN,47,NaN,0.01,2025-12-07 11:18:19
LCUBE,,AN,48,NaN,0.01,2025-12-07 11:18:19
LCUBE,,AN,49,-1071.087853518,0.01,2025-12-07 11:18:19
LCUBE,,AN,50,-941.113581509895,0.01,2025-12-07 11:18:19
LCUBE,,AN,51,-1554.30256776823,0.01,2025-12-07 11:18:19
LCUBE,,AN,52,-1395.78949881605,0.01,2025-12-07 11:18:19
LCUBE,,AN,53,NaN,0.01,2025-12-07 11:18:19
LCUBE,,AN,54,-1380.95298912552,0.01,2025-12-07 11:18:19
LCUBE,,AN,55,-1550.54586485984,0.01,2025-12-07 11:18:19
LCUBE,,AN,56,-1400.07458864195,0.01,2025-12-07 11:18:19
LCUBE,,AN,57,NaN,0.01,2025-12-07 11:18:19
LCUBE,,AN,58,NaN,0.01,2025-12-07 11:18:19
LCUBE,,AN,59,-673.466613849138,0.01,2025-12-07 11:18:19
LCUBE,,AN,60,NaN,0.01,2025-12-07 11:18:19
LCUBE,,AN,61,NaN,0.01,2025-12-07 11:18:19
LCUBE,,AN,62,NaN,0.01,2025-12-07 11:18:19
LCUBE,,AN,63,-1569.93647780973,0.01,2025-12-07 11:18:19
LCUBE,,AN,64,-1388.59007174436,0.01,2025-12-07 11:18:19
LCUBE,,AN,65,NaN,0.01,2025-12-07 11:18:19
LCUBE,,AN,66,NaN,0.01,2025-12-07 11:18:19
LCUBE,,AN,67,NaN,0.01,2025-12-07 11:18:19
LCUBE,,AN,68,-1498.08242739158,0.01,2025-12-07 11:18:19
LCUBE,,AN,69,-1327.14161253673,0.01,2025-12-07 11:18:20
LCUBE,,AN,70,-1376.11806470603,0.01,2025-12-07 11:18:20
LCUBE,,AN,71,NaN,0.01,2025-12-07 11:18:20
LCUBE,,AN,72,-1551.52052837987,0.01,2025-12-07 11:18:20
LCUBE,,AN,73,NaN,0.01,2025-12-07 11:18:20
LCUBE,,AN,74,NaN,0.01,2025-12-07 11:18:20
LCUBE,,AN,75,-1401.22776029064,0.01,2025-12-07 11:18:20
LCUBE,,AN,76,NaN,0.01,2025-12-07 11:18:20
LCUBE,,AN,77,-1298.64924619841,0.01,2025-12-07 11:18:20
LCUBE,,AN,78,-1488.17045480257,0.01,2025-12-07 11:18:20
LCUBE,,AN,79,-1489.09771419744,0.01,2025-12-07 11:18:20
LCUBE,,AN,80,-1273.45529015857,0.01,2025-12-07 11:18:20
LCUBE,,AN,81,-953.83939920364,0.01,2025-12-07 11:18:20
LCUBE,,AN,82,NaN,0.01,2025-12-07 11:18:20
LCUBE,,AN,83,-1467.39364088958,0.01,2025-12-07 11:18:20
LCUBE,,AN,84,NaN,0.01,2025-12-07 11:18:20
LCUBE,,AN,85,NaN,0.01,2025-12-07 11:18:20
LCUBE,,AN,86,-827.655446969652,0.01,2025-12-07 11:18:20
LCUBE,,AN,87,-1524.47334479568,0.01,2025-12-07 11:18:20
LCUBE,,AN,88,NaN,0.01,2025-12-07 11:18:20
LCUBE,,AN,89,NaN,0.01,2025-12-07 11:18:20
LCUBE,,AN,90,-1530.89543476391,0.01,2025-12-07 11:18:20
LCUBE,,AN,91,NaN,0.01,2025-12-07 11:18:20
LCUBE,,AN,92,NaN,0.01,2025-12-07 11:18:20
LCUBE,,AN,93,NaN,0.01,2025-12-07 11:18:20
LCUBE,,AN,94,NaN,0.01,2025-12-07 11:18:20
LCUBE,,AN,95,-1310.10605835907,0.01,2025-12-07 11:18:20
LCUBE,,AN,96,NaN,0.01,2025-12-07 11:18:20
LCUBE,,AN,97,-1204.06425145946,0.01,2025-12-07 11:18:20
LCUBE,,AN,98,NaN,0.01,2025-12-07 11:18:20
LCUBE,,AN,99,NaN,0.01,2025-12-07 11:18:20
LCUBE,,AN,100,NaN,0.01,2025-12-07 11:18:21
LCUBE,,AN-s,1,-1185.76336509487,0.01,2025-12-07 11:18:21
LCUBE,,AN-s,2,-1099.3153199947,0.01,2025-12-07 11:18:21
LCUBE,,AN-s,3,NaN,0.01,2025-12-07 11:18:21
LCUBE,,AN-s,4,NaN,0.01,2025-12-07 11:18:21
LCUBE,,AN-s,5,-1065.16072516049,0.01,2025-12-07 11:18:21
LCUBE,,AN-s,6,-1296.11758411002,0.01,2025-12-07 11:18:21
LCUBE,,AN-s,7,NaN,0.01,2025-12-07 11:18:21
LCUBE,,AN-s,8,-927.987158417584,0.01,2025-12-07 11:18:21
LCUBE,,AN-s,9,NaN,0.01,2025-12-07 11:18:21
LCUBE,,AN-s,10,-1159.25732790533,0.01,2025-12-07 11:18:21
LCUBE,,AN-s,11,-1349.64203007194,0.01,2025-12-07 11:18:21
LCUBE,,AN-s,12,-956.097953743418,0.01,2025-12-07 11:18:21
LCUBE,,AN-s,13,NaN,0.01,2025-12-07 11:18:21
LCUBE,,AN-s,14,-1031.60661967052,0.01,2025-12-07 11:18:21
LCUBE,,AN-s,15,NaN,0.01,2025-12-07 11:18:21
LCUBE,,AN-s,16,-726.418449524614,0.01,2025-12-07 11:18:21
LCUBE,,AN-s,17,-973.035851691295,0.01,2025-12-07 11:18:21
LCUBE,,AN-s,18,NaN,0.01,2025-12-07 11:18:21
LCUBE,,AN-s,19,-1097.01464375181,0.01,2025-12-07 11:18:21
LCUBE,,AN-s,20,NaN,0.01,2025-12-07 11:18:21
LCUBE,,AN-s,21,-921.939042901672,0.01,2025-12-07 11:18:21
LCUBE,,AN-s,22,-639.350520223358,0.01,2025-12-07 11:18:21
LCUBE,,AN-s,23,NaN,0.01,2025-12-07 11:18:21
LCUBE,,AN-s,24,-892.709798251441,0.01,2025-12-07 11:18:21
LCUBE,,AN-s,25,-1341.50480809458,0.01,2025-12-07 11:18:21
LCUBE,,AN-s,26,-933.477931309352,0.01,2025-12-07 11:18:21
LCUBE,,AN-s,27,NaN,0.01,2025-12-07 11:18:21
LCUBE,,AN-s,28,NaN,0.01,2025-12-07 11:18:21
LCUBE,,AN-s,29,-893.805843144121,0.01,2025-12-07 11:18:21
LCUBE,,AN-s,30,NaN,0.01,2025-12-07 11:18:21
LCUBE,,AN-s,31,-1079.25410968972,0.01,2025-12-07 11:18:22
LCUBE,,AN-s,32,-869.487427226353,0.01,2025-12-07 11:18:22
LCUBE,,AN-s,33,NaN,0.01,2025-12-07 11:18:22
LCUBE,,AN-s,34,-1132.60303860488,0.01,2025-12-07 11:18:22
LCUBE,,AN-s,35,NaN,0.01,2025-12-07 11:18:22
LCUBE,,AN-s,36,-1276.55100130235,0.01,2025-12-07 11:18:22
LCUBE,,AN-s,37,-961.886035841965,0.01,2025-12-07 11:18:22
LCUBE,,AN-s,38,-1055.86244009935,0.01,2025-12-07 11:18:22
LCUBE,,AN-s,39,-966.555923309488,0.01,2025-12-07 11:18:22
LCUBE,,AN-s,40,-1187.32964772287,0.01,2025-12-07 11:18:22
LCUBE,,AN-s,41,-579.223295072734,0.01,2025-12-07 11:18:22
LCUBE,,AN-s,42,-688.742707920109,0.01,2025-12-07 11:18:22
LCUBE,,AN-s,43,-1404.47621738276,0.01,2025-12-07 11:18:22
LCUBE,,AN-s,44,-1063.99516615029,0.01,2025-12-07 11:18:22
LCUBE,,AN-s,45,-936.231928984336,0.01,2025-12-07 11:18:22
LCUBE,,AN-s,46,-1343.17175616918,0.01,2025-12-07 11:18:22
LCUBE,,AN-s,47,NaN,0.01,2025-12-07 11:18:22
LCUBE,,AN-s,48,-991.828211062932,0.01,2025-12-07 11:18:22
LCUBE,,AN-s,49,NaN,0.01,2025-12-07 11:18:22
LCUBE,,AN-s,50,-904.006734326905,0.01,2025-12-07 11:18:22
LCUBE,,AN-s,51,-1043.16776486453,0.01,2025-12-07 11:18:22
LCUBE,,AN-s,52,NaN,0.01,2025-12-07 11:18:22
LCUBE,,AN-s,53,NaN,0.01,2025-12-07 11:18:22
LCUBE,,AN-s,54,NaN,0.01,2025-12-07 11:18:22
LCUBE,,AN-s,55,NaN,0.01,2025-12-07 11:18:22
LCUBE,,AN-s,56,-858.040815468561,0.01,2025-12-07 11:18:22
LCUBE,,AN-s,57,NaN,0.01,2025-12-07 11:18:22
LCUBE,,AN-s,58,-1196.63849605648,0.01,2025-12-07 11:18:22
LCUBE,,AN-s,59,NaN,0.01,2025-12-07 11:18:22
LCUBE,,AN-s,60,-1299.38347481101,0.01,2025-12-07 11:18:22
LCUBE,,AN-s,61,NaN,0.01,2025-12-07 11:18:23
LCUBE,,AN-s,62,-1171.89220039727,0.01,2025-12-07 11:18:23
LCUBE,,AN-s,63,-1284.62867045736,0.01,2025-12-07 11:18:23
LCUBE,,AN-s,64,NaN,0.01,2025-12-07 11:18:23
LCUBE,,AN-s,65,NaN,0.01,2025-12-07 11:18:23
LCUBE,,AN-s,66,NaN,0.01,2025-12-07 11:18:23
LCUBE,,AN-s,67,NaN,0.01,2025-12-07 11:18:23
LCUBE,,AN-s,68,-941.074488624807,0.01,2025-12-07 11:18:23
LCUBE,,AN-s,69,-788.220830636156,0.01,2025-12-07 11:18:23
LCUBE,,AN-s,70,-791.331483097521,0.01,2025-12-07 11:18:23
LCUBE,,AN-s,71,NaN,0.01,2025-12-07 11:18:23
LCUBE,,AN-s,72,-1295.54485699071,0.01,2025-12-07 11:18:23
LCUBE,,AN-s,73,-786.145065870805,0.01,2025-12-07 11:18:23
LCUBE,,AN-s,74,NaN,0.01,2025-12-07 11:18:23
LCUBE,,AN-s,75,-881.505266140181,0.01,2025-12-07 11:18:23
LCUBE,,AN-s,76,-644.260603705002,0.01,2025-12-07 11:18:23
LCUBE,,AN-s,77,-1214.27172156571,0.01,2025-12-07 11:18:23
LCUBE,,AN-s,78,-1000.66688583729,0.01,2025-12-07 11:18:23
LCUBE,,AN-s,79,NaN,0.01,2025-12-07 11:18:23
LCUBE,,AN-s,80,-1041.64932350364,0.01,2025-12-07 11:18:23
LCUBE,,AN-s,81,NaN,0.01,2025-12-07 11:18:23
LCUBE,,AN-s,82,NaN,0.01,2025-12-07 11:18:23
LCUBE,,AN-s,83,-1211.90669592984,0.01,2025-12-07 11:18:23
LCUBE,,AN-s,84,-1083.43926778935,0.01,2025-12-07 11:18:23
LCUBE,,AN-s,85,-726.900855543387,0.01,2025-12-07 11:18:23
LCUBE,,AN-s,86,-939.49600118852,0.01,2025-12-07 11:18:23
LCUBE,,AN-s,87,-1105.47082323591,0.01,2025-12-07 11:18:23
LCUBE,,AN-s,88,NaN,0.01,2025-12-07 11:18:23
LCUBE,,AN-s,89,NaN,0.01,2025-12-07 11:18:23
LCUBE,,AN-s,90,NaN,0.01,2025-12-07 11:18:23
LCUBE,,AN-s,91,-1306.24306922668,0.01,2025-12-07 11:18:23
LCUBE,,AN-s,92,NaN,0.01,2025-12-07 11:18:24
LCUBE,,AN-s,93,NaN,0.01,2025-12-07 11:18:24
LCUBE,,AN-s,94,-1063.79158027556,0.01,2025-12-07 11:18:24
LCUBE,,AN-s,95,NaN,0.01,2025-12-07 11:18:24
LCUBE,,AN-s,96,NaN,0.01,2025-12-07 11:18:24
LCUBE,,AN-s,97,NaN,0.01,2025-12-07 11:18:24
LCUBE,,AN-s,98,-1039.47060520604,0.01,2025-12-07 11:18:24
LCUBE,,AN-s,99,-803.02883533367,0.01,2025-12-07 11:18:24
LCUBE,,AN-s,100,NaN,0.01,2025-12-07 11:18:24
LCUBE,,LS,1,NaN,0.01,2025-12-07 11:18:24
LCUBE,,LS,2,NaN,0.01,2025-12-07 11:18:24
LCUBE,,LS,3,NaN,0.01,2025-12-07 11:18:24
LCUBE,,LS,4,NaN,0.01,2025-12-07 11:18:24
LCUBE,,LS,5,NaN,0.01,2025-12-07 11:18:24
LCUBE,,LS,6,-282.468523250325,0.01,2025-12-07 11:18:24
LCUBE,,LS,7,NaN,0.01,2025-12-07 11:18:24
LCUBE,,LS,8,-1371.98925714318,0.01,2025-12-07 11:18:24
LCUBE,,LS,9,-897.326357788731,0.01,2025-12-07 11:18:24
LCUBE,,LS,10,-1249.17604022499,0.01,2025-12-07 11:18:24
LCUBE,,LS,11,NaN,0.01,2025-12-07 11:18:24
LCUBE,,LS,12,NaN,0.01,2025-12-07 11:18:24
LCUBE,,LS,13,-258.026499542606,0.01,2025-12-07 11:18:24
LCUBE,,LS,14,NaN,0.01,2025-12-07 11:18:24
LCUBE,,LS,15,NaN,0.01,2025-12-07 11:18:24
LCUBE,,LS,16,-684.014423472474,0.01,2025-12-07 11:18:24
LCUBE,,LS,17,NaN,0.01,2025-12-07 11:18:24
LCUBE,,LS,18,NaN,0.01,2025-12-07 11:18:24
LCUBE,,LS,19,-571.706535006701,0.01,2025-12-07 11:18:24
LCUBE,,LS,20,NaN,0.01,2025-12-07 11:18:24
LCUBE,,LS,21,NaN,0.01,2025-12-07 11:18:25
LCUBE,,LS,22,-879.679946766491,0.01,2025-12-07 11:18:25
LCUBE,,LS,23,NaN,0.01,2025-12-07 11:18:25
LCUBE,,LS,24,NaN,0.01,2025-12-07 11:18:25
LCUBE,,LS,25,NaN,0.01,2025-12-07 11:18:25
LCUBE,,LS,26,NaN,0.01,2025-12-07 11:18:25
LCUBE,,LS,27,NaN,0.01,2025-12-07 11:18:25
LCUBE,,LS,28,-994.035158438539,0.01,2025-12-07 11:18:25
LCUBE,,LS,29,NaN,0.01,2025-12-07 11:18:25
LCUBE,,LS,30,-1244.29830761927,0.01,2025-12-07 11:18:25
LCUBE,,LS,31,NaN,0.01,2025-12-07 11:18:25
LCUBE,,LS,32,-1389.62492565868,0.01,2025-12-07 11:18:25
LCUBE,,LS,33,NaN,0.01,2025-12-07 11:18:25
LCUBE,,LS,34,-833.371335255611,0.01,2025-12-07 11:18:25
LCUBE,,LS,35,-1428.95377639123,0.01,2025-12-07 11:18:25
LCUBE,,LS,36,-504.653172018188,0.01,2025-12-07 11:18:25
LCUBE,,LS,37,-609.063617812899,0.01,2025-12-07 11:18:25
LCUBE,,LS,38,-895.410021354277,0.01,2025-12-07 11:18:25
LCUBE,,LS,39,NaN,0.01,2025-12-07 11:18:25
LCUBE,,LS,40,NaN,0.01,2025-12-07 11:18:25
LCUBE,,LS,41,-521.390652732804,0.01,2025-12-07 11:18:25
LCUBE,,LS,42,-829.86557202331,0.01,2025-12-07 11:18:25
LCUBE,,LS,43,NaN,0.01,2025-12-07 11:18:25
LCUBE,,LS,44,-1011.93714369897,0.01,2025-12-07 11:18:25
LCUBE,,LS,45,NaN,0.01,2025-12-07 11:18:25
LCUBE,,LS,46,NaN,0.01,2025-12-07 11:18:25
LCUBE,,LS,47,NaN,0.01,2025-12-07 11:18:25
LCUBE,,LS,48,NaN,0.01,2025-12-07 11:18:25
LCUBE,,LS,49,NaN,0.01,2025-12-07 11:18:25
LCUBE,,LS,50,NaN,0.01,2025-12-07 11:18:25
LCUBE,,LS,51,-668.430789251286,0.01,2025-12-07 11:18:25
LCUBE,,LS,52,NaN,0.01,2025-12-07 11:18:25
LCUBE,,LS,53,-296.112628662021,0.01,2025-12-07 11:18:26
LCUBE,,LS,54,-781.821028422733,0.01,2025-12-07 11:18:26
LCUBE,,LS,55,-725.043927081576,0.01,2025-12-07 11:18:26
LCUBE,,LS,56,NaN,0.01,2025-12-07 11:18:26
LCUBE,,LS,57,-1083.05424388514,0.01,2025-12-07 11:18:26
LCUBE,,LS,58,-1596.87957145112,0.01,2025-12-07 11:18:26
LCUBE,,LS,59,NaN,0.01,2025-12-07 11:18:26
LCUBE,,LS,60,NaN,0.01,2025-12-07 11:18:26
LCUBE,,LS,61,-1294.45246690759,0.01,2025-12-07 11:18:26
LCUBE,,LS,62,NaN,0.01,2025-12-07 11:18:26
LCUBE,,LS,63,NaN,0.01,2025-12-07 11:18:26
LCUBE,,LS,64,NaN,0.01,2025-12-07 11:18:26
LCUBE,,LS,65,-1259.6667685238,0.01,2025-12-07 11:18:26
LCUBE,,LS,66,NaN,0.01,2025-12-07 11:18:26
LCUBE,,LS,67,NaN,0.01,2025-12-07 11:18:26
LCUBE,,LS,68,NaN,0.01,2025-12-07 11:18:26
LCUBE,,LS,69,-1340.12064416684,0.01,2025-12-07 11:18:26
LCUBE,,LS,70,-1421.63807911514,0.01,2025-12-07 11:18:26
LCUBE,,LS,71,-939.04573374257,0.01,2025-12-07 11:18:26
LCUBE,,LS,72,NaN,0.01,2025-12-07 11:18:26
LCUBE,,LS,73,NaN,0.01,2025-12-07 11:18:26
LCUBE,,LS,74,-1043.07802438596,0.01,2025-12-07 11:18:26
LCUBE,,LS,75,NaN,0.01,2025-12-07 11:18:26
LCUBE,,LS,76,NaN,0.01,2025-12-07 11:18:26
LCUBE,,LS,77,NaN,0.01,2025-12-07 11:18:26
LCUBE,,LS,78,-919.176084913393,0.01,2025-12-07 11:18:26
LCUBE,,LS,79,NaN,0.01,2025-12-07 11:18:26
LCUBE,,LS,80,NaN,0.01,2025-12-07 11:18:26
LCUBE,,LS,81,NaN,0.01,2025-12-07 11:18:26
LCUBE,,LS,82,-860.543097298845,0.01,2025-12-07 11:18:26
LCUBE,,LS,83,NaN,0.01,2025-12-07 11:18:26
LCUBE,,LS,84,NaN,0.01,2025-12-07 11:18:27
LCUBE,,LS,85,-1032.28445001557,0.01,2025-12-07 11:18:27
LCUBE,,LS,86,-916.760229581731,0.01,2025-12-07 11:18:27
LCUBE,,LS,87,NaN,0.01,2025-12-07 11:18:27
LCUBE,,LS,88,-1278.52619426186,0.01,2025-12-07 11:18:27
LCUBE,,LS,89,NaN,0.01,2025-12-07 11:18:27
LCUBE,,LS,90,NaN,0.01,2025-12-07 11:18:27
LCUBE,,LS,91,NaN,0.01,2025-12-07 11:18:27
LCUBE,,LS,92,NaN,0.01,2025-12-07 11:18:27
LCUBE,,LS,93,-566.648904283127,0.01,2025-12-07 11:18:27
LCUBE,,LS,94,NaN,0.01,2025-12-07 11:18:27
LCUBE,,LS,95,-1709.42501550422,0.01,2025-12-07 11:18:27
LCUBE,,LS,96,NaN,0.01,2025-12-07 11:18:27
LCUBE,,LS,97,NaN,0.01,2025-12-07 11:18:27
LCUBE,,LS,98,NaN,0.01,2025-12-07 11:18:27
LCUBE,,LS,99,-914.940155643498,0.01,2025-12-07 11:18:27
LCUBE,,LS,100,-829.339920277564,0.01,2025-12-07 11:18:27
LCUBE,,LS-s,1,NaN,0.01,2025-12-07 11:18:27
LCUBE,,LS-s,2,-445.823362856165,0.01,2025-12-07 11:18:27
LCUBE,,LS-s,3,NaN,0.01,2025-12-07 11:18:27
LCUBE,,LS-s,4,NaN,0.01,2025-12-07 11:18:27
LCUBE,,LS-s,5,NaN,0.01,2025-12-07 11:18:27
LCUBE,,LS-s,6,NaN,0.01,2025-12-07 11:18:27
LCUBE,,LS-s,7,NaN,0.01,2025-12-07 11:18:27
LCUBE,,LS-s,8,-535.447888059499,0.01,2025-12-07 11:18:27
LCUBE,,LS-s,9,NaN,0.01,2025-12-07 11:18:27
LCUBE,,LS-s,10,NaN,0.01,2025-12-07 11:18:27
LCUBE,,LS-s,11,NaN,0.01,2025-12-07 11:18:27
LCUBE,,LS-s,12,NaN,0.01,2025-12-07 11:18:27
LCUBE,,LS-s,13,NaN,0.01,2025-12-07 11:18:27
LCUBE,,LS-s,14,NaN,0.01,2025-12-07 11:18:27
LCUBE,,LS-s,15,NaN,0.01,2025-12-07 11:18:27
LCUBE,,LS-s,16,-793.134204042732,0.01,2025-12-07 11:18:28
LCUBE,,LS-s,17,NaN,0.01,2025-12-07 11:18:28
LCUBE,,LS-s,18,NaN,0.01,2025-12-07 11:18:28
LCUBE,,LS-s,19,NaN,0.01,2025-12-07 11:18:28
LCUBE,,LS-s,20,NaN,0.01,2025-12-07 11:18:28
LCUBE,,LS-s,21,NaN,0.01,2025-12-07 11:18:28
LCUBE,,LS-s,22,NaN,0.01,2025-12-07 11:18:28
LCUBE,,LS-s,23,-1124.3418426215,0.01,2025-12-07 11:18:28
LCUBE,,LS-s,24,NaN,0.01,2025-12-07 11:18:28
LCUBE,,LS-s,25,-877.519523057283,0.01,2025-12-07 11:18:28
LCUBE,,LS-s,26,-186.620678288774,0.01,2025-12-07 11:18:28
LCUBE,,LS-s,27,-670.429113555935,0.01,2025-12-07 11:18:28
LCUBE,,LS-s,28,NaN,0.01,2025-12-07 11:18:28
LCUBE,,LS-s,29,NaN,0.01,2025-12-07 11:18:28
LCUBE,,LS-s,30,NaN,0.01,2025-12-07 11:18:28
LCUBE,,LS-s,31,NaN,0.01,2025-12-07 11:18:28
LCUBE,,LS-s,32,NaN,0.01,2025-12-07 11:18:28
LCUBE,,LS-s,33,-694.182409832579,0.01,2025-12-07 11:18:28
LCUBE,,LS-s,34,-783.132212580927,0.01,2025-12-07 11:18:28
LCUBE,,LS-s,35,-882.837099472076,0.01,2025-12-07 11:18:28
LCUBE,,LS-s,36,NaN,0.01,2025-12-07 11:18:28
LCUBE,,LS-s,37,-595.901560331254,0.01,2025-12-07 11:18:28
LCUBE,,LS-s,38,-774.052518749636,0.01,2025-12-07 11:18:28
LCUBE,,LS-s,39,NaN,0.01,2025-12-07 11:18:28
LCUBE,,LS-s,40,NaN,0.01,2025-12-07 11:18:28
LCUBE,,LS-s,41,NaN,0.01,2025-12-07 11:18:28
LCUBE,,LS-s,42,NaN,0.01,2025-12-07 11:18:28
LCUBE,,LS-s,43,NaN,0.01,2025-12-07 11:18:28
LCUBE,,LS-s,44,NaN,0.01,2025-12-07 11:18:28
LCUBE,,LS-s,45,NaN,0.01,2025-12-07 11:18:28
LCUBE,,LS-s,46,NaN,0.01,2025-12-07 11:18:29
LCUBE,,LS-s,47,NaN,0.01,2025-12-07 11:18:29
LCUBE,,LS-s,48,NaN,0.01,2025-12-07 11:18:29
LCUBE,,LS-s,49,-1412.52758304833,0.01,2025-12-07 11:18:29
LCUBE,,LS-s,50,-500.789170100134,0.01,2025-12-07 11:18:29
LCUBE,,LS-s,51,-1369.44546665174,0.01,2025-12-07 11:18:29
LCUBE,,LS-s,52,NaN,0.01,2025-12-07 11:18:29
LCUBE,,LS-s,53,-721.996842068204,0.01,2025-12-07 11:18:29
LCUBE,,LS-s,54,NaN,0.01,2025-12-07 11:18:29
LCUBE,,LS-s,55,NaN,0.01,2025-12-07 11:18:29
LCUBE,,LS-s,56,-788.891845494557,0.01,2025-12-07 11:18:29
LCUBE,,LS-s,57,-1185.64917668059,0.01,2025-12-07 11:18:29
LCUBE,,LS-s,58,NaN,0.01,2025-12-07 11:18:29
LCUBE,,LS-s,59,-874.886829294309,0.01,2025-12-07 11:18:29
LCUBE,,LS-s,60,NaN,0.01,2025-12-07 11:18:29
LCUBE,,LS-s,61,-793.542619587887,0.01,2025-12-07 11:18:29
LCUBE,,LS-s,62,NaN,0.01,2025-12-07 11:18:29
LCUBE,,LS-s,63,NaN,0.01,2025-12-07 11:18:29
LCUBE,,LS-s,64,-949.985489863177,0.01,2025-12-07 11:18:29
LCUBE,,LS-s,65,NaN,0.01,2025-12-07 11:18:29
LCUBE,,LS-s,66,NaN,0.01,2025-12-07 11:18:29
LCUBE,,LS-s,67,NaN,0.01,2025-12-07 11:18:29
LCUBE,,LS-s,68,NaN,0.01,2025-12-07 11:18:29
LCUBE,,LS-s,69,NaN,0.01,2025-12-07 11:18:29
LCUBE,,LS-s,70,-176.673631830654,0.01,2025-12-07 11:18:29
LCUBE,,LS-s,71,-613.710215310573,0.01,2025-12-07 11:18:29
LCUBE,,LS-s,72,NaN,0.01,2025-12-07 11:18:29
LCUBE,,LS-s,73,NaN,0.01,2025-12-07 11:18:29
LCUBE,,LS-s,74,NaN,0.01,2025-12-07 11:18:29
LCUBE,,LS-s,75,-527.129650482163,0.01,2025-12-07 11:18:29
LCUBE,,LS-s,76,NaN,0.01,2025-12-07 11:18:29
LCUBE,,LS-s,77,NaN,0.01,2025-12-07 11:18:29
LCUBE,,LS-s,78,-893.169762629782,0.01,2025-12-07 11:18:30
LCUBE,,LS-s,79,-760.199204715305,0.01,2025-12-07 11:18:30
LCUBE,,LS-s,80,-1133.07372305155,0.01,2025-12-07 11:18:30
LCUBE,,LS-s,81,-849.278053104655,0.01,2025-12-07 11:18:30
LCUBE,,LS-s,82,-467.220866754677,0.01,2025-12-07 11:18:30
LCUBE,,LS-s,83,NaN,0.01,2025-12-07 11:18:30
LCUBE,,LS-s,84,NaN,0.01,2025-12-07 11:18:30
LCUBE,,LS-s,85,NaN,0.01,2025-12-07 11:18:30
LCUBE,,LS-s,86,NaN,0.01,2025-12-07 11:18:30
LCUBE,,LS-s,87,-643.141964937108,0.01,2025-12-07 11:18:30
LCUBE,,LS-s,88,NaN,0.01,2025-12-07 11:18:30
LCUBE,,LS-s,89,-725.911444457086,0.01,2025-12-07 11:18:30
LCUBE,,LS-s,90,-629.976235924931,0.01,2025-12-07 11:18:30
LCUBE,,LS-s,91,-749.937776030496,0.01,2025-12-07 11:18:30
LCUBE,,LS-s,92,-677.08232342073,0.01,2025-12-07 11:18:30
LCUBE,,LS-s,93,NaN,0.01,2025-12-07 11:18:30
LCUBE,,LS-s,94,NaN,0.01,2025-12-07 11:18:30
LCUBE,,LS-s,95,-1049.0337688794,0.01,2025-12-07 11:18:30
LCUBE,,LS-s,96,NaN,0.01,2025-12-07 11:18:30
LCUBE,,LS-s,97,NaN,0.01,2025-12-07 11:18:30
LCUBE,,LS-s,98,NaN,0.01,2025-12-07 11:18:30
LCUBE,,LS-s,99,NaN,0.01,2025-12-07 11:18:30
LCUBE,,LS-s,100,-677.349889999938,0.01,2025-12-07 11:18:30
LCUBE,,MN-U,1,NaN,0.01,2025-12-07 11:18:30
LCUBE,,MN-U,2,-1428.89855552914,0.01,2025-12-07 11:18:30
LCUBE,,MN-U,3,NaN,0.01,2025-12-07 11:18:30
LCUBE,,MN-U,4,-1581.28691646592,0.01,2025-12-07 11:18:30
LCUBE,,MN-U,5,-1542.61378586575,0.01,2025-12-07 11:18:30
LCUBE,,MN-U,6,NaN,0.01,2025-12-07 11:18:30
LCUBE,,MN-U,7,NaN,0.01,2025-12-07 11:18:30
LCUBE,,MN-U,8,-1760.96061687487,0.01,2025-12-07 11:18:30
LCUBE,,MN-U,9,NaN,0.01,2025-12-07 11:18:31
LCUBE,,MN-U,10,NaN,0.01,2025-12-07 11:18:31
LCUBE,,MN-U,11,-1456.1569555788,0.01,2025-12-07 11:18:31
LCUBE,,MN-U,12,-1200.81383310437,0.01,2025-12-07 11:18:31
LCUBE,,MN-U,13,NaN,0.01,2025-12-07 11:18:31
LCUBE,,MN-U,14,NaN,0.01,2025-12-07 11:18:31
LCUBE,,MN-U,15,-1726.95024534549,0.01,2025-12-07 11:18:31
LCUBE,,MN-U,16,-1436.18985706253,0.01,2025-12-07 11:18:31
LCUBE,,MN-U,17,NaN,0.01,2025-12-07 11:18:31
LCUBE,,MN-U,18,NaN,0.01,2025-12-07 11:18:31
LCUBE,,MN-U,19,-1457.64838869403,0.01,2025-12-07 11:18:31
LCUBE,,MN-U,20,NaN,0.01,2025-12-07 11:18:31
LCUBE,,MN-U,21,NaN,0.01,2025-12-07 11:18:31
LCUBE,,MN-U,22,NaN,0.01,2025-12-07 11:18:31
LCUBE,,MN-U,23,-1266.67275067066,0.01,2025-12-07 11:18:31
LCUBE,,MN-U,24,NaN,0.01,2025-12-07 11:18:31
LCUBE,,MN-U,25,-1729.475088858,0.01,2025-12-07 11:18:31
LCUBE,,MN-U,26,-1230.03263286911,0.01,2025-12-07 11:18:31
LCUBE,,MN-U,27,-1477.10943460622,0.01,2025-12-07 11:18:31
LCUBE,,MN-U,28,NaN,0.01,2025-12-07 11:18:31
LCUBE,,MN-U,29,-1436.57096290091,0.01,2025-12-07 11:18:31
LCUBE,,MN-U,30,NaN,0.01,2025-12-07 11:18:31
LCUBE,,MN-U,31,NaN,0.01,2025-12-07 11:18:31
LCUBE,,MN-U,32,-1356.16940573805,0.01,2025-12-07 11:18:31
LCUBE,,MN-U,33,-1652.81135815998,0.01,2025-12-07 11:18:31
LCUBE,,MN-U,34,-1286.77509334884,0.01,2025-12-07 11:18:31
LCUBE,,MN-U,35,-876.029119336698,0.01,2025-12-07 11:18:31
LCUBE,,MN-U,36,-984.10478384391,0.01,2025-12-07 11:18:31
LCUBE,,MN-U,37,NaN,0.01,2025-12-07 11:18:31
LCUBE,,MN-U,38,-1353.57431218845,0.01,2025-12-07 11:18:31
LCUBE,,MN-U,39,-1390.18127659427,0.01,2025-12-07 11:18:32
LCUBE,,MN-U,40,NaN,0.01,2025-12-07 11:18:32
LCUBE,,MN-U,41,-1519.33506336367,0.01,2025-12-07 11:18:32
LCUBE,,MN-U,42,NaN,0.01,2025-12-07 11:18:32
LCUBE,,MN-U,43,-1409.16354014906,0.01,2025-12-07 11:18:32
LCUBE,,MN-U,44,NaN,0.01,2025-12-07 11:18:32
LCUBE,,MN-U,45,NaN,0.01,2025-12-07 11:18:32
LCUBE,,MN-U,46,-1276.69558831715,0.01,2025-12-07 11:18:32
LCUBE,,MN-U,47,-1393.48517529087,0.01,2025-12-07 11:18:32
LCUBE,,MN-U,48,-1211.18524531266,0.01,2025-12-07 11:18:32
LCUBE,,MN-U,49,-1297.70345436199,0.01,2025-12-07 11:18:32
LCUBE,,MN-U,50,NaN,0.01,2025-12-07 11:18:32
LCUBE,,MN-U,51,-1378.83983590232,0.01,2025-12-07 11:18:32
LCUBE,,MN-U,52,-1323.53716419765,0.01,2025-12-07 11:18:32
LCUBE,,MN-U,53,-1486.20592877272,0.01,2025-12-07 11:18:32
LCUBE,,MN-U,54,-887.402850995164,0.01,2025-12-07 11:18:32
LCUBE,,MN-U,55,-1823.93909501175,0.01,2025-12-07 11:18:32
LCUBE,,MN-U,56,-1420.40722427184,0.01,2025-12-07 11:18:32
LCUBE,,MN-U,57,-1428.71249393623,0.01,2025-12-07 11:18:32
LCUBE,,MN-U,58,NaN,0.01,2025-12-07 11:18:32
LCUBE,,MN-U,59,NaN,0.01,2025-12-07 11:18:32
LCUBE,,MN-U,60,-1346.25131488679,0.01,2025-12-07 11:18:32
LCUBE,,MN-U,61,-1666.65194929096,0.01,2025-12-07 11:18:32
LCUBE,,MN-U,62,NaN,0.01,2025-12-07 11:18:32
LCUBE,,MN-U,63,NaN,0.01,2025-12-07 11:18:32
LCUBE,,MN-U,64,NaN,0.01,2025-12-07 11:18:32
LCUBE,,MN-U,65,-1313.67671397501,0.01,2025-12-07 11:18:32
LCUBE,,MN-U,66,NaN,0.01,2025-12-07 11:18:32
LCUBE,,MN-U,67,NaN,0.01,2025-12-07 11:18:32
LCUBE,,MN-U,68,-1555.49572507345,0.01,2025-12-07 11:18:32
LCUBE,,MN-U,69,-1482.73879986613,0.01,2025-12-07 11:18:32
LCUBE,,MN-U,70,-1520.73342471433,0.01,2025-12-07 11:18:33
LCUBE,,MN-U,71,-1258.66571538849,0.01,2025-12-07 11:18:33
LCUBE,,MN-U,72,-1060.78035154956,0.01,2025-12-07 11:18:33
LCUBE,,MN-U,73,-1488.30621941906,0.01,2025-12-07 11:18:33
LCUBE,,MN-U,74,-1556.21372335266,0.01,2025-12-07 11:18:33
LCUBE,,MN-U,75,-1541.20789778784,0.01,2025-12-07 11:18:33
LCUBE,,MN-U,76,-1276.68646171809,0.01,2025-12-07 11:18:33
LCUBE,,MN-U,77,NaN,0.01,2025-12-07 11:18:33
LCUBE,,MN-U,78,-1463.47797883459,0.01,2025-12-07 11:18:33
LCUBE,,MN-U,79,-1613.71306524889,0.01,2025-12-07 11:18:33
LCUBE,,MN-U,80,-1541.04238636714,0.01,2025-12-07 11:18:33
LCUBE,,MN-U,81,NaN,0.01,2025-12-07 11:18:33
LCUBE,,MN-U,82,-1004.39582110219,0.01,2025-12-07 11:18:33
LCUBE,,MN-U,83,-1210.29882712696,0.01,2025-12-07 11:18:33
LCUBE,,MN-U,84,-1515.53963474452,0.01,2025-12-07 11:18:33
LCUBE,,MN-U,85,-1400.46834179101,0.01,2025-12-07 11:18:33
LCUBE,,MN-U,86,NaN,0.01,2025-12-07 11:18:33
LCUBE,,MN-U,87,-1124.62999563171,0.01,2025-12-07 11:18:33
LCUBE,,MN-U,88,NaN,0.01,2025-12-07 11:18:33
LCUBE,,MN-U,89,NaN,0.01,2025-12-07 11:18:33
LCUBE,,MN-U,90,NaN,0.01,2025-12-07 11:18:33
LCUBE,,MN-U,91,NaN,0.01,2025-12-07 11:18:33
LCUBE,,MN-U,92,NaN,0.01,2025-12-07 11:18:33
LCUBE,,MN-U,93,NaN,0.01,2025-12-07 11:18:33
LCUBE,,MN-U,94,NaN,0.01,2025-12-07 11:18:33
LCUBE,,MN-U,95,NaN,0.01,2025-12-07 11:18:33
LCUBE,,MN-U,96,NaN,0.01,2025-12-07 11:18:33
LCUBE,,MN-U,97,-703.260503856281,0.01,2025-12-07 11:18:33
LCUBE,,MN-U,98,-1484.92343488434,0.01,2025-12-07 11:18:33
LCUBE,,MN-U,99,-1624.1138690872,0.01,2025-12-07 11:18:34
LCUBE,,MN-U,100,-1282.57839844254,0.01,2025-12-07 11:18:34
ROCHE,,AN,1,-1.1327920807253,0.01,2025-12-07 11:19:05
ROCHE,,AN,2,-1.5252408907873,0.01,2025-12-07 11:19:33
ROCHE,,AN,3,-1.32435532470075,0.01,2025-12-07 11:20:04
ROCHE,,AN,4,-1.22481546867985,0.01,2025-12-07 11:20:33
ROCHE,,AN,5,-1.20083920073145,0.01,2025-12-07 11:21:03
ROCHE,,AN,6,-1.12012392799288,0.01,2025-12-07 11:21:32
ROCHE,,AN,7,-1.04721525029406,0.01,2025-12-07 11:22:01
ROCHE,,AN,8,-1.247972973594,0.01,2025-12-07 11:22:31
ROCHE,,AN,9,-0.87137055171061,0.01,2025-12-07 11:23:01
ROCHE,,AN,10,-0.350943684282829,0.01,2025-12-07 11:23:31
ROCHE,,AN,11,-0.935477656241789,0.01,2025-12-07 11:24:00
ROCHE,,AN,12,-0.984307374743584,0.01,2025-12-07 11:24:30
ROCHE,,AN,13,-1.0373223499558,0.01,2025-12-07 11:24:57
ROCHE,,AN,14,-0.852241985276122,0.01,2025-12-07 11:25:29
ROCHE,,AN,15,-0.85632124618014,0.01,2025-12-07 11:25:57
ROCHE,,AN,16,-1.27591245500918,0.01,2025-12-07 11:26:28
ROCHE,,AN,17,-1.24674892342841,0.01,2025-12-07 11:26:55
ROCHE,,AN,18,-0.859223969559654,0.01,2025-12-07 11:27:26
ROCHE,,AN,19,-0.918175658963242,0.01,2025-12-07 11:27:54
ROCHE,,AN,20,-1.36453066356236,0.01,2025-12-07 11:28:26
ROCHE,,AN,21,-0.904399905964451,0.01,2025-12-07 11:28:55
ROCHE,,AN,22,-0.946756710954803,0.01,2025-12-07 11:29:26
ROCHE,,AN,23,-0.72729793082958,0.01,2025-12-07 11:29:55
ROCHE,,AN,24,-0.680750037282271,0.01,2025-12-07 11:30:26
ROCHE,,AN,25,-0.888949668912717,0.01,2025-12-07 11:30:54
ROCHE,,AN,26,-1.34288263843676,0.01,2025-12-07 11:31:26
ROCHE,,AN,27,-0.981388663846644,0.01,2025-12-07 11:31:54
ROCHE,,AN,28,-0.82131563067793,0.01,2025-12-07 11:32:24
ROCHE,,AN,29,-0.99665415512315,0.01,2025-12-07 11:32:53
ROCHE,,AN,30,-1.14033778198458,0.01,2025-12-07 11:33:24
ROCHE,,AN,31,-0.658958401273146,0.01,2025-12-07 11:33:52
ROCHE,,AN,32,-1.27457170061856,0.01,2025-12-07 11:34:22
ROCHE,,AN,33,-1.22366958768278,0.01,2025-12-07 11:34:51
ROCHE,,AN,34,-1.22899076404189,0.01,2025-12-07 11:35:21
ROCHE,,AN,35,-0.977712600438252,0.01,2025-12-07 11:35:51
ROCHE,,AN,36,-0.779537657761978,0.01,2025-12-07 11:36:19
ROCHE,,AN,37,-0.81960490982791,0.01,2025-12-07 11:36:50
ROCHE,,AN,38,-1.06983823467006,0.01,2025-12-07 11:37:18
ROCHE,,AN,39,-1.35439024683025,0.01,2025-12-07 11:37:49
ROCHE,,AN,40,-1.25089440205179,0.01,2025-12-07 11:38:16
ROCHE,,AN,41,-1.15173273154558,0.01,2025-12-07 11:38:47
ROCHE,,AN,42,-0.947851014747077,0.01,2025-12-07 11:39:15
ROCHE,,AN,43,-0.817083258133002,0.01,2025-12-07 11:39:46
ROCHE,,AN,44,-1.15577003842629,0.01,2025-12-07 11:40:14
ROCHE,,AN,45,-0.98973506555462,0.01,2025-12-07 11:40:44
ROCHE,,AN,46,-1.29822698577858,0.01,2025-12-07 11:41:13
ROCHE,,AN,47,-0.937468888835342,0.01,2025-12-07 11:41:43
ROCHE,,AN,48,-0.909713989098863,0.01,2025-12-07 11:42:13
ROCHE,,AN,49,-0.811095854862463,0.01,2025-12-07 11:42:41
ROCHE,,AN,50,-0.556450886700553,0.01,2025-12-07 11:43:12
ROCHE,,AN,51,-1.25802005440816,0.01,2025-12-07 11:43:41
ROCHE,,AN,52,-0.975136407634904,0.01,2025-12-07 11:44:12
ROCHE,,AN,53,-1.30780591262028,0.01,2025-12-07 11:44:40
ROCHE,,AN,54,-0.88353877203841,0.01,2025-12-07 11:45:10
ROCHE,,AN,55,-1.2453493969267,0.01,2025-12-07 11:45:38
ROCHE,,AN,56,-1.12234942146161,0.01,2025-12-07 11:46:09
ROCHE,,AN,57,-1.34963906049614,0.01,2025-12-07 11:46:37
ROCHE,,AN,58,-1.37402053258189,0.01,2025-12-07 11:47:08
ROCHE,,AN,59,-0.442298869098509,0.01,2025-12-07 11:47:35
ROCHE,,AN,60,-1.37087210925264,0.01,2025-12-07 11:48:06
ROCHE,,AN,61,-0.487994944852129,0.01,2025-12-07 11:48:34
ROCHE,,AN,62,-1.35197212226153,0.01,2025-12-07 11:49:03
ROCHE,,AN,63,-1.40969879289565,0.01,2025-12-07 11:49:32
ROCHE,,AN,64,-0.934964505626634,0.01,2025-12-07 11:50:02
ROCHE,,AN,65,-1.17892960327391,0.01,2025-12-07 11:50:32
ROCHE,,AN,66,-1.00149717476833,0.01,2025-12-07 11:51:01
ROCHE,,AN,67,-0.809826354888152,0.01,2025-12-07 11:51:31
ROCHE,,AN,68,-1.19247685475707,0.01,2025-12-07 11:51:59
ROCHE,,AN,69,-0.85255988729265,0.01,2025-12-07 11:52:30
ROCHE,,AN,70,-1.13436944079483,0.01,2025-12-07 11:52:57
ROCHE,,AN,71,-1.02566402422034,0.01,2025-12-07 11:53:29
ROCHE,,AN,72,-1.17415867519447,0.01,2025-12-07 11:53:57
ROCHE,,AN,73,-1.02697047619516,0.01,2025-12-07 11:54:27
ROCHE,,AN,74,-0.9800662170325,0.01,2025-12-07 11:54:55
ROCHE,,AN,75,-1.12979272984595,0.01,2025-12-07 11:55:25
ROCHE,,AN,76,-0.820701891808146,0.01,2025-12-07 11:55:54
ROCHE,,AN,77,-0.900882119216851,0.01,2025-12-07 11:56:23
ROCHE,,AN,78,-1.24845463964036,0.01,2025-12-07 11:56:52
ROCHE,,AN,79,-1.04356231509202,0.01,2025-12-07 11:57:21
ROCHE,,AN,80,-1.14072802476884,0.01,2025-12-07 11:57:52
ROCHE,,AN,81,-0.465600389496378,0.01,2025-12-07 11:58:21
ROCHE,,AN,82,-1.23169329722499,0.01,2025-12-07 11:58:51
ROCHE,,AN,83,-1.10145481941279,0.01,2025-12-07 11:59:19
ROCHE,,AN,84,-0.314084984559641,0.01,2025-12-07 11:59:50
ROCHE,,AN,85,-1.23186205602816,0.01,2025-12-07 12:00:19
ROCHE,,AN,86,-0.598456601289573,0.01,2025-12-07 12:00:50
ROCHE,,AN,87,-1.27205176771707,0.01,2025-12-07 12:01:18
ROCHE,,AN,88,-0.915580569487777,0.01,2025-12-07 12:01:48
ROCHE,,AN,89,-0.751852232206042,0.01,2025-12-07 12:02:16
ROCHE,,AN,90,-1.19902620342191,0.01,2025-12-07 12:02:46
ROCHE,,AN,91,-1.29732027156652,0.01,2025-12-07 12:03:15
ROCHE,,AN,92,-1.39593284707189,0.01,2025-12-07 12:03:43
ROCHE,,AN,93,-0.777584697756402,0.01,2025-12-07 12:04:13
ROCHE,,AN,94,-1.21666593101461,0.01,2025-12-07 12:04:41
ROCHE,,AN,95,-1.07152255235807,0.01,2025-12-07 12:05:12
ROCHE,,AN,96,-1.02193093656258,0.01,2025-12-07 12:05:39
ROCHE,,AN,97,-0.781488333678542,0.01,2025-12-07 12:06:10
ROCHE,,AN,98,-1.11117389970472,0.01,2025-12-07 12:06:38
ROCHE,,AN,99,-1.09037307411173,0.01,2025-12-07 12:07:09
ROCHE,,AN,100,-0.609748659405401,0.01,2025-12-07 12:07:37
ROCHE,,AN-s,1,-1.01961820420571,0.01,2025-12-07 12:08:06
ROCHE,,AN-s,2,-1.10075321117257,0.01,2025-12-07 12:08:36
ROCHE,,AN-s,3,-1.04108191202585,0.01,2025-12-07 12:09:04
ROCHE,,AN-s,4,-1.10145774644379,0.01,2025-12-07 12:09:34
ROCHE,,AN-s,5,-0.876704541128766,0.01,2025-12-07 12:10:02
ROCHE,,AN-s,6,-1.30584126367425,0.01,2025-12-07 12:10:32
ROCHE,,AN-s,7,-1.0010737088561,0.01,2025-12-07 12:11:00
ROCHE,,AN-s,8,-0.799553389008529,0.01,2025-12-07 12:11:31
ROCHE,,AN-s,9,-1.05435647032211,0.01,2025-12-07 12:11:59
ROCHE,,AN-s,10,-1.23605431138493,0.01,2025-12-07 12:12:29
ROCHE,,AN-s,11,-1.2712698641933,0.01,2025-12-07 12:12:56
ROCHE,,AN-s,12,-0.775311834943258,0.01,2025-12-07 12:13:27
ROCHE,,AN-s,13,-1.08438173352922,0.01,2025-12-07 12:13:54
ROCHE,,AN-s,14,-0.987434885215534,0.01,2025-12-07 12:14:23
ROCHE,,AN-s,15,-0.768322899127846,0.01,2025-12-07 12:14:53
ROCHE,,AN-s,16,-0.751968040155214,0.01,2025-12-07 12:15:22
ROCHE,,AN-s,17,-0.851992570627381,0.01,2025-12-07 12:15:52
ROCHE,,AN-s,18,-0.480839910438352,0.01,2025-12-07 12:16:19
ROCHE,,AN-s,19,-1.12591998912269,0.01,2025-12-07 12:16:50
ROCHE,,AN-s,20,-1.20784865502246,0.01,2025-12-07 12:17:17
ROCHE,,AN-s,21,-0.789746998237554,0.01,2025-12-07 12:17:47
ROCHE,,AN-s,22,-0.574180201841616,0.01,2025-12-07 12:18:15
ROCHE,,AN-s,23,-0.697713827690281,0.01,2025-12-07 12:18:45
ROCHE,,AN-s,24,-0.894852804280941,0.01,2025-12-07 12:19:13
ROCHE,,AN-s,25,-1.26170137206005,0.01,2025-12-07 12:19:43
ROCHE,,AN-s,26,-0.926876914091404,0.01,2025-12-07 12:20:11
ROCHE,,AN-s,27,-1.14371200117866,0.01,2025-12-07 12:20:40
ROCHE,,AN-s,28,-1.43226901507556,0.01,2025-12-07 12:21:09
ROCHE,,AN-s,29,-0.821958697090701,0.01,2025-12-07 12:21:37
ROCHE,,AN-s,30,-0.900947336560124,0.01,2025-12-07 12:22:07
ROCHE,,AN-s,31,-1.0532608354975,0.01,2025-12-07 12:22:35
ROCHE,,AN-s,32,-0.771191095633118,0.01,2025-12-07 12:23:05
ROCHE,,AN-s,33,-1.07023935878641,0.01,2025-12-07 12:23:32
ROCHE,,AN-s,34,-1.20706976788885,0.01,2025-12-07 12:24:03
ROCHE,,AN-s,35,-1.05742346465603,0.01,2025-12-07 12:24:31
ROCHE,,AN-s,36,-1.27539442430332,0.01,2025-12-07 12:25:01
ROCHE,,AN-s,37,-0.878506724204631,0.01,2025-12-07 12:25:30
ROCHE,,AN-s,38,-1.05282754143943,0.01,2025-12-07 12:26:00
ROCHE,,AN-s,39,-0.987919452404656,0.01,2025-12-07 12:26:29
ROCHE,,AN-s,40,-1.10673963387397,0.01,2025-12-07 12:26:56
ROCHE,,AN-s,41,-0.540616855831145,0.01,2025-12-07 12:27:26
ROCHE,,AN-s,42,-0.663325448078926,0.01,2025-12-07 12:27:53
ROCHE,,AN-s,43,-1.33555616585627,0.01,2025-12-07 12:28:23
ROCHE,,AN-s,44,-0.982792203052233,0.01,2025-12-07 12:28:51
ROCHE,,AN-s,45,-0.811232807813934,0.01,2025-12-07 12:29:21
ROCHE,,AN-s,46,-1.3300944948639,0.01,2025-12-07 12:29:48
ROCHE,,AN-s,47,-0.893281145172147,0.01,2025-12-07 12:30:18
ROCHE,,AN-s,48,-0.992064684847854,0.01,2025-12-07 12:30:47
ROCHE,,AN-s,49,-1.53431047531768,0.01,2025-12-07 12:31:15
ROCHE,,AN-s,50,-0.878885863662249,0.01,2025-12-07 12:31:45
ROCHE,,AN-s,51,-1.06428093826199,0.01,2025-12-07 12:32:13
ROCHE,,AN-s,52,-1.09187073973008,0.01,2025-12-07 12:32:44
ROCHE,,AN-s,53,-1.48832836823702,0.01,2025-12-07 12:33:12
ROCHE,,AN-s,54,-1.02322108904203,0.01,2025-12-07 12:33:42
ROCHE,,AN-s,55,-0.609391272825641,0.01,2025-12-07 12:34:10
ROCHE,,AN-s,56,-0.860557652520305,0.01,2025-12-07 12:34:40
ROCHE,,AN-s,57,-1.08101819573464,0.01,2025-12-07 12:35:09
ROCHE,,AN-s,58,-1.2396437141559,0.01,2025-12-07 12:35:37
ROCHE,,AN-s,59,-1.00469598827572,0.01,2025-12-07 12:36:07
ROCHE,,AN-s,60,-1.24729511896559,0.01,2025-12-07 12:36:35
ROCHE,,AN-s,61,-1.03511025021493,0.01,2025-12-07 12:37:06
ROCHE,,AN-s,62,-1.22179381552531,0.01,2025-12-07 12:37:34
ROCHE,,AN-s,63,-1.23646162938857,0.01,2025-12-07 12:38:03
ROCHE,,AN-s,64,-0.911084236458956,0.01,2025-12-07 12:38:32
ROCHE,,AN-s,65,-1.22675645743562,0.01,2025-12-07 12:39:00
ROCHE,,AN-s,66,-1.00421159509501,0.01,2025-12-07 12:39:30
ROCHE,,AN-s,67,-1.22759861773415,0.01,2025-12-07 12:39:58
ROCHE,,AN-s,68,-0.855435742701025,0.01,2025-12-07 12:40:28
ROCHE,,AN-s,69,-0.576332467429105,0.01,2025-12-07 12:40:55
ROCHE,,AN-s,70,-0.591752994592899,0.01,2025-12-07 12:41:24
ROCHE,,AN-s,71,-1.34044709143296,0.01,2025-12-07 12:41:54
ROCHE,,AN-s,72,-1.37425285733784,0.01,2025-12-07 12:42:22
ROCHE,,AN-s,73,-0.560714924935807,0.01,2025-12-07 12:42:52
ROCHE,,AN-s,74,-0.928213091416713,0.01,2025-12-07 12:43:20
ROCHE,,AN-s,75,-0.730144984637301,0.01,2025-12-07 12:43:51
ROCHE,,AN-s,76,-0.672886897822414,0.01,2025-12-07 12:44:19
ROCHE,,AN-s,77,-1.21408032632368,0.01,2025-12-07 12:44:48
ROCHE,,AN-s,78,-0.912698645184396,0.01,2025-12-07 12:45:17
ROCHE,,AN-s,79,-1.14639409710646,0.01,2025-12-07 12:45:45
ROCHE,,AN-s,80,-1.04275249286609,0.01,2025-12-07 12:46:16
ROCHE,,AN-s,81,-0.810751229017151,0.01,2025-12-07 12:46:44
ROCHE,,AN-s,82,-0.637788545648826,0.01,2025-12-07 12:47:15
ROCHE,,AN-s,83,-1.25037768522255,0.01,2025-12-07 12:47:43
ROCHE,,AN-s,84,-0.973465398112542,0.01,2025-12-07 12:48:12
ROCHE,,AN-s,85,-0.553231345709159,0.01,2025-12-07 12:48:42
ROCHE,,AN-s,86,-0.888660170019994,0.01,2025-12-07 12:49:11
ROCHE,,AN-s,87,-1.0522595166301,0.01,2025-12-07 12:49:41
ROCHE,,AN-s,88,-1.05448281465539,0.01,2025-12-07 12:50:09
ROCHE,,AN-s,89,-1.17283912014174,0.01,2025-12-07 12:50:38
ROCHE,,AN-s,90,-1.2941680265698,0.01,2025-12-07 12:51:07
ROCHE,,AN-s,91,-1.27773284722368,0.01,2025-12-07 12:51:36
ROCHE,,AN-s,92,-0.83466681614031,0.01,2025-12-07 12:52:06
ROCHE,,AN-s,93,-1.04711076027157,0.01,2025-12-07 12:52:33
ROCHE,,AN-s,94,-0.961457168475316,0.01,2025-12-07 12:53:03
ROCHE,,AN-s,95,-0.917327765340948,0.01,2025-12-07 12:53:32
ROCHE,,AN-s,96,-0.679651988685731,0.01,2025-12-07 12:54:01
ROCHE,,AN-s,97,-1.33907820655978,0.01,2025-12-07 12:54:30
ROCHE,,AN-s,98,-0.964145336457734,0.01,2025-12-07 12:54:58
ROCHE,,AN-s,99,-0.757389101642128,0.01,2025-12-07 12:55:28
ROCHE,,AN-s,100,-1.17248432656895,0.01,2025-12-07 12:55:56
ROCHE,,LS,1,-0.807785008678753,0.01,2025-12-07 12:56:26
ROCHE,,LS,2,-0.780671719327803,0.01,2025-12-07 12:56:54
ROCHE,,LS,3,-2.34895099414407,0.01,2025-12-07 12:57:23
ROCHE,,LS,4,-0.506997795851568,0.01,2025-12-07 12:57:52
ROCHE,,LS,5,-1.20766151789559,0.01,2025-12-07 12:58:20
ROCHE,,LS,6,-0.506072587443309,0.01,2025-12-07 12:58:53
ROCHE,,LS,7,-0.640098744124675,0.01,2025-12-07 12:59:21
ROCHE,,LS,8,-1.89457637831302,0.01,2025-12-07 12:59:51
ROCHE,,LS,9,-0.72405999296337,0.01,2025-12-07 13:00:19
ROCHE,,LS,10,-1.57372294804427,0.01,2025-12-07 13:00:47
ROCHE,,LS,11,-1.67481151112069,0.01,2025-12-07 13:01:17
ROCHE,,LS,12,-0.952737659544788,0.01,2025-12-07 13:01:45
ROCHE,,LS,13,-0.18715329663414,0.01,2025-12-07 13:02:16
ROCHE,,LS,14,-2.05922894159993,0.01,2025-12-07 13:02:43
ROCHE,,LS,15,-0.401482384572111,0.01,2025-12-07 13:03:12
ROCHE,,LS,16,-0.443176821214919,0.01,2025-12-07 13:03:42
ROCHE,,LS,17,-1.21554339076021,0.01,2025-12-07 13:04:10
ROCHE,,LS,18,-0.665805058673432,0.01,2025-12-07 13:04:40
ROCHE,,LS,19,-0.782451879664246,0.01,2025-12-07 13:05:08
ROCHE,,LS,20,-1.36247947961208,0.01,2025-12-07 13:05:38
ROCHE,,LS,21,-1.66856511181931,0.01,2025-12-07 13:06:06
ROCHE,,LS,22,-0.897269607819456,0.01,2025-12-07 13:06:36
ROCHE,,LS,23,-1.65221074342263,0.01,2025-12-07 13:07:05
ROCHE,,LS,24,-1.6048540434366,0.01,2025-12-07 13:07:32
ROCHE,,LS,25,-0.116895744822871,0.01,2025-12-07 13:08:03
ROCHE,,LS,26,-2.01133673500376,0.01,2025-12-07 13:08:30
ROCHE,,LS,27,-0.584633608057189,0.01,2025-12-07 13:09:00
ROCHE,,LS,28,-0.895551263507182,0.01,2025-12-07 13:09:28
ROCHE,,LS,29,-0.919491899307614,0.01,2025-12-07 13:09:57
ROCHE,,LS,30,-1.23907984958934,0.01,2025-12-07 13:10:27
ROCHE,,LS,31,-0.726480580703158,0.01,2025-12-07 13:10:54
ROCHE,,LS,32,-1.62771976794686,0.01,2025-12-07 13:11:25
ROCHE,,LS,33,-0.480241446153413,0.01,2025-12-07 13:11:54
ROCHE,,LS,34,-0.765997919446307,0.01,2025-12-07 13:12:24
ROCHE,,LS,35,-1.39634989618893,0.01,2025-12-07 13:12:53
ROCHE,,LS,36,-0.533216051944883,0.01,2025-12-07 13:13:21
ROCHE,,LS,37,-0.597412325102215,0.01,2025-12-07 13:13:52
ROCHE,,LS,38,-1.0881637843337,0.01,2025-12-07 13:14:20
ROCHE,,LS,39,-1.83489641335898,0.01,2025-12-07 13:14:49
ROCHE,,LS,40,-1.49529355383628,0.01,2025-12-07 13:15:17
ROCHE,,LS,41,-0.699524323809627,0.01,2025-12-07 13:15:46
ROCHE,,LS,42,-1.04553632572043,0.01,2025-12-07 13:16:16
ROCHE,,LS,43,-1.7226120515874,0.01,2025-12-07 13:16:44
ROCHE,,LS,44,-1.43348122213666,0.01,2025-12-07 13:17:15
ROCHE,,LS,45,-0.298835614410367,0.01,2025-12-07 13:17:43
ROCHE,,LS,46,-1.70777809454582,0.01,2025-12-07 13:18:12
ROCHE,,LS,47,-0.9008438969592,0.01,2025-12-07 13:18:43
ROCHE,,LS,48,-0.599239420406758,0.01,2025-12-07 13:19:11
ROCHE,,LS,49,-0.930116001885287,0.01,2025-12-07 13:19:43
ROCHE,,LS,50,-1.30396847344158,0.01,2025-12-07 13:20:10
ROCHE,,LS,51,-0.897759326939326,0.01,2025-12-07 13:20:40
ROCHE,,LS,52,-0.284186296185088,0.01,2025-12-07 13:21:10
ROCHE,,LS,53,-0.191983780157936,0.01,2025-12-07 13:21:38
ROCHE,,LS,54,-0.789447581855323,0.01,2025-12-07 13:22:08
ROCHE,,LS,55,-0.732940671688529,0.01,2025-12-07 13:22:36
ROCHE,,LS,56,-1.01742069109296,0.01,2025-12-07 13:23:06
ROCHE,,LS,57,-1.08890227539406,0.01,2025-12-07 13:23:35
ROCHE,,LS,58,-1.97365321345705,0.01,2025-12-07 13:24:04
ROCHE,,LS,59,-1.30116936674325,0.01,2025-12-07 13:24:34
ROCHE,,LS,60,-0.569568794209837,0.01,2025-12-07 13:25:02
ROCHE,,LS,61,-1.45388797231968,0.01,2025-12-07 13:25:32
ROCHE,,LS,62,-1.7965045369466,0.01,2025-12-07 13:26:00
ROCHE,,LS,63,-2.45365864482614,0.01,2025-12-07 13:26:29
ROCHE,,LS,64,-2.44127616954822,0.01,2025-12-07 13:26:58
ROCHE,,LS,65,-1.70518167829178,0.01,2025-12-07 13:27:26
ROCHE,,LS,66,-1.5528609010808,0.01,2025-12-07 13:27:57
ROCHE,,LS,67,-0.906357322602665,0.01,2025-12-07 13:28:25
ROCHE,,LS,68,-1.60342483540663,0.01,2025-12-07 13:28:55
ROCHE,,LS,69,-1.47871599868228,0.01,2025-12-07 13:29:24
ROCHE,,LS,70,-1.83572773904129,0.01,2025-12-07 13:29:52
ROCHE,,LS,71,-1.14531877509068,0.01,2025-12-07 13:30:22
ROCHE,,LS,72,-2.10851545262811,0.01,2025-12-07 13:30:50
ROCHE,,LS,73,-1.17721916030535,0.01,2025-12-07 13:31:20
ROCHE,,LS,74,-1.35372774387764,0.01,2025-12-07 13:31:49
ROCHE,,LS,75,-2.04239552046811,0.01,2025-12-07 13:32:17
ROCHE,,LS,76,-0.682102410093717,0.01,2025-12-07 13:32:48
ROCHE,,LS,77,-1.21871473122713,0.01,2025-12-07 13:33:16
ROCHE,,LS,78,-0.930150784840827,0.01,2025-12-07 13:33:47
ROCHE,,LS,79,-0.594100029418975,0.01,2025-12-07 13:34:16
ROCHE,,LS,80,-1.66487762106992,0.01,2025-12-07 13:34:45
ROCHE,,LS,81,-1.48390310550958,0.01,2025-12-07 13:35:15
ROCHE,,LS,82,-1.3397402751015,0.01,2025-12-07 13:35:44
ROCHE,,LS,83,-0.793142548847293,0.01,2025-12-07 13:36:16
ROCHE,,LS,84,-1.71317992516977,0.01,2025-12-07 13:36:44
ROCHE,,LS,85,-1.4485016179187,0.01,2025-12-07 13:37:13
ROCHE,,LS,86,-0.808124760309436,0.01,2025-12-07 13:37:43
ROCHE,,LS,87,-2.50374649957469,0.01,2025-12-07 13:38:11
ROCHE,,LS,88,-1.61463010390098,0.01,2025-12-07 13:38:42
ROCHE,,LS,89,-0.731765113847656,0.01,2025-12-07 13:39:10
ROCHE,,LS,90,-1.35575661967615,0.01,2025-12-07 13:39:38
ROCHE,,LS,91,-0.981228553336368,0.01,2025-12-07 13:40:09
ROCHE,,LS,92,-2.15790567593928,0.01,2025-12-07 13:40:37
ROCHE,,LS,93,-0.579104464976915,0.01,2025-12-07 13:41:09
ROCHE,,LS,94,-2.39704609220318,0.01,2025-12-07 13:41:38
ROCHE,,LS,95,-1.67630702396539,0.01,2025-12-07 13:42:06
ROCHE,,LS,96,-2.53586205794478,0.01,2025-12-07 13:42:38
ROCHE,,LS,97,-0.795772991344263,0.01,2025-12-07 13:43:06
ROCHE,,LS,98,-0.920713335429734,0.01,2025-12-07 13:43:35
ROCHE,,LS,99,-0.831033399744602,0.01,2025-12-07 13:44:06
ROCHE,,LS,100,-0.879317414144086,0.01,2025-12-07 13:44:33
ROCHE,,LS-s,1,-1.02365306595018,0.01,2025-12-07 13:45:05
ROCHE,,LS-s,2,-0.787799733644495,0.01,2025-12-07 13:45:34
ROCHE,,LS-s,3,-0.8928773606534,0.01,2025-12-07 13:46:03
ROCHE,,LS-s,4,-1.7842608910165,0.01,2025-12-07 13:46:34
ROCHE,,LS-s,5,-0.773669248195316,0.01,2025-12-07 13:47:02
ROCHE,,LS-s,6,-1.23006135607625,0.01,2025-12-07 13:47:33
ROCHE,,LS-s,7,-0.376489429808272,0.01,2025-12-07 13:48:01
ROCHE,,LS-s,8,-0.888179506298249,0.01,2025-12-07 13:48:29
ROCHE,,LS-s,9,-2.1401955546172,0.01,2025-12-07 13:49:01
ROCHE,,LS-s,10,-1.06573903140591,0.01,2025-12-07 13:49:29
ROCHE,,LS-s,11,-1.55895940397927,0.01,2025-12-07 13:49:58
ROCHE,,LS-s,12,-0.57459129897992,0.01,2025-12-07 13:50:28
ROCHE,,LS-s,13,-1.23989225761281,0.01,2025-12-07 13:50:56
ROCHE,,LS-s,14,-1.43257493611898,0.01,2025-12-07 13:51:27
ROCHE,,LS-s,15,-1.30184241363265,0.01,2025-12-07 13:51:56
ROCHE,,LS-s,16,-0.758464396364234,0.01,2025-12-07 13:52:25
ROCHE,,LS-s,17,-1.06102852681534,0.01,2025-12-07 13:52:55
ROCHE,,LS-s,18,-0.397457502913844,0.01,2025-12-07 13:53:23
ROCHE,,LS-s,19,-1.33571594751987,0.01,2025-12-07 13:53:54
ROCHE,,LS-s,20,-1.1562973875512,0.01,2025-12-07 13:54:23
ROCHE,,LS-s,21,-0.603914638121057,0.01,2025-12-07 13:54:51
ROCHE,,LS-s,22,-0.983631311337234,0.01,2025-12-07 13:55:21
ROCHE,,LS-s,23,-1.15506036604035,0.01,2025-12-07 13:55:50
ROCHE,,LS-s,24,-1.10833551513209,0.01,2025-12-07 13:56:18
ROCHE,,LS-s,25,-1.21141038258286,0.01,2025-12-07 13:56:47
ROCHE,,LS-s,26,-0.301741329541456,0.01,2025-12-07 13:57:15
ROCHE,,LS-s,27,-0.820661980504978,0.01,2025-12-07 13:57:46
ROCHE,,LS-s,28,-1.03426192287,0.01,2025-12-07 13:58:13
ROCHE,,LS-s,29,-1.03390475705309,0.01,2025-12-07 13:58:42
ROCHE,,LS-s,30,-1.53386018706018,0.01,2025-12-07 13:59:12
ROCHE,,LS-s,31,-0.920865185523041,0.01,2025-12-07 13:59:40
ROCHE,,LS-s,32,-1.35990032135696,0.01,2025-12-07 14:00:11
ROCHE,,LS-s,33,-0.933254458528475,0.01,2025-12-07 14:00:39
ROCHE,,LS-s,34,-0.827141488713182,0.01,2025-12-07 14:01:08
ROCHE,,LS-s,35,-0.995693669404656,0.01,2025-12-07 14:01:38
ROCHE,,LS-s,36,-1.93901585152777,0.01,2025-12-07 14:02:06
ROCHE,,LS-s,37,-0.858231931002652,0.01,2025-12-07 14:02:36
ROCHE,,LS-s,38,-1.06948534631782,0.01,2025-12-07 14:03:04
ROCHE,,LS-s,39,-0.739158113064897,0.01,2025-12-07 14:03:32
ROCHE,,LS-s,40,-0.570640663000007,0.01,2025-12-07 14:04:03
ROCHE,,LS-s,41,-0.726756860473479,0.01,2025-12-07 14:04:30
ROCHE,,LS-s,42,-0.75820291167373,0.01,2025-12-07 14:05:00
ROCHE,,LS-s,43,-1.48060379677833,0.01,2025-12-07 14:05:29
ROCHE,,LS-s,44,-1.13704596969389,0.01,2025-12-07 14:05:57
ROCHE,,LS-s,45,-1.13329036617402,0.01,2025-12-07 14:06:27
ROCHE,,LS-s,46,-1.02290845722781,0.01,2025-12-07 14:06:55
ROCHE,,LS-s,47,-0.896599223841466,0.01,2025-12-07 14:07:24
ROCHE,,LS-s,48,-1.05357961996664,0.01,2025-12-07 14:07:53
ROCHE,,LS-s,49,-1.8962195755136,0.01,2025-12-07 14:08:21
ROCHE,,LS-s,50,-1.14136141370508,0.01,2025-12-07 14:08:51
ROCHE,,LS-s,51,-1.79157389891427,0.01,2025-12-07 14:09:19
ROCHE,,LS-s,52,-1.17243374004808,0.01,2025-12-07 14:09:47
ROCHE,,LS-s,53,-0.971894512783538,0.01,2025-12-07 14:10:16
ROCHE,,LS-s,54,-1.30597325209073,0.01,2025-12-07 14:10:44
ROCHE,,LS-s,55,-0.91315742569342,0.01,2025-12-07 14:11:14
ROCHE,,LS-s,56,-0.796962980262268,0.01,2025-12-07 14:11:42
ROCHE,,LS-s,57,-1.29485723527242,0.01,2025-12-07 14:12:09
ROCHE,,LS-s,58,-0.854151558880015,0.01,2025-12-07 14:12:39
ROCHE,,LS-s,59,-0.886508256780416,0.01,2025-12-07 14:13:07
ROCHE,,LS-s,60,-1.11533518820052,0.01,2025-12-07 14:13:36
ROCHE,,LS-s,61,-1.04114812254693,0.01,2025-12-07 14:14:06
ROCHE,,LS-s,62,-1.30906745417838,0.01,2025-12-07 14:14:34
ROCHE,,LS-s,63,-1.83081577564761,0.01,2025-12-07 14:15:05
ROCHE,,LS-s,64,-1.09596962957847,0.01,2025-12-07 14:15:33
ROCHE,,LS-s,65,-0.789361435646557,0.01,2025-12-07 14:16:01
ROCHE,,LS-s,66,-1.06078503844074,0.01,2025-12-07 14:16:31
ROCHE,,LS-s,67,-1.52047308370672,0.01,2025-12-07 14:16:59
ROCHE,,LS-s,68,-0.649708373805713,0.01,2025-12-07 14:17:28
ROCHE,,LS-s,69,-1.02314411945255,0.01,2025-12-07 14:17:57
ROCHE,,LS-s,70,-0.570737185169461,0.01,2025-12-07 14:18:25
ROCHE,,LS-s,71,-0.74596333705315,0.01,2025-12-07 14:18:55
ROCHE,,LS-s,72,-1.21614416929457,0.01,2025-12-07 14:19:23
ROCHE,,LS-s,73,-1.18743273035248,0.01,2025-12-07 14:19:51
ROCHE,,LS-s,74,-1.33972705839592,0.01,2025-12-07 14:20:21
ROCHE,,LS-s,75,-0.793400297933361,0.01,2025-12-07 14:20:49
ROCHE,,LS-s,76,-0.636577910497865,0.01,2025-12-07 14:21:18
ROCHE,,LS-s,77,0.084637197110658,0.01,2025-12-07 14:21:47
ROCHE,,LS-s,78,-1.08475240768222,0.01,2025-12-07 14:22:15
ROCHE,,LS-s,79,-1.41740631207193,0.01,2025-12-07 14:22:45
ROCHE,,LS-s,80,-1.25624713912763,0.01,2025-12-07 14:23:13
ROCHE,,LS-s,81,-1.42656087175116,0.01,2025-12-07 14:23:41
ROCHE,,LS-s,82,-0.963572103681093,0.01,2025-12-07 14:24:10
ROCHE,,LS-s,83,-1.1548345573639,0.01,2025-12-07 14:24:38
ROCHE,,LS-s,84,-1.54205746847327,0.01,2025-12-07 14:25:07
ROCHE,,LS-s,85,-0.78130864782124,0.01,2025-12-07 14:25:37
ROCHE,,LS-s,86,-0.549270833892198,0.01,2025-12-07 14:26:05
ROCHE,,LS-s,87,-0.76394835577351,0.01,2025-12-07 14:26:35
ROCHE,,LS-s,88,-2.10482933622875,0.01,2025-12-07 14:27:03
ROCHE,,LS-s,89,-0.898532198358338,0.01,2025-12-07 14:27:31
ROCHE,,LS-s,90,-0.959784459743776,0.01,2025-12-07 14:28:01
ROCHE,,LS-s,91,-1.50652334798738,0.01,2025-12-07 14:28:29
ROCHE,,LS-s,92,-0.727948961835682,0.01,2025-12-07 14:28:58
ROCHE,,LS-s,93,-2.03948533017793,0.01,2025-12-07 14:29:27
ROCHE,,LS-s,94,-1.70037009244392,0.01,2025-12-07 14:29:55
ROCHE,,LS-s,95,-1.10874891793354,0.01,2025-12-07 14:30:25
ROCHE,,LS-s,96,-1.12866599375405,0.01,2025-12-07 14:30:52
ROCHE,,LS-s,97,-1.12253291648556,0.01,2025-12-07 14:31:22
ROCHE,,LS-s,98,-1.32637411361242,0.01,2025-12-07 14:31:52
ROCHE,,LS-s,99,-1.39259466679943,0.01,2025-12-07 14:32:20
ROCHE,,LS-s,100,-0.972241026164881,0.01,2025-12-07 14:32:49
ROCHE,,MN-U,1,-1.42728500169838,0.01,2025-12-07 14:33:18
ROCHE,,MN-U,2,-1.54482139608187,0.01,2025-12-07 14:33:46
ROCHE,,MN-U,3,-1.70576705961463,0.01,2025-12-07 14:34:17
ROCHE,,MN-U,4,-1.6205972859489,0.01,2025-12-07 14:34:44
ROCHE,,MN-U,5,-1.66257279029374,0.01,2025-12-07 14:35:13
ROCHE,,MN-U,6,-1.76000143082577,0.01,2025-12-07 14:35:43
ROCHE,,MN-U,7,-1.45506132417672,0.01,2025-12-07 14:36:11
ROCHE,,MN-U,8,-1.98130806775279,0.01,2025-12-07 14:36:41
ROCHE,,MN-U,9,-1.63553487650045,0.01,2025-12-07 14:37:10
ROCHE,,MN-U,10,-1.42769627286482,0.01,2025-12-07 14:37:39
ROCHE,,MN-U,11,-1.52159728238473,0.01,2025-12-07 14:38:09
ROCHE,,MN-U,12,-1.1635878611473,0.01,2025-12-07 14:38:37
ROCHE,,MN-U,13,-1.41085968138566,0.01,2025-12-07 14:39:05
ROCHE,,MN-U,14,-1.24305218448587,0.01,2025-12-07 14:39:36
ROCHE,,MN-U,15,-1.78511346100414,0.01,2025-12-07 14:40:04
ROCHE,,MN-U,16,-1.50096545387805,0.01,2025-12-07 14:40:33
ROCHE,,MN-U,17,-1.90993954861448,0.01,2025-12-07 14:41:04
ROCHE,,MN-U,18,-1.33587878615288,0.01,2025-12-07 14:41:32
ROCHE,,MN-U,19,-1.48199772315446,0.01,2025-12-07 14:42:01
ROCHE,,MN-U,20,-1.63323985666749,0.01,2025-12-07 14:42:31
ROCHE,,MN-U,21,-1.30171939039103,0.01,2025-12-07 14:42:58
ROCHE,,MN-U,22,-1.49627477166634,0.01,2025-12-07 14:43:28
ROCHE,,MN-U,23,-1.43881599657431,0.01,2025-12-07 14:43:57
ROCHE,,MN-U,24,-1.3318606348801,0.01,2025-12-07 14:44:24
ROCHE,,MN-U,25,-1.88594068995611,0.01,2025-12-07 14:44:55
ROCHE,,MN-U,26,-1.31080121545776,0.01,2025-12-07 14:45:22
ROCHE,,MN-U,27,-1.58259865069176,0.01,2025-12-07 14:45:51
ROCHE,,MN-U,28,-1.42861249539617,0.01,2025-12-07 14:46:22
ROCHE,,MN-U,29,-1.56333088409663,0.01,2025-12-07 14:46:49
ROCHE,,MN-U,30,-1.08317265687343,0.01,2025-12-07 14:47:18
ROCHE,,MN-U,31,-1.32676874920189,0.01,2025-12-07 14:47:49
ROCHE,,MN-U,32,-1.43226173862669,0.01,2025-12-07 14:48:17
ROCHE,,MN-U,33,-1.73430558754011,0.01,2025-12-07 14:48:46
ROCHE,,MN-U,34,-1.35756992922412,0.01,2025-12-07 14:49:16
ROCHE,,MN-U,35,-1.07933728033796,0.01,2025-12-07 14:49:44
ROCHE,,MN-U,36,-0.99482082238705,0.01,2025-12-07 14:50:14
ROCHE,,MN-U,37,-1.69792047986692,0.01,2025-12-07 14:50:43
ROCHE,,MN-U,38,-1.36188688518763,0.01,2025-12-07 14:51:10
ROCHE,,MN-U,39,-1.48179732664818,0.01,2025-12-07 14:51:41
ROCHE,,MN-U,40,-1.0419620685786,0.01,2025-12-07 14:52:10
ROCHE,,MN-U,41,-1.71044257902564,0.01,2025-12-07 14:52:38
ROCHE,,MN-U,42,-1.39996191590078,0.01,2025-12-07 14:53:09
ROCHE,,MN-U,43,-1.43661918451557,0.01,2025-12-07 14:53:37
ROCHE,,MN-U,44,-1.54182469488668,0.01,2025-12-07 14:54:05
ROCHE,,MN-U,45,-1.60571996167667,0.01,2025-12-07 14:54:36
ROCHE,,MN-U,46,-1.37686712241261,0.01,2025-12-07 14:55:04
ROCHE,,MN-U,47,-1.54457806123628,0.01,2025-12-07 14:55:33
ROCHE,,MN-U,48,-1.18585041480376,0.01,2025-12-07 14:56:03
ROCHE,,MN-U,49,-1.37189639720909,0.01,2025-12-07 14:56:31
ROCHE,,MN-U,50,-1.61341515824703,0.01,2025-12-07 14:57:01
ROCHE,,MN-U,51,-1.26756347881621,0.01,2025-12-07 14:57:30
ROCHE,,MN-U,52,-1.4900214866027,0.01,2025-12-07 14:57:58
ROCHE,,MN-U,53,-1.54736154798368,0.01,2025-12-07 14:58:29
ROCHE,,MN-U,54,-0.861263371275289,0.01,2025-12-07 14:58:57
ROCHE,,MN-U,55,-1.97440867883886,0.01,2025-12-07 14:59:25
ROCHE,,MN-U,56,-1.63098072052888,0.01,2025-12-07 14:59:56
ROCHE,,MN-U,57,-1.50370276705905,0.01,2025-12-07 15:00:24
ROCHE,,MN-U,58,-1.69849451186081,0.01,2025-12-07 15:00:52
ROCHE,,MN-U,59,-1.61566090529629,0.01,2025-12-07 15:01:22
ROCHE,,MN-U,60,-1.51374878619136,0.01,2025-12-07 15:01:50
ROCHE,,MN-U,61,-1.77967732064534,0.01,2025-12-07 15:02:19
ROCHE,,MN-U,62,-0.962875104594728,0.01,2025-12-07 15:02:50
ROCHE,,MN-U,63,-1.46152460701815,0.01,2025-12-07 15:03:17
ROCHE,,MN-U,64,-1.71170369145772,0.01,2025-12-07 15:03:47
ROCHE,,MN-U,65,-1.30475733154657,0.01,2025-12-07 15:04:16
ROCHE,,MN-U,66,-1.30682369361834,0.01,2025-12-07 15:04:44
ROCHE,,MN-U,67,-1.06455123070202,0.01,2025-12-07 15:05:14
ROCHE,,MN-U,68,-1.62320260202794,0.01,2025-12-07 15:05:43
ROCHE,,MN-U,69,-1.59320502892547,0.01,2025-12-07 15:06:11
ROCHE,,MN-U,70,-1.5929985476223,0.01,2025-12-07 15:06:42
ROCHE,,MN-U,71,-1.44879757518038,0.01,2025-12-07 15:07:10
ROCHE,,MN-U,72,-1.11285930615726,0.01,2025-12-07 15:07:38
ROCHE,,MN-U,73,-1.66843719395607,0.01,2025-12-07 15:08:08
ROCHE,,MN-U,74,-1.69390965146555,0.01,2025-12-07 15:08:36
ROCHE,,MN-U,75,-1.65315647613046,0.01,2025-12-07 15:09:04
ROCHE,,MN-U,76,-1.33267451929789,0.01,2025-12-07 15:09:34
ROCHE,,MN-U,77,-1.22408130623499,0.01,2025-12-07 15:10:01
ROCHE,,MN-U,78,-1.54321542300008,0.01,2025-12-07 15:10:31
ROCHE,,MN-U,79,-1.72022412993239,0.01,2025-12-07 15:11:01
ROCHE,,MN-U,80,-1.54462962533507,0.01,2025-12-07 15:11:28
ROCHE,,MN-U,81,-1.40869157162173,0.01,2025-12-07 15:11:59
ROCHE,,MN-U,82,-1.07070957964126,0.01,2025-12-07 15:12:28
ROCHE,,MN-U,83,-1.40450476140861,0.01,2025-12-07 15:12:55
ROCHE,,MN-U,84,-1.46013790946425,0.01,2025-12-07 15:13:27
ROCHE,,MN-U,85,-1.48847798279895,0.01,2025-12-07 15:13:54
ROCHE,,MN-U,86,-1.63388853801743,0.01,2025-12-07 15:14:23
ROCHE,,MN-U,87,-1.22029175064993,0.01,2025-12-07 15:14:52
ROCHE,,MN-U,88,-1.66944655394808,0.01,2025-12-07 15:15:20
ROCHE,,MN-U,89,-1.46835741819731,0.01,2025-12-07 15:15:50
ROCHE,,MN-U,90,-1.72719123000965,0.01,2025-12-07 15:16:20
ROCHE,,MN-U,91,-1.71014670311563,0.01,2025-12-07 15:16:48
ROCHE,,MN-U,92,-1.74243350144115,0.01,2025-12-07 15:17:17
ROCHE,,MN-U,93,-1.85836423742893,0.01,2025-12-07 15:17:48
ROCHE,,MN-U,94,-1.89033936922758,0.01,2025-12-07 15:18:15
ROCHE,,MN-U,95,-1.53908216433243,0.01,2025-12-07 15:18:45
ROCHE,,MN-U,96,-1.56599772860414,0.01,2025-12-07 15:19:14
ROCHE,,MN-U,97,-0.740447219561636,0.01,2025-12-07 15:19:42
ROCHE,,MN-U,98,-1.58399894922234,0.01,2025-12-07 15:20:11
ROCHE,,MN-U,99,-1.75320201475369,0.01,2025-12-07 15:20:40
ROCHE,,MN-U,100,-1.31762832357977,0.01,2025-12-07 15:21:09
IGCI,,AN,1,0.060626748493644,0.01,2025-12-13 20:53:59
IGCI,,AN,2,-6.30707972950617e-05,0.01,2025-12-13 20:53:59
IGCI,,AN,3,0.0384669136311854,0.01,2025-12-13 20:54:00
IGCI,,AN,4,0.101181152948463,0.01,2025-12-13 20:54:00
IGCI,,AN,5,-0.0108729682528609,0.01,2025-12-13 20:54:00
IGCI,,AN,6,0.161862260553756,0.01,2025-12-13 20:54:00
IGCI,,AN,7,0.191945035739028,0.01,2025-12-13 20:54:00
IGCI,,AN,8,0.104806365082376,0.01,2025-12-13 20:54:00
IGCI,,AN,9,-0.0002050299322542,0.01,2025-12-13 20:54:00
IGCI,,AN,10,0.112776823730176,0.01,2025-12-13 20:54:00
IGCI,,AN,11,0.057401669983216,0.01,2025-12-13 20:54:00
IGCI,,AN,12,0.112220583086555,0.01,2025-12-13 20:54:00
IGCI,,AN,13,0.0950900788969404,0.01,2025-12-13 20:54:00
IGCI,,AN,14,0.2492589668869,0.01,2025-12-13 20:54:00
IGCI,,AN,15,0.0704538502922798,0.01,2025-12-13 20:54:00
IGCI,,AN,16,-0.0310346289509437,0.01,2025-12-13 20:54:00
IGCI,,AN,17,0.116882639595966,0.01,2025-12-13 20:54:00
IGCI,,AN,18,0.0387203087863303,0.01,2025-12-13 20:54:00
IGCI,,AN,19,0.151047909616452,0.01,2025-12-13 20:54:00
IGCI,,AN,20,-0.0031331218302455,0.01,2025-12-13 20:54:00
IGCI,,AN,21,0.218923368008449,0.01,2025-12-13 20:54:00
IGCI,,AN,22,0.165454234179049,0.01,2025-12-13 20:54:00
IGCI,,AN,23,0.309100965707972,0.01,2025-12-13 20:54:00
IGCI,,AN,24,0.127309308888004,0.01,2025-12-13 20:54:00
IGCI,,AN,25,0.213958892630965,0.01,2025-12-13 20:54:00
IGCI,,AN,26,0.123578156927986,0.01,2025-12-13 20:54:00
IGCI,,AN,27,0.0835180875017593,0.01,2025-12-13 20:54:00
IGCI,,AN,28,0.0635991764524446,0.01,2025-12-13 20:54:00
IGCI,,AN,29,0.403737822862072,0.01,2025-12-13 20:54:00
IGCI,,AN,30,0.0162875930659591,0.01,2025-12-13 20:54:00
IGCI,,AN,31,0.210434438460556,0.01,2025-12-13 20:54:00
IGCI,,AN,32,0.192299459685358,0.01,2025-12-13 20:54:00
IGCI,,AN,33,0.0342685982333748,0.01,2025-12-13 20:54:00
IGCI,,AN,34,0.0580318772207437,0.01,2025-12-13 20:54:00
IGCI,,AN,35,0.103632926817499,0.01,2025-12-13 20:54:00
IGCI,,AN,36,0.207345159352781,0.01,2025-12-13 20:54:00
IGCI,,AN,37,0.0335735505934255,0.01,2025-12-13 20:54:00
IGCI,,AN,38,-0.0144302758561236,0.01,2025-12-13 20:54:00
IGCI,,AN,39,0.0424574982265397,0.01,2025-12-13 20:54:01
IGCI,,AN,40,0.13469267491089,0.01,2025-12-13 20:54:01
IGCI,,AN,41,0.165255622393527,0.01,2025-12-13 20:54:01
IGCI,,AN,42,0.162456419437792,0.01,2025-12-13 20:54:01
IGCI,,AN,43,0.227154824015014,0.01,2025-12-13 20:54:01
IGCI,,AN,44,0.154395225734269,0.01,2025-12-13 20:54:01
IGCI,,AN,45,0.0533062027637338,0.01,2025-12-13 20:54:01
IGCI,,AN,46,0.110576380921708,0.01,2025-12-13 20:54:01
IGCI,,AN,47,0.0991483212133523,0.01,2025-12-13 20:54:01
IGCI,,AN,48,0.0222966584210029,0.01,2025-12-13 20:54:01
IGCI,,AN,49,0.187529916510176,0.01,2025-12-13 20:54:01
IGCI,,AN,50,0.24502914399015,0.01,2025-12-13 20:54:01
IGCI,,AN,51,0.061477499426398,0.01,2025-12-13 20:54:01
IGCI,,AN,52,0.0768576098765008,0.01,2025-12-13 20:54:01
IGCI,,AN,53,0.0484652675247696,0.01,2025-12-13 20:54:01
IGCI,,AN,54,0.191439829891508,0.01,2025-12-13 20:54:01
IGCI,,AN,55,0.232726750833724,0.01,2025-12-13 20:54:01
IGCI,,AN,56,-0.0051523643390734,0.01,2025-12-13 20:54:01
IGCI,,AN,57,-0.0013903037015907,0.01,2025-12-13 20:54:01
IGCI,,AN,58,-0.0411605801069026,0.01,2025-12-13 20:54:01
IGCI,,AN,59,0.194353488969419,0.01,2025-12-13 20:54:01
IGCI,,AN,60,0.0402497629250966,0.01,2025-12-13 20:54:01
IGCI,,AN,61,0.265972222675343,0.01,2025-12-13 20:54:01
IGCI,,AN,62,-0.0014832529955084,0.01,2025-12-13 20:54:01
IGCI,,AN,63,0.0453629049621877,0.01,2025-12-13 20:54:01
IGCI,,AN,64,0.19232377200905,0.01,2025-12-13 20:54:01
IGCI,,AN,65,0.0546048966289269,0.01,2025-12-13 20:54:01
IGCI,,AN,66,0.134856367111571,0.01,2025-12-13 20:54:01
IGCI,,AN,67,0.232062829894175,0.01,2025-12-13 20:54:01
IGCI,,AN,68,0.109344526716082,0.01,2025-12-13 20:54:01
IGCI,,AN,69,0.141815136813316,0.01,2025-12-13 20:54:01
IGCI,,AN,70,0.0980517100963549,0.01,2025-12-13 20:54:01
IGCI,,AN,71,0.123906647467177,0.01,2025-12-13 20:54:01
IGCI,,AN,72,0.034111569347873,0.01,2025-12-13 20:54:01
IGCI,,AN,73,0.0789738066801479,0.01,2025-12-13 20:54:01
IGCI,,AN,74,0.0397285216074436,0.01,2025-12-13 20:54:02
IGCI,,AN,75,0.166287886758897,0.01,2025-12-13 20:54:02
IGCI,,AN,76,0.114166607327925,0.01,2025-12-13 20:54:02
IGCI,,AN,77,0.0961161240537205,0.01,2025-12-13 20:54:02
IGCI,,AN,78,0.19535444611612,0.01,2025-12-13 20:54:02
IGCI,,AN,79,0.0677884343356156,0.01,2025-12-13 20:54:02
IGCI,,AN,80,0.131490750585883,0.01,2025-12-13 20:54:02
IGCI,,AN,81,0.176052928685705,0.01,2025-12-13 20:54:02
IGCI,,AN,82,0.0613871198595639,0.01,2025-12-13 20:54:02
IGCI,,AN,83,0.0288297286523926,0.01,2025-12-13 20:54:02
IGCI,,AN,84,0.0632145119286766,0.01,2025-12-13 20:54:02
IGCI,,AN,85,0.126295600904847,0.01,2025-12-13 20:54:02
IGCI,,AN,86,0.0510614625189447,0.01,2025-12-13 20:54:02
IGCI,,AN,87,0.107187482936466,0.01,2025-12-13 20:54:02
IGCI,,AN,88,0.16901150343435,0.01,2025-12-13 20:54:02
IGCI,,AN,89,0.118257556911597,0.01,2025-12-13 20:54:02
IGCI,,AN,90,0.10365333495545,0.01,2025-12-13 20:54:02
IGCI,,AN,91,0.0498115884752969,0.01,2025-12-13 20:54:02
IGCI,,AN,92,0.0542362421710826,0.01,2025-12-13 20:54:02
IGCI,,AN,93,0.0823681932750552,0.01,2025-12-13 20:54:02
IGCI,,AN,94,-0.0011141615509178,0.01,2025-12-13 20:54:02
IGCI,,AN,95,0.0505688252958185,0.01,2025-12-13 20:54:02
IGCI,,AN,96,0.0324882202951615,0.01,2025-12-13 20:54:02
IGCI,,AN,97,0.105163163628468,0.01,2025-12-13 20:54:02
IGCI,,AN,98,0.0716747509635782,0.01,2025-12-13 20:54:02
IGCI,,AN,99,0.103458099302862,0.01,2025-12-13 20:54:02
IGCI,,AN,100,0.2595859735775,0.01,2025-12-13 20:54:02
IGCI,,AN-s,1,0.322052230951161,0.01,2025-12-13 20:54:02
IGCI,,AN-s,2,0.0260564244586385,0.01,2025-12-13 20:54:02
IGCI,,AN-s,3,0.305594971645234,0.01,2025-12-13 20:54:02
IGCI,,AN-s,4,0.124513729126613,0.01,2025-12-13 20:54:02
IGCI,,AN-s,5,0.229882938794603,0.01,2025-12-13 20:54:02
IGCI,,AN-s,6,0.134767903569497,0.01,2025-12-13 20:54:02
IGCI,,AN-s,7,0.0739803718866669,0.01,2025-12-13 20:54:02
IGCI,,AN-s,8,0.0902550361294789,0.01,2025-12-13 20:54:02
IGCI,,AN-s,9,0.0846298474197366,0.01,2025-12-13 20:54:02
IGCI,,AN-s,10,0.0522550492200704,0.01,2025-12-13 20:54:02
IGCI,,AN-s,11,0.055331254425992,0.01,2025-12-13 20:54:02
IGCI,,AN-s,12,0.278128824461868,0.01,2025-12-13 20:54:03
IGCI,,AN-s,13,0.117057379753297,0.01,2025-12-13 20:54:03
IGCI,,AN-s,14,0.0505630033138757,0.01,2025-12-13 20:54:03
IGCI,,AN-s,15,0.111501135780835,0.01,2025-12-13 20:54:03
IGCI,,AN-s,16,0.0283217648878082,0.01,2025-12-13 20:54:03
IGCI,,AN-s,17,0.0457468293823168,0.01,2025-12-13 20:54:03
IGCI,,AN-s,18,0.134807330607204,0.01,2025-12-13 20:54:03
IGCI,,AN-s,19,0.124633979835189,0.01,2025-12-13 20:54:03
IGCI,,AN-s,20,0.0475239190044911,0.01,2025-12-13 20:54:03
IGCI,,AN-s,21,0.189354700324879,0.01,2025-12-13 20:54:03
IGCI,,AN-s,22,0.138993154089363,0.01,2025-12-13 20:54:03
IGCI,,AN-s,23,0.243014431693693,0.01,2025-12-13 20:54:03
IGCI,,AN-s,24,0.114085319153297,0.01,2025-12-13 20:54:03
IGCI,,AN-s,25,0.0458370840822572,0.01,2025-12-13 20:54:03
IGCI,,AN-s,26,0.175855479891041,0.01,2025-12-13 20:54:03
IGCI,,AN-s,27,0.110984132118181,0.01,2025-12-13 20:54:03
IGCI,,AN-s,28,0.114966674607919,0.01,2025-12-13 20:54:03
IGCI,,AN-s,29,0.158725150794471,0.01,2025-12-13 20:54:03
IGCI,,AN-s,30,0.196618400031094,0.01,2025-12-13 20:54:03
IGCI,,AN-s,31,0.207277277471889,0.01,2025-12-13 20:54:03
IGCI,,AN-s,32,0.148802995864031,0.01,2025-12-13 20:54:03
IGCI,,AN-s,33,0.0908414235359558,0.01,2025-12-13 20:54:03
IGCI,,AN-s,34,0.152377685238522,0.01,2025-12-13 20:54:03
IGCI,,AN-s,35,0.12384126250917,0.01,2025-12-13 20:54:03
IGCI,,AN-s,36,0.0928284843530962,0.01,2025-12-13 20:54:03
IGCI,,AN-s,37,0.144565861080101,0.01,2025-12-13 20:54:03
IGCI,,AN-s,38,-0.0258836168564124,0.01,2025-12-13 20:54:03
IGCI,,AN-s,39,0.0181651078391684,0.01,2025-12-13 20:54:03
IGCI,,AN-s,40,0.143436136654861,0.01,2025-12-13 20:54:03
IGCI,,AN-s,41,0.174196707466892,0.01,2025-12-13 20:54:03
IGCI,,AN-s,42,0.112907120640782,0.01,2025-12-13 20:54:03
IGCI,,AN-s,43,0.19260344184199,0.01,2025-12-13 20:54:03
IGCI,,AN-s,44,0.243236390265581,0.01,2025-12-13 20:54:03
IGCI,,AN-s,45,0.282512830574674,0.01,2025-12-13 20:54:03
IGCI,,AN-s,46,0.171977046105681,0.01,2025-12-13 20:54:03
IGCI,,AN-s,47,0.0067833243518462,0.01,2025-12-13 20:54:03
IGCI,,AN-s,48,0.0435997450414484,0.01,2025-12-13 20:54:04
IGCI,,AN-s,49,0.0758647980969566,0.01,2025-12-13 20:54:04
IGCI,,AN-s,50,0.130349933615751,0.01,2025-12-13 20:54:04
IGCI,,AN-s,51,0.0637137419008855,0.01,2025-12-13 20:54:04
IGCI,,AN-s,52,0.196416151270506,0.01,2025-12-13 20:54:04
IGCI,,AN-s,53,0.0305130287717778,0.01,2025-12-13 20:54:04
IGCI,,AN-s,54,0.147065573943323,0.01,2025-12-13 20:54:04
IGCI,,AN-s,55,0.411691033739557,0.01,2025-12-13 20:54:04
IGCI,,AN-s,56,0.1741923270544,0.01,2025-12-13 20:54:04
IGCI,,AN-s,57,0.0169575947968549,0.01,2025-12-13 20:54:04
IGCI,,AN-s,58,0.012596885021777,0.01,2025-12-13 20:54:04
IGCI,,AN-s,59,0.117897942129192,0.01,2025-12-13 20:54:04
IGCI,,AN-s,60,0.118532193315633,0.01,2025-12-13 20:54:04
IGCI,,AN-s,61,0.139985905321041,0.01,2025-12-13 20:54:04
IGCI,,AN-s,62,0.0757079430186902,0.01,2025-12-13 20:54:04
IGCI,,AN-s,63,0.159922636475364,0.01,2025-12-13 20:54:04
IGCI,,AN-s,64,0.158605467398949,0.01,2025-12-13 20:54:04
IGCI,,AN-s,65,-0.0109917682856455,0.01,2025-12-13 20:54:04
IGCI,,AN-s,66,0.216075252250419,0.01,2025-12-13 20:54:04
IGCI,,AN-s,67,0.188508398335969,0.01,2025-12-13 20:54:04
IGCI,,AN-s,68,0.16581462686698,0.01,2025-12-13 20:54:04
IGCI,,AN-s,69,0.0958230644607143,0.01,2025-12-13 20:54:04
IGCI,,AN-s,70,0.184562044627112,0.01,2025-12-13 20:54:04
IGCI,,AN-s,71,0.230687772730871,0.01,2025-12-13 20:54:04
IGCI,,AN-s,72,0.108135336351257,0.01,2025-12-13 20:54:04
IGCI,,AN-s,73,0.243259756748442,0.01,2025-12-13 20:54:04
IGCI,,AN-s,74,0.124467603120474,0.01,2025-12-13 20:54:04
IGCI,,AN-s,75,0.304164692736637,0.01,2025-12-13 20:54:04
IGCI,,AN-s,76,0.149896667941242,0.01,2025-12-13 20:54:04
IGCI,,AN-s,77,0.175302644517039,0.01,2025-12-13 20:54:04
IGCI,,AN-s,78,0.173517148828648,0.01,2025-12-13 20:54:04
IGCI,,AN-s,79,0.0339447492556104,0.01,2025-12-13 20:54:04
IGCI,,AN-s,80,0.0742650970764717,0.01,2025-12-13 20:54:04
IGCI,,AN-s,81,0.0440280251720919,0.01,2025-12-13 20:54:04
IGCI,,AN-s,82,0.110894906097485,0.01,2025-12-13 20:54:04
IGCI,,AN-s,83,0.204533192415734,0.01,2025-12-13 20:54:04
IGCI,,AN-s,84,0.109372281419653,0.01,2025-12-13 20:54:05
IGCI,,AN-s,85,0.238427807635211,0.01,2025-12-13 20:54:05
IGCI,,AN-s,86,0.163573567573814,0.01,2025-12-13 20:54:05
IGCI,,AN-s,87,0.170824759297122,0.01,2025-12-13 20:54:05
IGCI,,AN-s,88,0.38170933853966,0.01,2025-12-13 20:54:05
IGCI,,AN-s,89,0.289347807101301,0.01,2025-12-13 20:54:05
IGCI,,AN-s,90,0.118892288387151,0.01,2025-12-13 20:54:05
IGCI,,AN-s,91,0.173187949348018,0.01,2025-12-13 20:54:05
IGCI,,AN-s,92,0.0560416748389238,0.01,2025-12-13 20:54:05
IGCI,,AN-s,93,0.164923172074261,0.01,2025-12-13 20:54:05
IGCI,,AN-s,94,0.213697106002439,0.01,2025-12-13 20:54:05
IGCI,,AN-s,95,0.0822071890213127,0.01,2025-12-13 20:54:05
IGCI,,AN-s,96,0.098542848232312,0.01,2025-12-13 20:54:05
IGCI,,AN-s,97,0.214007556100534,0.01,2025-12-13 20:54:05
IGCI,,AN-s,98,0.103211953547539,0.01,2025-12-13 20:54:05
IGCI,,AN-s,99,0.0502676125839434,0.01,2025-12-13 20:54:05
IGCI,,AN-s,100,-0.0525358588823143,0.01,2025-12-13 20:54:05
IGCI,,LS,1,0.0100373871567658,0.01,2025-12-13 20:54:05
IGCI,,LS,2,0.0442852875568027,0.01,2025-12-13 20:54:05
IGCI,,LS,3,0.469842686650907,0.01,2025-12-13 20:54:05
IGCI,,LS,4,-0.0158202947416414,0.01,2025-12-13 20:54:05
IGCI,,LS,5,0.192339664383581,0.01,2025-12-13 20:54:05
IGCI,,LS,6,0.255200318535084,0.01,2025-12-13 20:54:05
IGCI,,LS,7,0.0052416241868513,0.01,2025-12-13 20:54:05
IGCI,,LS,8,0.687784399648057,0.01,2025-12-13 20:54:05
IGCI,,LS,9,0.334393523653235,0.01,2025-12-13 20:54:05
IGCI,,LS,10,0.221612869494927,0.01,2025-12-13 20:54:05
IGCI,,LS,11,0.0560654145139469,0.01,2025-12-13 20:54:05
IGCI,,LS,12,0.0377004725479794,0.01,2025-12-13 20:54:05
IGCI,,LS,13,0.0183221293128452,0.01,2025-12-13 20:54:05
IGCI,,LS,14,1.116331138652,0.01,2025-12-13 20:54:05
IGCI,,LS,15,0.10989128887154,0.01,2025-12-13 20:54:05
IGCI,,LS,16,0.0439523017038823,0.01,2025-12-13 20:54:05
IGCI,,LS,17,0.0344544365386099,0.01,2025-12-13 20:54:05
IGCI,,LS,18,0.290082670405484,0.01,2025-12-13 20:54:05
IGCI,,LS,19,0.261740325136933,0.01,2025-12-13 20:54:06
IGCI,,LS,20,0.420706303700172,0.01,2025-12-13 20:54:06
IGCI,,LS,21,0.245716860011908,0.01,2025-12-13 20:54:06
IGCI,,LS,22,0.211206267707129,0.01,2025-12-13 20:54:06
IGCI,,LS,23,0.895347732684303,0.01,2025-12-13 20:54:06
IGCI,,LS,24,0.402351027766808,0.01,2025-12-13 20:54:06
IGCI,,LS,25,0.0582959618760394,0.01,2025-12-13 20:54:06
IGCI,,LS,26,0.32745999567816,0.01,2025-12-13 20:54:06
IGCI,,LS,27,0.0659570421301172,0.01,2025-12-13 20:54:06
IGCI,,LS,28,0.1023093070521,0.01,2025-12-13 20:54:06
IGCI,,LS,29,0.0350016991454911,0.01,2025-12-13 20:54:06
IGCI,,LS,30,0.0848697664045321,0.01,2025-12-13 20:54:06
IGCI,,LS,31,0.180179112933088,0.01,2025-12-13 20:54:06
IGCI,,LS,32,0.230977169395002,0.01,2025-12-13 20:54:06
IGCI,,LS,33,0.119471974761109,0.01,2025-12-13 20:54:06
IGCI,,LS,34,0.0359485844095424,0.01,2025-12-13 20:54:06
IGCI,,LS,35,0.208012966592588,0.01,2025-12-13 20:54:06
IGCI,,LS,36,-0.0404668715196514,0.01,2025-12-13 20:54:06
IGCI,,LS,37,0.0918021653095246,0.01,2025-12-13 20:54:06
IGCI,,LS,38,0.316258366477146,0.01,2025-12-13 20:54:06
IGCI,,LS,39,0.237029657215982,0.01,2025-12-13 20:54:06
IGCI,,LS,40,0.0079591380590837,0.01,2025-12-13 20:54:06
IGCI,,LS,41,0.0046266243806885,0.01,2025-12-13 20:54:06
IGCI,,LS,42,0.29937319990445,0.01,2025-12-13 20:54:06
IGCI,,LS,43,0.394022951856575,0.01,2025-12-13 20:54:06
IGCI,,LS,44,0.37042151028513,0.01,2025-12-13 20:54:06
IGCI,,LS,45,-0.0120146391805064,0.01,2025-12-13 20:54:06
IGCI,,LS,46,0.394300851501683,0.01,2025-12-13 20:54:06
IGCI,,LS,47,0.182098073214474,0.01,2025-12-13 20:54:06
IGCI,,LS,48,0.126248064691718,0.01,2025-12-13 20:54:06
IGCI,,LS,49,0.180055547962,0.01,2025-12-13 20:54:06
IGCI,,LS,50,0.161646219463648,0.01,2025-12-13 20:54:06
IGCI,,LS,51,0.163098117238356,0.01,2025-12-13 20:54:06
IGCI,,LS,52,0.139609163180253,0.01,2025-12-13 20:54:06
IGCI,,LS,53,0.0246114225899551,0.01,2025-12-13 20:54:06
IGCI,,LS,54,0.0079907242787928,0.01,2025-12-13 20:54:07
IGCI,,LS,55,0.0150396854003931,0.01,2025-12-13 20:54:07
IGCI,,LS,56,0.0962472846466431,0.01,2025-12-13 20:54:07
IGCI,,LS,57,0.0153445884221241,0.01,2025-12-13 20:54:07
IGCI,,LS,58,0.20500158073471,0.01,2025-12-13 20:54:07
IGCI,,LS,59,0.0188486503095797,0.01,2025-12-13 20:54:07
IGCI,,LS,60,0.0378459416207705,0.01,2025-12-13 20:54:07
IGCI,,LS,61,0.0348210796236791,0.01,2025-12-13 20:54:07
IGCI,,LS,62,0.273683797988059,0.01,2025-12-13 20:54:07
IGCI,,LS,63,0.451884915513259,0.01,2025-12-13 20:54:07
IGCI,,LS,64,0.724528242923738,0.01,2025-12-13 20:54:07
IGCI,,LS,65,0.340661107060435,0.01,2025-12-13 20:54:07
IGCI,,LS,66,0.0456803479746472,0.01,2025-12-13 20:54:07
IGCI,,LS,67,0.145365200605841,0.01,2025-12-13 20:54:07
IGCI,,LS,68,0.216505064483738,0.01,2025-12-13 20:54:07
IGCI,,LS,69,0.246766763146818,0.01,2025-12-13 20:54:07
IGCI,,LS,70,0.341022381862428,0.01,2025-12-13 20:54:07
IGCI,,LS,71,0.262429921553583,0.01,2025-12-13 20:54:07
IGCI,,LS,72,0.410098055935473,0.01,2025-12-13 20:54:07
IGCI,,LS,73,0.0422296996000639,0.01,2025-12-13 20:54:07
IGCI,,LS,74,0.394845135686151,0.01,2025-12-13 20:54:07
IGCI,,LS,75,0.53607157885696,0.01,2025-12-13 20:54:07
IGCI,,LS,76,0.0017463343953183,0.01,2025-12-13 20:54:07
IGCI,,LS,77,0.0967263929047339,0.01,2025-12-13 20:54:07
IGCI,,LS,78,0.0076954044779746,0.01,2025-12-13 20:54:07
IGCI,,LS,79,0.0142223433748078,0.01,2025-12-13 20:54:07
IGCI,,LS,80,0.19512320735577,0.01,2025-12-13 20:54:07
IGCI,,LS,81,0.13187331434453,0.01,2025-12-13 20:54:07
IGCI,,LS,82,0.403292444680868,0.01,2025-12-13 20:54:07
IGCI,,LS,83,0.0529000250971609,0.01,2025-12-13 20:54:07
IGCI,,LS,84,0.202468166096827,0.01,2025-12-13 20:54:07
IGCI,,LS,85,0.406955620095376,0.01,2025-12-13 20:54:07
IGCI,,LS,86,0.0551052696774991,0.01,2025-12-13 20:54:07
IGCI,,LS,87,0.730735576408257,0.01,2025-12-13 20:54:07
IGCI,,LS,88,0.456414296792234,0.01,2025-12-13 20:54:07
IGCI,,LS,89,0.180801765149042,0.01,2025-12-13 20:54:07
IGCI,,LS,90,0.200095476454441,0.01,2025-12-13 20:54:08
IGCI,,LS,91,0.262571426255205,0.01,2025-12-13 20:54:08
IGCI,,LS,92,0.379099159673325,0.01,2025-12-13 20:54:08
IGCI,,LS,93,0.0015558292736166,0.01,2025-12-13 20:54:08
IGCI,,LS,94,0.363133818852774,0.01,2025-12-13 20:54:08
IGCI,,LS,95,-0.0027202414751954,0.01,2025-12-13 20:54:08
IGCI,,LS,96,0.401511935520094,0.01,2025-12-13 20:54:08
IGCI,,LS,97,0.210812986248083,0.01,2025-12-13 20:54:08
IGCI,,LS,98,0.005784694462096,0.01,2025-12-13 20:54:08
IGCI,,LS,99,-0.0157727173744586,0.01,2025-12-13 20:54:08
IGCI,,LS,100,0.1375814570982,0.01,2025-12-13 20:54:08
IGCI,,LS-s,1,0.301707832059765,0.01,2025-12-13 20:54:08
IGCI,,LS-s,2,0.18083132711331,0.01,2025-12-13 20:54:08
IGCI,,LS-s,3,0.0245075876312634,0.01,2025-12-13 20:54:08
IGCI,,LS-s,4,0.651098846819293,0.01,2025-12-13 20:54:08
IGCI,,LS-s,5,0.147538377647982,0.01,2025-12-13 20:54:08
IGCI,,LS-s,6,-0.0079532393996046,0.01,2025-12-13 20:54:08
IGCI,,LS-s,7,0.23220644800125,0.01,2025-12-13 20:54:08
IGCI,,LS-s,8,0.331073191081856,0.01,2025-12-13 20:54:08
IGCI,,LS-s,9,0.733972507246841,0.01,2025-12-13 20:54:08
IGCI,,LS-s,10,0.0057769318404927,0.01,2025-12-13 20:54:08
IGCI,,LS-s,11,0.322996531301188,0.01,2025-12-13 20:54:08
IGCI,,LS-s,12,0.0369055991577704,0.01,2025-12-13 20:54:08
IGCI,,LS-s,13,-0.0403303610199996,0.01,2025-12-13 20:54:08
IGCI,,LS-s,14,0.50000404340139,0.01,2025-12-13 20:54:08
IGCI,,LS-s,15,0.301127099714684,0.01,2025-12-13 20:54:08
IGCI,,LS-s,16,0.0016793155917973,0.01,2025-12-13 20:54:08
IGCI,,LS-s,17,-0.0305647885243125,0.01,2025-12-13 20:54:08
IGCI,,LS-s,18,0.126103848989137,0.01,2025-12-13 20:54:08
IGCI,,LS-s,19,0.0426198445830401,0.01,2025-12-13 20:54:08
IGCI,,LS-s,20,0.309352460744265,0.01,2025-12-13 20:54:08
IGCI,,LS-s,21,0.0279436700504822,0.01,2025-12-13 20:54:08
IGCI,,LS-s,22,0.0257552757071604,0.01,2025-12-13 20:54:08
IGCI,,LS-s,23,0.0717985011285557,0.01,2025-12-13 20:54:08
IGCI,,LS-s,24,0.0660460242417206,0.01,2025-12-13 20:54:08
IGCI,,LS-s,25,0.203945908117214,0.01,2025-12-13 20:54:09
IGCI,,LS-s,26,0.0686747615424323,0.01,2025-12-13 20:54:09
IGCI,,LS-s,27,0.116959537457493,0.01,2025-12-13 20:54:09
IGCI,,LS-s,28,0.0743496986404315,0.01,2025-12-13 20:54:09
IGCI,,LS-s,29,0.156114137169079,0.01,2025-12-13 20:54:09
IGCI,,LS-s,30,0.305660755536623,0.01,2025-12-13 20:54:09
IGCI,,LS-s,31,0.116744810793526,0.01,2025-12-13 20:54:09
IGCI,,LS-s,32,0.372333369845423,0.01,2025-12-13 20:54:09
IGCI,,LS-s,33,0.143934538165961,0.01,2025-12-13 20:54:09
IGCI,,LS-s,34,-0.0506961930538931,0.01,2025-12-13 20:54:09
IGCI,,LS-s,35,0.0483802586548698,0.01,2025-12-13 20:54:09
IGCI,,LS-s,36,0.738345808307896,0.01,2025-12-13 20:54:09
IGCI,,LS-s,37,0.167436691262498,0.01,2025-12-13 20:54:09
IGCI,,LS-s,38,0.081920451048707,0.01,2025-12-13 20:54:09
IGCI,,LS-s,39,0.0496013479996628,0.01,2025-12-13 20:54:09
IGCI,,LS-s,40,0.156847505828113,0.01,2025-12-13 20:54:09
IGCI,,LS-s,41,0.345310056010215,0.01,2025-12-13 20:54:09
IGCI,,LS-s,42,0.129353919057872,0.01,2025-12-13 20:54:09
IGCI,,LS-s,43,0.351392776383408,0.01,2025-12-13 20:54:09
IGCI,,LS-s,44,0.616044646725401,0.01,2025-12-13 20:54:09
IGCI,,LS-s,45,0.20929977157554,0.01,2025-12-13 20:54:09
IGCI,,LS-s,46,-0.0092908069022312,0.01,2025-12-13 20:54:09
IGCI,,LS-s,47,0.0101839779371761,0.01,2025-12-13 20:54:09
IGCI,,LS-s,48,0.336333574036746,0.01,2025-12-13 20:54:09
IGCI,,LS-s,49,0.435471124264923,0.01,2025-12-13 20:54:09
IGCI,,LS-s,50,0.482221671309385,0.01,2025-12-13 20:54:09
IGCI,,LS-s,51,0.295524993613746,0.01,2025-12-13 20:54:09
IGCI,,LS-s,52,0.279977210381731,0.01,2025-12-13 20:54:09
IGCI,,LS-s,53,0.173688948236877,0.01,2025-12-13 20:54:09
IGCI,,LS-s,54,0.628885019379035,0.01,2025-12-13 20:54:09
IGCI,,LS-s,55,0.145106934079164,0.01,2025-12-13 20:54:09
IGCI,,LS-s,56,0.0792921120077805,0.01,2025-12-13 20:54:09
IGCI,,LS-s,57,0.0058440472737082,0.01,2025-12-13 20:54:09
IGCI,,LS-s,58,0.163930555032571,0.01,2025-12-13 20:54:09
IGCI,,LS-s,59,-0.0074367996251414,0.01,2025-12-13 20:54:09
IGCI,,LS-s,60,0.167276348326559,0.01,2025-12-13 20:54:09
IGCI,,LS-s,61,0.0470149078318486,0.01,2025-12-13 20:54:09
IGCI,,LS-s,62,0.464452821095185,0.01,2025-12-13 20:54:10
IGCI,,LS-s,63,0.880464960224525,0.01,2025-12-13 20:54:10
IGCI,,LS-s,64,0.0851767705474451,0.01,2025-12-13 20:54:10
IGCI,,LS-s,65,0.0902384883436129,0.01,2025-12-13 20:54:10
IGCI,,LS-s,66,0.117801559305701,0.01,2025-12-13 20:54:10
IGCI,,LS-s,67,0.362002267608028,0.01,2025-12-13 20:54:10
IGCI,,LS-s,68,0.0679982520525133,0.01,2025-12-13 20:54:10
IGCI,,LS-s,69,0.146829014608544,0.01,2025-12-13 20:54:10
IGCI,,LS-s,70,0.195834981205499,0.01,2025-12-13 20:54:10
IGCI,,LS-s,71,0.0414534837338109,0.01,2025-12-13 20:54:10
IGCI,,LS-s,72,0.472128447542544,0.01,2025-12-13 20:54:10
IGCI,,LS-s,73,0.417183542214776,0.01,2025-12-13 20:54:10
IGCI,,LS-s,74,0.0866359555683438,0.01,2025-12-13 20:54:10
IGCI,,LS-s,75,0.138056417761026,0.01,2025-12-13 20:54:10
IGCI,,LS-s,76,0.177109882988733,0.01,2025-12-13 20:54:10
IGCI,,LS-s,77,0.087769706846422,0.01,2025-12-13 20:54:10
IGCI,,LS-s,78,0.0659996390812507,0.01,2025-12-13 20:54:10
IGCI,,LS-s,79,0.485064051510571,0.01,2025-12-13 20:54:10
IGCI,,LS-s,80,0.0519514903335016,0.01,2025-12-13 20:54:10
IGCI,,LS-s,81,0.423685533812968,0.01,2025-12-13 20:54:10
IGCI,,LS-s,82,0.419780545536836,0.01,2025-12-13 20:54:10
IGCI,,LS-s,83,0.175055307055041,0.01,2025-12-13 20:54:10
IGCI,,LS-s,84,0.50264393648784,0.01,2025-12-13 20:54:10
IGCI,,LS-s,85,0.114301545849126,0.01,2025-12-13 20:54:10
IGCI,,LS-s,86,0.0702976058295572,0.01,2025-12-13 20:54:10
IGCI,,LS-s,87,0.162725377982301,0.01,2025-12-13 20:54:10
IGCI,,LS-s,88,0.600060310741154,0.01,2025-12-13 20:54:10
IGCI,,LS-s,89,0.139486705527402,0.01,2025-12-13 20:54:10
IGCI,,LS-s,90,0.244284654913343,0.01,2025-12-13 20:54:10
IGCI,,LS-s,91,0.495820944024014,0.01,2025-12-13 20:54:10
IGCI,,LS-s,92,0.0991043245084259,0.01,2025-12-13 20:54:10
IGCI,,LS-s,93,0.695291282949727,0.01,2025-12-13 20:54:10
IGCI,,LS-s,94,0.2880879082431,0.01,2025-12-13 20:54:10
IGCI,,LS-s,95,0.0062401323214222,0.01,2025-12-13 20:54:10
IGCI,,LS-s,96,0.256768884068593,0.01,2025-12-13 20:54:10
IGCI,,LS-s,97,0.025722916302926,0.01,2025-12-13 20:54:10
IGCI,,LS-s,98,0.236789886280437,0.01,2025-12-13 20:54:10
IGCI,,LS-s,99,0.4190699510414,0.01,2025-12-13 20:54:11
IGCI,,LS-s,100,0.264852172548942,0.01,2025-12-13 20:54:11
IGCI,,MN-U,1,0.0657822430444374,0.01,2025-12-13 20:54:11
IGCI,,MN-U,2,0.0333365383498875,0.01,2025-12-13 20:54:11
IGCI,,MN-U,3,-0.0231221107508767,0.01,2025-12-13 20:54:11
IGCI,,MN-U,4,0.0343270611823154,0.01,2025-12-13 20:54:11
IGCI,,MN-U,5,0.032693332039023,0.01,2025-12-13 20:54:11
IGCI,,MN-U,6,0.0870041519995892,0.01,2025-12-13 20:54:11
IGCI,,MN-U,7,0.0425342407007942,0.01,2025-12-13 20:54:11
IGCI,,MN-U,8,0.0442607682563815,0.01,2025-12-13 20:54:11
IGCI,,MN-U,9,0.0073447855614263,0.01,2025-12-13 20:54:11
IGCI,,MN-U,10,0.0385683211612546,0.01,2025-12-13 20:54:11
IGCI,,MN-U,11,0.0575925476362808,0.01,2025-12-13 20:54:11
IGCI,,MN-U,12,0.0328432073349302,0.01,2025-12-13 20:54:11
IGCI,,MN-U,13,-0.0291938386288537,0.01,2025-12-13 20:54:11
IGCI,,MN-U,14,0.0453749338938305,0.01,2025-12-13 20:54:11
IGCI,,MN-U,15,0.102386550747084,0.01,2025-12-13 20:54:11
IGCI,,MN-U,16,0.06283270242628,0.01,2025-12-13 20:54:11
IGCI,,MN-U,17,-0.0200924103642652,0.01,2025-12-13 20:54:11
IGCI,,MN-U,18,0.0241734199910297,0.01,2025-12-13 20:54:11
IGCI,,MN-U,19,0.0860557531141514,0.01,2025-12-13 20:54:11
IGCI,,MN-U,20,-0.0200992640120363,0.01,2025-12-13 20:54:11
IGCI,,MN-U,21,0.0592832403975469,0.01,2025-12-13 20:54:11
IGCI,,MN-U,22,-0.01033069216186,0.01,2025-12-13 20:54:11
IGCI,,MN-U,23,0.0369327223491495,0.01,2025-12-13 20:54:11
IGCI,,MN-U,24,0.0476732696354531,0.01,2025-12-13 20:54:11
IGCI,,MN-U,25,0.0064853541373208,0.01,2025-12-13 20:54:11
IGCI,,MN-U,26,0.0148141965670571,0.01,2025-12-13 20:54:11
IGCI,,MN-U,27,0.125904441412289,0.01,2025-12-13 20:54:11
IGCI,,MN-U,28,0.0881294532936953,0.01,2025-12-13 20:54:11
IGCI,,MN-U,29,0.0158143326581239,0.01,2025-12-13 20:54:11
IGCI,,MN-U,30,-0.0028386510896849,0.01,2025-12-13 20:54:11
IGCI,,MN-U,31,0.0812787598547419,0.01,2025-12-13 20:54:11
IGCI,,MN-U,32,0.104718704893216,0.01,2025-12-13 20:54:11
IGCI,,MN-U,33,-0.026457949235386,0.01,2025-12-13 20:54:11
IGCI,,MN-U,34,0.0321647255612687,0.01,2025-12-13 20:54:12
IGCI,,MN-U,35,0.0918056334768211,0.01,2025-12-13 20:54:12
IGCI,,MN-U,36,0.0785684989637669,0.01,2025-12-13 20:54:12
IGCI,,MN-U,37,0.0254734718979721,0.01,2025-12-13 20:54:12
IGCI,,MN-U,38,0.100097632826229,0.01,2025-12-13 20:54:12
IGCI,,MN-U,39,0.0016938747863042,0.01,2025-12-13 20:54:12
IGCI,,MN-U,40,0.0279283101255733,0.01,2025-12-13 20:54:12
IGCI,,MN-U,41,0.0184336381608112,0.01,2025-12-13 20:54:12
IGCI,,MN-U,42,0.0479670754430729,0.01,2025-12-13 20:54:12
IGCI,,MN-U,43,0.151969181501158,0.01,2025-12-13 20:54:12
IGCI,,MN-U,44,0.0041854189556893,0.01,2025-12-13 20:54:12
IGCI,,MN-U,45,0.0505143502449927,0.01,2025-12-13 20:54:12
IGCI,,MN-U,46,0.061426630141371,0.01,2025-12-13 20:54:12
IGCI,,MN-U,47,0.0482899388305551,0.01,2025-12-13 20:54:12
IGCI,,MN-U,48,0.0645529001668423,0.01,2025-12-13 20:54:12
IGCI,,MN-U,49,0.133330357566418,0.01,2025-12-13 20:54:12
IGCI,,MN-U,50,0.0565297968387028,0.01,2025-12-13 20:54:12
IGCI,,MN-U,51,0.002621251913137,0.01,2025-12-13 20:54:12
IGCI,,MN-U,52,0.0267404514641818,0.01,2025-12-13 20:54:12
IGCI,,MN-U,53,0.0473587452757326,0.01,2025-12-13 20:54:12
IGCI,,MN-U,54,0.100909147394134,0.01,2025-12-13 20:54:12
IGCI,,MN-U,55,0.0551374002970996,0.01,2025-12-13 20:54:12
IGCI,,MN-U,56,0.0037095215306921,0.01,2025-12-13 20:54:12
IGCI,,MN-U,57,0.0266797321037346,0.01,2025-12-13 20:54:12
IGCI,,MN-U,58,0.0135905672602261,0.01,2025-12-13 20:54:12
IGCI,,MN-U,59,0.02344987059268,0.01,2025-12-13 20:54:12
IGCI,,MN-U,60,0.0197989230267117,0.01,2025-12-13 20:54:12
IGCI,,MN-U,61,0.0556731459415118,0.01,2025-12-13 20:54:12
IGCI,,MN-U,62,0.0365417302797776,0.01,2025-12-13 20:54:12
IGCI,,MN-U,63,0.103894715180774,0.01,2025-12-13 20:54:12
IGCI,,MN-U,64,0.0225419997068607,0.01,2025-12-13 20:54:12
IGCI,,MN-U,65,0.0460867211253201,0.01,2025-12-13 20:54:12
IGCI,,MN-U,66,0.100688939790277,0.01,2025-12-13 20:54:12
IGCI,,MN-U,67,-0.0371304909407008,0.01,2025-12-13 20:54:12
IGCI,,MN-U,68,0.0285518055468179,0.01,2025-12-13 20:54:12
IGCI,,MN-U,69,0.0262144096641838,0.01,2025-12-13 20:54:12
IGCI,,MN-U,70,0.0333372577267434,0.01,2025-12-13 20:54:12
IGCI,,MN-U,71,0.0335733254738706,0.01,2025-12-13 20:54:13
IGCI,,MN-U,72,0.0650203337212751,0.01,2025-12-13 20:54:13
IGCI,,MN-U,73,-0.0023267454920388,0.01,2025-12-13 20:54:13
IGCI,,MN-U,74,-0.0572878731373336,0.01,2025-12-13 20:54:13
IGCI,,MN-U,75,0.0331908698762255,0.01,2025-12-13 20:54:13
IGCI,,MN-U,76,-0.0210034940668837,0.01,2025-12-13 20:54:13
IGCI,,MN-U,77,-0.0217342120731798,0.01,2025-12-13 20:54:13
IGCI,,MN-U,78,0.0440329109358925,0.01,2025-12-13 20:54:13
IGCI,,MN-U,79,0.0254455834083913,0.01,2025-12-13 20:54:13
IGCI,,MN-U,80,0.0448780082074584,0.01,2025-12-13 20:54:13
IGCI,,MN-U,81,0.008332996631081,0.01,2025-12-13 20:54:13
IGCI,,MN-U,82,0.0726192825266585,0.01,2025-12-13 20:54:13
IGCI,,MN-U,83,0.0464448588067538,0.01,2025-12-13 20:54:13
IGCI,,MN-U,84,0.0221100765895201,0.01,2025-12-13 20:54:13
IGCI,,MN-U,85,0.0287378520476035,0.01,2025-12-13 20:54:13
IGCI,,MN-U,86,0.0874971014786405,0.01,2025-12-13 20:54:13
IGCI,,MN-U,87,0.0770135747411231,0.01,2025-12-13 20:54:13
IGCI,,MN-U,88,0.0699749125951489,0.01,2025-12-13 20:54:13
IGCI,,MN-U,89,-0.0136654008279641,0.01,2025-12-13 20:54:13
IGCI,,MN-U,90,-0.0037856700318457,0.01,2025-12-13 20:54:13
IGCI,,MN-U,91,0.0588555025341266,0.01,2025-12-13 20:54:13
IGCI,,MN-U,92,0.0182975061474071,0.01,2025-12-13 20:54:13
IGCI,,MN-U,93,0.0074028329662709,0.01,2025-12-13 20:54:13
IGCI,,MN-U,94,0.0045102454800733,0.01,2025-12-13 20:54:13
IGCI,,MN-U,95,0.0380674436857422,0.01,2025-12-13 20:54:13
IGCI,,MN-U,96,0.020415204688823,0.01,2025-12-13 20:54:13
IGCI,,MN-U,97,0.0168946863445915,0.01,2025-12-13 20:54:13
IGCI,,MN-U,98,0.0655834629134872,0.01,2025-12-13 20:54:13
IGCI,,MN-U,99,0.0544855545747751,0.01,2025-12-13 20:54:13
IGCI,,MN-U,100,0.079762411420412,0.01,2025-12-13 20:54:13
RDMDL,,AN,1,0.327181774046935,0.01,2025-12-14 18:24:03
RDMDL,,AN,2,0.528505294863238,0.01,2025-12-14 18:24:03
RDMDL,,AN,3,0.665154196329407,0.01,2025-12-14 18:24:03
RDMDL,,AN,4,0.800601856632225,0.01,2025-12-14 18:24:03
RDMDL,,AN,5,0.717457128147748,0.01,2025-12-14 18:24:03
RDMDL,,AN,6,0.676024475413137,0.01,2025-12-14 18:24:03
RDMDL,,AN,7,0.934529527415345,0.01,2025-12-14 18:24:03
RDMDL,,AN,8,0.75668484277617,0.01,2025-12-14 18:24:04
RDMDL,,AN,9,0.355102802357175,0.01,2025-12-14 18:24:04
RDMDL,,AN,10,0.72949587863922,0.01,2025-12-14 18:24:04
RDMDL,,AN,11,-0.124042307779739,0.01,2025-12-14 18:24:04
RDMDL,,AN,12,0.424144310427197,0.01,2025-12-14 18:24:04
RDMDL,,AN,13,0.0574270384609751,0.01,2025-12-14 18:24:04
RDMDL,,AN,14,0.0350335909686591,0.01,2025-12-14 18:24:04
RDMDL,,AN,15,-0.121196087041994,0.01,2025-12-14 18:24:04
RDMDL,,AN,16,-0.211136968917184,0.01,2025-12-14 18:24:04
RDMDL,,AN,17,0.210034288081219,0.01,2025-12-14 18:24:04
RDMDL,,AN,18,-0.263148694998564,0.01,2025-12-14 18:24:04
RDMDL,,AN,19,-0.218014733635553,0.01,2025-12-14 18:24:04
RDMDL,,AN,20,0.212276277961486,0.01,2025-12-14 18:24:04
RDMDL,,AN,21,-0.178145940382922,0.01,2025-12-14 18:24:04
RDMDL,,AN,22,-0.0060495107865201,0.01,2025-12-14 18:24:04
RDMDL,,AN,23,-0.255329212313513,0.01,2025-12-14 18:24:04
RDMDL,,AN,24,-0.081368606808503,0.01,2025-12-14 18:24:04
RDMDL,,AN,25,1.03133738231086,0.01,2025-12-14 18:24:04
RDMDL,,AN,26,1.02904862629175,0.01,2025-12-14 18:24:05
RDMDL,,AN,27,-0.265547246139231,0.01,2025-12-14 18:24:05
RDMDL,,AN,28,-0.195395190922433,0.01,2025-12-14 18:24:05
RDMDL,,AN,29,0.650282655018701,0.01,2025-12-14 18:24:05
RDMDL,,AN,30,0.169296600007141,0.01,2025-12-14 18:24:05
RDMDL,,AN,31,0.1724549598904,0.01,2025-12-14 18:24:05
RDMDL,,AN,32,1.64653989317978,0.01,2025-12-14 18:24:05
RDMDL,,AN,33,0.0559070837675799,0.01,2025-12-14 18:24:05
RDMDL,,AN,34,0.606892854854332,0.01,2025-12-14 18:24:05
RDMDL,,AN,35,1.15952459070335,0.01,2025-12-14 18:24:05
RDMDL,,AN,36,0.431093288719703,0.01,2025-12-14 18:24:05
RDMDL,,AN,37,-0.0853663420223342,0.01,2025-12-14 18:24:05
RDMDL,,AN,38,-0.0569614145273972,0.01,2025-12-14 18:24:05
RDMDL,,AN,39,0.259011609702554,0.01,2025-12-14 18:24:05
RDMDL,,AN,40,0.0906586814696925,0.01,2025-12-14 18:24:05
RDMDL,,AN,41,0.538209198332137,0.01,2025-12-14 18:24:05
RDMDL,,AN,42,0.254934734802638,0.01,2025-12-14 18:24:05
RDMDL,,AN,43,0.171506063343453,0.01,2025-12-14 18:24:06
RDMDL,,AN,44,0.709429697083963,0.01,2025-12-14 18:24:06
RDMDL,,AN,45,0.27653913201167,0.01,2025-12-14 18:24:06
RDMDL,,AN,46,0.0941298362579343,0.01,2025-12-14 18:24:06
RDMDL,,AN,47,0.289657521235946,0.01,2025-12-14 18:24:06
RDMDL,,AN,48,0.967144499620797,0.01,2025-12-14 18:24:06
RDMDL,,AN,49,-0.0863427085214652,0.01,2025-12-14 18:24:06
RDMDL,,AN,50,0.147996076188518,0.01,2025-12-14 18:24:06
RDMDL,,AN,51,-0.130348420742382,0.01,2025-12-14 18:24:06
RDMDL,,AN,52,0.209909673399499,0.01,2025-12-14 18:24:06
RDMDL,,AN,53,0.702994451027822,0.01,2025-12-14 18:24:06
RDMDL,,AN,54,0.376664226695038,0.01,2025-12-14 18:24:06
RDMDL,,AN,55,1.17637855967518,0.01,2025-12-14 18:24:06
RDMDL,,AN,56,-0.211325217570558,0.01,2025-12-14 18:24:06
RDMDL,,AN,57,0.497638133541301,0.01,2025-12-14 18:24:06
RDMDL,,AN,58,0.304091832053964,0.01,2025-12-14 18:24:06
RDMDL,,AN,59,-0.145692710901865,0.01,2025-12-14 18:24:06
RDMDL,,AN,60,0.139962566142891,0.01,2025-12-14 18:24:07
RDMDL,,AN,61,0.117857525077659,0.01,2025-12-14 18:24:07
RDMDL,,AN,62,-0.397453741830471,0.01,2025-12-14 18:24:07
RDMDL,,AN,63,0.572578603865524,0.01,2025-12-14 18:24:07
RDMDL,,AN,64,0.417567234309998,0.01,2025-12-14 18:24:07
RDMDL,,AN,65,1.05032525737491,0.01,2025-12-14 18:24:07
RDMDL,,AN,66,-0.0753907490998131,0.01,2025-12-14 18:24:07
RDMDL,,AN,67,0.431638198831347,0.01,2025-12-14 18:24:07
RDMDL,,AN,68,0.135257952352064,0.01,2025-12-14 18:24:07
RDMDL,,AN,69,0.756514972766451,0.01,2025-12-14 18:24:07
RDMDL,,AN,70,-0.275906571272135,0.01,2025-12-14 18:24:07
RDMDL,,AN,71,-0.0159703456336301,0.01,2025-12-14 18:24:07
RDMDL,,AN,72,0.623481371975405,0.01,2025-12-14 18:24:07
RDMDL,,AN,73,-0.142947355480787,0.01,2025-12-14 18:24:07
RDMDL,,AN,74,0.152909058504392,0.01,2025-12-14 18:24:07
RDMDL,,AN,75,0.734362430095643,0.01,2025-12-14 18:24:07
RDMDL,,AN,76,0.0619673586740916,0.01,2025-12-14 18:24:07
RDMDL,,AN,77,0.315857070208055,0.01,2025-12-14 18:24:08
RDMDL,,AN,78,0.412680805220634,0.01,2025-12-14 18:24:08
RDMDL,,AN,79,0.247665675414161,0.01,2025-12-14 18:24:08
RDMDL,,AN,80,0.258740768943087,0.01,2025-12-14 18:24:08
RDMDL,,AN,81,0.624395224121007,0.01,2025-12-14 18:24:08
RDMDL,,AN,82,0.477787394204902,0.01,2025-12-14 18:24:08
RDMDL,,AN,83,0.36960380865533,0.01,2025-12-14 18:24:08
RDMDL,,AN,84,0.138185850698411,0.01,2025-12-14 18:24:08
RDMDL,,AN,85,0.512848867867275,0.01,2025-12-14 18:24:08
RDMDL,,AN,86,0.0408276041519966,0.01,2025-12-14 18:24:08
RDMDL,,AN,87,0.59327240797851,0.01,2025-12-14 18:24:08
RDMDL,,AN,88,0.96416008332433,0.01,2025-12-14 18:24:08
RDMDL,,AN,89,0.125628390715233,0.01,2025-12-14 18:24:08
RDMDL,,AN,90,0.0163354090004297,0.01,2025-12-14 18:24:08
RDMDL,,AN,91,-0.447605575268344,0.01,2025-12-14 18:24:08
RDMDL,,AN,92,0.57979345739412,0.01,2025-12-14 18:24:08
RDMDL,,AN,93,0.447888261260342,0.01,2025-12-14 18:24:08
RDMDL,,AN,94,-0.0868652678868852,0.01,2025-12-14 18:24:09
RDMDL,,AN,95,0.519127491737854,0.01,2025-12-14 18:24:09
RDMDL,,AN,96,-0.576168352466936,0.01,2025-12-14 18:24:09
RDMDL,,AN,97,0.207493141725093,0.01,2025-12-14 18:24:09
RDMDL,,AN,98,0.484601940313635,0.01,2025-12-14 18:24:09
RDMDL,,AN,99,1.01434305089472,0.01,2025-12-14 18:24:09
RDMDL,,AN,100,-0.242188345406849,0.01,2025-12-14 18:24:09
RDMDL,,AN-s,1,0.586931133552756,0.01,2025-12-14 18:24:09
RDMDL,,AN-s,2,0.0708690299404884,0.01,2025-12-14 18:24:09
RDMDL,,AN-s,3,0.262683779264149,0.01,2025-12-14 18:24:09
RDMDL,,AN-s,4,0.0988789148646869,0.01,2025-12-14 18:24:09
RDMDL,,AN-s,5,0.188857530268892,0.01,2025-12-14 18:24:09
RDMDL,,AN-s,6,0.201883523579913,0.01,2025-12-14 18:24:09
RDMDL,,AN-s,7,-0.185146388197997,0.01,2025-12-14 18:24:09
RDMDL,,AN-s,8,-0.361623962553946,0.01,2025-12-14 18:24:09
RDMDL,,AN-s,9,-0.0973862545214265,0.01,2025-12-14 18:24:09
RDMDL,,AN-s,10,-0.0404592561937549,0.01,2025-12-14 18:24:09
RDMDL,,AN-s,11,0.036019529142173,0.01,2025-12-14 18:24:09
RDMDL,,AN-s,12,-0.0382354141786645,0.01,2025-12-14 18:24:10
RDMDL,,AN-s,13,0.0367164017715697,0.01,2025-12-14 18:24:10
RDMDL,,AN-s,14,-0.295590897481363,0.01,2025-12-14 18:24:10
RDMDL,,AN-s,15,-0.208434933313868,0.01,2025-12-14 18:24:10
RDMDL,,AN-s,16,-0.239199877680987,0.01,2025-12-14 18:24:10
RDMDL,,AN-s,17,0.60651675880215,0.01,2025-12-14 18:24:10
RDMDL,,AN-s,18,0.0469297700872093,0.01,2025-12-14 18:24:10
RDMDL,,AN-s,19,0.0255253043779232,0.01,2025-12-14 18:24:10
RDMDL,,AN-s,20,-0.0263990827673151,0.01,2025-12-14 18:24:10
RDMDL,,AN-s,21,0.23399273133073,0.01,2025-12-14 18:24:10
RDMDL,,AN-s,22,-0.15574314807324,0.01,2025-12-14 18:24:10
RDMDL,,AN-s,23,-0.479901369635718,0.01,2025-12-14 18:24:10
RDMDL,,AN-s,24,-0.394888340734638,0.01,2025-12-14 18:24:10
RDMDL,,AN-s,25,-0.0462449690946409,0.01,2025-12-14 18:24:10
RDMDL,,AN-s,26,0.242872438352536,0.01,2025-12-14 18:24:10
RDMDL,,AN-s,27,-0.0246026413098186,0.01,2025-12-14 18:24:10
RDMDL,,AN-s,28,0.492643116800767,0.01,2025-12-14 18:24:10
RDMDL,,AN-s,29,-0.222714244416999,0.01,2025-12-14 18:24:11
RDMDL,,AN-s,30,-0.443704290591587,0.01,2025-12-14 18:24:11
RDMDL,,AN-s,31,0.41031249542463,0.01,2025-12-14 18:24:11
RDMDL,,AN-s,32,-0.0962994690134482,0.01,2025-12-14 18:24:11
RDMDL,,AN-s,33,0.193806514364156,0.01,2025-12-14 18:24:11
RDMDL,,AN-s,34,0.0518327274066298,0.01,2025-12-14 18:24:11
RDMDL,,AN-s,35,-0.670078586733894,0.01,2025-12-14 18:24:11
RDMDL,,AN-s,36,0.705583315942661,0.01,2025-12-14 18:24:11
RDMDL,,AN-s,37,0.0158361339864979,0.01,2025-12-14 18:24:11
RDMDL,,AN-s,38,-0.0217042755223583,0.01,2025-12-14 18:24:11
RDMDL,,AN-s,39,-0.292861228305128,0.01,2025-12-14 18:24:11
RDMDL,,AN-s,40,0.767525767091441,0.01,2025-12-14 18:24:11
RDMDL,,AN-s,41,-0.362846669337211,0.01,2025-12-14 18:24:11
RDMDL,,AN-s,42,-0.150804070954734,0.01,2025-12-14 18:24:11
RDMDL,,AN-s,43,0.607773754846698,0.01,2025-12-14 18:24:11
RDMDL,,AN-s,44,0.0950723198046491,0.01,2025-12-14 18:24:11
RDMDL,,AN-s,45,-0.362082113984422,0.01,2025-12-14 18:24:11
RDMDL,,AN-s,46,0.476985509443699,0.01,2025-12-14 18:24:12
RDMDL,,AN-s,47,0.070665594466318,0.01,2025-12-14 18:24:12
RDMDL,,AN-s,48,-0.10882729514205,0.01,2025-12-14 18:24:12
RDMDL,,AN-s,49,0.400329046130444,0.01,2025-12-14 18:24:12
RDMDL,,AN-s,50,0.0301025317139512,0.01,2025-12-14 18:24:12
RDMDL,,AN-s,51,0.0104421957340455,0.01,2025-12-14 18:24:12
RDMDL,,AN-s,52,0.438380068808465,0.01,2025-12-14 18:24:12
RDMDL,,AN-s,53,0.202457428784794,0.01,2025-12-14 18:24:12
RDMDL,,AN-s,54,-0.198184008604011,0.01,2025-12-14 18:24:12
RDMDL,,AN-s,55,-0.373858152899037,0.01,2025-12-14 18:24:12
RDMDL,,AN-s,56,-0.338180160334183,0.01,2025-12-14 18:24:12
RDMDL,,AN-s,57,-0.0688489201390777,0.01,2025-12-14 18:24:12
RDMDL,,AN-s,58,-0.0879426617516119,0.01,2025-12-14 18:24:12
RDMDL,,AN-s,59,0.533940489505882,0.01,2025-12-14 18:24:12
RDMDL,,AN-s,60,0.587012658866736,0.01,2025-12-14 18:24:12
RDMDL,,AN-s,61,-0.42103558882857,0.01,2025-12-14 18:24:12
RDMDL,,AN-s,62,-0.503786211054431,0.01,2025-12-14 18:24:13
RDMDL,,AN-s,63,0.612421284825815,0.01,2025-12-14 18:24:13
RDMDL,,AN-s,64,-0.176978298286841,0.01,2025-12-14 18:24:13
RDMDL,,AN-s,65,-0.81732622141698,0.01,2025-12-14 18:24:13
RDMDL,,AN-s,66,-0.045566388826166,0.01,2025-12-14 18:24:13
RDMDL,,AN-s,67,0.0309112746418863,0.01,2025-12-14 18:24:13
RDMDL,,AN-s,68,-0.34429594688247,0.01,2025-12-14 18:24:13
RDMDL,,AN-s,69,-0.311163540143295,0.01,2025-12-14 18:24:13
RDMDL,,AN-s,70,0.429764335260082,0.01,2025-12-14 18:24:13
RDMDL,,AN-s,71,0.253871731796807,0.01,2025-12-14 18:24:13
RDMDL,,AN-s,72,0.210316826240708,0.01,2025-12-14 18:24:13
RDMDL,,AN-s,73,-0.139069661375798,0.01,2025-12-14 18:24:13
RDMDL,,AN-s,74,-0.329564493866306,0.01,2025-12-14 18:24:13
RDMDL,,AN-s,75,0.0253946530257303,0.01,2025-12-14 18:24:13
RDMDL,,AN-s,76,-0.1355340350674,0.01,2025-12-14 18:24:13
RDMDL,,AN-s,77,0.224262964991843,0.01,2025-12-14 18:24:13
RDMDL,,AN-s,78,0.0658458221270143,0.01,2025-12-14 18:24:13
RDMDL,,AN-s,79,0.153599170358144,0.01,2025-12-14 18:24:14
RDMDL,,AN-s,80,-0.455407658348043,0.01,2025-12-14 18:24:14
RDMDL,,AN-s,81,0.468794768490081,0.01,2025-12-14 18:24:14
RDMDL,,AN-s,82,-0.501408323619178,0.01,2025-12-14 18:24:14
RDMDL,,AN-s,83,0.372507769575924,0.01,2025-12-14 18:24:14
RDMDL,,AN-s,84,0.559263640610959,0.01,2025-12-14 18:24:14
RDMDL,,AN-s,85,0.143823900902192,0.01,2025-12-14 18:24:14
RDMDL,,AN-s,86,-0.60229450742827,0.01,2025-12-14 18:24:14
RDMDL,,AN-s,87,-0.164147594213751,0.01,2025-12-14 18:24:14
RDMDL,,AN-s,88,0.707585190983588,0.01,2025-12-14 18:24:14
RDMDL,,AN-s,89,0.657859517892044,0.01,2025-12-14 18:24:14
RDMDL,,AN-s,90,-0.0117817688783779,0.01,2025-12-14 18:24:14
RDMDL,,AN-s,91,0.265985449512204,0.01,2025-12-14 18:24:14
RDMDL,,AN-s,92,-0.408447676343557,0.01,2025-12-14 18:24:14
RDMDL,,AN-s,93,-0.445756729623355,0.01,2025-12-14 18:24:14
RDMDL,,AN-s,94,0.360926723153474,0.01,2025-12-14 18:24:14
RDMDL,,AN-s,95,0.366810287823555,0.01,2025-12-14 18:24:14
RDMDL,,AN-s,96,-0.519086258014952,0.01,2025-12-14 18:24:15
RDMDL,,AN-s,97,0.442507767857854,0.01,2025-12-14 18:24:15
RDMDL,,AN-s,98,0.0658587266438635,0.01,2025-12-14 18:24:15
RDMDL,,AN-s,99,-0.286438818026982,0.01,2025-12-14 18:24:15
RDMDL,,AN-s,100,-0.146973896373403,0.01,2025-12-14 18:24:15
RDMDL,,LS,1,-0.0684510965162712,0.01,2025-12-14 18:24:15
RDMDL,,LS,2,0.0103875827904785,0.01,2025-12-14 18:24:15
RDMDL,,LS,3,0.820091513898497,0.01,2025-12-14 18:24:15
RDMDL,,LS,4,0.397100033508265,0.01,2025-12-14 18:24:15
RDMDL,,LS,5,0.492950507190455,0.01,2025-12-14 18:24:15
RDMDL,,LS,6,-0.103037696655931,0.01,2025-12-14 18:24:15
RDMDL,,LS,7,-0.257156022224863,0.01,2025-12-14 18:24:15
RDMDL,,LS,8,1.23184058169986,0.01,2025-12-14 18:24:15
RDMDL,,LS,9,0.523800831008417,0.01,2025-12-14 18:24:15
RDMDL,,LS,10,0.134763178421193,0.01,2025-12-14 18:24:15
RDMDL,,LS,11,0.357619301094232,0.01,2025-12-14 18:24:15
RDMDL,,LS,12,0.359024288951673,0.01,2025-12-14 18:24:15
RDMDL,,LS,13,-0.078120995110527,0.01,2025-12-14 18:24:15
RDMDL,,LS,14,0.316606822596268,0.01,2025-12-14 18:24:16
RDMDL,,LS,15,0.232765122795962,0.01,2025-12-14 18:24:16
RDMDL,,LS,16,-0.134151119565068,0.01,2025-12-14 18:24:16
RDMDL,,LS,17,-0.0759707530762916,0.01,2025-12-14 18:24:16
RDMDL,,LS,18,0.13358895949048,0.01,2025-12-14 18:24:16
RDMDL,,LS,19,0.26074993198417,0.01,2025-12-14 18:24:16
RDMDL,,LS,20,0.113400953962699,0.01,2025-12-14 18:24:16
RDMDL,,LS,21,0.644437608025894,0.01,2025-12-14 18:24:16
RDMDL,,LS,22,0.0340463643973848,0.01,2025-12-14 18:24:16
RDMDL,,LS,23,0.537215922116501,0.01,2025-12-14 18:24:16
RDMDL,,LS,24,0.444519570485013,0.01,2025-12-14 18:24:16
RDMDL,,LS,25,0.338328917805662,0.01,2025-12-14 18:24:16
RDMDL,,LS,26,-0.558334597642585,0.01,2025-12-14 18:24:16
RDMDL,,LS,27,0.187239902567987,0.01,2025-12-14 18:24:16
RDMDL,,LS,28,0.22542107739009,0.01,2025-12-14 18:24:16
RDMDL,,LS,29,0.227589217871013,0.01,2025-12-14 18:24:16
RDMDL,,LS,30,0.334355778726344,0.01,2025-12-14 18:24:16
RDMDL,,LS,31,-0.0924655244424598,0.01,2025-12-14 18:24:16
RDMDL,,LS,32,0.778887643902241,0.01,2025-12-14 18:24:17
RDMDL,,LS,33,-0.0258225713297515,0.01,2025-12-14 18:24:17
RDMDL,,LS,34,0.232618421716641,0.01,2025-12-14 18:24:17
RDMDL,,LS,35,0.922800319029614,0.01,2025-12-14 18:24:17
RDMDL,,LS,36,0.165444023637755,0.01,2025-12-14 18:24:17
RDMDL,,LS,37,-0.154256314796943,0.01,2025-12-14 18:24:17
RDMDL,,LS,38,0.423744338459284,0.01,2025-12-14 18:24:17
RDMDL,,LS,39,0.622030103452507,0.01,2025-12-14 18:24:17
RDMDL,,LS,40,0.245195584382748,0.01,2025-12-14 18:24:17
RDMDL,,LS,41,-0.0373752561348123,0.01,2025-12-14 18:24:17
RDMDL,,LS,42,-0.385227645549419,0.01,2025-12-14 18:24:17
RDMDL,,LS,43,0.441501919595216,0.01,2025-12-14 18:24:17
RDMDL,,LS,44,0.0926176079336244,0.01,2025-12-14 18:24:17
RDMDL,,LS,45,-0.50671109722235,0.01,2025-12-14 18:24:17
RDMDL,,LS,46,0.30006180307814,0.01,2025-12-14 18:24:17
RDMDL,,LS,47,-0.408597243514928,0.01,2025-12-14 18:24:17
RDMDL,,LS,48,-0.461598759387843,0.01,2025-12-14 18:24:17
RDMDL,,LS,49,-0.311331987336703,0.01,2025-12-14 18:24:17
RDMDL,,LS,50,1.10567778099937,0.01,2025-12-14 18:24:18
RDMDL,,LS,51,-0.0610249485080935,0.01,2025-12-14 18:24:18
RDMDL,,LS,52,-0.111028736338757,0.01,2025-12-14 18:24:18
RDMDL,,LS,53,0.0048900783810349,0.01,2025-12-14 18:24:18
RDMDL,,LS,54,0.243612108045301,0.01,2025-12-14 18:24:18
RDMDL,,LS,55,0.0214137341142957,0.01,2025-12-14 18:24:18
RDMDL,,LS,56,-0.0265844882038113,0.01,2025-12-14 18:24:18
RDMDL,,LS,57,-0.0228883177520192,0.01,2025-12-14 18:24:18
RDMDL,,LS,58,-0.32352358293542,0.01,2025-12-14 18:24:18
RDMDL,,LS,59,-0.263554142617885,0.01,2025-12-14 18:24:18
RDMDL,,LS,60,0.498667081283769,0.01,2025-12-14 18:24:18
RDMDL,,LS,61,0.376823620256939,0.01,2025-12-14 18:24:18
RDMDL,,LS,62,0.0767342644253524,0.01,2025-12-14 18:24:18
RDMDL,,LS,63,1.09609138093484,0.01,2025-12-14 18:24:18
RDMDL,,LS,64,1.85020215114668,0.01,2025-12-14 18:24:18
RDMDL,,LS,65,-0.110091323490687,0.01,2025-12-14 18:24:18
RDMDL,,LS,66,-0.148457650703037,0.01,2025-12-14 18:24:18
RDMDL,,LS,67,0.232844743846246,0.01,2025-12-14 18:24:18
RDMDL,,LS,68,-0.259737553899631,0.01,2025-12-14 18:24:19
RDMDL,,LS,69,0.0873443606526555,0.01,2025-12-14 18:24:19
RDMDL,,LS,70,0.283361137573172,0.01,2025-12-14 18:24:19
RDMDL,,LS,71,-0.106225315601241,0.01,2025-12-14 18:24:19
RDMDL,,LS,72,0.601879968506549,0.01,2025-12-14 18:24:19
RDMDL,,LS,73,-0.0003632475589943,0.01,2025-12-14 18:24:19
RDMDL,,LS,74,0.0799455545797197,0.01,2025-12-14 18:24:19
RDMDL,,LS,75,1.15374042669253,0.01,2025-12-14 18:24:19
RDMDL,,LS,76,-0.16173262567957,0.01,2025-12-14 18:24:19
RDMDL,,LS,77,-0.028875530245672,0.01,2025-12-14 18:24:19
RDMDL,,LS,78,0.338843873336862,0.01,2025-12-14 18:24:19
RDMDL,,LS,79,-0.414322450669554,0.01,2025-12-14 18:24:19
RDMDL,,LS,80,0.344071739151754,0.01,2025-12-14 18:24:19
RDMDL,,LS,81,0.492777782162383,0.01,2025-12-14 18:24:19
RDMDL,,LS,82,0.178661695536895,0.01,2025-12-14 18:24:19
RDMDL,,LS,83,0.452914698719863,0.01,2025-12-14 18:24:19
RDMDL,,LS,84,0.098461491375564,0.01,2025-12-14 18:24:19
RDMDL,,LS,85,0.703152880936442,0.01,2025-12-14 18:24:19
RDMDL,,LS,86,0.698960331098458,0.01,2025-12-14 18:24:20
RDMDL,,LS,87,0.602031523668811,0.01,2025-12-14 18:24:20
RDMDL,,LS,88,0.296429451344766,0.01,2025-12-14 18:24:20
RDMDL,,LS,89,0.0756918313354822,0.01,2025-12-14 18:24:20
RDMDL,,LS,90,1.14093890128552,0.01,2025-12-14 18:24:20
RDMDL,,LS,91,0.653663431026518,0.01,2025-12-14 18:24:20
RDMDL,,LS,92,1.04170136473893,0.01,2025-12-14 18:24:20
RDMDL,,LS,93,0.201830692558681,0.01,2025-12-14 18:24:20
RDMDL,,LS,94,0.0915228706812054,0.01,2025-12-14 18:24:20
RDMDL,,LS,95,0.169091747670656,0.01,2025-12-14 18:24:20
RDMDL,,LS,96,0.733704121897457,0.01,2025-12-14 18:24:20
RDMDL,,LS,97,-0.112273351183184,0.01,2025-12-14 18:24:20
RDMDL,,LS,98,0.0389736120399652,0.01,2025-12-14 18:24:20
RDMDL,,LS,99,0.0948551539752238,0.01,2025-12-14 18:24:20
RDMDL,,LS,100,-0.414992236890706,0.01,2025-12-14 18:24:20
RDMDL,,LS-s,1,-0.661799626449465,0.01,2025-12-14 18:24:20
RDMDL,,LS-s,2,-0.414283046514158,0.01,2025-12-14 18:24:20
RDMDL,,LS-s,3,-0.555121116696809,0.01,2025-12-14 18:24:20
RDMDL,,LS-s,4,0.120704837799559,0.01,2025-12-14 18:24:21
RDMDL,,LS-s,5,-0.624404557343712,0.01,2025-12-14 18:24:21
RDMDL,,LS-s,6,-0.370309855989353,0.01,2025-12-14 18:24:21
RDMDL,,LS-s,7,-0.481291297260225,0.01,2025-12-14 18:24:21
RDMDL,,LS-s,8,-0.746946752830853,0.01,2025-12-14 18:24:21
RDMDL,,LS-s,9,0.489459329262453,0.01,2025-12-14 18:24:21
RDMDL,,LS-s,10,-0.461158051130061,0.01,2025-12-14 18:24:21
RDMDL,,LS-s,11,-0.0977742239168976,0.01,2025-12-14 18:24:21
RDMDL,,LS-s,12,0.0650055602887634,0.01,2025-12-14 18:24:21
RDMDL,,LS-s,13,-0.0191128184420244,0.01,2025-12-14 18:24:21
RDMDL,,LS-s,14,-0.231586657860777,0.01,2025-12-14 18:24:21
RDMDL,,LS-s,15,-0.510095866310284,0.01,2025-12-14 18:24:21
RDMDL,,LS-s,16,0.0634530790539925,0.01,2025-12-14 18:24:21
RDMDL,,LS-s,17,-0.558780665054618,0.01,2025-12-14 18:24:21
RDMDL,,LS-s,18,-0.835632989123614,0.01,2025-12-14 18:24:21
RDMDL,,LS-s,19,-0.0445899724984392,0.01,2025-12-14 18:24:21
RDMDL,,LS-s,20,-0.744427392609511,0.01,2025-12-14 18:24:21
RDMDL,,LS-s,21,-0.453180648476582,0.01,2025-12-14 18:24:21
RDMDL,,LS-s,22,0.0895406498619174,0.01,2025-12-14 18:24:22
RDMDL,,LS-s,23,0.249585537569688,0.01,2025-12-14 18:24:22
RDMDL,,LS-s,24,-0.204720337400557,0.01,2025-12-14 18:24:22
RDMDL,,LS-s,25,-0.557407779076668,0.01,2025-12-14 18:24:22
RDMDL,,LS-s,26,-0.16682383205334,0.01,2025-12-14 18:24:22
RDMDL,,LS-s,27,-0.495171435202174,0.01,2025-12-14 18:24:22
RDMDL,,LS-s,28,-0.400832685886924,0.01,2025-12-14 18:24:22
RDMDL,,LS-s,29,-0.715136807602247,0.01,2025-12-14 18:24:22
RDMDL,,LS-s,30,-0.0551871245011352,0.01,2025-12-14 18:24:22
RDMDL,,LS-s,31,-0.910341644614517,0.01,2025-12-14 18:24:22
RDMDL,,LS-s,32,-0.632999038782574,0.01,2025-12-14 18:24:22
RDMDL,,LS-s,33,-0.612404286268178,0.01,2025-12-14 18:24:22
RDMDL,,LS-s,34,-0.241888365467634,0.01,2025-12-14 18:24:22
RDMDL,,LS-s,35,-0.38851996756958,0.01,2025-12-14 18:24:22
RDMDL,,LS-s,36,0.179448482611434,0.01,2025-12-14 18:24:22
RDMDL,,LS-s,37,-0.878781708903481,0.01,2025-12-14 18:24:22
RDMDL,,LS-s,38,-0.394045031732321,0.01,2025-12-14 18:24:22
RDMDL,,LS-s,39,-0.497871004738658,0.01,2025-12-14 18:24:23
RDMDL,,LS-s,40,-0.489423886410063,0.01,2025-12-14 18:24:23
RDMDL,,LS-s,41,-0.681742991482607,0.01,2025-12-14 18:24:23
RDMDL,,LS-s,42,-0.380405604832805,0.01,2025-12-14 18:24:23
RDMDL,,LS-s,43,-0.177182451512895,0.01,2025-12-14 18:24:23
RDMDL,,LS-s,44,-0.437859190726141,0.01,2025-12-14 18:24:23
RDMDL,,LS-s,45,-1.05763629887884,0.01,2025-12-14 18:24:23
RDMDL,,LS-s,46,-0.332602245581067,0.01,2025-12-14 18:24:23
RDMDL,,LS-s,47,-0.352691441599948,0.01,2025-12-14 18:24:23
RDMDL,,LS-s,48,-0.755671485859504,0.01,2025-12-14 18:24:23
RDMDL,,LS-s,49,0.119404613619505,0.01,2025-12-14 18:24:23
RDMDL,,LS-s,50,-0.88623461288212,0.01,2025-12-14 18:24:23
RDMDL,,LS-s,51,-0.040356271211418,0.01,2025-12-14 18:24:23
RDMDL,,LS-s,52,-0.410464591251941,0.01,2025-12-14 18:24:23
RDMDL,,LS-s,53,-0.472497991549561,0.01,2025-12-14 18:24:23
RDMDL,,LS-s,54,0.170771046409221,0.01,2025-12-14 18:24:23
RDMDL,,LS-s,55,-0.731797365573791,0.01,2025-12-14 18:24:23
RDMDL,,LS-s,56,-0.0768733699104559,0.01,2025-12-14 18:24:23
RDMDL,,LS-s,57,-0.483642766591519,0.01,2025-12-14 18:24:24
RDMDL,,LS-s,58,-0.84284565574616,0.01,2025-12-14 18:24:24
RDMDL,,LS-s,59,-0.110408973260966,0.01,2025-12-14 18:24:24
RDMDL,,LS-s,60,-0.165959887911891,0.01,2025-12-14 18:24:24
RDMDL,,LS-s,61,-0.391151476176272,0.01,2025-12-14 18:24:24
RDMDL,,LS-s,62,-0.368075276631148,0.01,2025-12-14 18:24:24
RDMDL,,LS-s,63,0.286097713091889,0.01,2025-12-14 18:24:24
RDMDL,,LS-s,64,-0.533461487567457,0.01,2025-12-14 18:24:24
RDMDL,,LS-s,65,-0.470947060980419,0.01,2025-12-14 18:24:24
RDMDL,,LS-s,66,-0.578831795131488,0.01,2025-12-14 18:24:24
RDMDL,,LS-s,67,-0.533219675357927,0.01,2025-12-14 18:24:24
RDMDL,,LS-s,68,-0.11941846415492,0.01,2025-12-14 18:24:24
RDMDL,,LS-s,69,-0.907267202730704,0.01,2025-12-14 18:24:24
RDMDL,,LS-s,70,-0.689622915042885,0.01,2025-12-14 18:24:24
RDMDL,,LS-s,71,-0.325441722931394,0.01,2025-12-14 18:24:24
RDMDL,,LS-s,72,-0.411741660020066,0.01,2025-12-14 18:24:24
RDMDL,,LS-s,73,-0.527352831943709,0.01,2025-12-14 18:24:24
RDMDL,,LS-s,74,-0.664326777468912,0.01,2025-12-14 18:24:24
RDMDL,,LS-s,75,-0.568413385346676,0.01,2025-12-14 18:24:25
RDMDL,,LS-s,76,-0.687754540464734,0.01,2025-12-14 18:24:25
RDMDL,,LS-s,77,-0.278894921186148,0.01,2025-12-14 18:24:25
RDMDL,,LS-s,78,-0.599601314160732,0.01,2025-12-14 18:24:25
RDMDL,,LS-s,79,-0.492292159127179,0.01,2025-12-14 18:24:25
RDMDL,,LS-s,80,-0.192310487147528,0.01,2025-12-14 18:24:25
RDMDL,,LS-s,81,-0.440328190483951,0.01,2025-12-14 18:24:25
RDMDL,,LS-s,82,-0.457965148058236,0.01,2025-12-14 18:24:25
RDMDL,,LS-s,83,-0.659689112155589,0.01,2025-12-14 18:24:25
RDMDL,,LS-s,84,-0.358027751577631,0.01,2025-12-14 18:24:25
RDMDL,,LS-s,85,-0.374826618414206,0.01,2025-12-14 18:24:25
RDMDL,,LS-s,86,-0.339024772009663,0.01,2025-12-14 18:24:25
RDMDL,,LS-s,87,-0.475619815986625,0.01,2025-12-14 18:24:25
RDMDL,,LS-s,88,0.575587026739486,0.01,2025-12-14 18:24:25
RDMDL,,LS-s,89,-0.855416923406825,0.01,2025-12-14 18:24:25
RDMDL,,LS-s,90,-0.407835146651564,0.01,2025-12-14 18:24:25
RDMDL,,LS-s,91,-0.660727718589951,0.01,2025-12-14 18:24:25
RDMDL,,LS-s,92,-0.359667717693135,0.01,2025-12-14 18:24:25
RDMDL,,LS-s,93,0.48852264309451,0.01,2025-12-14 18:24:26
RDMDL,,LS-s,94,-0.0694549126166648,0.01,2025-12-14 18:24:26
RDMDL,,LS-s,95,-0.168598558080745,0.01,2025-12-14 18:24:26
RDMDL,,LS-s,96,-0.411540793048005,0.01,2025-12-14 18:24:26
RDMDL,,LS-s,97,-0.179125333396446,0.01,2025-12-14 18:24:26
RDMDL,,LS-s,98,0.0722375613676244,0.01,2025-12-14 18:24:26
RDMDL,,LS-s,99,-0.318806593254999,0.01,2025-12-14 18:24:26
RDMDL,,LS-s,100,-0.665088189978817,0.01,2025-12-14 18:24:26
RDMDL,,MN-U,1,-0.432838207833645,0.01,2025-12-14 18:24:26
RDMDL,,MN-U,2,0.0562689643534329,0.01,2025-12-14 18:24:26
RDMDL,,MN-U,3,-0.512440735263023,0.01,2025-12-14 18:24:26
RDMDL,,MN-U,4,-0.0310820646636327,0.01,2025-12-14 18:24:26
RDMDL,,MN-U,5,-0.181396186435487,0.01,2025-12-14 18:24:26
RDMDL,,MN-U,6,-0.187712182641819,0.01,2025-12-14 18:24:26
RDMDL,,MN-U,7,-0.386895213679373,0.01,2025-12-14 18:24:26
RDMDL,,MN-U,8,-0.100180992615389,0.01,2025-12-14 18:24:26
RDMDL,,MN-U,9,0.104891367238337,0.01,2025-12-14 18:24:26
RDMDL,,MN-U,10,-0.345734021559752,0.01,2025-12-14 18:24:27
RDMDL,,MN-U,11,-0.184129758367393,0.01,2025-12-14 18:24:27
RDMDL,,MN-U,12,-0.0345864746027912,0.01,2025-12-14 18:24:27
RDMDL,,MN-U,13,-0.632676460656231,0.01,2025-12-14 18:24:27
RDMDL,,MN-U,14,-0.499670470612041,0.01,2025-12-14 18:24:27
RDMDL,,MN-U,15,-0.0529412102043488,0.01,2025-12-14 18:24:27
RDMDL,,MN-U,16,-0.142931120928642,0.01,2025-12-14 18:24:27
RDMDL,,MN-U,17,0.00249574729462,0.01,2025-12-14 18:24:27
RDMDL,,MN-U,18,-0.409148812804864,0.01,2025-12-14 18:24:27
RDMDL,,MN-U,19,-0.298665246576559,0.01,2025-12-14 18:24:27
RDMDL,,MN-U,20,-0.449039177459161,0.01,2025-12-14 18:24:27
RDMDL,,MN-U,21,-0.644076738375757,0.01,2025-12-14 18:24:27
RDMDL,,MN-U,22,-0.272593071815317,0.01,2025-12-14 18:24:27
RDMDL,,MN-U,23,0.0815218848131621,0.01,2025-12-14 18:24:27
RDMDL,,MN-U,24,-0.248636877216762,0.01,2025-12-14 18:24:27
RDMDL,,MN-U,25,-0.137668065005485,0.01,2025-12-14 18:24:27
RDMDL,,MN-U,26,-0.244094553765884,0.01,2025-12-14 18:24:28
RDMDL,,MN-U,27,-0.206407488882307,0.01,2025-12-14 18:24:28
RDMDL,,MN-U,28,-0.107361480037015,0.01,2025-12-14 18:24:28
RDMDL,,MN-U,29,-0.565717637218871,0.01,2025-12-14 18:24:28
RDMDL,,MN-U,30,-0.701848940841636,0.01,2025-12-14 18:24:28
RDMDL,,MN-U,31,-0.343977101666196,0.01,2025-12-14 18:24:28
RDMDL,,MN-U,32,-0.149801404534906,0.01,2025-12-14 18:24:28
RDMDL,,MN-U,33,-0.215759544653082,0.01,2025-12-14 18:24:28
RDMDL,,MN-U,34,-0.517157780238995,0.01,2025-12-14 18:24:28
RDMDL,,MN-U,35,-0.196396501264905,0.01,2025-12-14 18:24:28
RDMDL,,MN-U,36,-0.320806091264154,0.01,2025-12-14 18:24:28
RDMDL,,MN-U,37,-0.140183883691967,0.01,2025-12-14 18:24:28
RDMDL,,MN-U,38,-0.0292879252450404,0.01,2025-12-14 18:24:28
RDMDL,,MN-U,39,-0.373874090192534,0.01,2025-12-14 18:24:28
RDMDL,,MN-U,40,-0.302555861556004,0.01,2025-12-14 18:24:28
RDMDL,,MN-U,41,0.147712448350666,0.01,2025-12-14 18:24:28
RDMDL,,MN-U,42,-0.470726569526493,0.01,2025-12-14 18:24:29
RDMDL,,MN-U,43,-0.173482831621407,0.01,2025-12-14 18:24:29
RDMDL,,MN-U,44,-0.386299677206274,0.01,2025-12-14 18:24:29
RDMDL,,MN-U,45,-0.500210028592309,0.01,2025-12-14 18:24:29
RDMDL,,MN-U,46,-0.44690608002022,0.01,2025-12-14 18:24:29
RDMDL,,MN-U,47,-0.278391689275647,0.01,2025-12-14 18:24:29
RDMDL,,MN-U,48,-0.301054798781661,0.01,2025-12-14 18:24:29
RDMDL,,MN-U,49,-0.374265470816506,0.01,2025-12-14 18:24:29
RDMDL,,MN-U,50,-0.212482554527897,0.01,2025-12-14 18:24:29
RDMDL,,MN-U,51,-0.130655618215138,0.01,2025-12-14 18:24:29
RDMDL,,MN-U,52,-0.372424955914682,0.01,2025-12-14 18:24:29
RDMDL,,MN-U,53,-0.360233268172912,0.01,2025-12-14 18:24:29
RDMDL,,MN-U,54,-0.391539654437752,0.01,2025-12-14 18:24:29
RDMDL,,MN-U,55,0.0050923021645592,0.01,2025-12-14 18:24:29
RDMDL,,MN-U,56,-0.405962531249861,0.01,2025-12-14 18:24:29
RDMDL,,MN-U,57,-0.181199765019111,0.01,2025-12-14 18:24:30
RDMDL,,MN-U,58,-0.412507959274869,0.01,2025-12-14 18:24:30
RDMDL,,MN-U,59,-0.449661964444049,0.01,2025-12-14 18:24:30
RDMDL,,MN-U,60,-0.197645551021735,0.01,2025-12-14 18:24:30
RDMDL,,MN-U,61,-0.291764650788785,0.01,2025-12-14 18:24:30
RDMDL,,MN-U,62,-0.0347051411129855,0.01,2025-12-14 18:24:30
RDMDL,,MN-U,63,-0.304545608305628,0.01,2025-12-14 18:24:30
RDMDL,,MN-U,64,-0.431565529081224,0.01,2025-12-14 18:24:30
RDMDL,,MN-U,65,0.0150638881878812,0.01,2025-12-14 18:24:30
RDMDL,,MN-U,66,-0.402847002957698,0.01,2025-12-14 18:24:30
RDMDL,,MN-U,67,-0.727726649486273,0.01,2025-12-14 18:24:30
RDMDL,,MN-U,68,-0.0657688154739721,0.01,2025-12-14 18:24:30
RDMDL,,MN-U,69,-0.325631647172126,0.01,2025-12-14 18:24:30
RDMDL,,MN-U,70,-0.243460443557588,0.01,2025-12-14 18:24:30
RDMDL,,MN-U,71,-0.0877094400106229,0.01,2025-12-14 18:24:30
RDMDL,,MN-U,72,-0.495581710116555,0.01,2025-12-14 18:24:30
RDMDL,,MN-U,73,-0.223005463801748,0.01,2025-12-14 18:24:30
RDMDL,,MN-U,74,-0.250130137773744,0.01,2025-12-14 18:24:31
RDMDL,,MN-U,75,-0.166355357997809,0.01,2025-12-14 18:24:31
RDMDL,,MN-U,76,-0.126581393299859,0.01,2025-12-14 18:24:31
RDMDL,,MN-U,77,-0.165729207247711,0.01,2025-12-14 18:24:31
RDMDL,,MN-U,78,-0.422340299381938,0.01,2025-12-14 18:24:31
RDMDL,,MN-U,79,-0.173209697753573,0.01,2025-12-14 18:24:31
RDMDL,,MN-U,80,-0.129257375570098,0.01,2025-12-14 18:24:31
RDMDL,,MN-U,81,-0.256344231958399,0.01,2025-12-14 18:24:31
RDMDL,,MN-U,82,-0.301843675700682,0.01,2025-12-14 18:24:31
RDMDL,,MN-U,83,-0.533083560622494,0.01,2025-12-14 18:24:31
RDMDL,,MN-U,84,-0.623166494634202,0.01,2025-12-14 18:24:31
RDMDL,,MN-U,85,-0.0218489750742589,0.01,2025-12-14 18:24:31
RDMDL,,MN-U,86,-0.25512065491538,0.01,2025-12-14 18:24:31
RDMDL,,MN-U,87,-0.102073169698034,0.01,2025-12-14 18:24:31
RDMDL,,MN-U,88,-0.331527741150191,0.01,2025-12-14 18:24:31
RDMDL,,MN-U,89,-0.432626866795129,0.01,2025-12-14 18:24:31
RDMDL,,MN-U,90,-0.128798459143213,0.01,2025-12-14 18:24:31
RDMDL,,MN-U,91,-0.210329416284555,0.01,2025-12-14 18:24:32
RDMDL,,MN-U,92,-0.323252620126874,0.01,2025-12-14 18:24:32
RDMDL,,MN-U,93,-0.183779141350051,0.01,2025-12-14 18:24:32
RDMDL,,MN-U,94,-0.642006946174365,0.01,2025-12-14 18:24:32
RDMDL,,MN-U,95,-0.334244099971667,0.01,2025-12-14 18:24:32
RDMDL,,MN-U,96,-0.325533471334231,0.01,2025-12-14 18:24:32
RDMDL,,MN-U,97,-0.385817112599999,0.01,2025-12-14 18:24:32
RDMDL,,MN-U,98,-0.311066462061638,0.01,2025-12-14 18:24:32
RDMDL,,MN-U,99,-0.08734705805262,0.01,2025-12-14 18:24:32
RDMDL,,MN-U,100,-0.193238177350999,0.01,2025-12-14 18:24:32
RDMDL,,AN,1,0.318903673691349,0.01,2025-12-14 18:24:32
RDMDL,,AN,2,0.538066838767529,0.01,2025-12-14 18:24:32
RDMDL,,AN,3,0.675782710203674,0.01,2025-12-14 18:24:32
RDMDL,,AN,4,0.794248408560301,0.01,2025-12-14 18:24:32
RDMDL,,AN,5,0.734470780519307,0.01,2025-12-14 18:24:32
RDMDL,,AN,6,0.674014694526726,0.01,2025-12-14 18:24:32
RDMDL,,AN,7,0.924381420427769,0.01,2025-12-14 18:24:33
RDMDL,,AN,8,0.759440263774823,0.01,2025-12-14 18:24:33
RDMDL,,AN,9,0.353703302482098,0.01,2025-12-14 18:24:33
RDMDL,,AN,10,0.719608067903531,0.01,2025-12-14 18:24:33
RDMDL,,AN,11,-0.138350064355702,0.01,2025-12-14 18:24:33
RDMDL,,AN,12,0.428681112852339,0.01,2025-12-14 18:24:33
RDMDL,,AN,13,0.0380282434636544,0.01,2025-12-14 18:24:33
RDMDL,,AN,14,0.010689778243619,0.01,2025-12-14 18:24:33
RDMDL,,AN,15,-0.128691506056653,0.01,2025-12-14 18:24:33
RDMDL,,AN,16,-0.221704568959513,0.01,2025-12-14 18:24:33
RDMDL,,AN,17,0.193939217635187,0.01,2025-12-14 18:24:33
RDMDL,,AN,18,-0.270919872220416,0.01,2025-12-14 18:24:33
RDMDL,,AN,19,-0.240405326009602,0.01,2025-12-14 18:24:33
RDMDL,,AN,20,0.204468813858069,0.01,2025-12-14 18:24:33
RDMDL,,AN,21,-0.197400036011085,0.01,2025-12-14 18:24:33
RDMDL,,AN,22,-0.0132703487445662,0.01,2025-12-14 18:24:33
RDMDL,,AN,23,-0.273607032324077,0.01,2025-12-14 18:24:33
RDMDL,,AN,24,-0.0924533021891584,0.01,2025-12-14 18:24:34
RDMDL,,AN,25,1.02272933781483,0.01,2025-12-14 18:24:34
RDMDL,,AN,26,1.06684377322451,0.01,2025-12-14 18:24:34
RDMDL,,AN,27,-0.282961966423806,0.01,2025-12-14 18:24:34
RDMDL,,AN,28,-0.204559449853371,0.01,2025-12-14 18:24:34
RDMDL,,AN,29,0.656721884523674,0.01,2025-12-14 18:24:34
RDMDL,,AN,30,0.165109020223683,0.01,2025-12-14 18:24:34
RDMDL,,AN,31,0.153299350749194,0.01,2025-12-14 18:24:34
RDMDL,,AN,32,1.69349211920829,0.01,2025-12-14 18:24:34
RDMDL,,AN,33,0.0574322797775271,0.01,2025-12-14 18:24:34
RDMDL,,AN,34,0.613632152670565,0.01,2025-12-14 18:24:34
RDMDL,,AN,35,1.15289406314134,0.01,2025-12-14 18:24:34
RDMDL,,AN,36,0.417106617377787,0.01,2025-12-14 18:24:34
RDMDL,,AN,37,-0.0878891727837171,0.01,2025-12-14 18:24:34
RDMDL,,AN,38,-0.0632814626733438,0.01,2025-12-14 18:24:34
RDMDL,,AN,39,0.261721058597531,0.01,2025-12-14 18:24:34
RDMDL,,AN,40,0.0876555443662277,0.01,2025-12-14 18:24:34
RDMDL,,AN,41,0.555290722061591,0.01,2025-12-14 18:24:35
RDMDL,,AN,42,0.242875872311467,0.01,2025-12-14 18:24:35
RDMDL,,AN,43,0.167011615144746,0.01,2025-12-14 18:24:35
RDMDL,,AN,44,0.706297124033315,0.01,2025-12-14 18:24:35
RDMDL,,AN,45,0.262842642142203,0.01,2025-12-14 18:24:35
RDMDL,,AN,46,0.0796751219169498,0.01,2025-12-14 18:24:35
RDMDL,,AN,47,0.284445931779522,0.01,2025-12-14 18:24:35
RDMDL,,AN,48,0.973173687017081,0.01,2025-12-14 18:24:35
RDMDL,,AN,49,-0.10312677713323,0.01,2025-12-14 18:24:35
RDMDL,,AN,50,0.13658384956895,0.01,2025-12-14 18:24:35
RDMDL,,AN,51,-0.144538265909191,0.01,2025-12-14 18:24:35
RDMDL,,AN,52,0.197914454676565,0.01,2025-12-14 18:24:35
RDMDL,,AN,53,0.693771934692436,0.01,2025-12-14 18:24:35
RDMDL,,AN,54,0.361778893714958,0.01,2025-12-14 18:24:35
RDMDL,,AN,55,1.16837960527057,0.01,2025-12-14 18:24:35
RDMDL,,AN,56,-0.218890711829827,0.01,2025-12-14 18:24:35
RDMDL,,AN,57,0.505036616224462,0.01,2025-12-14 18:24:35
RDMDL,,AN,58,0.305691889743663,0.01,2025-12-14 18:24:35
RDMDL,,AN,59,-0.152122810432407,0.01,2025-12-14 18:24:36
RDMDL,,AN,60,0.131253162055565,0.01,2025-12-14 18:24:36
RDMDL,,AN,61,0.107158497327896,0.01,2025-12-14 18:24:36
RDMDL,,AN,62,-0.409545469094698,0.01,2025-12-14 18:24:36
RDMDL,,AN,63,0.587986474100457,0.01,2025-12-14 18:24:36
RDMDL,,AN,64,0.401507830627922,0.01,2025-12-14 18:24:36
RDMDL,,AN,65,1.04468146633721,0.01,2025-12-14 18:24:36
RDMDL,,AN,66,-0.0931280509803664,0.01,2025-12-14 18:24:36
RDMDL,,AN,67,0.419744669669451,0.01,2025-12-14 18:24:36
RDMDL,,AN,68,0.134080011899764,0.01,2025-12-14 18:24:36
RDMDL,,AN,69,0.752633157810146,0.01,2025-12-14 18:24:36
RDMDL,,AN,70,-0.287254877556386,0.01,2025-12-14 18:24:36
RDMDL,,AN,71,-0.0330220379714473,0.01,2025-12-14 18:24:36
RDMDL,,AN,72,0.617735409351176,0.01,2025-12-14 18:24:36
RDMDL,,AN,73,-0.160150796588701,0.01,2025-12-14 18:24:36
RDMDL,,AN,74,0.149364507039666,0.01,2025-12-14 18:24:36
RDMDL,,AN,75,0.729301222297387,0.01,2025-12-14 18:24:36
RDMDL,,AN,76,0.0589522537934014,0.01,2025-12-14 18:24:37
RDMDL,,AN,77,0.304770504560874,0.01,2025-12-14 18:24:37
RDMDL,,AN,78,0.408427992255302,0.01,2025-12-14 18:24:37
RDMDL,,AN,79,0.238770296873904,0.01,2025-12-14 18:24:37
RDMDL,,AN,80,0.251545197563722,0.01,2025-12-14 18:24:37
RDMDL,,AN,81,0.615381757999327,0.01,2025-12-14 18:24:37
RDMDL,,AN,82,0.480730181343493,0.01,2025-12-14 18:24:37
RDMDL,,AN,83,0.360295095545629,0.01,2025-12-14 18:24:37
RDMDL,,AN,84,0.126158795314241,0.01,2025-12-14 18:24:37
RDMDL,,AN,85,0.527832717416128,0.01,2025-12-14 18:24:37
RDMDL,,AN,86,0.0297255889194452,0.01,2025-12-14 18:24:37
RDMDL,,AN,87,0.592114628471122,0.01,2025-12-14 18:24:37
RDMDL,,AN,88,0.960830375981192,0.01,2025-12-14 18:24:37
RDMDL,,AN,89,0.111983890640542,0.01,2025-12-14 18:24:37
RDMDL,,AN,90,-0.0011614287452955,0.01,2025-12-14 18:24:37
RDMDL,,AN,91,-0.465801131510585,0.01,2025-12-14 18:24:37
RDMDL,,AN,92,0.579686025689925,0.01,2025-12-14 18:24:37
RDMDL,,AN,93,0.440784083298157,0.01,2025-12-14 18:24:38
RDMDL,,AN,94,-0.103131257599003,0.01,2025-12-14 18:24:38
RDMDL,,AN,95,0.511210022813094,0.01,2025-12-14 18:24:38
RDMDL,,AN,96,-0.594036610746334,0.01,2025-12-14 18:24:38
RDMDL,,AN,97,0.198195978470851,0.01,2025-12-14 18:24:38
RDMDL,,AN,98,0.47853748973848,0.01,2025-12-14 18:24:38
RDMDL,,AN,99,1.01321562679377,0.01,2025-12-14 18:24:38
RDMDL,,AN,100,-0.251678838944949,0.01,2025-12-14 18:24:38
RDMDL,,AN-s,1,0.59844260447721,0.01,2025-12-14 18:24:38
RDMDL,,AN-s,2,0.0699904101945176,0.01,2025-12-14 18:24:38
RDMDL,,AN-s,3,0.263938426333297,0.01,2025-12-14 18:24:38
RDMDL,,AN-s,4,0.0962832528651733,0.01,2025-12-14 18:24:38
RDMDL,,AN-s,5,0.184286290845684,0.01,2025-12-14 18:24:38
RDMDL,,AN-s,6,0.201653559873016,0.01,2025-12-14 18:24:38
RDMDL,,AN-s,7,-0.191254647574435,0.01,2025-12-14 18:24:38
RDMDL,,AN-s,8,-0.375235287150476,0.01,2025-12-14 18:24:38
RDMDL,,AN-s,9,-0.102037977740454,0.01,2025-12-14 18:24:38
RDMDL,,AN-s,10,-0.0436590362894842,0.01,2025-12-14 18:24:39
RDMDL,,AN-s,11,0.0338027991897972,0.01,2025-12-14 18:24:39
RDMDL,,AN-s,12,-0.0433413983005925,0.01,2025-12-14 18:24:39
RDMDL,,AN-s,13,0.0338820816870127,0.01,2025-12-14 18:24:39
RDMDL,,AN-s,14,-0.303991615044074,0.01,2025-12-14 18:24:39
RDMDL,,AN-s,15,-0.21589966258983,0.01,2025-12-14 18:24:39
RDMDL,,AN-s,16,-0.24646691789593,0.01,2025-12-14 18:24:39
RDMDL,,AN-s,17,0.623801103379616,0.01,2025-12-14 18:24:39
RDMDL,,AN-s,18,0.0433650566582205,0.01,2025-12-14 18:24:39
RDMDL,,AN-s,19,0.0226868643832478,0.01,2025-12-14 18:24:39
RDMDL,,AN-s,20,-0.0294555085375845,0.01,2025-12-14 18:24:39
RDMDL,,AN-s,21,0.234719632217849,0.01,2025-12-14 18:24:39
RDMDL,,AN-s,22,-0.164046585437971,0.01,2025-12-14 18:24:39
RDMDL,,AN-s,23,-0.496052825163154,0.01,2025-12-14 18:24:39
RDMDL,,AN-s,24,-0.406779398130059,0.01,2025-12-14 18:24:39
RDMDL,,AN-s,25,-0.0497833488465603,0.01,2025-12-14 18:24:39
RDMDL,,AN-s,26,0.245700585818648,0.01,2025-12-14 18:24:39
RDMDL,,AN-s,27,-0.0300255006700924,0.01,2025-12-14 18:24:40
RDMDL,,AN-s,28,0.505066174948523,0.01,2025-12-14 18:24:40
RDMDL,,AN-s,29,-0.23012790115081,0.01,2025-12-14 18:24:40
RDMDL,,AN-s,30,-0.459159725725364,0.01,2025-12-14 18:24:40
RDMDL,,AN-s,31,0.418358402333911,0.01,2025-12-14 18:24:40
RDMDL,,AN-s,32,-0.103826686939753,0.01,2025-12-14 18:24:40
RDMDL,,AN-s,33,0.195435970225864,0.01,2025-12-14 18:24:40
RDMDL,,AN-s,34,0.0495070942742402,0.01,2025-12-14 18:24:40
RDMDL,,AN-s,35,-0.691902373678844,0.01,2025-12-14 18:24:40
RDMDL,,AN-s,36,0.727963453495845,0.01,2025-12-14 18:24:40
RDMDL,,AN-s,37,0.0101710325272367,0.01,2025-12-14 18:24:40
RDMDL,,AN-s,38,-0.0243755125251686,0.01,2025-12-14 18:24:40
RDMDL,,AN-s,39,-0.30212855637109,0.01,2025-12-14 18:24:40
RDMDL,,AN-s,40,0.795819171989275,0.01,2025-12-14 18:24:40
RDMDL,,AN-s,41,-0.374625623023275,0.01,2025-12-14 18:24:40
RDMDL,,AN-s,42,-0.158712609130827,0.01,2025-12-14 18:24:40
RDMDL,,AN-s,43,0.62778250951853,0.01,2025-12-14 18:24:40
RDMDL,,AN-s,44,0.0923274014941196,0.01,2025-12-14 18:24:41
RDMDL,,AN-s,45,-0.373981071084605,0.01,2025-12-14 18:24:41
RDMDL,,AN-s,46,0.488476455737552,0.01,2025-12-14 18:24:41
RDMDL,,AN-s,47,0.0702083191443275,0.01,2025-12-14 18:24:41
RDMDL,,AN-s,48,-0.114843222677097,0.01,2025-12-14 18:24:41
RDMDL,,AN-s,49,0.408636737454301,0.01,2025-12-14 18:24:41
RDMDL,,AN-s,50,0.0265136545932848,0.01,2025-12-14 18:24:41
RDMDL,,AN-s,51,0.0084843638303868,0.01,2025-12-14 18:24:41
RDMDL,,AN-s,52,0.448336005204377,0.01,2025-12-14 18:24:41
RDMDL,,AN-s,53,0.206675289773814,0.01,2025-12-14 18:24:41
RDMDL,,AN-s,54,-0.206133094007676,0.01,2025-12-14 18:24:41
RDMDL,,AN-s,55,-0.383730833830839,0.01,2025-12-14 18:24:41
RDMDL,,AN-s,56,-0.351830741851822,0.01,2025-12-14 18:24:41
RDMDL,,AN-s,57,-0.0734503111520427,0.01,2025-12-14 18:24:41
RDMDL,,AN-s,58,-0.0912183052370842,0.01,2025-12-14 18:24:41
RDMDL,,AN-s,59,0.548192050604029,0.01,2025-12-14 18:24:41
RDMDL,,AN-s,60,0.607711397668157,0.01,2025-12-14 18:24:41
RDMDL,,AN-s,61,-0.434770228571889,0.01,2025-12-14 18:24:42
RDMDL,,AN-s,62,-0.517281377740004,0.01,2025-12-14 18:24:42
RDMDL,,AN-s,63,0.634255485611703,0.01,2025-12-14 18:24:42
RDMDL,,AN-s,64,-0.184366649242001,0.01,2025-12-14 18:24:42
RDMDL,,AN-s,65,-0.838096732425491,0.01,2025-12-14 18:24:42
RDMDL,,AN-s,66,-0.0512119081700675,0.01,2025-12-14 18:24:42
RDMDL,,AN-s,67,0.0263837228380443,0.01,2025-12-14 18:24:42
RDMDL,,AN-s,68,-0.356315752358245,0.01,2025-12-14 18:24:42
RDMDL,,AN-s,69,-0.324545356917692,0.01,2025-12-14 18:24:42
RDMDL,,AN-s,70,0.437828710846431,0.01,2025-12-14 18:24:42
RDMDL,,AN-s,71,0.257006271540741,0.01,2025-12-14 18:24:42
RDMDL,,AN-s,72,0.213852592807812,0.01,2025-12-14 18:24:42
RDMDL,,AN-s,73,-0.147592999052361,0.01,2025-12-14 18:24:42
RDMDL,,AN-s,74,-0.338729456017139,0.01,2025-12-14 18:24:42
RDMDL,,AN-s,75,0.0202358358630294,0.01,2025-12-14 18:24:42
RDMDL,,AN-s,76,-0.141138793533045,0.01,2025-12-14 18:24:42
RDMDL,,AN-s,77,0.22514473084352,0.01,2025-12-14 18:24:42
RDMDL,,AN-s,78,0.0605099271703134,0.01,2025-12-14 18:24:43
RDMDL,,AN-s,79,0.156431544809787,0.01,2025-12-14 18:24:43
RDMDL,,AN-s,80,-0.467764044296765,0.01,2025-12-14 18:24:43
RDMDL,,AN-s,81,0.479044796527288,0.01,2025-12-14 18:24:43
RDMDL,,AN-s,82,-0.51851341776937,0.01,2025-12-14 18:24:43
RDMDL,,AN-s,83,0.380836586948678,0.01,2025-12-14 18:24:43
RDMDL,,AN-s,84,0.575354008159113,0.01,2025-12-14 18:24:43
RDMDL,,AN-s,85,0.140346778157607,0.01,2025-12-14 18:24:43
RDMDL,,AN-s,86,-0.620278153779852,0.01,2025-12-14 18:24:43
RDMDL,,AN-s,87,-0.170635292273294,0.01,2025-12-14 18:24:43
RDMDL,,AN-s,88,0.736534485903115,0.01,2025-12-14 18:24:43
RDMDL,,AN-s,89,0.678814556464361,0.01,2025-12-14 18:24:43
RDMDL,,AN-s,90,-0.0166381744619034,0.01,2025-12-14 18:24:43
RDMDL,,AN-s,91,0.270001023986971,0.01,2025-12-14 18:24:43
RDMDL,,AN-s,92,-0.417606246219426,0.01,2025-12-14 18:24:43
RDMDL,,AN-s,93,-0.45813323979061,0.01,2025-12-14 18:24:43
RDMDL,,AN-s,94,0.362585187079157,0.01,2025-12-14 18:24:43
RDMDL,,AN-s,95,0.375271314652768,0.01,2025-12-14 18:24:44
RDMDL,,AN-s,96,-0.532376537344444,0.01,2025-12-14 18:24:44
RDMDL,,AN-s,97,0.456067267042672,0.01,2025-12-14 18:24:44
RDMDL,,AN-s,98,0.0631981594287649,0.01,2025-12-14 18:24:44
RDMDL,,AN-s,99,-0.294920203756066,0.01,2025-12-14 18:24:44
RDMDL,,AN-s,100,-0.150427522076669,0.01,2025-12-14 18:24:44
RDMDL,,LS,1,-0.0774872610620691,0.01,2025-12-14 18:24:44
RDMDL,,LS,2,0.0043396564389117,0.01,2025-12-14 18:24:44
RDMDL,,LS,3,0.82080783942023,0.01,2025-12-14 18:24:44
RDMDL,,LS,4,0.396775613306386,0.01,2025-12-14 18:24:44
RDMDL,,LS,5,0.492604115691873,0.01,2025-12-14 18:24:44
RDMDL,,LS,6,-0.109435634710463,0.01,2025-12-14 18:24:44
RDMDL,,LS,7,-0.270188194224398,0.01,2025-12-14 18:24:44
RDMDL,,LS,8,1.28189708651592,0.01,2025-12-14 18:24:44
RDMDL,,LS,9,0.530156975050705,0.01,2025-12-14 18:24:44
RDMDL,,LS,10,0.126764487976108,0.01,2025-12-14 18:24:44
RDMDL,,LS,11,0.361981823830383,0.01,2025-12-14 18:24:44
RDMDL,,LS,12,0.353613180088691,0.01,2025-12-14 18:24:45
RDMDL,,LS,13,-0.082008745865834,0.01,2025-12-14 18:24:45
RDMDL,,LS,14,0.335088385519971,0.01,2025-12-14 18:24:45
RDMDL,,LS,15,0.23619813937319,0.01,2025-12-14 18:24:45
RDMDL,,LS,16,-0.146369171459027,0.01,2025-12-14 18:24:45
RDMDL,,LS,17,-0.0786267845010356,0.01,2025-12-14 18:24:45
RDMDL,,LS,18,0.139456505092313,0.01,2025-12-14 18:24:45
RDMDL,,LS,19,0.253464174954193,0.01,2025-12-14 18:24:45
RDMDL,,LS,20,0.116282439192055,0.01,2025-12-14 18:24:45
RDMDL,,LS,21,0.655215122044679,0.01,2025-12-14 18:24:45
RDMDL,,LS,22,0.0248719394723598,0.01,2025-12-14 18:24:45
RDMDL,,LS,23,0.628075272541486,0.01,2025-12-14 18:24:45
RDMDL,,LS,24,0.439427910308715,0.01,2025-12-14 18:24:45
RDMDL,,LS,25,0.334483240265956,0.01,2025-12-14 18:24:45
RDMDL,,LS,26,-0.566574995595745,0.01,2025-12-14 18:24:45
RDMDL,,LS,27,0.181951139295609,0.01,2025-12-14 18:24:45
RDMDL,,LS,28,0.216391585696425,0.01,2025-12-14 18:24:45
RDMDL,,LS,29,0.230345381123599,0.01,2025-12-14 18:24:45
RDMDL,,LS,30,0.331559352602051,0.01,2025-12-14 18:24:46
RDMDL,,LS,31,-0.108483454745004,0.01,2025-12-14 18:24:46
RDMDL,,LS,32,0.795000691695639,0.01,2025-12-14 18:24:46
RDMDL,,LS,33,-0.0341269860883771,0.01,2025-12-14 18:24:46
RDMDL,,LS,34,0.226713601184569,0.01,2025-12-14 18:24:46
RDMDL,,LS,35,0.946756013540685,0.01,2025-12-14 18:24:46
RDMDL,,LS,36,0.167223607934367,0.01,2025-12-14 18:24:46
RDMDL,,LS,37,-0.167545206963956,0.01,2025-12-14 18:24:46
RDMDL,,LS,38,0.425946408078825,0.01,2025-12-14 18:24:46
RDMDL,,LS,39,0.63105748989124,0.01,2025-12-14 18:24:46
RDMDL,,LS,40,0.247531125297044,0.01,2025-12-14 18:24:46
RDMDL,,LS,41,-0.0415003493659041,0.01,2025-12-14 18:24:46
RDMDL,,LS,42,-0.391809485575566,0.01,2025-12-14 18:24:46
RDMDL,,LS,43,0.449529032924227,0.01,2025-12-14 18:24:46
RDMDL,,LS,44,0.0863391130371935,0.01,2025-12-14 18:24:46
RDMDL,,LS,45,-0.52610392350943,0.01,2025-12-14 18:24:46
RDMDL,,LS,46,0.30019596453658,0.01,2025-12-14 18:24:46
RDMDL,,LS,47,-0.421996891996169,0.01,2025-12-14 18:24:47
RDMDL,,LS,48,-0.478884289177308,0.01,2025-12-14 18:24:47
RDMDL,,LS,49,-0.321031931870247,0.01,2025-12-14 18:24:47
RDMDL,,LS,50,1.14205525100439,0.01,2025-12-14 18:24:47
RDMDL,,LS,51,-0.0537576579950632,0.01,2025-12-14 18:24:47
RDMDL,,LS,52,-0.119546090380044,0.01,2025-12-14 18:24:47
RDMDL,,LS,53,-0.0025188786990006,0.01,2025-12-14 18:24:47
RDMDL,,LS,54,0.242614385378311,0.01,2025-12-14 18:24:47
RDMDL,,LS,55,0.0193765911985108,0.01,2025-12-14 18:24:47
RDMDL,,LS,56,-0.0364705499224282,0.01,2025-12-14 18:24:47
RDMDL,,LS,57,-0.0310493498533451,0.01,2025-12-14 18:24:47
RDMDL,,LS,58,-0.325019316528874,0.01,2025-12-14 18:24:47
RDMDL,,LS,59,-0.282041492269762,0.01,2025-12-14 18:24:47
RDMDL,,LS,60,0.509250590676562,0.01,2025-12-14 18:24:47
RDMDL,,LS,61,0.38266627999862,0.01,2025-12-14 18:24:47
RDMDL,,LS,62,0.0796267148239107,0.01,2025-12-14 18:24:47
RDMDL,,LS,63,1.12484484367168,0.01,2025-12-14 18:24:47
RDMDL,,LS,64,1.92932510073621,0.01,2025-12-14 18:24:48
RDMDL,,LS,65,-0.122221802159779,0.01,2025-12-14 18:24:48
RDMDL,,LS,66,-0.157361052230063,0.01,2025-12-14 18:24:48
RDMDL,,LS,67,0.231304839373787,0.01,2025-12-14 18:24:48
RDMDL,,LS,68,-0.277123067224047,0.01,2025-12-14 18:24:48
RDMDL,,LS,69,0.0806452376545535,0.01,2025-12-14 18:24:48
RDMDL,,LS,70,0.283959733833285,0.01,2025-12-14 18:24:48
RDMDL,,LS,71,-0.116650391680705,0.01,2025-12-14 18:24:48
RDMDL,,LS,72,0.609971097170803,0.01,2025-12-14 18:24:48
RDMDL,,LS,73,-0.0012810983691738,0.01,2025-12-14 18:24:48
RDMDL,,LS,74,0.0874175667101374,0.01,2025-12-14 18:24:48
RDMDL,,LS,75,1.21577299661772,0.01,2025-12-14 18:24:48
RDMDL,,LS,76,-0.168716927942794,0.01,2025-12-14 18:24:48
RDMDL,,LS,77,-0.0326180354319753,0.01,2025-12-14 18:24:48
RDMDL,,LS,78,0.335896754473292,0.01,2025-12-14 18:24:48
RDMDL,,LS,79,-0.434263222345747,0.01,2025-12-14 18:24:48
RDMDL,,LS,80,0.345288637936051,0.01,2025-12-14 18:24:49
RDMDL,,LS,81,0.518480036778634,0.01,2025-12-14 18:24:49
RDMDL,,LS,82,0.176698473325887,0.01,2025-12-14 18:24:49
RDMDL,,LS,83,0.453752161860397,0.01,2025-12-14 18:24:49
RDMDL,,LS,84,0.0884203281299505,0.01,2025-12-14 18:24:49
RDMDL,,LS,85,0.716300626170748,0.01,2025-12-14 18:24:49
RDMDL,,LS,86,0.703108408211556,0.01,2025-12-14 18:24:49
RDMDL,,LS,87,0.640824630600601,0.01,2025-12-14 18:24:49
RDMDL,,LS,88,0.291073077193587,0.01,2025-12-14 18:24:49
RDMDL,,LS,89,0.0743807495336836,0.01,2025-12-14 18:24:49
RDMDL,,LS,90,1.18954854295515,0.01,2025-12-14 18:24:49
RDMDL,,LS,91,0.660795291963079,0.01,2025-12-14 18:24:49
RDMDL,,LS,92,1.06679705149972,0.01,2025-12-14 18:24:49
RDMDL,,LS,93,0.199889244822111,0.01,2025-12-14 18:24:49
RDMDL,,LS,94,0.104451875756656,0.01,2025-12-14 18:24:49
RDMDL,,LS,95,0.165587251185548,0.01,2025-12-14 18:24:49
RDMDL,,LS,96,0.750370216911766,0.01,2025-12-14 18:24:49
RDMDL,,LS,97,-0.12068417576014,0.01,2025-12-14 18:24:50
RDMDL,,LS,98,0.0374403211495464,0.01,2025-12-14 18:24:50
RDMDL,,LS,99,0.0894716860535018,0.01,2025-12-14 18:24:50
RDMDL,,LS,100,-0.429973328810527,0.01,2025-12-14 18:24:50
RDMDL,,LS-s,1,-0.664482374136533,0.01,2025-12-14 18:24:50
RDMDL,,LS-s,2,-0.412257416933069,0.01,2025-12-14 18:24:50
RDMDL,,LS-s,3,-0.569648750239306,0.01,2025-12-14 18:24:50
RDMDL,,LS-s,4,0.208326190969695,0.01,2025-12-14 18:24:50
RDMDL,,LS-s,5,-0.636471803664491,0.01,2025-12-14 18:24:50
RDMDL,,LS-s,6,-0.379164824594429,0.01,2025-12-14 18:24:50
RDMDL,,LS-s,7,-0.479220508547271,0.01,2025-12-14 18:24:50
RDMDL,,LS-s,8,-0.752276451204423,0.01,2025-12-14 18:24:50
RDMDL,,LS-s,9,0.624693943484436,0.01,2025-12-14 18:24:50
RDMDL,,LS-s,10,-0.467241970123008,0.01,2025-12-14 18:24:50
RDMDL,,LS-s,11,-0.0827457174321678,0.01,2025-12-14 18:24:50
RDMDL,,LS-s,12,0.066061975454231,0.01,2025-12-14 18:24:50
RDMDL,,LS-s,13,-0.0214175874758611,0.01,2025-12-14 18:24:50
RDMDL,,LS-s,14,-0.215541313603836,0.01,2025-12-14 18:24:50
RDMDL,,LS-s,15,-0.507743900349162,0.01,2025-12-14 18:24:51
RDMDL,,LS-s,16,0.0640600155612787,0.01,2025-12-14 18:24:51
RDMDL,,LS-s,17,-0.568760846707298,0.01,2025-12-14 18:24:51
RDMDL,,LS-s,18,-0.851383313683475,0.01,2025-12-14 18:24:51
RDMDL,,LS-s,19,-0.047036636609384,0.01,2025-12-14 18:24:51
RDMDL,,LS-s,20,-0.746461458971497,0.01,2025-12-14 18:24:51
RDMDL,,LS-s,21,-0.463069796780233,0.01,2025-12-14 18:24:51
RDMDL,,LS-s,22,0.0898463172881304,0.01,2025-12-14 18:24:51
RDMDL,,LS-s,23,0.254328514166829,0.01,2025-12-14 18:24:51
RDMDL,,LS-s,24,-0.209280224952248,0.01,2025-12-14 18:24:51
RDMDL,,LS-s,25,-0.561398135962596,0.01,2025-12-14 18:24:51
RDMDL,,LS-s,26,-0.168942026410863,0.01,2025-12-14 18:24:51
RDMDL,,LS-s,27,-0.501948273116939,0.01,2025-12-14 18:24:51
RDMDL,,LS-s,28,-0.411465203622165,0.01,2025-12-14 18:24:51
RDMDL,,LS-s,29,-0.724297759985051,0.01,2025-12-14 18:24:51
RDMDL,,LS-s,30,-0.0298698238461074,0.01,2025-12-14 18:24:51
RDMDL,,LS-s,31,-0.928534577244333,0.01,2025-12-14 18:24:52
RDMDL,,LS-s,32,-0.629440168476549,0.01,2025-12-14 18:24:52
RDMDL,,LS-s,33,-0.623916853802755,0.01,2025-12-14 18:24:52
RDMDL,,LS-s,34,-0.248845864947946,0.01,2025-12-14 18:24:52
RDMDL,,LS-s,35,-0.398212882242016,0.01,2025-12-14 18:24:52
RDMDL,,LS-s,36,0.291097890030866,0.01,2025-12-14 18:24:52
RDMDL,,LS-s,37,-0.892512518369354,0.01,2025-12-14 18:24:52
RDMDL,,LS-s,38,-0.396645903737262,0.01,2025-12-14 18:24:52
RDMDL,,LS-s,39,-0.511763635047071,0.01,2025-12-14 18:24:52
RDMDL,,LS-s,40,-0.491120614466841,0.01,2025-12-14 18:24:52
RDMDL,,LS-s,41,-0.686674054589518,0.01,2025-12-14 18:24:52
RDMDL,,LS-s,42,-0.390267267490876,0.01,2025-12-14 18:24:52
RDMDL,,LS-s,43,-0.162826281795429,0.01,2025-12-14 18:24:52
RDMDL,,LS-s,44,-0.426252368821132,0.01,2025-12-14 18:24:52
RDMDL,,LS-s,45,-1.07309912951566,0.01,2025-12-14 18:24:52
RDMDL,,LS-s,46,-0.340263077687984,0.01,2025-12-14 18:24:52
RDMDL,,LS-s,47,-0.361167404771754,0.01,2025-12-14 18:24:52
RDMDL,,LS-s,48,-0.757750266510081,0.01,2025-12-14 18:24:52
RDMDL,,LS-s,49,0.168471481411932,0.01,2025-12-14 18:24:53
RDMDL,,LS-s,50,-0.888472083022676,0.01,2025-12-14 18:24:53
RDMDL,,LS-s,51,-0.017944567333463,0.01,2025-12-14 18:24:53
RDMDL,,LS-s,52,-0.408013944770682,0.01,2025-12-14 18:24:53
RDMDL,,LS-s,53,-0.475739543254034,0.01,2025-12-14 18:24:53
RDMDL,,LS-s,54,0.250211411785627,0.01,2025-12-14 18:24:53
RDMDL,,LS-s,55,-0.749270431937934,0.01,2025-12-14 18:24:53
RDMDL,,LS-s,56,-0.0809666247712029,0.01,2025-12-14 18:24:53
RDMDL,,LS-s,57,-0.494475829447611,0.01,2025-12-14 18:24:53
RDMDL,,LS-s,58,-0.852290677181023,0.01,2025-12-14 18:24:53
RDMDL,,LS-s,59,-0.113878472752657,0.01,2025-12-14 18:24:53
RDMDL,,LS-s,60,-0.159204084851326,0.01,2025-12-14 18:24:53
RDMDL,,LS-s,61,-0.398058142811835,0.01,2025-12-14 18:24:53
RDMDL,,LS-s,62,-0.361807457062206,0.01,2025-12-14 18:24:53
RDMDL,,LS-s,63,0.403614796777514,0.01,2025-12-14 18:24:53
RDMDL,,LS-s,64,-0.546682234459252,0.01,2025-12-14 18:24:53
RDMDL,,LS-s,65,-0.480584872458109,0.01,2025-12-14 18:24:53
RDMDL,,LS-s,66,-0.593521679325908,0.01,2025-12-14 18:24:54
RDMDL,,LS-s,67,-0.532349987951372,0.01,2025-12-14 18:24:54
RDMDL,,LS-s,68,-0.122567398164775,0.01,2025-12-14 18:24:54
RDMDL,,LS-s,69,-0.925802131883311,0.01,2025-12-14 18:24:54
RDMDL,,LS-s,70,-0.695260575439105,0.01,2025-12-14 18:24:54
RDMDL,,LS-s,71,-0.332676175646334,0.01,2025-12-14 18:24:54
RDMDL,,LS-s,72,-0.404726373784024,0.01,2025-12-14 18:24:54
RDMDL,,LS-s,73,-0.523085029160138,0.01,2025-12-14 18:24:54
RDMDL,,LS-s,74,-0.669495445764993,0.01,2025-12-14 18:24:54
RDMDL,,LS-s,75,-0.574013925591499,0.01,2025-12-14 18:24:54
RDMDL,,LS-s,76,-0.70163093709989,0.01,2025-12-14 18:24:54
RDMDL,,LS-s,77,-0.287115294338769,0.01,2025-12-14 18:24:54
RDMDL,,LS-s,78,-0.610317232181706,0.01,2025-12-14 18:24:54
RDMDL,,LS-s,79,-0.480977660548958,0.01,2025-12-14 18:24:54
RDMDL,,LS-s,80,-0.197186377552785,0.01,2025-12-14 18:24:54
RDMDL,,LS-s,81,-0.431543520664481,0.01,2025-12-14 18:24:54
RDMDL,,LS-s,82,-0.451717667720671,0.01,2025-12-14 18:24:54
RDMDL,,LS-s,83,-0.669335961694733,0.01,2025-12-14 18:24:55
RDMDL,,LS-s,84,-0.330352805433504,0.01,2025-12-14 18:24:55
RDMDL,,LS-s,85,-0.38563559557905,0.01,2025-12-14 18:24:55
RDMDL,,LS-s,86,-0.348853102272538,0.01,2025-12-14 18:24:55
RDMDL,,LS-s,87,-0.483218220651845,0.01,2025-12-14 18:24:55
RDMDL,,LS-s,88,0.666830949325975,0.01,2025-12-14 18:24:55
RDMDL,,LS-s,89,-0.875128267529354,0.01,2025-12-14 18:24:55
RDMDL,,LS-s,90,-0.408303065076331,0.01,2025-12-14 18:24:55
RDMDL,,LS-s,91,-0.65292792561797,0.01,2025-12-14 18:24:55
RDMDL,,LS-s,92,-0.370451414415445,0.01,2025-12-14 18:24:55
RDMDL,,LS-s,93,0.595026398251367,0.01,2025-12-14 18:24:55
RDMDL,,LS-s,94,-0.0571733780598956,0.01,2025-12-14 18:24:55
RDMDL,,LS-s,95,-0.17358404162794,0.01,2025-12-14 18:24:55
RDMDL,,LS-s,96,-0.408145515634047,0.01,2025-12-14 18:24:55
RDMDL,,LS-s,97,-0.181881635583432,0.01,2025-12-14 18:24:55
RDMDL,,LS-s,98,0.0937857274594475,0.01,2025-12-14 18:24:55
RDMDL,,LS-s,99,-0.306853829468238,0.01,2025-12-14 18:24:55
RDMDL,,LS-s,100,-0.673067838377387,0.01,2025-12-14 18:24:56
RDMDL,,MN-U,1,-0.442179799255423,0.01,2025-12-14 18:24:56
RDMDL,,MN-U,2,0.0583160581034219,0.01,2025-12-14 18:24:56
RDMDL,,MN-U,3,-0.526352547748152,0.01,2025-12-14 18:24:56
RDMDL,,MN-U,4,-0.0305362864431526,0.01,2025-12-14 18:24:56
RDMDL,,MN-U,5,-0.188252528954053,0.01,2025-12-14 18:24:56
RDMDL,,MN-U,6,-0.190723598694975,0.01,2025-12-14 18:24:56
RDMDL,,MN-U,7,-0.397233564751178,0.01,2025-12-14 18:24:56
RDMDL,,MN-U,8,-0.104085670960575,0.01,2025-12-14 18:24:56
RDMDL,,MN-U,9,0.108514323375938,0.01,2025-12-14 18:24:56
RDMDL,,MN-U,10,-0.352678683087562,0.01,2025-12-14 18:24:56
RDMDL,,MN-U,11,-0.188869295163224,0.01,2025-12-14 18:24:56
RDMDL,,MN-U,12,-0.0383447524295518,0.01,2025-12-14 18:24:56
RDMDL,,MN-U,13,-0.653758211276448,0.01,2025-12-14 18:24:56
RDMDL,,MN-U,14,-0.513937034188525,0.01,2025-12-14 18:24:56
RDMDL,,MN-U,15,-0.0540047661238136,0.01,2025-12-14 18:24:56
RDMDL,,MN-U,16,-0.149578495184877,0.01,2025-12-14 18:24:56
RDMDL,,MN-U,17,0.003589724667456,0.01,2025-12-14 18:24:57
RDMDL,,MN-U,18,-0.420707383483146,0.01,2025-12-14 18:24:57
RDMDL,,MN-U,19,-0.307471676741065,0.01,2025-12-14 18:24:57
RDMDL,,MN-U,20,-0.459451001973155,0.01,2025-12-14 18:24:57
RDMDL,,MN-U,21,-0.656885501479489,0.01,2025-12-14 18:24:57
RDMDL,,MN-U,22,-0.283898679618236,0.01,2025-12-14 18:24:57
RDMDL,,MN-U,23,0.0811431085965168,0.01,2025-12-14 18:24:57
RDMDL,,MN-U,24,-0.255458049808527,0.01,2025-12-14 18:24:57
RDMDL,,MN-U,25,-0.142150950908105,0.01,2025-12-14 18:24:57
RDMDL,,MN-U,26,-0.250022569152374,0.01,2025-12-14 18:24:57
RDMDL,,MN-U,27,-0.214592691276274,0.01,2025-12-14 18:24:57
RDMDL,,MN-U,28,-0.109479181208917,0.01,2025-12-14 18:24:57
RDMDL,,MN-U,29,-0.578668694874201,0.01,2025-12-14 18:24:57
RDMDL,,MN-U,30,-0.720125925646315,0.01,2025-12-14 18:24:57
RDMDL,,MN-U,31,-0.352542006482251,0.01,2025-12-14 18:24:57
RDMDL,,MN-U,32,-0.154941864464696,0.01,2025-12-14 18:24:57
RDMDL,,MN-U,33,-0.220620163851981,0.01,2025-12-14 18:24:57
RDMDL,,MN-U,34,-0.529768574133319,0.01,2025-12-14 18:24:58
RDMDL,,MN-U,35,-0.205260289668124,0.01,2025-12-14 18:24:58
RDMDL,,MN-U,36,-0.330962329921458,0.01,2025-12-14 18:24:58
RDMDL,,MN-U,37,-0.143626679693239,0.01,2025-12-14 18:24:58
RDMDL,,MN-U,38,-0.0298226419161849,0.01,2025-12-14 18:24:58
RDMDL,,MN-U,39,-0.384398234036836,0.01,2025-12-14 18:24:58
RDMDL,,MN-U,40,-0.313800047496657,0.01,2025-12-14 18:24:58
RDMDL,,MN-U,41,0.150904720073337,0.01,2025-12-14 18:24:58
RDMDL,,MN-U,42,-0.483573177785212,0.01,2025-12-14 18:24:58
RDMDL,,MN-U,43,-0.177809730157357,0.01,2025-12-14 18:24:58
RDMDL,,MN-U,44,-0.397470947260755,0.01,2025-12-14 18:24:58
RDMDL,,MN-U,45,-0.514019019631407,0.01,2025-12-14 18:24:58
RDMDL,,MN-U,46,-0.458571511037294,0.01,2025-12-14 18:24:58
RDMDL,,MN-U,47,-0.285527130252606,0.01,2025-12-14 18:24:58
RDMDL,,MN-U,48,-0.308228498088969,0.01,2025-12-14 18:24:58
RDMDL,,MN-U,49,-0.384659444423441,0.01,2025-12-14 18:24:58
RDMDL,,MN-U,50,-0.2177322928977,0.01,2025-12-14 18:24:58
RDMDL,,MN-U,51,-0.133446239101439,0.01,2025-12-14 18:24:59
RDMDL,,MN-U,52,-0.381308729534166,0.01,2025-12-14 18:24:59
RDMDL,,MN-U,53,-0.371369961227538,0.01,2025-12-14 18:24:59
RDMDL,,MN-U,54,-0.404841237766506,0.01,2025-12-14 18:24:59
RDMDL,,MN-U,55,0.005180791195529,0.01,2025-12-14 18:24:59
RDMDL,,MN-U,56,-0.414237084230923,0.01,2025-12-14 18:24:59
RDMDL,,MN-U,57,-0.186294865991025,0.01,2025-12-14 18:24:59
RDMDL,,MN-U,58,-0.423127411407083,0.01,2025-12-14 18:24:59
RDMDL,,MN-U,59,-0.460217992907859,0.01,2025-12-14 18:24:59
RDMDL,,MN-U,60,-0.203962060764276,0.01,2025-12-14 18:24:59
RDMDL,,MN-U,61,-0.300600399062791,0.01,2025-12-14 18:24:59
RDMDL,,MN-U,62,-0.0374672552837332,0.01,2025-12-14 18:24:59
RDMDL,,MN-U,63,-0.314344459375899,0.01,2025-12-14 18:24:59
RDMDL,,MN-U,64,-0.439392789539133,0.01,2025-12-14 18:24:59
RDMDL,,MN-U,65,0.0159270513774999,0.01,2025-12-14 18:24:59
RDMDL,,MN-U,66,-0.413058004527345,0.01,2025-12-14 18:24:59
RDMDL,,MN-U,67,-0.747017260101548,0.01,2025-12-14 18:25:00
RDMDL,,MN-U,68,-0.0677107425428862,0.01,2025-12-14 18:25:00
RDMDL,,MN-U,69,-0.334199195518928,0.01,2025-12-14 18:25:00
RDMDL,,MN-U,70,-0.252010274112692,0.01,2025-12-14 18:25:00
RDMDL,,MN-U,71,-0.0905059597778185,0.01,2025-12-14 18:25:00
RDMDL,,MN-U,72,-0.508683248945041,0.01,2025-12-14 18:25:00
RDMDL,,MN-U,73,-0.229975866071984,0.01,2025-12-14 18:25:00
RDMDL,,MN-U,74,-0.253028117570329,0.01,2025-12-14 18:25:00
RDMDL,,MN-U,75,-0.172286371071441,0.01,2025-12-14 18:25:00
RDMDL,,MN-U,76,-0.130212964616549,0.01,2025-12-14 18:25:00
RDMDL,,MN-U,77,-0.168852497843556,0.01,2025-12-14 18:25:00
RDMDL,,MN-U,78,-0.435135009283889,0.01,2025-12-14 18:25:00
RDMDL,,MN-U,79,-0.175704158471396,0.01,2025-12-14 18:25:00
RDMDL,,MN-U,80,-0.132281500892246,0.01,2025-12-14 18:25:00
RDMDL,,MN-U,81,-0.26032678498773,0.01,2025-12-14 18:25:00
RDMDL,,MN-U,82,-0.310383379906865,0.01,2025-12-14 18:25:00
RDMDL,,MN-U,83,-0.54643351791732,0.01,2025-12-14 18:25:00
RDMDL,,MN-U,84,-0.641566865136975,0.01,2025-12-14 18:25:01
RDMDL,,MN-U,85,-0.0231396402555967,0.01,2025-12-14 18:25:01
RDMDL,,MN-U,86,-0.261717216659549,0.01,2025-12-14 18:25:01
RDMDL,,MN-U,87,-0.103907868058012,0.01,2025-12-14 18:25:01
RDMDL,,MN-U,88,-0.346660934709391,0.01,2025-12-14 18:25:01
RDMDL,,MN-U,89,-0.444260156755313,0.01,2025-12-14 18:25:01
RDMDL,,MN-U,90,-0.131532884379909,0.01,2025-12-14 18:25:01
RDMDL,,MN-U,91,-0.216572840611742,0.01,2025-12-14 18:25:01
RDMDL,,MN-U,92,-0.331638143200898,0.01,2025-12-14 18:25:01
RDMDL,,MN-U,93,-0.186570391911699,0.01,2025-12-14 18:25:01
RDMDL,,MN-U,94,-0.659163971598158,0.01,2025-12-14 18:25:01
RDMDL,,MN-U,95,-0.343167154036486,0.01,2025-12-14 18:25:01
RDMDL,,MN-U,96,-0.330745070726616,0.01,2025-12-14 18:25:01
RDMDL,,MN-U,97,-0.394574280024782,0.01,2025-12-14 18:25:01
RDMDL,,MN-U,98,-0.320876072230098,0.01,2025-12-14 18:25:01
RDMDL,,MN-U,99,-0.0903797281959009,0.01,2025-12-14 18:25:01
RDMDL,,MN-U,100,-0.201494704752814,0.01,2025-12-14 18:25:01
RDMDL,,AN,1,0.30695424629127,0.01,2025-12-21 18:54:03
RDMDL,,AN,2,0.541027219068349,0.01,2025-12-21 18:54:03
RDMDL,,AN,3,0.681863299495722,0.01,2025-12-21 18:54:03
RDMDL,,AN,4,0.783685869062947,0.01,2025-12-21 18:54:03
RDMDL,,AN,5,0.74527396664578,0.01,2025-12-21 18:54:03
RDMDL,,AN,6,0.672500079191514,0.01,2025-12-21 18:54:03
RDMDL,,AN,7,0.906211886948752,0.01,2025-12-21 18:54:04
RDMDL,,AN,8,0.765004824914978,0.01,2025-12-21 18:54:04
RDMDL,,AN,9,0.350720645541947,0.01,2025-12-21 18:54:04
RDMDL,,AN,10,0.698899056826817,0.01,2025-12-21 18:54:04
RDMDL,,AN,11,-0.152697151562451,0.01,2025-12-21 18:54:04
RDMDL,,AN,12,0.43583852598288,0.01,2025-12-21 18:54:04
RDMDL,,AN,13,0.0203176392782782,0.01,2025-12-21 18:54:04
RDMDL,,AN,14,-0.0109719615821073,0.01,2025-12-21 18:54:04
RDMDL,,AN,15,-0.140617101198057,0.01,2025-12-21 18:54:04
RDMDL,,AN,16,-0.231984111410331,0.01,2025-12-21 18:54:04
RDMDL,,AN,17,0.172948660016846,0.01,2025-12-21 18:54:04
RDMDL,,AN,18,-0.282014113038759,0.01,2025-12-21 18:54:04
RDMDL,,AN,19,-0.265119657212609,0.01,2025-12-21 18:54:04
RDMDL,,AN,20,0.191968100378346,0.01,2025-12-21 18:54:04
RDMDL,,AN,21,-0.218743011579703,0.01,2025-12-21 18:54:05
RDMDL,,AN,22,-0.0167808652232086,0.01,2025-12-21 18:54:05
RDMDL,,AN,23,-0.294497232624966,0.01,2025-12-21 18:54:05
RDMDL,,AN,24,-0.10945346896848,0.01,2025-12-21 18:54:05
RDMDL,,AN,25,1.00512300694459,0.01,2025-12-21 18:54:05
RDMDL,,AN,26,1.05918282386,0.01,2025-12-21 18:54:05
RDMDL,,AN,27,-0.305951282793668,0.01,2025-12-21 18:54:05
RDMDL,,AN,28,-0.222728512960143,0.01,2025-12-21 18:54:05
RDMDL,,AN,29,0.656540264004593,0.01,2025-12-21 18:54:05
RDMDL,,AN,30,0.156826986914494,0.01,2025-12-21 18:54:05
RDMDL,,AN,31,0.125906661162713,0.01,2025-12-21 18:54:05
RDMDL,,AN,32,1.68185277480481,0.01,2025-12-21 18:54:05
RDMDL,,AN,33,0.0592948113236807,0.01,2025-12-21 18:54:05
RDMDL,,AN,34,0.617829386620799,0.01,2025-12-21 18:54:06
RDMDL,,AN,35,1.13599218873704,0.01,2025-12-21 18:54:06
RDMDL,,AN,36,0.396262754830939,0.01,2025-12-21 18:54:06
RDMDL,,AN,37,-0.0926192359599327,0.01,2025-12-21 18:54:06
RDMDL,,AN,38,-0.0713047516458332,0.01,2025-12-21 18:54:06
RDMDL,,AN,39,0.263930898867751,0.01,2025-12-21 18:54:06
RDMDL,,AN,40,0.0848691776792803,0.01,2025-12-21 18:54:06
RDMDL,,AN,41,0.552430529143278,0.01,2025-12-21 18:54:06
RDMDL,,AN,42,0.22387697545649,0.01,2025-12-21 18:54:06
RDMDL,,AN,43,0.159787510949405,0.01,2025-12-21 18:54:06
RDMDL,,AN,44,0.703756968194835,0.01,2025-12-21 18:54:06
RDMDL,,AN,45,0.244029170965426,0.01,2025-12-21 18:54:06
RDMDL,,AN,46,0.0566344059098169,0.01,2025-12-21 18:54:06
RDMDL,,AN,47,0.276570897678421,0.01,2025-12-21 18:54:06
RDMDL,,AN,48,0.987062281979949,0.01,2025-12-21 18:54:07
RDMDL,,AN,49,-0.128733686796512,0.01,2025-12-21 18:54:07
RDMDL,,AN,50,0.114192908288407,0.01,2025-12-21 18:54:07
RDMDL,,AN,51,-0.164879257627671,0.01,2025-12-21 18:54:07
RDMDL,,AN,52,0.178869644186685,0.01,2025-12-21 18:54:07
RDMDL,,AN,53,0.677557996009142,0.01,2025-12-21 18:54:07
RDMDL,,AN,54,0.335725203463603,0.01,2025-12-21 18:54:07
RDMDL,,AN,55,1.15047279037359,0.01,2025-12-21 18:54:07
RDMDL,,AN,56,-0.230583230024032,0.01,2025-12-21 18:54:07
RDMDL,,AN,57,0.509029808065094,0.01,2025-12-21 18:54:07
RDMDL,,AN,58,0.306938262782998,0.01,2025-12-21 18:54:07
RDMDL,,AN,59,-0.157617415979584,0.01,2025-12-21 18:54:07
RDMDL,,AN,60,0.116522825237668,0.01,2025-12-21 18:54:07
RDMDL,,AN,61,0.0952096123717488,0.01,2025-12-21 18:54:07
RDMDL,,AN,62,-0.421861887548375,0.01,2025-12-21 18:54:08
RDMDL,,AN,63,0.589276773343395,0.01,2025-12-21 18:54:08
RDMDL,,AN,64,0.3772375432419,0.01,2025-12-21 18:54:08
RDMDL,,AN,65,1.03789273215319,0.01,2025-12-21 18:54:08
RDMDL,,AN,66,-0.116411162485401,0.01,2025-12-21 18:54:08
RDMDL,,AN,67,0.400659434220394,0.01,2025-12-21 18:54:08
RDMDL,,AN,68,0.132678411648074,0.01,2025-12-21 18:54:08
RDMDL,,AN,69,0.74477396728942,0.01,2025-12-21 18:54:08
RDMDL,,AN,70,-0.302426805147745,0.01,2025-12-21 18:54:08
RDMDL,,AN,71,-0.0563366484320595,0.01,2025-12-21 18:54:08
RDMDL,,AN,72,0.610235538677196,0.01,2025-12-21 18:54:08
RDMDL,,AN,73,-0.185642147775566,0.01,2025-12-21 18:54:08
RDMDL,,AN,74,0.146275921218653,0.01,2025-12-21 18:54:08
RDMDL,,AN,75,0.712930695314424,0.01,2025-12-21 18:54:08
RDMDL,,AN,76,0.0526098410480374,0.01,2025-12-21 18:54:09
RDMDL,,AN,77,0.280380557242289,0.01,2025-12-21 18:54:09
RDMDL,,AN,78,0.401150586140911,0.01,2025-12-21 18:54:09
RDMDL,,AN,79,0.215246498752651,0.01,2025-12-21 18:54:09
RDMDL,,AN,80,0.239911859608728,0.01,2025-12-21 18:54:09
RDMDL,,AN,81,0.604356929211719,0.01,2025-12-21 18:54:09
RDMDL,,AN,82,0.485885846305293,0.01,2025-12-21 18:54:09
RDMDL,,AN,83,0.345937320691665,0.01,2025-12-21 18:54:09
RDMDL,,AN,84,0.105291870910088,0.01,2025-12-21 18:54:09
RDMDL,,AN,85,0.531272261438578,0.01,2025-12-21 18:54:09
RDMDL,,AN,86,0.00889055767040554,0.01,2025-12-21 18:54:09
RDMDL,,AN,87,0.59137110089316,0.01,2025-12-21 18:54:09
RDMDL,,AN,88,0.956875648839997,0.01,2025-12-21 18:54:09
RDMDL,,AN,89,0.103514979230053,0.01,2025-12-21 18:54:09
RDMDL,,AN,90,-0.0237989447910859,0.01,2025-12-21 18:54:09
RDMDL,,AN,91,-0.482944299995958,0.01,2025-12-21 18:54:10
RDMDL,,AN,92,0.579452243025553,0.01,2025-12-21 18:54:10
RDMDL,,AN,93,0.428330540534466,0.01,2025-12-21 18:54:10
RDMDL,,AN,94,-0.113366576731044,0.01,2025-12-21 18:54:10
RDMDL,,AN,95,0.501531057567121,0.01,2025-12-21 18:54:10
RDMDL,,AN,96,-0.612970979360704,0.01,2025-12-21 18:54:10
RDMDL,,AN,97,0.180741619208789,0.01,2025-12-21 18:54:10
RDMDL,,AN,98,0.468469016017525,0.01,2025-12-21 18:54:10
RDMDL,,AN,99,1.01144933271346,0.01,2025-12-21 18:54:10
RDMDL,,AN,100,-0.268722416218674,0.01,2025-12-21 18:54:10
RDMDL,,AN-s,1,0.603078433998173,0.01,2025-12-21 18:54:10
RDMDL,,AN-s,2,0.0687584798160974,0.01,2025-12-21 18:54:10
RDMDL,,AN-s,3,0.264462213815989,0.01,2025-12-21 18:54:10
RDMDL,,AN-s,4,0.0921419501449127,0.01,2025-12-21 18:54:10
RDMDL,,AN-s,5,0.176905818223759,0.01,2025-12-21 18:54:11
RDMDL,,AN-s,6,0.201395768011444,0.01,2025-12-21 18:54:11
RDMDL,,AN-s,7,-0.200822280553782,0.01,2025-12-21 18:54:11
RDMDL,,AN-s,8,-0.39573349424202,0.01,2025-12-21 18:54:11
RDMDL,,AN-s,9,-0.107399627625631,0.01,2025-12-21 18:54:11
RDMDL,,AN-s,10,-0.0491216406624392,0.01,2025-12-21 18:54:11
RDMDL,,AN-s,11,0.0297140675958842,0.01,2025-12-21 18:54:11
RDMDL,,AN-s,12,-0.0552656814182005,0.01,2025-12-21 18:54:11
RDMDL,,AN-s,13,0.0299597338700887,0.01,2025-12-21 18:54:11
RDMDL,,AN-s,14,-0.315962888197436,0.01,2025-12-21 18:54:11
RDMDL,,AN-s,15,-0.231570241252486,0.01,2025-12-21 18:54:11
RDMDL,,AN-s,16,-0.255781630652205,0.01,2025-12-21 18:54:11
RDMDL,,AN-s,17,0.631119381222808,0.01,2025-12-21 18:54:11
RDMDL,,AN-s,18,0.0354123457250307,0.01,2025-12-21 18:54:11
RDMDL,,AN-s,19,0.0189455676438217,0.01,2025-12-21 18:54:11
RDMDL,,AN-s,20,-0.0330863257121318,0.01,2025-12-21 18:54:12
RDMDL,,AN-s,21,0.236121880352351,0.01,2025-12-21 18:54:12
RDMDL,,AN-s,22,-0.179317011570171,0.01,2025-12-21 18:54:12
RDMDL,,AN-s,23,-0.518783729043403,0.01,2025-12-21 18:54:12
RDMDL,,AN-s,24,-0.425635720262413,0.01,2025-12-21 18:54:12
RDMDL,,AN-s,25,-0.0540946855035108,0.01,2025-12-21 18:54:12
RDMDL,,AN-s,26,0.246812698028656,0.01,2025-12-21 18:54:12
RDMDL,,AN-s,27,-0.0361759191350263,0.01,2025-12-21 18:54:12
RDMDL,,AN-s,28,0.511113067384013,0.01,2025-12-21 18:54:12
RDMDL,,AN-s,29,-0.249362788749384,0.01,2025-12-21 18:54:12
RDMDL,,AN-s,30,-0.477296310698068,0.01,2025-12-21 18:54:12
RDMDL,,AN-s,31,0.42596006361208,0.01,2025-12-21 18:54:12
RDMDL,,AN-s,32,-0.114731038361456,0.01,2025-12-21 18:54:12
RDMDL,,AN-s,33,0.19659033791049,0.01,2025-12-21 18:54:12
RDMDL,,AN-s,34,0.0469056456244843,0.01,2025-12-21 18:54:13
RDMDL,,AN-s,35,-0.71332433579728,0.01,2025-12-21 18:54:13
RDMDL,,AN-s,36,0.733748641384905,0.01,2025-12-21 18:54:13
RDMDL,,AN-s,37,0.000713445152036229,0.01,2025-12-21 18:54:13
RDMDL,,AN-s,38,-0.0292553391364463,0.01,2025-12-21 18:54:13
RDMDL,,AN-s,39,-0.317024185381438,0.01,2025-12-21 18:54:13
RDMDL,,AN-s,40,0.793562877315941,0.01,2025-12-21 18:54:13
RDMDL,,AN-s,41,-0.396767263687017,0.01,2025-12-21 18:54:13
RDMDL,,AN-s,42,-0.174986586085072,0.01,2025-12-21 18:54:13
RDMDL,,AN-s,43,0.632682634936431,0.01,2025-12-21 18:54:13
RDMDL,,AN-s,44,0.0900414632159598,0.01,2025-12-21 18:54:13
RDMDL,,AN-s,45,-0.393904763283871,0.01,2025-12-21 18:54:13
RDMDL,,AN-s,46,0.49399177872875,0.01,2025-12-21 18:54:13
RDMDL,,AN-s,47,0.069629399665024,0.01,2025-12-21 18:54:13
RDMDL,,AN-s,48,-0.12517720959168,0.01,2025-12-21 18:54:14
RDMDL,,AN-s,49,0.414692035414616,0.01,2025-12-21 18:54:14
RDMDL,,AN-s,50,0.0217302431561168,0.01,2025-12-21 18:54:14
RDMDL,,AN-s,51,0.00437447869746234,0.01,2025-12-21 18:54:14
RDMDL,,AN-s,52,0.452381993838565,0.01,2025-12-21 18:54:14
RDMDL,,AN-s,53,0.210577914414704,0.01,2025-12-21 18:54:14
RDMDL,,AN-s,54,-0.220127412183657,0.01,2025-12-21 18:54:14
RDMDL,,AN-s,55,-0.402560643406472,0.01,2025-12-21 18:54:14
RDMDL,,AN-s,56,-0.373338586937216,0.01,2025-12-21 18:54:14
RDMDL,,AN-s,57,-0.0812798829701321,0.01,2025-12-21 18:54:14
RDMDL,,AN-s,58,-0.0982484618076751,0.01,2025-12-21 18:54:14
RDMDL,,AN-s,59,0.551696185636402,0.01,2025-12-21 18:54:14
RDMDL,,AN-s,60,0.610411182323071,0.01,2025-12-21 18:54:14
RDMDL,,AN-s,61,-0.44887930313846,0.01,2025-12-21 18:54:14
RDMDL,,AN-s,62,-0.537328782106598,0.01,2025-12-21 18:54:14
RDMDL,,AN-s,63,0.638531238722188,0.01,2025-12-21 18:54:15
RDMDL,,AN-s,64,-0.191137236816835,0.01,2025-12-21 18:54:15
RDMDL,,AN-s,65,-0.853812243154371,0.01,2025-12-21 18:54:15
RDMDL,,AN-s,66,-0.0596402411348822,0.01,2025-12-21 18:54:15
RDMDL,,AN-s,67,0.0250445492487825,0.01,2025-12-21 18:54:15
RDMDL,,AN-s,68,-0.37920048717547,0.01,2025-12-21 18:54:15
RDMDL,,AN-s,69,-0.343533036148016,0.01,2025-12-21 18:54:15
RDMDL,,AN-s,70,0.444689852595854,0.01,2025-12-21 18:54:15
RDMDL,,AN-s,71,0.25737741602955,0.01,2025-12-21 18:54:15
RDMDL,,AN-s,72,0.217877599077075,0.01,2025-12-21 18:54:15
RDMDL,,AN-s,73,-0.163013479786418,0.01,2025-12-21 18:54:15
RDMDL,,AN-s,74,-0.358193224650251,0.01,2025-12-21 18:54:15
RDMDL,,AN-s,75,0.0109861090707982,0.01,2025-12-21 18:54:15
RDMDL,,AN-s,76,-0.156318689347601,0.01,2025-12-21 18:54:15
RDMDL,,AN-s,77,0.225588701928843,0.01,2025-12-21 18:54:16
RDMDL,,AN-s,78,0.0527649988466651,0.01,2025-12-21 18:54:16
RDMDL,,AN-s,79,0.158198725428308,0.01,2025-12-21 18:54:16
RDMDL,,AN-s,80,-0.485532674394938,0.01,2025-12-21 18:54:16
RDMDL,,AN-s,81,0.487321727598278,0.01,2025-12-21 18:54:16
RDMDL,,AN-s,82,-0.534436716457941,0.01,2025-12-21 18:54:16
RDMDL,,AN-s,83,0.384168145164554,0.01,2025-12-21 18:54:16
RDMDL,,AN-s,84,0.5827087560851,0.01,2025-12-21 18:54:16
RDMDL,,AN-s,85,0.131729023043931,0.01,2025-12-21 18:54:16
RDMDL,,AN-s,86,-0.644902476904575,0.01,2025-12-21 18:54:16
RDMDL,,AN-s,87,-0.187413089602704,0.01,2025-12-21 18:54:16
RDMDL,,AN-s,88,0.739547100042164,0.01,2025-12-21 18:54:16
RDMDL,,AN-s,89,0.677416502095384,0.01,2025-12-21 18:54:16
RDMDL,,AN-s,90,-0.0220054440233907,0.01,2025-12-21 18:54:16
RDMDL,,AN-s,91,0.272311840586743,0.01,2025-12-21 18:54:17
RDMDL,,AN-s,92,-0.436739229751117,0.01,2025-12-21 18:54:17
RDMDL,,AN-s,93,-0.478994290200676,0.01,2025-12-21 18:54:17
RDMDL,,AN-s,94,0.363924875167854,0.01,2025-12-21 18:54:17
RDMDL,,AN-s,95,0.379714713448155,0.01,2025-12-21 18:54:17
RDMDL,,AN-s,96,-0.55918134079848,0.01,2025-12-21 18:54:17
RDMDL,,AN-s,97,0.457568108543194,0.01,2025-12-21 18:54:17
RDMDL,,AN-s,98,0.0586096206317611,0.01,2025-12-21 18:54:17
RDMDL,,AN-s,99,-0.311365162648066,0.01,2025-12-21 18:54:17
RDMDL,,AN-s,100,-0.154159154194308,0.01,2025-12-21 18:54:17
RDMDL,,LS,1,-0.0905309531625512,0.01,2025-12-21 18:54:17
RDMDL,,LS,2,-0.00741212874898156,0.01,2025-12-21 18:54:17
RDMDL,,LS,3,0.821522373942323,0.01,2025-12-21 18:54:17
RDMDL,,LS,4,0.396181066061151,0.01,2025-12-21 18:54:17
RDMDL,,LS,5,0.492076541404572,0.01,2025-12-21 18:54:17
RDMDL,,LS,6,-0.121571139371281,0.01,2025-12-21 18:54:18
RDMDL,,LS,7,-0.279351534806013,0.01,2025-12-21 18:54:18
RDMDL,,LS,8,1.27923826285788,0.01,2025-12-21 18:54:18
RDMDL,,LS,9,0.537255746780199,0.01,2025-12-21 18:54:18
RDMDL,,LS,10,0.111300387225951,0.01,2025-12-21 18:54:18
RDMDL,,LS,11,0.368905124045176,0.01,2025-12-21 18:54:18
RDMDL,,LS,12,0.347544364784111,0.01,2025-12-21 18:54:18
RDMDL,,LS,13,-0.0852786801590987,0.01,2025-12-21 18:54:18
RDMDL,,LS,14,0.3555664064064,0.01,2025-12-21 18:54:18
RDMDL,,LS,15,0.239337158233119,0.01,2025-12-21 18:54:18
RDMDL,,LS,16,-0.167249520437516,0.01,2025-12-21 18:54:18
RDMDL,,LS,17,-0.0830820605969511,0.01,2025-12-21 18:54:18
RDMDL,,LS,18,0.146719834675467,0.01,2025-12-21 18:54:18
RDMDL,,LS,19,0.238469718746273,0.01,2025-12-21 18:54:18
RDMDL,,LS,20,0.120862157239183,0.01,2025-12-21 18:54:18
RDMDL,,LS,21,0.676521156266282,0.01,2025-12-21 18:54:19
RDMDL,,LS,22,0.00922788152963903,0.01,2025-12-21 18:54:19
RDMDL,,LS,23,0.579930473165641,0.01,2025-12-21 18:54:19
RDMDL,,LS,24,0.432632159719241,0.01,2025-12-21 18:54:19
RDMDL,,LS,25,0.328990765097498,0.01,2025-12-21 18:54:19
RDMDL,,LS,26,-0.579334158148042,0.01,2025-12-21 18:54:19
RDMDL,,LS,27,0.170600086382052,0.01,2025-12-21 18:54:19
RDMDL,,LS,28,0.205736348587369,0.01,2025-12-21 18:54:19
RDMDL,,LS,29,0.235959297742427,0.01,2025-12-21 18:54:19
RDMDL,,LS,30,0.324766897920605,0.01,2025-12-21 18:54:19
RDMDL,,LS,31,-0.128038970959255,0.01,2025-12-21 18:54:19
RDMDL,,LS,32,0.813293719244798,0.01,2025-12-21 18:54:19
RDMDL,,LS,33,-0.0439535124820764,0.01,2025-12-21 18:54:19
RDMDL,,LS,34,0.215966201852274,0.01,2025-12-21 18:54:19
RDMDL,,LS,35,0.948078464068617,0.01,2025-12-21 18:54:19
RDMDL,,LS,36,0.169250932311726,0.01,2025-12-21 18:54:20
RDMDL,,LS,37,-0.191522761322911,0.01,2025-12-21 18:54:20
RDMDL,,LS,38,0.430092324770915,0.01,2025-12-21 18:54:20
RDMDL,,LS,39,0.645581268973132,0.01,2025-12-21 18:54:20
RDMDL,,LS,40,0.249191688840383,0.01,2025-12-21 18:54:20
RDMDL,,LS,41,-0.0482687259121026,0.01,2025-12-21 18:54:20
RDMDL,,LS,42,-0.405630382445293,0.01,2025-12-21 18:54:20
RDMDL,,LS,43,0.464329195980125,0.01,2025-12-21 18:54:20
RDMDL,,LS,44,0.0742633516753581,0.01,2025-12-21 18:54:20
RDMDL,,LS,45,-0.536438626367322,0.01,2025-12-21 18:54:20
RDMDL,,LS,46,0.300478274870079,0.01,2025-12-21 18:54:20
RDMDL,,LS,47,-0.443632557100362,0.01,2025-12-21 18:54:20
RDMDL,,LS,48,-0.500781408944544,0.01,2025-12-21 18:54:20
RDMDL,,LS,49,-0.338421913178386,0.01,2025-12-21 18:54:20
RDMDL,,LS,50,1.14230219281305,0.01,2025-12-21 18:54:21
RDMDL,,LS,51,-0.0507639664277972,0.01,2025-12-21 18:54:21
RDMDL,,LS,52,-0.126387237758786,0.01,2025-12-21 18:54:21
RDMDL,,LS,53,-0.0130498908804138,0.01,2025-12-21 18:54:21
RDMDL,,LS,54,0.241259524120177,0.01,2025-12-21 18:54:21
RDMDL,,LS,55,0.0162697490495721,0.01,2025-12-21 18:54:21
RDMDL,,LS,56,-0.0492237140065859,0.01,2025-12-21 18:54:21
RDMDL,,LS,57,-0.043042036876579,0.01,2025-12-21 18:54:21
RDMDL,,LS,58,-0.327566680085641,0.01,2025-12-21 18:54:21
RDMDL,,LS,59,-0.298825083877015,0.01,2025-12-21 18:54:21
RDMDL,,LS,60,0.512973936923275,0.01,2025-12-21 18:54:21
RDMDL,,LS,61,0.388684301948961,0.01,2025-12-21 18:54:21
RDMDL,,LS,62,0.0818286727576296,0.01,2025-12-21 18:54:21
RDMDL,,LS,63,1.16353943986306,0.01,2025-12-21 18:54:21
RDMDL,,LS,64,1.9073399977426,0.01,2025-12-21 18:54:21
RDMDL,,LS,65,-0.135058968481652,0.01,2025-12-21 18:54:22
RDMDL,,LS,66,-0.166730393899254,0.01,2025-12-21 18:54:22
RDMDL,,LS,67,0.227262632632101,0.01,2025-12-21 18:54:22
RDMDL,,LS,68,-0.289119701081212,0.01,2025-12-21 18:54:22
RDMDL,,LS,69,0.0688801017269907,0.01,2025-12-21 18:54:22
RDMDL,,LS,70,0.285194492207385,0.01,2025-12-21 18:54:22
RDMDL,,LS,71,-0.13480637431187,0.01,2025-12-21 18:54:22
RDMDL,,LS,72,0.619834602534963,0.01,2025-12-21 18:54:22
RDMDL,,LS,73,-0.00270478267633143,0.01,2025-12-21 18:54:22
RDMDL,,LS,74,0.102464250020461,0.01,2025-12-21 18:54:22
RDMDL,,LS,75,1.19628959332953,0.01,2025-12-21 18:54:22
RDMDL,,LS,76,-0.17772931650032,0.01,2025-12-21 18:54:22
RDMDL,,LS,77,-0.0384800226925627,0.01,2025-12-21 18:54:22
RDMDL,,LS,78,0.331501503071939,0.01,2025-12-21 18:54:22
RDMDL,,LS,79,-0.449567542370314,0.01,2025-12-21 18:54:22
RDMDL,,LS,80,0.348112314316388,0.01,2025-12-21 18:54:23
RDMDL,,LS,81,0.519156268980046,0.01,2025-12-21 18:54:23
RDMDL,,LS,82,0.172973770253417,0.01,2025-12-21 18:54:23
RDMDL,,LS,83,0.455321011773934,0.01,2025-12-21 18:54:23
RDMDL,,LS,84,0.0756712752327603,0.01,2025-12-21 18:54:23
RDMDL,,LS,85,0.736242484750035,0.01,2025-12-21 18:54:23
RDMDL,,LS,86,0.712255389398246,0.01,2025-12-21 18:54:23
RDMDL,,LS,87,0.627397540241995,0.01,2025-12-21 18:54:23
RDMDL,,LS,88,0.2832874594307,0.01,2025-12-21 18:54:23
RDMDL,,LS,89,0.0716570286343572,0.01,2025-12-21 18:54:23
RDMDL,,LS,90,1.17405744971609,0.01,2025-12-21 18:54:23
RDMDL,,LS,91,0.668789160471561,0.01,2025-12-21 18:54:23
RDMDL,,LS,92,1.0840314523096,0.01,2025-12-21 18:54:23
RDMDL,,LS,93,0.195436943142467,0.01,2025-12-21 18:54:23
RDMDL,,LS,94,0.117989572857614,0.01,2025-12-21 18:54:23
RDMDL,,LS,95,0.158550220160165,0.01,2025-12-21 18:54:24
RDMDL,,LS,96,0.767189973721981,0.01,2025-12-21 18:54:24
RDMDL,,LS,97,-0.133253397470552,0.01,2025-12-21 18:54:24
RDMDL,,LS,98,0.0359173483536515,0.01,2025-12-21 18:54:24
RDMDL,,LS,99,0.0779849943881695,0.01,2025-12-21 18:54:24
RDMDL,,LS,100,-0.444648610640934,0.01,2025-12-21 18:54:24
RDMDL,,LS-s,1,-0.668354917031923,0.01,2025-12-21 18:54:24
RDMDL,,LS-s,2,-0.407390416877228,0.01,2025-12-21 18:54:24
RDMDL,,LS-s,3,-0.5841318259226,0.01,2025-12-21 18:54:24
RDMDL,,LS-s,4,0.193369152769401,0.01,2025-12-21 18:54:24
RDMDL,,LS-s,5,-0.652127424685173,0.01,2025-12-21 18:54:24
RDMDL,,LS-s,6,-0.391840359143754,0.01,2025-12-21 18:54:24
RDMDL,,LS-s,7,-0.475991510846881,0.01,2025-12-21 18:54:24
RDMDL,,LS-s,8,-0.761446621977183,0.01,2025-12-21 18:54:24
RDMDL,,LS-s,9,0.574099794174216,0.01,2025-12-21 18:54:25
RDMDL,,LS-s,10,-0.479027253080541,0.01,2025-12-21 18:54:25
RDMDL,,LS-s,11,-0.0714750529454848,0.01,2025-12-21 18:54:25
RDMDL,,LS-s,12,0.0684666725589664,0.01,2025-12-21 18:54:25
RDMDL,,LS-s,13,-0.024161818671022,0.01,2025-12-21 18:54:25
RDMDL,,LS-s,14,-0.206762036201003,0.01,2025-12-21 18:54:25
RDMDL,,LS-s,15,-0.504127845039177,0.01,2025-12-21 18:54:25
RDMDL,,LS-s,16,0.0647358216154476,0.01,2025-12-21 18:54:25
RDMDL,,LS-s,17,-0.585143652945511,0.01,2025-12-21 18:54:25
RDMDL,,LS-s,18,-0.868139345960292,0.01,2025-12-21 18:54:25
RDMDL,,LS-s,19,-0.0518822230063633,0.01,2025-12-21 18:54:25
RDMDL,,LS-s,20,-0.750395788573791,0.01,2025-12-21 18:54:25
RDMDL,,LS-s,21,-0.478149308230645,0.01,2025-12-21 18:54:25
RDMDL,,LS-s,22,0.0902722263566438,0.01,2025-12-21 18:54:25
RDMDL,,LS-s,23,0.2611928216068,0.01,2025-12-21 18:54:25
RDMDL,,LS-s,24,-0.217375597626387,0.01,2025-12-21 18:54:26
RDMDL,,LS-s,25,-0.565327628988326,0.01,2025-12-21 18:54:26
RDMDL,,LS-s,26,-0.173078881393688,0.01,2025-12-21 18:54:26
RDMDL,,LS-s,27,-0.51638289068547,0.01,2025-12-21 18:54:26
RDMDL,,LS-s,28,-0.426379190418403,0.01,2025-12-21 18:54:26
RDMDL,,LS-s,29,-0.736619856842961,0.01,2025-12-21 18:54:26
RDMDL,,LS-s,30,-0.0173464582270972,0.01,2025-12-21 18:54:26
RDMDL,,LS-s,31,-0.94706430602713,0.01,2025-12-21 18:54:26
RDMDL,,LS-s,32,-0.624092419728428,0.01,2025-12-21 18:54:26
RDMDL,,LS-s,33,-0.639729571610892,0.01,2025-12-21 18:54:26
RDMDL,,LS-s,34,-0.256489841197745,0.01,2025-12-21 18:54:26
RDMDL,,LS-s,35,-0.41278544641372,0.01,2025-12-21 18:54:26
RDMDL,,LS-s,36,0.259351679318169,0.01,2025-12-21 18:54:26
RDMDL,,LS-s,37,-0.913315725498764,0.01,2025-12-21 18:54:26
RDMDL,,LS-s,38,-0.401980663372434,0.01,2025-12-21 18:54:27
RDMDL,,LS-s,39,-0.524742484018408,0.01,2025-12-21 18:54:27
RDMDL,,LS-s,40,-0.494150454460587,0.01,2025-12-21 18:54:27
RDMDL,,LS-s,41,-0.694802991389286,0.01,2025-12-21 18:54:27
RDMDL,,LS-s,42,-0.4093734652941,0.01,2025-12-21 18:54:27
RDMDL,,LS-s,43,-0.150100711509249,0.01,2025-12-21 18:54:27
RDMDL,,LS-s,44,-0.407148220160281,0.01,2025-12-21 18:54:27
RDMDL,,LS-s,45,-1.08886978091782,0.01,2025-12-21 18:54:27
RDMDL,,LS-s,46,-0.350592868265408,0.01,2025-12-21 18:54:27
RDMDL,,LS-s,47,-0.375314857791598,0.01,2025-12-21 18:54:27
RDMDL,,LS-s,48,-0.760222725584131,0.01,2025-12-21 18:54:27
RDMDL,,LS-s,49,0.166673568241437,0.01,2025-12-21 18:54:27
RDMDL,,LS-s,50,-0.892464940997289,0.01,2025-12-21 18:54:27
RDMDL,,LS-s,51,-0.0060190899793356,0.01,2025-12-21 18:54:27
RDMDL,,LS-s,52,-0.404043847008099,0.01,2025-12-21 18:54:27
RDMDL,,LS-s,53,-0.481016081591513,0.01,2025-12-21 18:54:28
RDMDL,,LS-s,54,0.243755904797052,0.01,2025-12-21 18:54:28
RDMDL,,LS-s,55,-0.770150769323606,0.01,2025-12-21 18:54:28
RDMDL,,LS-s,56,-0.0888621315502073,0.01,2025-12-21 18:54:28
RDMDL,,LS-s,57,-0.511289013868276,0.01,2025-12-21 18:54:28
RDMDL,,LS-s,58,-0.866758138617366,0.01,2025-12-21 18:54:28
RDMDL,,LS-s,59,-0.122551338875585,0.01,2025-12-21 18:54:28
RDMDL,,LS-s,60,-0.149450185324292,0.01,2025-12-21 18:54:28
RDMDL,,LS-s,61,-0.414822924301128,0.01,2025-12-21 18:54:28
RDMDL,,LS-s,62,-0.350891660481879,0.01,2025-12-21 18:54:28
RDMDL,,LS-s,63,0.364453303964809,0.01,2025-12-21 18:54:28
RDMDL,,LS-s,64,-0.565882168930652,0.01,2025-12-21 18:54:28
RDMDL,,LS-s,65,-0.493447231236599,0.01,2025-12-21 18:54:28
RDMDL,,LS-s,66,-0.613839324988056,0.01,2025-12-21 18:54:28
RDMDL,,LS-s,67,-0.531748478076684,0.01,2025-12-21 18:54:29
RDMDL,,LS-s,68,-0.129909195991986,0.01,2025-12-21 18:54:29
RDMDL,,LS-s,69,-0.936589756808064,0.01,2025-12-21 18:54:29
RDMDL,,LS-s,70,-0.702906598958819,0.01,2025-12-21 18:54:29
RDMDL,,LS-s,71,-0.344907373106523,0.01,2025-12-21 18:54:29
RDMDL,,LS-s,72,-0.39403987254501,0.01,2025-12-21 18:54:29
RDMDL,,LS-s,73,-0.517963853791365,0.01,2025-12-21 18:54:29
RDMDL,,LS-s,74,-0.678883447032512,0.01,2025-12-21 18:54:29
RDMDL,,LS-s,75,-0.585422108495572,0.01,2025-12-21 18:54:29
RDMDL,,LS-s,76,-0.721702760468162,0.01,2025-12-21 18:54:29
RDMDL,,LS-s,77,-0.302270263950962,0.01,2025-12-21 18:54:29
RDMDL,,LS-s,78,-0.627382321457852,0.01,2025-12-21 18:54:29
RDMDL,,LS-s,79,-0.467511630459118,0.01,2025-12-21 18:54:29
RDMDL,,LS-s,80,-0.207236088088486,0.01,2025-12-21 18:54:29
RDMDL,,LS-s,81,-0.416722851926104,0.01,2025-12-21 18:54:29
RDMDL,,LS-s,82,-0.438579283126199,0.01,2025-12-21 18:54:30
RDMDL,,LS-s,83,-0.679509265437099,0.01,2025-12-21 18:54:30
RDMDL,,LS-s,84,-0.324051038672012,0.01,2025-12-21 18:54:30
RDMDL,,LS-s,85,-0.397531188347335,0.01,2025-12-21 18:54:30
RDMDL,,LS-s,86,-0.361160538676007,0.01,2025-12-21 18:54:30
RDMDL,,LS-s,87,-0.494872113169901,0.01,2025-12-21 18:54:30
RDMDL,,LS-s,88,0.630329988200928,0.01,2025-12-21 18:54:30
RDMDL,,LS-s,89,-0.896742815636942,0.01,2025-12-21 18:54:30
RDMDL,,LS-s,90,-0.409666927001215,0.01,2025-12-21 18:54:30
RDMDL,,LS-s,91,-0.646801884348819,0.01,2025-12-21 18:54:30
RDMDL,,LS-s,92,-0.386485758657157,0.01,2025-12-21 18:54:30
RDMDL,,LS-s,93,0.559733454208623,0.01,2025-12-21 18:54:30
RDMDL,,LS-s,94,-0.0507485358520098,0.01,2025-12-21 18:54:30
RDMDL,,LS-s,95,-0.183561755176753,0.01,2025-12-21 18:54:30
RDMDL,,LS-s,96,-0.403075720202197,0.01,2025-12-21 18:54:30
RDMDL,,LS-s,97,-0.189518709538066,0.01,2025-12-21 18:54:31
RDMDL,,LS-s,98,0.101181218233876,0.01,2025-12-21 18:54:31
RDMDL,,LS-s,99,-0.294596301438391,0.01,2025-12-21 18:54:31
RDMDL,,LS-s,100,-0.684489433136693,0.01,2025-12-21 18:54:31
RDMDL,,MN-U,1,-0.455664374665334,0.01,2025-12-21 18:54:31
RDMDL,,MN-U,2,0.0610680126440636,0.01,2025-12-21 18:54:31
RDMDL,,MN-U,3,-0.539227320822168,0.01,2025-12-21 18:54:31
RDMDL,,MN-U,4,-0.0294159895855187,0.01,2025-12-21 18:54:31
RDMDL,,MN-U,5,-0.197147706628004,0.01,2025-12-21 18:54:31
RDMDL,,MN-U,6,-0.19503432072309,0.01,2025-12-21 18:54:31
RDMDL,,MN-U,7,-0.413354239751887,0.01,2025-12-21 18:54:31
RDMDL,,MN-U,8,-0.108532911413116,0.01,2025-12-21 18:54:31
RDMDL,,MN-U,9,0.114796074926277,0.01,2025-12-21 18:54:31
RDMDL,,MN-U,10,-0.366131327878593,0.01,2025-12-21 18:54:31
RDMDL,,MN-U,11,-0.195386425547506,0.01,2025-12-21 18:54:32
RDMDL,,MN-U,12,-0.0452487003369856,0.01,2025-12-21 18:54:32
RDMDL,,MN-U,13,-0.669083526273179,0.01,2025-12-21 18:54:32
RDMDL,,MN-U,14,-0.535481505791965,0.01,2025-12-21 18:54:32
RDMDL,,MN-U,15,-0.0554796193225206,0.01,2025-12-21 18:54:32
RDMDL,,MN-U,16,-0.159080243237562,0.01,2025-12-21 18:54:32
RDMDL,,MN-U,17,0.00431601886809153,0.01,2025-12-21 18:54:32
RDMDL,,MN-U,18,-0.433004005220882,0.01,2025-12-21 18:54:32
RDMDL,,MN-U,19,-0.324912696953117,0.01,2025-12-21 18:54:32
RDMDL,,MN-U,20,-0.472981781380418,0.01,2025-12-21 18:54:32
RDMDL,,MN-U,21,-0.67641700044761,0.01,2025-12-21 18:54:32
RDMDL,,MN-U,22,-0.298197568992158,0.01,2025-12-21 18:54:32
RDMDL,,MN-U,23,0.0804718616706041,0.01,2025-12-21 18:54:32
RDMDL,,MN-U,24,-0.26300265918397,0.01,2025-12-21 18:54:32
RDMDL,,MN-U,25,-0.146565460535454,0.01,2025-12-21 18:54:33
RDMDL,,MN-U,26,-0.261768191755484,0.01,2025-12-21 18:54:33
RDMDL,,MN-U,27,-0.223718396784935,0.01,2025-12-21 18:54:33
RDMDL,,MN-U,28,-0.112068775353371,0.01,2025-12-21 18:54:33
RDMDL,,MN-U,29,-0.597016787651219,0.01,2025-12-21 18:54:33
RDMDL,,MN-U,30,-0.739250870646777,0.01,2025-12-21 18:54:33
RDMDL,,MN-U,31,-0.365582494955879,0.01,2025-12-21 18:54:33
RDMDL,,MN-U,32,-0.165932501779378,0.01,2025-12-21 18:54:33
RDMDL,,MN-U,33,-0.230952099571056,0.01,2025-12-21 18:54:33
RDMDL,,MN-U,34,-0.548231177818514,0.01,2025-12-21 18:54:33
RDMDL,,MN-U,35,-0.217953460612986,0.01,2025-12-21 18:54:33
RDMDL,,MN-U,36,-0.347084517104269,0.01,2025-12-21 18:54:33
RDMDL,,MN-U,37,-0.148107910187313,0.01,2025-12-21 18:54:33
RDMDL,,MN-U,38,-0.0306165543507809,0.01,2025-12-21 18:54:33
RDMDL,,MN-U,39,-0.402195966189851,0.01,2025-12-21 18:54:34
RDMDL,,MN-U,40,-0.329065155076407,0.01,2025-12-21 18:54:34
RDMDL,,MN-U,41,0.158448677272289,0.01,2025-12-21 18:54:34
RDMDL,,MN-U,42,-0.497166770981406,0.01,2025-12-21 18:54:34
RDMDL,,MN-U,43,-0.187814485119568,0.01,2025-12-21 18:54:34
RDMDL,,MN-U,44,-0.414503849426114,0.01,2025-12-21 18:54:34
RDMDL,,MN-U,45,-0.527201989470873,0.01,2025-12-21 18:54:34
RDMDL,,MN-U,46,-0.473577784970912,0.01,2025-12-21 18:54:34
RDMDL,,MN-U,47,-0.300685388425152,0.01,2025-12-21 18:54:34
RDMDL,,MN-U,48,-0.318948094491969,0.01,2025-12-21 18:54:34
RDMDL,,MN-U,49,-0.404347527623113,0.01,2025-12-21 18:54:34
RDMDL,,MN-U,50,-0.228557569200498,0.01,2025-12-21 18:54:34
RDMDL,,MN-U,51,-0.139485524638678,0.01,2025-12-21 18:54:34
RDMDL,,MN-U,52,-0.39596875091296,0.01,2025-12-21 18:54:34
RDMDL,,MN-U,53,-0.382927459514009,0.01,2025-12-21 18:54:34
RDMDL,,MN-U,54,-0.418327712746286,0.01,2025-12-21 18:54:35
RDMDL,,MN-U,55,0.00540253656970572,0.01,2025-12-21 18:54:35
RDMDL,,MN-U,56,-0.428349134088706,0.01,2025-12-21 18:54:35
RDMDL,,MN-U,57,-0.198537415855875,0.01,2025-12-21 18:54:35
RDMDL,,MN-U,58,-0.437681690098137,0.01,2025-12-21 18:54:35
RDMDL,,MN-U,59,-0.471068796023521,0.01,2025-12-21 18:54:35
RDMDL,,MN-U,60,-0.213114898006076,0.01,2025-12-21 18:54:35
RDMDL,,MN-U,61,-0.312303775722907,0.01,2025-12-21 18:54:35
RDMDL,,MN-U,62,-0.0427131001594262,0.01,2025-12-21 18:54:35
RDMDL,,MN-U,63,-0.32698310611482,0.01,2025-12-21 18:54:35
RDMDL,,MN-U,64,-0.448887806127001,0.01,2025-12-21 18:54:35
RDMDL,,MN-U,65,0.0176565619640651,0.01,2025-12-21 18:54:35
RDMDL,,MN-U,66,-0.427130674077016,0.01,2025-12-21 18:54:35
RDMDL,,MN-U,67,-0.765535303861066,0.01,2025-12-21 18:54:35
RDMDL,,MN-U,68,-0.0721426813859152,0.01,2025-12-21 18:54:36
RDMDL,,MN-U,69,-0.340775836028122,0.01,2025-12-21 18:54:36
RDMDL,,MN-U,70,-0.265515422665985,0.01,2025-12-21 18:54:36
RDMDL,,MN-U,71,-0.0954448294519316,0.01,2025-12-21 18:54:36
RDMDL,,MN-U,72,-0.528560060207721,0.01,2025-12-21 18:54:36
RDMDL,,MN-U,73,-0.239564567309225,0.01,2025-12-21 18:54:36
RDMDL,,MN-U,74,-0.259124303832954,0.01,2025-12-21 18:54:36
RDMDL,,MN-U,75,-0.185931183461503,0.01,2025-12-21 18:54:36
RDMDL,,MN-U,76,-0.13629924364081,0.01,2025-12-21 18:54:36
RDMDL,,MN-U,77,-0.173722564246586,0.01,2025-12-21 18:54:36
RDMDL,,MN-U,78,-0.449639179590878,0.01,2025-12-21 18:54:36
RDMDL,,MN-U,79,-0.178601525432529,0.01,2025-12-21 18:54:36
RDMDL,,MN-U,80,-0.138582705098908,0.01,2025-12-21 18:54:36
RDMDL,,MN-U,81,-0.266026333576783,0.01,2025-12-21 18:54:36
RDMDL,,MN-U,82,-0.323512725036788,0.01,2025-12-21 18:54:37
RDMDL,,MN-U,83,-0.566984440927085,0.01,2025-12-21 18:54:37
RDMDL,,MN-U,84,-0.653216335082573,0.01,2025-12-21 18:54:37
RDMDL,,MN-U,85,-0.0254974029312455,0.01,2025-12-21 18:54:37
RDMDL,,MN-U,86,-0.270018854150156,0.01,2025-12-21 18:54:37
RDMDL,,MN-U,87,-0.107137810457222,0.01,2025-12-21 18:54:37
RDMDL,,MN-U,88,-0.357689233373285,0.01,2025-12-21 18:54:37
RDMDL,,MN-U,89,-0.457926424552576,0.01,2025-12-21 18:54:37
RDMDL,,MN-U,90,-0.13603627691709,0.01,2025-12-21 18:54:37
RDMDL,,MN-U,91,-0.224857803735338,0.01,2025-12-21 18:54:37
RDMDL,,MN-U,92,-0.339022391940973,0.01,2025-12-21 18:54:37
RDMDL,,MN-U,93,-0.190545317047013,0.01,2025-12-21 18:54:37
RDMDL,,MN-U,94,-0.672689779726282,0.01,2025-12-21 18:54:37
RDMDL,,MN-U,95,-0.359805145976365,0.01,2025-12-21 18:54:37
RDMDL,,MN-U,96,-0.338161864882906,0.01,2025-12-21 18:54:37
RDMDL,,MN-U,97,-0.414273544766089,0.01,2025-12-21 18:54:38
RDMDL,,MN-U,98,-0.338141667192329,0.01,2025-12-21 18:54:38
RDMDL,,MN-U,99,-0.0940943563871924,0.01,2025-12-21 18:54:38
RDMDL,,MN-U,100,-0.210835749962443,0.01,2025-12-21 18:54:38
RDMDL,,AN,1,0.287460628812925,0.01,2025-12-21 18:54:38
RDMDL,,AN,2,0.560334723348568,0.01,2025-12-21 18:54:38
RDMDL,,AN,3,0.697200000490975,0.01,2025-12-21 18:54:38
RDMDL,,AN,4,0.77067125969087,0.01,2025-12-21 18:54:38
RDMDL,,AN,5,0.770983099439554,0.01,2025-12-21 18:54:38
RDMDL,,AN,6,0.668478660429009,0.01,2025-12-21 18:54:38
RDMDL,,AN,7,0.879268747653211,0.01,2025-12-21 18:54:38
RDMDL,,AN,8,0.772728361661063,0.01,2025-12-21 18:54:38
RDMDL,,AN,9,0.347377121890718,0.01,2025-12-21 18:54:38
RDMDL,,AN,10,0.675065504636856,0.01,2025-12-21 18:54:39
RDMDL,,AN,11,-0.179359138237765,0.01,2025-12-21 18:54:39
RDMDL,,AN,12,0.448499223999738,0.01,2025-12-21 18:54:39
RDMDL,,AN,13,-0.0173991945375565,0.01,2025-12-21 18:54:39
RDMDL,,AN,14,-0.0610679283306745,0.01,2025-12-21 18:54:39
RDMDL,,AN,15,-0.158159692370883,0.01,2025-12-21 18:54:39
RDMDL,,AN,16,-0.251452864235739,0.01,2025-12-21 18:54:39
RDMDL,,AN,17,0.136604729045462,0.01,2025-12-21 18:54:39
RDMDL,,AN,18,-0.300284883783251,0.01,2025-12-21 18:54:39
RDMDL,,AN,19,-0.312188067239288,0.01,2025-12-21 18:54:39
RDMDL,,AN,20,0.174800317285097,0.01,2025-12-21 18:54:39
RDMDL,,AN,21,-0.259327321638287,0.01,2025-12-21 18:54:39
RDMDL,,AN,22,-0.0261019457613465,0.01,2025-12-21 18:54:39
RDMDL,,AN,23,-0.33101844891468,0.01,2025-12-21 18:54:39
RDMDL,,AN,24,-0.134252726646758,0.01,2025-12-21 18:54:39
RDMDL,,AN,25,0.983660999901625,0.01,2025-12-21 18:54:40
RDMDL,,AN,26,1.09942602910204,0.01,2025-12-21 18:54:40
RDMDL,,AN,27,-0.343851246632113,0.01,2025-12-21 18:54:40
RDMDL,,AN,28,-0.24569914800801,0.01,2025-12-21 18:54:40
RDMDL,,AN,29,0.662624127266034,0.01,2025-12-21 18:54:40
RDMDL,,AN,30,0.146207715193359,0.01,2025-12-21 18:54:40
RDMDL,,AN,31,0.0862078133550372,0.01,2025-12-21 18:54:40
RDMDL,,AN,32,1.7276369786454,0.01,2025-12-21 18:54:40
RDMDL,,AN,33,0.0623929347637427,0.01,2025-12-21 18:54:40
RDMDL,,AN,34,0.626771158721361,0.01,2025-12-21 18:54:40
RDMDL,,AN,35,1.11855243537661,0.01,2025-12-21 18:54:40
RDMDL,,AN,36,0.367575521144102,0.01,2025-12-21 18:54:40
RDMDL,,AN,37,-0.0991632191330064,0.01,2025-12-21 18:54:40
RDMDL,,AN,38,-0.0831093475141738,0.01,2025-12-21 18:54:40
RDMDL,,AN,39,0.268399998396524,0.01,2025-12-21 18:54:41
RDMDL,,AN,40,0.0794462346390756,0.01,2025-12-21 18:54:41
RDMDL,,AN,41,0.569431428789518,0.01,2025-12-21 18:54:41
RDMDL,,AN,42,0.197203772681395,0.01,2025-12-21 18:54:41
RDMDL,,AN,43,0.150016966057041,0.01,2025-12-21 18:54:41
RDMDL,,AN,44,0.697950317034221,0.01,2025-12-21 18:54:41
RDMDL,,AN,45,0.212709981888725,0.01,2025-12-21 18:54:41
RDMDL,,AN,46,0.0232424576795306,0.01,2025-12-21 18:54:41
RDMDL,,AN,47,0.264828087596573,0.01,2025-12-21 18:54:41
RDMDL,,AN,48,1.00619807419286,0.01,2025-12-21 18:54:41
RDMDL,,AN,49,-0.166819587264563,0.01,2025-12-21 18:54:41
RDMDL,,AN,50,0.0884205942645872,0.01,2025-12-21 18:54:41
RDMDL,,AN,51,-0.195308962627052,0.01,2025-12-21 18:54:41
RDMDL,,AN,52,0.152894378140781,0.01,2025-12-21 18:54:41
RDMDL,,AN,53,0.655476572594279,0.01,2025-12-21 18:54:41
RDMDL,,AN,54,0.303273438980274,0.01,2025-12-21 18:54:42
RDMDL,,AN,55,1.12942647632496,0.01,2025-12-21 18:54:42
RDMDL,,AN,56,-0.248727455803019,0.01,2025-12-21 18:54:42
RDMDL,,AN,57,0.520987592984199,0.01,2025-12-21 18:54:42
RDMDL,,AN,58,0.3098817482925,0.01,2025-12-21 18:54:42
RDMDL,,AN,59,-0.167730477215973,0.01,2025-12-21 18:54:42
RDMDL,,AN,60,0.0953186794064436,0.01,2025-12-21 18:54:42
RDMDL,,AN,61,0.07200817967174,0.01,2025-12-21 18:54:42
RDMDL,,AN,62,-0.445445102474917,0.01,2025-12-21 18:54:42
RDMDL,,AN,63,0.613890636826052,0.01,2025-12-21 18:54:42
RDMDL,,AN,64,0.344116588506009,0.01,2025-12-21 18:54:42
RDMDL,,AN,65,1.02676608570569,0.01,2025-12-21 18:54:42
RDMDL,,AN,66,-0.152665196307292,0.01,2025-12-21 18:54:42
RDMDL,,AN,67,0.372132133642305,0.01,2025-12-21 18:54:42
RDMDL,,AN,68,0.13040666743722,0.01,2025-12-21 18:54:43
RDMDL,,AN,69,0.735549070561442,0.01,2025-12-21 18:54:43
RDMDL,,AN,70,-0.326386375851378,0.01,2025-12-21 18:54:43
RDMDL,,AN,71,-0.0948229628351928,0.01,2025-12-21 18:54:43
RDMDL,,AN,72,0.598179541625461,0.01,2025-12-21 18:54:43
RDMDL,,AN,73,-0.224161617924577,0.01,2025-12-21 18:54:43
RDMDL,,AN,74,0.140530150472023,0.01,2025-12-21 18:54:43
RDMDL,,AN,75,0.695558105284522,0.01,2025-12-21 18:54:43
RDMDL,,AN,76,0.0446323181503012,0.01,2025-12-21 18:54:43
RDMDL,,AN,77,0.250566616935625,0.01,2025-12-21 18:54:43
RDMDL,,AN,78,0.391621865267891,0.01,2025-12-21 18:54:43
RDMDL,,AN,79,0.190543461771849,0.01,2025-12-21 18:54:43
RDMDL,,AN,80,0.226343333662368,0.01,2025-12-21 18:54:43
RDMDL,,AN,81,0.588186741489958,0.01,2025-12-21 18:54:43
RDMDL,,AN,82,0.492751239216928,0.01,2025-12-21 18:54:43
RDMDL,,AN,83,0.326817088181844,0.01,2025-12-21 18:54:44
RDMDL,,AN,84,0.0754119358341482,0.01,2025-12-21 18:54:44
RDMDL,,AN,85,0.548156913527777,0.01,2025-12-21 18:54:44
RDMDL,,AN,86,-0.0160114152311489,0.01,2025-12-21 18:54:44
RDMDL,,AN,87,0.589733479965575,0.01,2025-12-21 18:54:44
RDMDL,,AN,88,0.948343431668835,0.01,2025-12-21 18:54:44
RDMDL,,AN,89,0.0754675431635228,0.01,2025-12-21 18:54:44
RDMDL,,AN,90,-0.0626595068037682,0.01,2025-12-21 18:54:44
RDMDL,,AN,91,-0.519597384750268,0.01,2025-12-21 18:54:44
RDMDL,,AN,92,0.579203689686189,0.01,2025-12-21 18:54:44
RDMDL,,AN,93,0.412888904524983,0.01,2025-12-21 18:54:44
RDMDL,,AN,94,-0.149466790507734,0.01,2025-12-21 18:54:44
RDMDL,,AN,95,0.48761574073533,0.01,2025-12-21 18:54:44
RDMDL,,AN,96,-0.655696487604661,0.01,2025-12-21 18:54:44
RDMDL,,AN,97,0.159089933421497,0.01,2025-12-21 18:54:45
RDMDL,,AN,98,0.456069379171519,0.01,2025-12-21 18:54:45
RDMDL,,AN,99,1.00904848247459,0.01,2025-12-21 18:54:45
RDMDL,,AN,100,-0.290648592284666,0.01,2025-12-21 18:54:45
RDMDL,,AN-s,1,0.615632954547283,0.01,2025-12-21 18:54:45
RDMDL,,AN-s,2,0.0670932294898594,0.01,2025-12-21 18:54:45
RDMDL,,AN-s,3,0.266037297864276,0.01,2025-12-21 18:54:45
RDMDL,,AN-s,4,0.0866754893634024,0.01,2025-12-21 18:54:45
RDMDL,,AN-s,5,0.167400701570237,0.01,2025-12-21 18:54:45
RDMDL,,AN-s,6,0.201025170455091,0.01,2025-12-21 18:54:45
RDMDL,,AN-s,7,-0.215147878000488,0.01,2025-12-21 18:54:45
RDMDL,,AN-s,8,-0.425402747001063,0.01,2025-12-21 18:54:45
RDMDL,,AN-s,9,-0.116857433496288,0.01,2025-12-21 18:54:45
RDMDL,,AN-s,10,-0.0563289578336467,0.01,2025-12-21 18:54:45
RDMDL,,AN-s,11,0.0247241658768489,0.01,2025-12-21 18:54:45
RDMDL,,AN-s,12,-0.0675810348819559,0.01,2025-12-21 18:54:46
RDMDL,,AN-s,13,0.0242462081786912,0.01,2025-12-21 18:54:46
RDMDL,,AN-s,14,-0.33285244335969,0.01,2025-12-21 18:54:46
RDMDL,,AN-s,15,-0.249892824108495,0.01,2025-12-21 18:54:46
RDMDL,,AN-s,16,-0.269806041266988,0.01,2025-12-21 18:54:46
RDMDL,,AN-s,17,0.654276984608276,0.01,2025-12-21 18:54:46
RDMDL,,AN-s,18,0.0266538485726714,0.01,2025-12-21 18:54:46
RDMDL,,AN-s,19,0.0132450384562612,0.01,2025-12-21 18:54:46
RDMDL,,AN-s,20,-0.0397405307861859,0.01,2025-12-21 18:54:46
RDMDL,,AN-s,21,0.237598594607434,0.01,2025-12-21 18:54:46
RDMDL,,AN-s,22,-0.198185762640931,0.01,2025-12-21 18:54:46
RDMDL,,AN-s,23,-0.55557938191253,0.01,2025-12-21 18:54:46
RDMDL,,AN-s,24,-0.453025426686678,0.01,2025-12-21 18:54:46
RDMDL,,AN-s,25,-0.0612875931809376,0.01,2025-12-21 18:54:46
RDMDL,,AN-s,26,0.250158955401686,0.01,2025-12-21 18:54:47
RDMDL,,AN-s,27,-0.0464521348956041,0.01,2025-12-21 18:54:47
RDMDL,,AN-s,28,0.528943596884461,0.01,2025-12-21 18:54:47
RDMDL,,AN-s,29,-0.270355309067043,0.01,2025-12-21 18:54:47
RDMDL,,AN-s,30,-0.510666546614454,0.01,2025-12-21 18:54:47
RDMDL,,AN-s,31,0.436539443563058,0.01,2025-12-21 18:54:47
RDMDL,,AN-s,32,-0.130087524771021,0.01,2025-12-21 18:54:47
RDMDL,,AN-s,33,0.198886602071338,0.01,2025-12-21 18:54:47
RDMDL,,AN-s,34,0.0428535474648952,0.01,2025-12-21 18:54:47
RDMDL,,AN-s,35,-0.755921287771521,0.01,2025-12-21 18:54:47
RDMDL,,AN-s,36,0.762835819528909,0.01,2025-12-21 18:54:47
RDMDL,,AN-s,37,-0.0107428821210938,0.01,2025-12-21 18:54:47
RDMDL,,AN-s,38,-0.0351331713459667,0.01,2025-12-21 18:54:47
RDMDL,,AN-s,39,-0.33648965925719,0.01,2025-12-21 18:54:47
RDMDL,,AN-s,40,0.822301917205891,0.01,2025-12-21 18:54:47
RDMDL,,AN-s,41,-0.425260118782008,0.01,2025-12-21 18:54:48
RDMDL,,AN-s,42,-0.194297792952529,0.01,2025-12-21 18:54:48
RDMDL,,AN-s,43,0.651995887159991,0.01,2025-12-21 18:54:48
RDMDL,,AN-s,44,0.0859615810541209,0.01,2025-12-21 18:54:48
RDMDL,,AN-s,45,-0.420437156814352,0.01,2025-12-21 18:54:48
RDMDL,,AN-s,46,0.509856161339016,0.01,2025-12-21 18:54:48
RDMDL,,AN-s,47,0.0688065185745422,0.01,2025-12-21 18:54:48
RDMDL,,AN-s,48,-0.138841977910884,0.01,2025-12-21 18:54:48
RDMDL,,AN-s,49,0.427951169017268,0.01,2025-12-21 18:54:48
RDMDL,,AN-s,50,0.0138905415135416,0.01,2025-12-21 18:54:48
RDMDL,,AN-s,51,3.04634757558233e-05,0.01,2025-12-21 18:54:48
RDMDL,,AN-s,52,0.46421938360354,0.01,2025-12-21 18:54:48
RDMDL,,AN-s,53,0.217297136645369,0.01,2025-12-21 18:54:48
RDMDL,,AN-s,54,-0.237614057685745,0.01,2025-12-21 18:54:48
RDMDL,,AN-s,55,-0.430026179161101,0.01,2025-12-21 18:54:49
RDMDL,,AN-s,56,-0.40155811821205,0.01,2025-12-21 18:54:49
RDMDL,,AN-s,57,-0.091496357977936,0.01,2025-12-21 18:54:49
RDMDL,,AN-s,58,-0.10608671577978,0.01,2025-12-21 18:54:49
RDMDL,,AN-s,59,0.56760978746303,0.01,2025-12-21 18:54:49
RDMDL,,AN-s,60,0.633137715148786,0.01,2025-12-21 18:54:49
RDMDL,,AN-s,61,-0.479143532446211,0.01,2025-12-21 18:54:49
RDMDL,,AN-s,62,-0.567258513456683,0.01,2025-12-21 18:54:49
RDMDL,,AN-s,63,0.661223338916574,0.01,2025-12-21 18:54:49
RDMDL,,AN-s,64,-0.207651692814396,0.01,2025-12-21 18:54:49
RDMDL,,AN-s,65,-0.8980850379432,0.01,2025-12-21 18:54:49
RDMDL,,AN-s,66,-0.0727327822057105,0.01,2025-12-21 18:54:49
RDMDL,,AN-s,67,0.0182799047183707,0.01,2025-12-21 18:54:49
RDMDL,,AN-s,68,-0.407453005742033,0.01,2025-12-21 18:54:49
RDMDL,,AN-s,69,-0.370869265141838,0.01,2025-12-21 18:54:50
RDMDL,,AN-s,70,0.455071861456342,0.01,2025-12-21 18:54:50
RDMDL,,AN-s,71,0.260784558408451,0.01,2025-12-21 18:54:50
RDMDL,,AN-s,72,0.22324345973558,0.01,2025-12-21 18:54:50
RDMDL,,AN-s,73,-0.180595451845008,0.01,2025-12-21 18:54:50
RDMDL,,AN-s,74,-0.38143710990732,0.01,2025-12-21 18:54:50
RDMDL,,AN-s,75,-0.00066889095771603,0.01,2025-12-21 18:54:50
RDMDL,,AN-s,76,-0.173736114478758,0.01,2025-12-21 18:54:50
RDMDL,,AN-s,77,0.226694409419461,0.01,2025-12-21 18:54:50
RDMDL,,AN-s,78,0.0417680794121952,0.01,2025-12-21 18:54:50
RDMDL,,AN-s,79,0.162497419441645,0.01,2025-12-21 18:54:50
RDMDL,,AN-s,80,-0.512914863987433,0.01,2025-12-21 18:54:50
RDMDL,,AN-s,81,0.503555291046774,0.01,2025-12-21 18:54:50
RDMDL,,AN-s,82,-0.567112525658968,0.01,2025-12-21 18:54:50
RDMDL,,AN-s,83,0.393600779180732,0.01,2025-12-21 18:54:51
RDMDL,,AN-s,84,0.60058869166431,0.01,2025-12-21 18:54:51
RDMDL,,AN-s,85,0.122626162569357,0.01,2025-12-21 18:54:51
RDMDL,,AN-s,86,-0.685060993218395,0.01,2025-12-21 18:54:51
RDMDL,,AN-s,87,-0.205135493961828,0.01,2025-12-21 18:54:51
RDMDL,,AN-s,88,0.764399954527329,0.01,2025-12-21 18:54:51
RDMDL,,AN-s,89,0.695773491796469,0.01,2025-12-21 18:54:51
RDMDL,,AN-s,90,-0.030646979847776,0.01,2025-12-21 18:54:51
RDMDL,,AN-s,91,0.277439008537451,0.01,2025-12-21 18:54:51
RDMDL,,AN-s,92,-0.461797555631982,0.01,2025-12-21 18:54:51
RDMDL,,AN-s,93,-0.50948448187644,0.01,2025-12-21 18:54:51
RDMDL,,AN-s,94,0.36641237525493,0.01,2025-12-21 18:54:51
RDMDL,,AN-s,95,0.392050053060079,0.01,2025-12-21 18:54:51
RDMDL,,AN-s,96,-0.595186639458147,0.01,2025-12-21 18:54:51
RDMDL,,AN-s,97,0.471372833313472,0.01,2025-12-21 18:54:51
RDMDL,,AN-s,98,0.0525859381543614,0.01,2025-12-21 18:54:52
RDMDL,,AN-s,99,-0.333408234324512,0.01,2025-12-21 18:54:52
RDMDL,,AN-s,100,-0.160946057931278,0.01,2025-12-21 18:54:52
RDMDL,,LS,1,-0.111809691950528,0.01,2025-12-21 18:54:52
RDMDL,,LS,2,-0.0232186211759181,0.01,2025-12-21 18:54:52
RDMDL,,LS,3,0.822894003484483,0.01,2025-12-21 18:54:52
RDMDL,,LS,4,0.395420741368051,0.01,2025-12-21 18:54:52
RDMDL,,LS,5,0.491364871011887,0.01,2025-12-21 18:54:52
RDMDL,,LS,6,-0.136719604895196,0.01,2025-12-21 18:54:52
RDMDL,,LS,7,-0.306336060891248,0.01,2025-12-21 18:54:52
RDMDL,,LS,8,1.3251840052063,0.01,2025-12-21 18:54:52
RDMDL,,LS,9,0.549198956755397,0.01,2025-12-21 18:54:52
RDMDL,,LS,10,0.0919178896534927,0.01,2025-12-21 18:54:52
RDMDL,,LS,11,0.37747309289462,0.01,2025-12-21 18:54:52
RDMDL,,LS,12,0.337619217426799,0.01,2025-12-21 18:54:52
RDMDL,,LS,13,-0.0919589587971645,0.01,2025-12-21 18:54:53
RDMDL,,LS,14,0.390173638550944,0.01,2025-12-21 18:54:53
RDMDL,,LS,15,0.24483202593583,0.01,2025-12-21 18:54:53
RDMDL,,LS,16,-0.198243712885796,0.01,2025-12-21 18:54:53
RDMDL,,LS,17,-0.0896028941055752,0.01,2025-12-21 18:54:53
RDMDL,,LS,18,0.158495872397734,0.01,2025-12-21 18:54:53
RDMDL,,LS,19,0.221771250306203,0.01,2025-12-21 18:54:53
RDMDL,,LS,20,0.127164833278297,0.01,2025-12-21 18:54:53
RDMDL,,LS,21,0.70497588012926,0.01,2025-12-21 18:54:53
RDMDL,,LS,22,-0.0116260528864664,0.01,2025-12-21 18:54:53
RDMDL,,LS,23,0.622513186155859,0.01,2025-12-21 18:54:53
RDMDL,,LS,24,0.42196963581022,0.01,2025-12-21 18:54:53
RDMDL,,LS,25,0.321297942290405,0.01,2025-12-21 18:54:53
RDMDL,,LS,26,-0.60136274829839,0.01,2025-12-21 18:54:53
RDMDL,,LS,27,0.157990043181009,0.01,2025-12-21 18:54:53
RDMDL,,LS,28,0.189651118510673,0.01,2025-12-21 18:54:54
RDMDL,,LS,29,0.243148536507344,0.01,2025-12-21 18:54:54
RDMDL,,LS,30,0.31736614975074,0.01,2025-12-21 18:54:54
RDMDL,,LS,31,-0.157879572917442,0.01,2025-12-21 18:54:54
RDMDL,,LS,32,0.844024227797706,0.01,2025-12-21 18:54:54
RDMDL,,LS,33,-0.0607812971980247,0.01,2025-12-21 18:54:54
RDMDL,,LS,34,0.201831815352218,0.01,2025-12-21 18:54:54
RDMDL,,LS,35,0.977842804351261,0.01,2025-12-21 18:54:54
RDMDL,,LS,36,0.172346608040158,0.01,2025-12-21 18:54:54
RDMDL,,LS,37,-0.224020087075115,0.01,2025-12-21 18:54:54
RDMDL,,LS,38,0.434866070262322,0.01,2025-12-21 18:54:54
RDMDL,,LS,39,0.664197699363863,0.01,2025-12-21 18:54:54
RDMDL,,LS,40,0.253543895062985,0.01,2025-12-21 18:54:54
RDMDL,,LS,41,-0.0572570008399189,0.01,2025-12-21 18:54:54
RDMDL,,LS,42,-0.422222038341851,0.01,2025-12-21 18:54:54
RDMDL,,LS,43,0.484621705443033,0.01,2025-12-21 18:54:55
RDMDL,,LS,44,0.0578187490089604,0.01,2025-12-21 18:54:55
RDMDL,,LS,45,-0.568409620244442,0.01,2025-12-21 18:54:55
RDMDL,,LS,46,0.300843390656163,0.01,2025-12-21 18:54:55
RDMDL,,LS,47,-0.47352514556336,0.01,2025-12-21 18:54:55
RDMDL,,LS,48,-0.537095631588653,0.01,2025-12-21 18:54:55
RDMDL,,LS,49,-0.361260455032856,0.01,2025-12-21 18:54:55
RDMDL,,LS,50,1.18422647508343,0.01,2025-12-21 18:54:55
RDMDL,,LS,51,-0.0423869042228184,0.01,2025-12-21 18:54:55
RDMDL,,LS,52,-0.143697187231409,0.01,2025-12-21 18:54:55
RDMDL,,LS,53,-0.0285460665021837,0.01,2025-12-21 18:54:55
RDMDL,,LS,54,0.239299702374613,0.01,2025-12-21 18:54:55
RDMDL,,LS,55,0.0115834540311985,0.01,2025-12-21 18:54:55
RDMDL,,LS,56,-0.0706059888037621,0.01,2025-12-21 18:54:55
RDMDL,,LS,57,-0.0603465646018467,0.01,2025-12-21 18:54:56
RDMDL,,LS,58,-0.330708502056293,0.01,2025-12-21 18:54:56
RDMDL,,LS,59,-0.335384555304804,0.01,2025-12-21 18:54:56
RDMDL,,LS,60,0.530396971954981,0.01,2025-12-21 18:54:56
RDMDL,,LS,61,0.399431723856927,0.01,2025-12-21 18:54:56
RDMDL,,LS,62,0.0870392365181028,0.01,2025-12-21 18:54:56
RDMDL,,LS,63,1.22786123527529,0.01,2025-12-21 18:54:56
RDMDL,,LS,64,1.96872622155807,0.01,2025-12-21 18:54:56
RDMDL,,LS,65,-0.158596223109679,0.01,2025-12-21 18:54:56
RDMDL,,LS,66,-0.184245525688755,0.01,2025-12-21 18:54:56
RDMDL,,LS,67,0.22316146523308,0.01,2025-12-21 18:54:56
RDMDL,,LS,68,-0.323025103706105,0.01,2025-12-21 18:54:56
RDMDL,,LS,69,0.0544356721033009,0.01,2025-12-21 18:54:56
RDMDL,,LS,70,0.286701843594934,0.01,2025-12-21 18:54:56
RDMDL,,LS,71,-0.15620501969228,0.01,2025-12-21 18:54:56
RDMDL,,LS,72,0.635709491721828,0.01,2025-12-21 18:54:57
RDMDL,,LS,73,-0.00462691243010477,0.01,2025-12-21 18:54:57
RDMDL,,LS,74,0.120317946506281,0.01,2025-12-21 18:54:57
RDMDL,,LS,75,1.2488934001751,0.01,2025-12-21 18:54:57
RDMDL,,LS,76,-0.193452515908231,0.01,2025-12-21 18:54:57
RDMDL,,LS,77,-0.0468479954534082,0.01,2025-12-21 18:54:57
RDMDL,,LS,78,0.325816631004588,0.01,2025-12-21 18:54:57
RDMDL,,LS,79,-0.486980204217744,0.01,2025-12-21 18:54:57
RDMDL,,LS,80,0.351339117994813,0.01,2025-12-21 18:54:57
RDMDL,,LS,81,0.546663053309367,0.01,2025-12-21 18:54:57
RDMDL,,LS,82,0.168392214190693,0.01,2025-12-21 18:54:57
RDMDL,,LS,83,0.457241185817534,0.01,2025-12-21 18:54:57
RDMDL,,LS,84,0.0546949905089346,0.01,2025-12-21 18:54:57
RDMDL,,LS,85,0.761568764409115,0.01,2025-12-21 18:54:57
RDMDL,,LS,86,0.722269831309467,0.01,2025-12-21 18:54:57
RDMDL,,LS,87,0.657375642217467,0.01,2025-12-21 18:54:58
RDMDL,,LS,88,0.272240938401898,0.01,2025-12-21 18:54:58
RDMDL,,LS,89,0.0684960734607239,0.01,2025-12-21 18:54:58
RDMDL,,LS,90,1.21742470615503,0.01,2025-12-21 18:54:58
RDMDL,,LS,91,0.680798631825835,0.01,2025-12-21 18:54:58
RDMDL,,LS,92,1.12314563049739,0.01,2025-12-21 18:54:58
RDMDL,,LS,93,0.190612861599101,0.01,2025-12-21 18:54:58
RDMDL,,LS,94,0.144407360452365,0.01,2025-12-21 18:54:58
RDMDL,,LS,95,0.150178519398123,0.01,2025-12-21 18:54:58
RDMDL,,LS,96,0.795356368525348,0.01,2025-12-21 18:54:58
RDMDL,,LS,97,-0.152553114770895,0.01,2025-12-21 18:54:58
RDMDL,,LS,98,0.032552117294309,0.01,2025-12-21 18:54:58
RDMDL,,LS,99,0.0658458737107644,0.01,2025-12-21 18:54:58
RDMDL,,LS,100,-0.474254837451909,0.01,2025-12-21 18:54:58
RDMDL,,LS-s,1,-0.674672363662942,0.01,2025-12-21 18:54:58
RDMDL,,LS-s,2,-0.401910573101618,0.01,2025-12-21 18:54:59
RDMDL,,LS-s,3,-0.61400252422056,0.01,2025-12-21 18:54:59
RDMDL,,LS-s,4,0.253746263991193,0.01,2025-12-21 18:54:59
RDMDL,,LS-s,5,-0.676984380406889,0.01,2025-12-21 18:54:59
RDMDL,,LS-s,6,-0.412458620324583,0.01,2025-12-21 18:54:59
RDMDL,,LS-s,7,-0.471357198332514,0.01,2025-12-21 18:54:59
RDMDL,,LS-s,8,-0.7740924828885,0.01,2025-12-21 18:54:59
RDMDL,,LS-s,9,0.646244122064867,0.01,2025-12-21 18:54:59
RDMDL,,LS-s,10,-0.495783978538394,0.01,2025-12-21 18:54:59
RDMDL,,LS-s,11,-0.0513204347484786,0.01,2025-12-21 18:54:59
RDMDL,,LS-s,12,0.0709705131000173,0.01,2025-12-21 18:54:59
RDMDL,,LS-s,13,-0.0281702822856214,0.01,2025-12-21 18:54:59
RDMDL,,LS-s,14,-0.183596756603836,0.01,2025-12-21 18:54:59
RDMDL,,LS-s,15,-0.49902818994103,0.01,2025-12-21 18:54:59
RDMDL,,LS-s,16,0.0656906352390461,0.01,2025-12-21 18:54:59
RDMDL,,LS-s,17,-0.608338036596251,0.01,2025-12-21 18:55:00
RDMDL,,LS-s,18,-0.898949128174516,0.01,2025-12-21 18:55:00
RDMDL,,LS-s,19,-0.0579787770162616,0.01,2025-12-21 18:55:00
RDMDL,,LS-s,20,-0.756054900129945,0.01,2025-12-21 18:55:00
RDMDL,,LS-s,21,-0.504468333467203,0.01,2025-12-21 18:55:00
RDMDL,,LS-s,22,0.0908759285303395,0.01,2025-12-21 18:55:00
RDMDL,,LS-s,23,0.270418291039464,0.01,2025-12-21 18:55:00
RDMDL,,LS-s,24,-0.229119626813416,0.01,2025-12-21 18:55:00
RDMDL,,LS-s,25,-0.572536569197748,0.01,2025-12-21 18:55:00
RDMDL,,LS-s,26,-0.177773975058426,0.01,2025-12-21 18:55:00
RDMDL,,LS-s,27,-0.532088298521667,0.01,2025-12-21 18:55:00
RDMDL,,LS-s,28,-0.449189189838155,0.01,2025-12-21 18:55:00
RDMDL,,LS-s,29,-0.755212376711391,0.01,2025-12-21 18:55:00
RDMDL,,LS-s,30,0.0125613152298683,0.01,2025-12-21 18:55:00
RDMDL,,LS-s,31,-0.986071636906459,0.01,2025-12-21 18:55:01
RDMDL,,LS-s,32,-0.616086999016711,0.01,2025-12-21 18:55:01
RDMDL,,LS-s,33,-0.663375027713556,0.01,2025-12-21 18:55:01
RDMDL,,LS-s,34,-0.269722069984313,0.01,2025-12-21 18:55:01
RDMDL,,LS-s,35,-0.433541546118202,0.01,2025-12-21 18:55:01
RDMDL,,LS-s,36,0.32366159331795,0.01,2025-12-21 18:55:01
RDMDL,,LS-s,37,-0.945173029871195,0.01,2025-12-21 18:55:01
RDMDL,,LS-s,38,-0.4076586983504,0.01,2025-12-21 18:55:01
RDMDL,,LS-s,39,-0.553278154384745,0.01,2025-12-21 18:55:01
RDMDL,,LS-s,40,-0.498294011397233,0.01,2025-12-21 18:55:01
RDMDL,,LS-s,41,-0.706346063370692,0.01,2025-12-21 18:55:01
RDMDL,,LS-s,42,-0.433754825440562,0.01,2025-12-21 18:55:01
RDMDL,,LS-s,43,-0.12811420663609,0.01,2025-12-21 18:55:01
RDMDL,,LS-s,44,-0.382758238983592,0.01,2025-12-21 18:55:01
RDMDL,,LS-s,45,-1.12226365125359,0.01,2025-12-21 18:55:01
RDMDL,,LS-s,46,-0.369855358264346,0.01,2025-12-21 18:55:02
RDMDL,,LS-s,47,-0.396803000640888,0.01,2025-12-21 18:55:02
RDMDL,,LS-s,48,-0.765056163517872,0.01,2025-12-21 18:55:02
RDMDL,,LS-s,49,0.207799667848045,0.01,2025-12-21 18:55:02
RDMDL,,LS-s,50,-0.898231599214293,0.01,2025-12-21 18:55:02
RDMDL,,LS-s,51,0.0208328725947613,0.01,2025-12-21 18:55:02
RDMDL,,LS-s,52,-0.397780971018129,0.01,2025-12-21 18:55:02
RDMDL,,LS-s,53,-0.487610528738384,0.01,2025-12-21 18:55:02
RDMDL,,LS-s,54,0.300778266883203,0.01,2025-12-21 18:55:02
RDMDL,,LS-s,55,-0.806012909271634,0.01,2025-12-21 18:55:02
RDMDL,,LS-s,56,-0.0983233201567718,0.01,2025-12-21 18:55:02
RDMDL,,LS-s,57,-0.5358812706621,0.01,2025-12-21 18:55:02
RDMDL,,LS-s,58,-0.889625346819481,0.01,2025-12-21 18:55:02
RDMDL,,LS-s,59,-0.131879910466043,0.01,2025-12-21 18:55:02
RDMDL,,LS-s,60,-0.135858165827511,0.01,2025-12-21 18:55:02
RDMDL,,LS-s,61,-0.432437815663803,0.01,2025-12-21 18:55:03
RDMDL,,LS-s,62,-0.336608754192844,0.01,2025-12-21 18:55:03
RDMDL,,LS-s,63,0.427541904194118,0.01,2025-12-21 18:55:03
RDMDL,,LS-s,64,-0.596868102530284,0.01,2025-12-21 18:55:03
RDMDL,,LS-s,65,-0.517125364847168,0.01,2025-12-21 18:55:03
RDMDL,,LS-s,66,-0.647063119523509,0.01,2025-12-21 18:55:03
RDMDL,,LS-s,67,-0.530075046649606,0.01,2025-12-21 18:55:03
RDMDL,,LS-s,68,-0.138157393537221,0.01,2025-12-21 18:55:03
RDMDL,,LS-s,69,-0.967145945732255,0.01,2025-12-21 18:55:03
RDMDL,,LS-s,70,-0.71425927375326,0.01,2025-12-21 18:55:03
RDMDL,,LS-s,71,-0.360513966850375,0.01,2025-12-21 18:55:03
RDMDL,,LS-s,72,-0.378212467872248,0.01,2025-12-21 18:55:03
RDMDL,,LS-s,73,-0.509248259949627,0.01,2025-12-21 18:55:03
RDMDL,,LS-s,74,-0.692598852399766,0.01,2025-12-21 18:55:03
RDMDL,,LS-s,75,-0.597885287250566,0.01,2025-12-21 18:55:03
RDMDL,,LS-s,76,-0.752342088470079,0.01,2025-12-21 18:55:04
RDMDL,,LS-s,77,-0.32250039797842,0.01,2025-12-21 18:55:04
RDMDL,,LS-s,78,-0.65008712747839,0.01,2025-12-21 18:55:04
RDMDL,,LS-s,79,-0.446329245409187,0.01,2025-12-21 18:55:04
RDMDL,,LS-s,80,-0.219467422799466,0.01,2025-12-21 18:55:04
RDMDL,,LS-s,81,-0.398532503739983,0.01,2025-12-21 18:55:04
RDMDL,,LS-s,82,-0.424179412078922,0.01,2025-12-21 18:55:04
RDMDL,,LS-s,83,-0.697551494211216,0.01,2025-12-21 18:55:04
RDMDL,,LS-s,84,-0.293093229406618,0.01,2025-12-21 18:55:04
RDMDL,,LS-s,85,-0.416984183751694,0.01,2025-12-21 18:55:04
RDMDL,,LS-s,86,-0.381688909325378,0.01,2025-12-21 18:55:04
RDMDL,,LS-s,87,-0.512432287166627,0.01,2025-12-21 18:55:04
RDMDL,,LS-s,88,0.693670437115463,0.01,2025-12-21 18:55:04
RDMDL,,LS-s,89,-0.934496667786745,0.01,2025-12-21 18:55:04
RDMDL,,LS-s,90,-0.41092273377639,0.01,2025-12-21 18:55:05
RDMDL,,LS-s,91,-0.632683020829392,0.01,2025-12-21 18:55:05
RDMDL,,LS-s,92,-0.408130533765212,0.01,2025-12-21 18:55:05
RDMDL,,LS-s,93,0.625353146740803,0.01,2025-12-21 18:55:05
RDMDL,,LS-s,94,-0.0325072332382483,0.01,2025-12-21 18:55:05
RDMDL,,LS-s,95,-0.196438931086545,0.01,2025-12-21 18:55:05
RDMDL,,LS-s,96,-0.394913994580469,0.01,2025-12-21 18:55:05
RDMDL,,LS-s,97,-0.198069145696216,0.01,2025-12-21 18:55:05
RDMDL,,LS-s,98,0.129053544243267,0.01,2025-12-21 18:55:05
RDMDL,,LS-s,99,-0.273337339473954,0.01,2025-12-21 18:55:05
RDMDL,,LS-s,100,-0.699615554778758,0.01,2025-12-21 18:55:05
RDMDL,,MN-U,1,-0.477662345454884,0.01,2025-12-21 18:55:05
RDMDL,,MN-U,2,0.0649233320875141,0.01,2025-12-21 18:55:05
RDMDL,,MN-U,3,-0.568246738688445,0.01,2025-12-21 18:55:05
RDMDL,,MN-U,4,-0.0281238537606519,0.01,2025-12-21 18:55:05
RDMDL,,MN-U,5,-0.211270879211583,0.01,2025-12-21 18:55:06
RDMDL,,MN-U,6,-0.202046221665633,0.01,2025-12-21 18:55:06
RDMDL,,MN-U,7,-0.436490907172493,0.01,2025-12-21 18:55:06
RDMDL,,MN-U,8,-0.115684991967733,0.01,2025-12-21 18:55:06
RDMDL,,MN-U,9,0.122406013408677,0.01,2025-12-21 18:55:06
RDMDL,,MN-U,10,-0.385258766418476,0.01,2025-12-21 18:55:06
RDMDL,,MN-U,11,-0.204474564766089,0.01,2025-12-21 18:55:06
RDMDL,,MN-U,12,-0.0534113697927642,0.01,2025-12-21 18:55:06
RDMDL,,MN-U,13,-0.706088246339581,0.01,2025-12-21 18:55:06
RDMDL,,MN-U,14,-0.568898838550405,0.01,2025-12-21 18:55:06
RDMDL,,MN-U,15,-0.0575678414335566,0.01,2025-12-21 18:55:06
RDMDL,,MN-U,16,-0.172350079975037,0.01,2025-12-21 18:55:06
RDMDL,,MN-U,17,0.00591750946537604,0.01,2025-12-21 18:55:06
RDMDL,,MN-U,18,-0.455614145345432,0.01,2025-12-21 18:55:06
RDMDL,,MN-U,19,-0.346856402626548,0.01,2025-12-21 18:55:07
RDMDL,,MN-U,20,-0.497026605579028,0.01,2025-12-21 18:55:07
RDMDL,,MN-U,21,-0.710506302076526,0.01,2025-12-21 18:55:07
RDMDL,,MN-U,22,-0.32056930811285,0.01,2025-12-21 18:55:07
RDMDL,,MN-U,23,0.0797200457388199,0.01,2025-12-21 18:55:07
RDMDL,,MN-U,24,-0.278158220414429,0.01,2025-12-21 18:55:07
RDMDL,,MN-U,25,-0.15466419890936,0.01,2025-12-21 18:55:07
RDMDL,,MN-U,26,-0.2760102115537,0.01,2025-12-21 18:55:07
RDMDL,,MN-U,27,-0.238116907407091,0.01,2025-12-21 18:55:07
RDMDL,,MN-U,28,-0.11654044612502,0.01,2025-12-21 18:55:07
RDMDL,,MN-U,29,-0.627353363427952,0.01,2025-12-21 18:55:07
RDMDL,,MN-U,30,-0.778699244216664,0.01,2025-12-21 18:55:07
RDMDL,,MN-U,31,-0.384179352276609,0.01,2025-12-21 18:55:07
RDMDL,,MN-U,32,-0.178103279319787,0.01,2025-12-21 18:55:07
RDMDL,,MN-U,33,-0.243536018948351,0.01,2025-12-21 18:55:07
RDMDL,,MN-U,34,-0.577813608585509,0.01,2025-12-21 18:55:08
RDMDL,,MN-U,35,-0.23589455557439,0.01,2025-12-21 18:55:08
RDMDL,,MN-U,36,-0.367817599619191,0.01,2025-12-21 18:55:08
RDMDL,,MN-U,37,-0.154826152427815,0.01,2025-12-21 18:55:08
RDMDL,,MN-U,38,-0.0316686901252215,0.01,2025-12-21 18:55:08
RDMDL,,MN-U,39,-0.425687484456273,0.01,2025-12-21 18:55:08
RDMDL,,MN-U,40,-0.35194763107964,0.01,2025-12-21 18:55:08
RDMDL,,MN-U,41,0.166377204704459,0.01,2025-12-21 18:55:08
RDMDL,,MN-U,42,-0.526445432414762,0.01,2025-12-21 18:55:08
RDMDL,,MN-U,43,-0.200367919276471,0.01,2025-12-21 18:55:08
RDMDL,,MN-U,44,-0.438428077776747,0.01,2025-12-21 18:55:08
RDMDL,,MN-U,45,-0.555454721399334,0.01,2025-12-21 18:55:08
RDMDL,,MN-U,46,-0.501591632146346,0.01,2025-12-21 18:55:08
RDMDL,,MN-U,47,-0.320860774294747,0.01,2025-12-21 18:55:08
RDMDL,,MN-U,48,-0.334866852288032,0.01,2025-12-21 18:55:09
RDMDL,,MN-U,49,-0.430224552472855,0.01,2025-12-21 18:55:09
RDMDL,,MN-U,50,-0.243320108058209,0.01,2025-12-21 18:55:09
RDMDL,,MN-U,51,-0.146793227369735,0.01,2025-12-21 18:55:09
RDMDL,,MN-U,52,-0.418905894175634,0.01,2025-12-21 18:55:09
RDMDL,,MN-U,53,-0.404658014878857,0.01,2025-12-21 18:55:09
RDMDL,,MN-U,54,-0.442573784522394,0.01,2025-12-21 18:55:09
RDMDL,,MN-U,55,0.00564670828856106,0.01,2025-12-21 18:55:09
RDMDL,,MN-U,56,-0.449723811702387,0.01,2025-12-21 18:55:09
RDMDL,,MN-U,57,-0.212243949338158,0.01,2025-12-21 18:55:09
RDMDL,,MN-U,58,-0.460370019697025,0.01,2025-12-21 18:55:09
RDMDL,,MN-U,59,-0.496061974315067,0.01,2025-12-21 18:55:09
RDMDL,,MN-U,60,-0.225225328162128,0.01,2025-12-21 18:55:09
RDMDL,,MN-U,61,-0.330862779568703,0.01,2025-12-21 18:55:09
RDMDL,,MN-U,62,-0.049183898662026,0.01,2025-12-21 18:55:10
RDMDL,,MN-U,63,-0.349463648608558,0.01,2025-12-21 18:55:10
RDMDL,,MN-U,64,-0.466036531530371,0.01,2025-12-21 18:55:10
RDMDL,,MN-U,65,0.0196523147033631,0.01,2025-12-21 18:55:10
RDMDL,,MN-U,66,-0.450220505621511,0.01,2025-12-21 18:55:10
RDMDL,,MN-U,67,-0.808132515862316,0.01,2025-12-21 18:55:10
RDMDL,,MN-U,68,-0.077044112678328,0.01,2025-12-21 18:55:10
RDMDL,,MN-U,69,-0.356064173886613,0.01,2025-12-21 18:55:10
RDMDL,,MN-U,70,-0.283799279627886,0.01,2025-12-21 18:55:10
RDMDL,,MN-U,71,-0.101281599620749,0.01,2025-12-21 18:55:10
RDMDL,,MN-U,72,-0.557423309222513,0.01,2025-12-21 18:55:10
RDMDL,,MN-U,73,-0.253400496499634,0.01,2025-12-21 18:55:10
RDMDL,,MN-U,74,-0.266739600377773,0.01,2025-12-21 18:55:10
RDMDL,,MN-U,75,-0.200412253545342,0.01,2025-12-21 18:55:10
RDMDL,,MN-U,76,-0.144551829116219,0.01,2025-12-21 18:55:10
RDMDL,,MN-U,77,-0.180966865675865,0.01,2025-12-21 18:55:11
RDMDL,,MN-U,78,-0.47709371138767,0.01,2025-12-21 18:55:11
RDMDL,,MN-U,79,-0.183533476172059,0.01,2025-12-21 18:55:11
RDMDL,,MN-U,80,-0.145970136696382,0.01,2025-12-21 18:55:11
RDMDL,,MN-U,81,-0.27438536577344,0.01,2025-12-21 18:55:11
RDMDL,,MN-U,82,-0.342055053965759,0.01,2025-12-21 18:55:11
RDMDL,,MN-U,83,-0.599210086359865,0.01,2025-12-21 18:55:11
RDMDL,,MN-U,84,-0.686157429148026,0.01,2025-12-21 18:55:11
RDMDL,,MN-U,85,-0.0286176028886798,0.01,2025-12-21 18:55:11
RDMDL,,MN-U,86,-0.284008001222541,0.01,2025-12-21 18:55:11
RDMDL,,MN-U,87,-0.111032855214919,0.01,2025-12-21 18:55:11
RDMDL,,MN-U,88,-0.383294083902591,0.01,2025-12-21 18:55:11
RDMDL,,MN-U,89,-0.482344782872258,0.01,2025-12-21 18:55:11
RDMDL,,MN-U,90,-0.142072823161323,0.01,2025-12-21 18:55:11
RDMDL,,MN-U,91,-0.239435954182447,0.01,2025-12-21 18:55:12
RDMDL,,MN-U,92,-0.35508622010815,0.01,2025-12-21 18:55:12
RDMDL,,MN-U,93,-0.196878920486028,0.01,2025-12-21 18:55:12
RDMDL,,MN-U,94,-0.708220421728734,0.01,2025-12-21 18:55:12
RDMDL,,MN-U,95,-0.38118007059493,0.01,2025-12-21 18:55:12
RDMDL,,MN-U,96,-0.349727003584503,0.01,2025-12-21 18:55:12
RDMDL,,MN-U,97,-0.438165344327994,0.01,2025-12-21 18:55:12
RDMDL,,MN-U,98,-0.358957913282428,0.01,2025-12-21 18:55:12
RDMDL,,MN-U,99,-0.100156198303951,0.01,2025-12-21 18:55:12
RDMDL,,MN-U,100,-0.225878023668833,0.01,2025-12-21 18:55:12
RDMDL,,AN,1,0.0706366631401097,0.01,2025-12-21 18:55:12
RDMDL,,AN,2,0.756554840027948,0.01,2025-12-21 18:55:12
RDMDL,,AN,3,0.80655135699778,0.01,2025-12-21 18:55:12
RDMDL,,AN,4,0.607636077845595,0.01,2025-12-21 18:55:12
RDMDL,,AN,5,0.967437199363877,0.01,2025-12-21 18:55:13
RDMDL,,AN,6,0.470601259534598,0.01,2025-12-21 18:55:13
RDMDL,,AN,7,0.48861767155012,0.01,2025-12-21 18:55:13
RDMDL,,AN,8,0.813794961234533,0.01,2025-12-21 18:55:13
RDMDL,,AN,9,0.284346402984325,0.01,2025-12-21 18:55:13
RDMDL,,AN,10,0.366997506191818,0.01,2025-12-21 18:55:13
RDMDL,,AN,11,-0.452568387329266,0.01,2025-12-21 18:55:13
RDMDL,,AN,12,0.558808655546999,0.01,2025-12-21 18:55:13
RDMDL,,AN,13,-0.449755140163842,0.01,2025-12-21 18:55:13
RDMDL,,AN,14,-0.659945901673151,0.01,2025-12-21 18:55:13
RDMDL,,AN,15,-0.409519968788471,0.01,2025-12-21 18:55:13
RDMDL,,AN,16,-0.444822388828175,0.01,2025-12-21 18:55:13
RDMDL,,AN,17,-0.261989935897721,0.01,2025-12-21 18:55:13
RDMDL,,AN,18,-0.483789899535943,0.01,2025-12-21 18:55:13
RDMDL,,AN,19,-0.851253888129717,0.01,2025-12-21 18:55:14
RDMDL,,AN,20,-0.0248693919667762,0.01,2025-12-21 18:55:14
RDMDL,,AN,21,-0.768520471888776,0.01,2025-12-21 18:55:14
RDMDL,,AN,22,-0.223052024033313,0.01,2025-12-21 18:55:14
RDMDL,,AN,23,-0.83459299157094,0.01,2025-12-21 18:55:14
RDMDL,,AN,24,-0.444899324902143,0.01,2025-12-21 18:55:14
RDMDL,,AN,25,0.629694939292507,0.01,2025-12-21 18:55:14
RDMDL,,AN,26,1.36179881168107,0.01,2025-12-21 18:55:14
RDMDL,,AN,27,-0.756746308524425,0.01,2025-12-21 18:55:14
RDMDL,,AN,28,-0.492124712315027,0.01,2025-12-21 18:55:14
RDMDL,,AN,29,0.454597822470528,0.01,2025-12-21 18:55:14
RDMDL,,AN,30,0.0452916040747677,0.01,2025-12-21 18:55:14
RDMDL,,AN,31,-0.363087307133742,0.01,2025-12-21 18:55:14
RDMDL,,AN,32,2.0180566963451,0.01,2025-12-21 18:55:14
RDMDL,,AN,33,0.0710636936651904,0.01,2025-12-21 18:55:14
RDMDL,,AN,34,0.635259709666139,0.01,2025-12-21 18:55:15
RDMDL,,AN,35,0.882309488340481,0.01,2025-12-21 18:55:15
RDMDL,,AN,36,-0.0412944482250741,0.01,2025-12-21 18:55:15
RDMDL,,AN,37,-0.220118338174981,0.01,2025-12-21 18:55:15
RDMDL,,AN,38,-0.199504738265523,0.01,2025-12-21 18:55:15
RDMDL,,AN,39,0.251561820171842,0.01,2025-12-21 18:55:15
RDMDL,,AN,40,-0.0529999843812925,0.01,2025-12-21 18:55:15
RDMDL,,AN,41,0.708306140930734,0.01,2025-12-21 18:55:15
RDMDL,,AN,42,-0.159392879070564,0.01,2025-12-21 18:55:15
RDMDL,,AN,43,-0.0215427101044052,0.01,2025-12-21 18:55:15
RDMDL,,AN,44,0.503929653295704,0.01,2025-12-21 18:55:15
RDMDL,,AN,45,-0.144013377410226,0.01,2025-12-21 18:55:15
RDMDL,,AN,46,-0.311808976726637,0.01,2025-12-21 18:55:15
RDMDL,,AN,47,0.0855211551999578,0.01,2025-12-21 18:55:15
RDMDL,,AN,48,1.14746960399409,0.01,2025-12-21 18:55:16
RDMDL,,AN,49,-0.592401595986459,0.01,2025-12-21 18:55:16
RDMDL,,AN,50,-0.284040044153574,0.01,2025-12-21 18:55:16
RDMDL,,AN,51,-0.481551017371269,0.01,2025-12-21 18:55:16
RDMDL,,AN,52,-0.0938844008442979,0.01,2025-12-21 18:55:16
RDMDL,,AN,53,0.386465082295966,0.01,2025-12-21 18:55:16
RDMDL,,AN,54,-0.112931046043258,0.01,2025-12-21 18:55:16
RDMDL,,AN,55,0.78075963539016,0.01,2025-12-21 18:55:16
RDMDL,,AN,56,-0.448966800540032,0.01,2025-12-21 18:55:16
RDMDL,,AN,57,0.609109905017535,0.01,2025-12-21 18:55:16
RDMDL,,AN,58,0.319979646605045,0.01,2025-12-21 18:55:16
RDMDL,,AN,59,-0.396514594996064,0.01,2025-12-21 18:55:16
RDMDL,,AN,60,-0.0838114770859161,0.01,2025-12-21 18:55:16
RDMDL,,AN,61,-0.345064825268855,0.01,2025-12-21 18:55:16
RDMDL,,AN,62,-0.677845780739459,0.01,2025-12-21 18:55:16
RDMDL,,AN,63,0.857829942499671,0.01,2025-12-21 18:55:17
RDMDL,,AN,64,-0.0309702076271001,0.01,2025-12-21 18:55:17
RDMDL,,AN,65,0.849812673980487,0.01,2025-12-21 18:55:17
RDMDL,,AN,66,-0.517375270113738,0.01,2025-12-21 18:55:17
RDMDL,,AN,67,-0.0600179954659934,0.01,2025-12-21 18:55:17
RDMDL,,AN,68,0.0682624996090171,0.01,2025-12-21 18:55:17
RDMDL,,AN,69,0.567064029474312,0.01,2025-12-21 18:55:17
RDMDL,,AN,70,-0.586787532846877,0.01,2025-12-21 18:55:17
RDMDL,,AN,71,-0.531766364104779,0.01,2025-12-21 18:55:17
RDMDL,,AN,72,0.439215871484604,0.01,2025-12-21 18:55:17
RDMDL,,AN,73,-0.659427483756192,0.01,2025-12-21 18:55:17
RDMDL,,AN,74,0.0797353108565517,0.01,2025-12-21 18:55:17
RDMDL,,AN,75,0.479264005887172,0.01,2025-12-21 18:55:17
RDMDL,,AN,76,-0.0910973297171727,0.01,2025-12-21 18:55:17
RDMDL,,AN,77,-0.0790649744403472,0.01,2025-12-21 18:55:18
RDMDL,,AN,78,0.190574609671291,0.01,2025-12-21 18:55:18
RDMDL,,AN,79,-0.0790643311200693,0.01,2025-12-21 18:55:18
RDMDL,,AN,80,0.0540491049839543,0.01,2025-12-21 18:55:18
RDMDL,,AN,81,0.292800479136147,0.01,2025-12-21 18:55:18
RDMDL,,AN,82,0.5290939517635,0.01,2025-12-21 18:55:18
RDMDL,,AN,83,0.146580229599248,0.01,2025-12-21 18:55:18
RDMDL,,AN,84,-0.233814087273948,0.01,2025-12-21 18:55:18
RDMDL,,AN,85,0.616853492530487,0.01,2025-12-21 18:55:18
RDMDL,,AN,86,-0.28824082954828,0.01,2025-12-21 18:55:18
RDMDL,,AN,87,0.475995490144441,0.01,2025-12-21 18:55:18
RDMDL,,AN,88,0.776987322826574,0.01,2025-12-21 18:55:18
RDMDL,,AN,89,-0.308089810890305,0.01,2025-12-21 18:55:18
RDMDL,,AN,90,-0.459578902506751,0.01,2025-12-21 18:55:18
RDMDL,,AN,91,-0.880052621828947,0.01,2025-12-21 18:55:19
RDMDL,,AN,92,0.564336650364252,0.01,2025-12-21 18:55:19
RDMDL,,AN,93,0.251920653362596,0.01,2025-12-21 18:55:19
RDMDL,,AN,94,-0.527077398291116,0.01,2025-12-21 18:55:19
RDMDL,,AN,95,0.341322080381892,0.01,2025-12-21 18:55:19
RDMDL,,AN,96,-1.11416182890452,0.01,2025-12-21 18:55:19
RDMDL,,AN,97,-0.0177028578282038,0.01,2025-12-21 18:55:19
RDMDL,,AN,98,0.288656290527505,0.01,2025-12-21 18:55:19
RDMDL,,AN,99,0.836747923575719,0.01,2025-12-21 18:55:19
RDMDL,,AN,100,-0.61266849930786,0.01,2025-12-21 18:55:19
RDMDL,,AN-s,1,0.495252869224444,0.01,2025-12-21 18:55:19
RDMDL,,AN-s,2,-0.00380410245524718,0.01,2025-12-21 18:55:19
RDMDL,,AN-s,3,0.0469600658562904,0.01,2025-12-21 18:55:19
RDMDL,,AN-s,4,-0.137295302324854,0.01,2025-12-21 18:55:19
RDMDL,,AN-s,5,-0.0280649993277675,0.01,2025-12-21 18:55:20
RDMDL,,AN-s,6,0.113822393069194,0.01,2025-12-21 18:55:20
RDMDL,,AN-s,7,-0.382452640808353,0.01,2025-12-21 18:55:20
RDMDL,,AN-s,8,-0.769532435900599,0.01,2025-12-21 18:55:20
RDMDL,,AN-s,9,-0.213840435538407,0.01,2025-12-21 18:55:20
RDMDL,,AN-s,10,-0.168155823812459,0.01,2025-12-21 18:55:20
RDMDL,,AN-s,11,-0.037837522585331,0.01,2025-12-21 18:55:20
RDMDL,,AN-s,12,-0.373379959860289,0.01,2025-12-21 18:55:20
RDMDL,,AN-s,13,-0.0763069110851852,0.01,2025-12-21 18:55:20
RDMDL,,AN-s,14,-0.50297283100861,0.01,2025-12-21 18:55:20
RDMDL,,AN-s,15,-0.518254084889552,0.01,2025-12-21 18:55:20
RDMDL,,AN-s,16,-0.424128809313646,0.01,2025-12-21 18:55:20
RDMDL,,AN-s,17,0.829328394686422,0.01,2025-12-21 18:55:20
RDMDL,,AN-s,18,-0.104439380665119,0.01,2025-12-21 18:55:20
RDMDL,,AN-s,19,-0.113579946822089,0.01,2025-12-21 18:55:20
RDMDL,,AN-s,20,-0.12273440846642,0.01,2025-12-21 18:55:21
RDMDL,,AN-s,21,0.0408423682431633,0.01,2025-12-21 18:55:21
RDMDL,,AN-s,22,-0.426654483923116,0.01,2025-12-21 18:55:21
RDMDL,,AN-s,23,-1.05655483440941,0.01,2025-12-21 18:55:21
RDMDL,,AN-s,24,-0.753496584479294,0.01,2025-12-21 18:55:21
RDMDL,,AN-s,25,-0.132125745697537,0.01,2025-12-21 18:55:21
RDMDL,,AN-s,26,0.182030587690484,0.01,2025-12-21 18:55:21
RDMDL,,AN-s,27,-0.181223654045653,0.01,2025-12-21 18:55:21
RDMDL,,AN-s,28,0.652399706566261,0.01,2025-12-21 18:55:21
RDMDL,,AN-s,29,-0.510530760640501,0.01,2025-12-21 18:55:21
RDMDL,,AN-s,30,-0.890553720993893,0.01,2025-12-21 18:55:21
RDMDL,,AN-s,31,0.373867745538242,0.01,2025-12-21 18:55:21
RDMDL,,AN-s,32,-0.387494621880651,0.01,2025-12-21 18:55:21
RDMDL,,AN-s,33,0.165950970285551,0.01,2025-12-21 18:55:21
RDMDL,,AN-s,34,-0.122417865597998,0.01,2025-12-21 18:55:22
RDMDL,,AN-s,35,-1.22614110462207,0.01,2025-12-21 18:55:22
RDMDL,,AN-s,36,0.970002100141631,0.01,2025-12-21 18:55:22
RDMDL,,AN-s,37,-0.217905373039992,0.01,2025-12-21 18:55:22
RDMDL,,AN-s,38,-0.150010255135002,0.01,2025-12-21 18:55:22
RDMDL,,AN-s,39,-0.523778193988127,0.01,2025-12-21 18:55:22
RDMDL,,AN-s,40,0.968661790365048,0.01,2025-12-21 18:55:22
RDMDL,,AN-s,41,-0.82626325707009,0.01,2025-12-21 18:55:22
RDMDL,,AN-s,42,-0.440907792106766,0.01,2025-12-21 18:55:22
RDMDL,,AN-s,43,0.694503288357221,0.01,2025-12-21 18:55:22
RDMDL,,AN-s,44,-0.157115765865941,0.01,2025-12-21 18:55:22
RDMDL,,AN-s,45,-0.873223999029206,0.01,2025-12-21 18:55:22
RDMDL,,AN-s,46,0.582843417146868,0.01,2025-12-21 18:55:22
RDMDL,,AN-s,47,0.0473509015430873,0.01,2025-12-21 18:55:22
RDMDL,,AN-s,48,-0.310142397811731,0.01,2025-12-21 18:55:23
RDMDL,,AN-s,49,0.538514868185719,0.01,2025-12-21 18:55:23
RDMDL,,AN-s,50,-0.104876510361916,0.01,2025-12-21 18:55:23
RDMDL,,AN-s,51,-0.0671019638727475,0.01,2025-12-21 18:55:23
RDMDL,,AN-s,52,0.497663745391922,0.01,2025-12-21 18:55:23
RDMDL,,AN-s,53,0.229544497525721,0.01,2025-12-21 18:55:23
RDMDL,,AN-s,54,-0.411053841174748,0.01,2025-12-21 18:55:23
RDMDL,,AN-s,55,-0.941744477193199,0.01,2025-12-21 18:55:23
RDMDL,,AN-s,56,-0.735601650130392,0.01,2025-12-21 18:55:23
RDMDL,,AN-s,57,-0.209429378241802,0.01,2025-12-21 18:55:23
RDMDL,,AN-s,58,-0.182527384016596,0.01,2025-12-21 18:55:23
RDMDL,,AN-s,59,0.636121391689312,0.01,2025-12-21 18:55:23
RDMDL,,AN-s,60,0.730545216869983,0.01,2025-12-21 18:55:23
RDMDL,,AN-s,61,-0.832164068599472,0.01,2025-12-21 18:55:23
RDMDL,,AN-s,62,-0.850818896187668,0.01,2025-12-21 18:55:24
RDMDL,,AN-s,63,0.731053630919567,0.01,2025-12-21 18:55:24
RDMDL,,AN-s,64,-0.393142862657925,0.01,2025-12-21 18:55:24
RDMDL,,AN-s,65,-1.30352005783971,0.01,2025-12-21 18:55:24
RDMDL,,AN-s,66,-0.321919984955559,0.01,2025-12-21 18:55:24
RDMDL,,AN-s,67,-0.182714278745631,0.01,2025-12-21 18:55:24
RDMDL,,AN-s,68,-0.755149740120417,0.01,2025-12-21 18:55:24
RDMDL,,AN-s,69,-0.693668588290905,0.01,2025-12-21 18:55:24
RDMDL,,AN-s,70,0.420609291897295,0.01,2025-12-21 18:55:24
RDMDL,,AN-s,71,0.136562392728106,0.01,2025-12-21 18:55:24
RDMDL,,AN-s,72,0.23326660559874,0.01,2025-12-21 18:55:24
RDMDL,,AN-s,73,-0.588660091531174,0.01,2025-12-21 18:55:24
RDMDL,,AN-s,74,-0.60999951304739,0.01,2025-12-21 18:55:24
RDMDL,,AN-s,75,-0.283419212064875,0.01,2025-12-21 18:55:24
RDMDL,,AN-s,76,-0.395630886457678,0.01,2025-12-21 18:55:24
RDMDL,,AN-s,77,0.0978162965389024,0.01,2025-12-21 18:55:25
RDMDL,,AN-s,78,-0.177359288960304,0.01,2025-12-21 18:55:25
RDMDL,,AN-s,79,0.182300159506746,0.01,2025-12-21 18:55:25
RDMDL,,AN-s,80,-0.797730566543176,0.01,2025-12-21 18:55:25
RDMDL,,AN-s,81,0.597719694579552,0.01,2025-12-21 18:55:25
RDMDL,,AN-s,82,-0.85049074900222,0.01,2025-12-21 18:55:25
RDMDL,,AN-s,83,0.332768404263587,0.01,2025-12-21 18:55:25
RDMDL,,AN-s,84,0.670375879990419,0.01,2025-12-21 18:55:25
RDMDL,,AN-s,85,-0.141075587886179,0.01,2025-12-21 18:55:25
RDMDL,,AN-s,86,-1.11258253994964,0.01,2025-12-21 18:55:25
RDMDL,,AN-s,87,-0.425984219436652,0.01,2025-12-21 18:55:25
RDMDL,,AN-s,88,0.666434787468263,0.01,2025-12-21 18:55:25
RDMDL,,AN-s,89,0.741009781970632,0.01,2025-12-21 18:55:25
RDMDL,,AN-s,90,-0.18310502648833,0.01,2025-12-21 18:55:26
RDMDL,,AN-s,91,0.225829958777334,0.01,2025-12-21 18:55:26
RDMDL,,AN-s,92,-0.727700992054097,0.01,2025-12-21 18:55:26
RDMDL,,AN-s,93,-0.873857388608046,0.01,2025-12-21 18:55:26
RDMDL,,AN-s,94,0.276795345858484,0.01,2025-12-21 18:55:26
RDMDL,,AN-s,95,0.473329808510116,0.01,2025-12-21 18:55:26
RDMDL,,AN-s,96,-1.01565259042394,0.01,2025-12-21 18:55:26
RDMDL,,AN-s,97,0.519561304011598,0.01,2025-12-21 18:55:26
RDMDL,,AN-s,98,-0.063546588291737,0.01,2025-12-21 18:55:26
RDMDL,,AN-s,99,-0.598111692382133,0.01,2025-12-21 18:55:26
RDMDL,,AN-s,100,-0.246658334117391,0.01,2025-12-21 18:55:26
RDMDL,,LS,1,-0.324452950605891,0.01,2025-12-21 18:55:26
RDMDL,,LS,2,-0.176273972792569,0.01,2025-12-21 18:55:26
RDMDL,,LS,3,0.521268864971318,0.01,2025-12-21 18:55:26
RDMDL,,LS,4,0.380237489423021,0.01,2025-12-21 18:55:27
RDMDL,,LS,5,0.357741742418873,0.01,2025-12-21 18:55:27
RDMDL,,LS,6,-0.501900741805001,0.01,2025-12-21 18:55:27
RDMDL,,LS,7,-0.569513751823458,0.01,2025-12-21 18:55:27
RDMDL,,LS,8,1.20105635338736,0.01,2025-12-21 18:55:27
RDMDL,,LS,9,0.403612236644452,0.01,2025-12-21 18:55:27
RDMDL,,LS,10,-0.26559140085233,0.01,2025-12-21 18:55:27
RDMDL,,LS,11,0.37747896533689,0.01,2025-12-21 18:55:27
RDMDL,,LS,12,0.165094666945814,0.01,2025-12-21 18:55:27
RDMDL,,LS,13,-0.154622547755571,0.01,2025-12-21 18:55:27
RDMDL,,LS,14,0.0635974831051958,0.01,2025-12-21 18:55:27
RDMDL,,LS,15,0.22541837524188,0.01,2025-12-21 18:55:27
RDMDL,,LS,16,-0.488510100817363,0.01,2025-12-21 18:55:27
RDMDL,,LS,17,-0.208985751602772,0.01,2025-12-21 18:55:27
RDMDL,,LS,18,0.0702046503177548,0.01,2025-12-21 18:55:27
RDMDL,,LS,19,-0.074036897708253,0.01,2025-12-21 18:55:28
RDMDL,,LS,20,-0.0431507826396874,0.01,2025-12-21 18:55:28
RDMDL,,LS,21,0.720883564045694,0.01,2025-12-21 18:55:28
RDMDL,,LS,22,-0.331423069942,0.01,2025-12-21 18:55:28
RDMDL,,LS,23,0.39106632915383,0.01,2025-12-21 18:55:28
RDMDL,,LS,24,0.072516911156989,0.01,2025-12-21 18:55:28
RDMDL,,LS,25,0.233985700816366,0.01,2025-12-21 18:55:28
RDMDL,,LS,26,-1.07290130085386,0.01,2025-12-21 18:55:28
RDMDL,,LS,27,0.0112305734967285,0.01,2025-12-21 18:55:28
RDMDL,,LS,28,-0.0203992519929279,0.01,2025-12-21 18:55:28
RDMDL,,LS,29,0.309077262587779,0.01,2025-12-21 18:55:28
RDMDL,,LS,30,0.176181371098141,0.01,2025-12-21 18:55:28
RDMDL,,LS,31,-0.486252450922372,0.01,2025-12-21 18:55:28
RDMDL,,LS,32,0.943165272006181,0.01,2025-12-21 18:55:28
RDMDL,,LS,33,-0.230722454424866,0.01,2025-12-21 18:55:29
RDMDL,,LS,34,0.0120777104015756,0.01,2025-12-21 18:55:29
RDMDL,,LS,35,1.1975289629005,0.01,2025-12-21 18:55:29
RDMDL,,LS,36,0.174601195861513,0.01,2025-12-21 18:55:29
RDMDL,,LS,37,-0.545798833297993,0.01,2025-12-21 18:55:29
RDMDL,,LS,38,0.21554037411919,0.01,2025-12-21 18:55:29
RDMDL,,LS,39,0.625452399481211,0.01,2025-12-21 18:55:29
RDMDL,,LS,40,0.28391516246389,0.01,2025-12-21 18:55:29
RDMDL,,LS,41,-0.18590483972149,0.01,2025-12-21 18:55:29
RDMDL,,LS,42,-0.760240882878454,0.01,2025-12-21 18:55:29
RDMDL,,LS,43,0.395051835316035,0.01,2025-12-21 18:55:29
RDMDL,,LS,44,-0.319196954091876,0.01,2025-12-21 18:55:29
RDMDL,,LS,45,-0.899643788122893,0.01,2025-12-21 18:55:29
RDMDL,,LS,46,0.0481282106940084,0.01,2025-12-21 18:55:29
RDMDL,,LS,47,-0.866391272273098,0.01,2025-12-21 18:55:29
RDMDL,,LS,48,-0.959869184361751,0.01,2025-12-21 18:55:30
RDMDL,,LS,49,-0.67439321195702,0.01,2025-12-21 18:55:30
RDMDL,,LS,50,1.4319366279101,0.01,2025-12-21 18:55:30
RDMDL,,LS,51,-0.143020133899048,0.01,2025-12-21 18:55:30
RDMDL,,LS,52,-0.447599124721247,0.01,2025-12-21 18:55:30
RDMDL,,LS,53,-0.160569079594508,0.01,2025-12-21 18:55:30
RDMDL,,LS,54,0.209381384846667,0.01,2025-12-21 18:55:30
RDMDL,,LS,55,-0.0559898227935059,0.01,2025-12-21 18:55:30
RDMDL,,LS,56,-0.323801191211352,0.01,2025-12-21 18:55:30
RDMDL,,LS,57,-0.235723581964102,0.01,2025-12-21 18:55:30
RDMDL,,LS,58,-0.557010837140509,0.01,2025-12-21 18:55:30
RDMDL,,LS,59,-0.681733944633226,0.01,2025-12-21 18:55:30
RDMDL,,LS,60,0.706665222041621,0.01,2025-12-21 18:55:30
RDMDL,,LS,61,0.480189556110454,0.01,2025-12-21 18:55:30
RDMDL,,LS,62,-0.109994361979041,0.01,2025-12-21 18:55:30
RDMDL,,LS,63,1.43280263431885,0.01,2025-12-21 18:55:31
RDMDL,,LS,64,2.05429521631389,0.01,2025-12-21 18:55:31
RDMDL,,LS,65,-0.584279713655661,0.01,2025-12-21 18:55:31
RDMDL,,LS,66,-0.371035869865317,0.01,2025-12-21 18:55:31
RDMDL,,LS,67,0.0567525643229515,0.01,2025-12-21 18:55:31
RDMDL,,LS,68,-0.757514936140893,0.01,2025-12-21 18:55:31
RDMDL,,LS,69,-0.292211404667464,0.01,2025-12-21 18:55:31
RDMDL,,LS,70,0.0660315261175692,0.01,2025-12-21 18:55:31
RDMDL,,LS,71,-0.515989712718228,0.01,2025-12-21 18:55:31
RDMDL,,LS,72,0.515448977282274,0.01,2025-12-21 18:55:31
RDMDL,,LS,73,-0.0396555690692353,0.01,2025-12-21 18:55:31
RDMDL,,LS,74,-0.0836031209880266,0.01,2025-12-21 18:55:31
RDMDL,,LS,75,1.37565995997197,0.01,2025-12-21 18:55:31
RDMDL,,LS,76,-0.358622770526305,0.01,2025-12-21 18:55:31
RDMDL,,LS,77,-0.23313388577994,0.01,2025-12-21 18:55:32
RDMDL,,LS,78,0.249900546102334,0.01,2025-12-21 18:55:32
RDMDL,,LS,79,-0.849853419404047,0.01,2025-12-21 18:55:32
RDMDL,,LS,80,0.205651144055851,0.01,2025-12-21 18:55:32
RDMDL,,LS,81,0.618210852524188,0.01,2025-12-21 18:55:32
RDMDL,,LS,82,-0.107902437282984,0.01,2025-12-21 18:55:32
RDMDL,,LS,83,0.427858744143834,0.01,2025-12-21 18:55:32
RDMDL,,LS,84,-0.251300598315007,0.01,2025-12-21 18:55:32
RDMDL,,LS,85,0.617657060479753,0.01,2025-12-21 18:55:32
RDMDL,,LS,86,0.758680480249841,0.01,2025-12-21 18:55:32
RDMDL,,LS,87,0.382255225281299,0.01,2025-12-21 18:55:32
RDMDL,,LS,88,-0.125274752807597,0.01,2025-12-21 18:55:32
RDMDL,,LS,89,-0.0447722018601457,0.01,2025-12-21 18:55:32
RDMDL,,LS,90,1.47542094151445,0.01,2025-12-21 18:55:32
RDMDL,,LS,91,0.653091372730168,0.01,2025-12-21 18:55:32
RDMDL,,LS,92,1.16432508805822,0.01,2025-12-21 18:55:33
RDMDL,,LS,93,0.111248903557122,0.01,2025-12-21 18:55:33
RDMDL,,LS,94,0.0747629312457234,0.01,2025-12-21 18:55:33
RDMDL,,LS,95,0.0617408208614388,0.01,2025-12-21 18:55:33
RDMDL,,LS,96,0.755372751186512,0.01,2025-12-21 18:55:33
RDMDL,,LS,97,-0.465096491904938,0.01,2025-12-21 18:55:33
RDMDL,,LS,98,-0.00176556401979724,0.01,2025-12-21 18:55:33
RDMDL,,LS,99,-0.0851812779223937,0.01,2025-12-21 18:55:33
RDMDL,,LS,100,-0.912651892732097,0.01,2025-12-21 18:55:33
RDMDL,,LS-s,1,-1.01721638699856,0.01,2025-12-21 18:55:33
RDMDL,,LS-s,2,-0.568372363568124,0.01,2025-12-21 18:55:33
RDMDL,,LS-s,3,-0.905477078267325,0.01,2025-12-21 18:55:33
RDMDL,,LS-s,4,0.284765671271013,0.01,2025-12-21 18:55:33
RDMDL,,LS-s,5,-0.962006870666353,0.01,2025-12-21 18:55:33
RDMDL,,LS-s,6,-0.609858992040597,0.01,2025-12-21 18:55:33
RDMDL,,LS-s,7,-0.659827814205842,0.01,2025-12-21 18:55:34
RDMDL,,LS-s,8,-1.11227056280983,0.01,2025-12-21 18:55:34
RDMDL,,LS-s,9,0.711338608420889,0.01,2025-12-21 18:55:34
RDMDL,,LS-s,10,-0.727528644201356,0.01,2025-12-21 18:55:34
RDMDL,,LS-s,11,-0.109452084568024,0.01,2025-12-21 18:55:34
RDMDL,,LS-s,12,-0.00346700961143688,0.01,2025-12-21 18:55:34
RDMDL,,LS-s,13,-0.0864438919989361,0.01,2025-12-21 18:55:34
RDMDL,,LS-s,14,-0.398579097428022,0.01,2025-12-21 18:55:34
RDMDL,,LS-s,15,-0.735556030671853,0.01,2025-12-21 18:55:34
RDMDL,,LS-s,16,0.0234265424735299,0.01,2025-12-21 18:55:34
RDMDL,,LS-s,17,-0.858758271113511,0.01,2025-12-21 18:55:34
RDMDL,,LS-s,18,-1.30327902813415,0.01,2025-12-21 18:55:34
RDMDL,,LS-s,19,-0.112448853977242,0.01,2025-12-21 18:55:34
RDMDL,,LS-s,20,-1.11375952889021,0.01,2025-12-21 18:55:34
RDMDL,,LS-s,21,-0.77854634556769,0.01,2025-12-21 18:55:35
RDMDL,,LS-s,22,0.0664311611381408,0.01,2025-12-21 18:55:35
RDMDL,,LS-s,23,0.343045208301568,0.01,2025-12-21 18:55:35
RDMDL,,LS-s,24,-0.384395110238971,0.01,2025-12-21 18:55:35
RDMDL,,LS-s,25,-0.829895360420382,0.01,2025-12-21 18:55:35
RDMDL,,LS-s,26,-0.290931557365187,0.01,2025-12-21 18:55:35
RDMDL,,LS-s,27,-0.777102928152867,0.01,2025-12-21 18:55:35
RDMDL,,LS-s,28,-0.671406171817357,0.01,2025-12-21 18:55:35
RDMDL,,LS-s,29,-1.05836223892244,0.01,2025-12-21 18:55:35
RDMDL,,LS-s,30,-0.033571358753597,0.01,2025-12-21 18:55:35
RDMDL,,LS-s,31,-1.47217664424596,0.01,2025-12-21 18:55:35
RDMDL,,LS-s,32,-0.889806473442533,0.01,2025-12-21 18:55:35
RDMDL,,LS-s,33,-0.973154172178741,0.01,2025-12-21 18:55:35
RDMDL,,LS-s,34,-0.418855176778506,0.01,2025-12-21 18:55:35
RDMDL,,LS-s,35,-0.661815158665664,0.01,2025-12-21 18:55:35
RDMDL,,LS-s,36,0.329036310265137,0.01,2025-12-21 18:55:36
RDMDL,,LS-s,37,-1.35044227084677,0.01,2025-12-21 18:55:36
RDMDL,,LS-s,38,-0.570605396802975,0.01,2025-12-21 18:55:36
RDMDL,,LS-s,39,-0.860751781248501,0.01,2025-12-21 18:55:36
RDMDL,,LS-s,40,-0.713121200076457,0.01,2025-12-21 18:55:36
RDMDL,,LS-s,41,-1.1022833017502,0.01,2025-12-21 18:55:36
RDMDL,,LS-s,42,-0.676813055185909,0.01,2025-12-21 18:55:36
RDMDL,,LS-s,43,-0.211508815355324,0.01,2025-12-21 18:55:36
RDMDL,,LS-s,44,-0.639938513485211,0.01,2025-12-21 18:55:36
RDMDL,,LS-s,45,-1.57498129119764,0.01,2025-12-21 18:55:36
RDMDL,,LS-s,46,-0.555229122209077,0.01,2025-12-21 18:55:36
RDMDL,,LS-s,47,-0.6126474885687,0.01,2025-12-21 18:55:36
RDMDL,,LS-s,48,-1.16253017540655,0.01,2025-12-21 18:55:36
RDMDL,,LS-s,49,0.211158432758619,0.01,2025-12-21 18:55:36
RDMDL,,LS-s,50,-1.34014583549424,0.01,2025-12-21 18:55:36
RDMDL,,LS-s,51,-0.0484610421516572,0.01,2025-12-21 18:55:37
RDMDL,,LS-s,52,-0.573874481688035,0.01,2025-12-21 18:55:37
RDMDL,,LS-s,53,-0.691510941413227,0.01,2025-12-21 18:55:37
RDMDL,,LS-s,54,0.267146141793294,0.01,2025-12-21 18:55:37
RDMDL,,LS-s,55,-1.21144322583251,0.01,2025-12-21 18:55:37
RDMDL,,LS-s,56,-0.183078380428153,0.01,2025-12-21 18:55:37
RDMDL,,LS-s,57,-0.765993673759336,0.01,2025-12-21 18:55:37
RDMDL,,LS-s,58,-1.25296227946785,0.01,2025-12-21 18:55:37
RDMDL,,LS-s,59,-0.240988524955005,0.01,2025-12-21 18:55:37
RDMDL,,LS-s,60,-0.181093014838068,0.01,2025-12-21 18:55:37
RDMDL,,LS-s,61,-0.673703377848761,0.01,2025-12-21 18:55:37
RDMDL,,LS-s,62,-0.574329663739422,0.01,2025-12-21 18:55:37
RDMDL,,LS-s,63,0.399796513441553,0.01,2025-12-21 18:55:37
RDMDL,,LS-s,64,-0.870567487617541,0.01,2025-12-21 18:55:37
RDMDL,,LS-s,65,-0.77489680075958,0.01,2025-12-21 18:55:38
RDMDL,,LS-s,66,-0.922917660419337,0.01,2025-12-21 18:55:38
RDMDL,,LS-s,67,-0.846023775101164,0.01,2025-12-21 18:55:38
RDMDL,,LS-s,68,-0.306646658645229,0.01,2025-12-21 18:55:38
RDMDL,,LS-s,69,-1.38676745694248,0.01,2025-12-21 18:55:38
RDMDL,,LS-s,70,-1.03139475505908,0.01,2025-12-21 18:55:38
RDMDL,,LS-s,71,-0.545934073220842,0.01,2025-12-21 18:55:38
RDMDL,,LS-s,72,-0.612643426888088,0.01,2025-12-21 18:55:38
RDMDL,,LS-s,73,-0.780568657504356,0.01,2025-12-21 18:55:38
RDMDL,,LS-s,74,-1.01387571133406,0.01,2025-12-21 18:55:38
RDMDL,,LS-s,75,-0.85218026022378,0.01,2025-12-21 18:55:38
RDMDL,,LS-s,76,-1.14656896880908,0.01,2025-12-21 18:55:38
RDMDL,,LS-s,77,-0.526610206923874,0.01,2025-12-21 18:55:38
RDMDL,,LS-s,78,-0.916552981074299,0.01,2025-12-21 18:55:38
RDMDL,,LS-s,79,-0.660917876599194,0.01,2025-12-21 18:55:38
RDMDL,,LS-s,80,-0.338917282031336,0.01,2025-12-21 18:55:39
RDMDL,,LS-s,81,-0.61721203273795,0.01,2025-12-21 18:55:39
RDMDL,,LS-s,82,-0.632363378715954,0.01,2025-12-21 18:55:39
RDMDL,,LS-s,83,-0.964236635622067,0.01,2025-12-21 18:55:39
RDMDL,,LS-s,84,-0.494016165655586,0.01,2025-12-21 18:55:39
RDMDL,,LS-s,85,-0.684630199224846,0.01,2025-12-21 18:55:39
RDMDL,,LS-s,86,-0.593255480928912,0.01,2025-12-21 18:55:39
RDMDL,,LS-s,87,-0.813593030994288,0.01,2025-12-21 18:55:39
RDMDL,,LS-s,88,0.878094064239821,0.01,2025-12-21 18:55:39
RDMDL,,LS-s,89,-1.34272082754326,0.01,2025-12-21 18:55:39
RDMDL,,LS-s,90,-0.573754958894464,0.01,2025-12-21 18:55:39
RDMDL,,LS-s,91,-0.966969179130611,0.01,2025-12-21 18:55:39
RDMDL,,LS-s,92,-0.646818625853383,0.01,2025-12-21 18:55:39
RDMDL,,LS-s,93,0.719648594914931,0.01,2025-12-21 18:55:39
RDMDL,,LS-s,94,-0.12685148150939,0.01,2025-12-21 18:55:39
RDMDL,,LS-s,95,-0.326673048602135,0.01,2025-12-21 18:55:40
RDMDL,,LS-s,96,-0.566462742961163,0.01,2025-12-21 18:55:40
RDMDL,,LS-s,97,-0.29062605830637,0.01,2025-12-21 18:55:40
RDMDL,,LS-s,98,0.167237005665869,0.01,2025-12-21 18:55:40
RDMDL,,LS-s,99,-0.443909207326196,0.01,2025-12-21 18:55:40
RDMDL,,LS-s,100,-1.04955434493955,0.01,2025-12-21 18:55:40
RDMDL,,MN-U,1,-0.729057970044253,0.01,2025-12-21 18:55:40
RDMDL,,MN-U,2,0.0713274261109482,0.01,2025-12-21 18:55:40
RDMDL,,MN-U,3,-0.861502222160047,0.01,2025-12-21 18:55:40
RDMDL,,MN-U,4,-0.0737316994900534,0.01,2025-12-21 18:55:40
RDMDL,,MN-U,5,-0.341876348182853,0.01,2025-12-21 18:55:40
RDMDL,,MN-U,6,-0.313318936543384,0.01,2025-12-21 18:55:40
RDMDL,,MN-U,7,-0.651989791686827,0.01,2025-12-21 18:55:40
RDMDL,,MN-U,8,-0.187710485632289,0.01,2025-12-21 18:55:40
RDMDL,,MN-U,9,0.123957336850381,0.01,2025-12-21 18:55:41
RDMDL,,MN-U,10,-0.591237194111291,0.01,2025-12-21 18:55:41
RDMDL,,MN-U,11,-0.310760099993857,0.01,2025-12-21 18:55:41
RDMDL,,MN-U,12,-0.161318865753964,0.01,2025-12-21 18:55:41
RDMDL,,MN-U,13,-1.07139583718225,0.01,2025-12-21 18:55:41
RDMDL,,MN-U,14,-0.864800480810241,0.01,2025-12-21 18:55:41
RDMDL,,MN-U,15,-0.1085957272317,0.01,2025-12-21 18:55:41
RDMDL,,MN-U,16,-0.287174809076804,0.01,2025-12-21 18:55:41
RDMDL,,MN-U,17,-0.00325609269223787,0.01,2025-12-21 18:55:41
RDMDL,,MN-U,18,-0.690921697671762,0.01,2025-12-21 18:55:41
RDMDL,,MN-U,19,-0.541301475757077,0.01,2025-12-21 18:55:41
RDMDL,,MN-U,20,-0.731904101681753,0.01,2025-12-21 18:55:41
RDMDL,,MN-U,21,-1.06510062903899,0.01,2025-12-21 18:55:41
RDMDL,,MN-U,22,-0.524703713888293,0.01,2025-12-21 18:55:41
RDMDL,,MN-U,23,0.0731782903977892,0.01,2025-12-21 18:55:42
RDMDL,,MN-U,24,-0.429356809951679,0.01,2025-12-21 18:55:42
RDMDL,,MN-U,25,-0.254062282170027,0.01,2025-12-21 18:55:42
RDMDL,,MN-U,26,-0.439784980627982,0.01,2025-12-21 18:55:42
RDMDL,,MN-U,27,-0.361521662625276,0.01,2025-12-21 18:55:42
RDMDL,,MN-U,28,-0.189837965889454,0.01,2025-12-21 18:55:42
RDMDL,,MN-U,29,-0.909409209897211,0.01,2025-12-21 18:55:42
RDMDL,,MN-U,30,-1.15272182665484,0.01,2025-12-21 18:55:42
RDMDL,,MN-U,31,-0.57436489704665,0.01,2025-12-21 18:55:42
RDMDL,,MN-U,32,-0.288144180940244,0.01,2025-12-21 18:55:42
RDMDL,,MN-U,33,-0.371137117935708,0.01,2025-12-21 18:55:42
RDMDL,,MN-U,34,-0.836987453288144,0.01,2025-12-21 18:55:42
RDMDL,,MN-U,35,-0.391666736771128,0.01,2025-12-21 18:55:42
RDMDL,,MN-U,36,-0.564462976541152,0.01,2025-12-21 18:55:42
RDMDL,,MN-U,37,-0.243012311159587,0.01,2025-12-21 18:55:42
RDMDL,,MN-U,38,-0.0773892480948352,0.01,2025-12-21 18:55:43
RDMDL,,MN-U,39,-0.67216360247729,0.01,2025-12-21 18:55:43
RDMDL,,MN-U,40,-0.563860645643326,0.01,2025-12-21 18:55:43
RDMDL,,MN-U,41,0.210651667990144,0.01,2025-12-21 18:55:43
RDMDL,,MN-U,42,-0.807508027518171,0.01,2025-12-21 18:55:43
RDMDL,,MN-U,43,-0.330252862844151,0.01,2025-12-21 18:55:43
RDMDL,,MN-U,44,-0.661184321307318,0.01,2025-12-21 18:55:43
RDMDL,,MN-U,45,-0.827460017606194,0.01,2025-12-21 18:55:43
RDMDL,,MN-U,46,-0.742064852018572,0.01,2025-12-21 18:55:43
RDMDL,,MN-U,47,-0.497727422503368,0.01,2025-12-21 18:55:43
RDMDL,,MN-U,48,-0.52619239380931,0.01,2025-12-21 18:55:43
RDMDL,,MN-U,49,-0.669811405714386,0.01,2025-12-21 18:55:43
RDMDL,,MN-U,50,-0.378798925297678,0.01,2025-12-21 18:55:43
RDMDL,,MN-U,51,-0.273052070874375,0.01,2025-12-21 18:55:43
RDMDL,,MN-U,52,-0.647464245829357,0.01,2025-12-21 18:55:44
RDMDL,,MN-U,53,-0.633030645299254,0.01,2025-12-21 18:55:44
RDMDL,,MN-U,54,-0.678483215855453,0.01,2025-12-21 18:55:44
RDMDL,,MN-U,55,-0.0182532961255383,0.01,2025-12-21 18:55:44
RDMDL,,MN-U,56,-0.663296875725459,0.01,2025-12-21 18:55:44
RDMDL,,MN-U,57,-0.370261228129624,0.01,2025-12-21 18:55:44
RDMDL,,MN-U,58,-0.665508778068812,0.01,2025-12-21 18:55:44
RDMDL,,MN-U,59,-0.755311033473869,0.01,2025-12-21 18:55:44
RDMDL,,MN-U,60,-0.350972090099785,0.01,2025-12-21 18:55:44
RDMDL,,MN-U,61,-0.490535687232943,0.01,2025-12-21 18:55:44
RDMDL,,MN-U,62,-0.154641627732231,0.01,2025-12-21 18:55:44
RDMDL,,MN-U,63,-0.567876229781132,0.01,2025-12-21 18:55:44
RDMDL,,MN-U,64,-0.672845264461248,0.01,2025-12-21 18:55:44
RDMDL,,MN-U,65,-0.0157268775274697,0.01,2025-12-21 18:55:44
RDMDL,,MN-U,66,-0.678433623092192,0.01,2025-12-21 18:55:45
RDMDL,,MN-U,67,-1.20901045287429,0.01,2025-12-21 18:55:45
RDMDL,,MN-U,68,-0.160463371689577,0.01,2025-12-21 18:55:45
RDMDL,,MN-U,69,-0.54757274315052,0.01,2025-12-21 18:55:45
RDMDL,,MN-U,70,-0.468188260375144,0.01,2025-12-21 18:55:45
RDMDL,,MN-U,71,-0.16401184887784,0.01,2025-12-21 18:55:45
RDMDL,,MN-U,72,-0.828828848575672,0.01,2025-12-21 18:55:45
RDMDL,,MN-U,73,-0.396073765303287,0.01,2025-12-21 18:55:45
RDMDL,,MN-U,74,-0.395858647030688,0.01,2025-12-21 18:55:45
RDMDL,,MN-U,75,-0.329897774226565,0.01,2025-12-21 18:55:45
RDMDL,,MN-U,76,-0.244296874328189,0.01,2025-12-21 18:55:45
RDMDL,,MN-U,77,-0.304736975419968,0.01,2025-12-21 18:55:45
RDMDL,,MN-U,78,-0.742518905560517,0.01,2025-12-21 18:55:45
RDMDL,,MN-U,79,-0.281230549882125,0.01,2025-12-21 18:55:45
RDMDL,,MN-U,80,-0.254324009897723,0.01,2025-12-21 18:55:45
RDMDL,,MN-U,81,-0.430004002417232,0.01,2025-12-21 18:55:46
RDMDL,,MN-U,82,-0.517811983628099,0.01,2025-12-21 18:55:46
RDMDL,,MN-U,83,-0.900757924172576,0.01,2025-12-21 18:55:46
RDMDL,,MN-U,84,-1.01900691384396,0.01,2025-12-21 18:55:46
RDMDL,,MN-U,85,-0.0661175256202318,0.01,2025-12-21 18:55:46
RDMDL,,MN-U,86,-0.44815064224051,0.01,2025-12-21 18:55:46
RDMDL,,MN-U,87,-0.154980208132411,0.01,2025-12-21 18:55:46
RDMDL,,MN-U,88,-0.616121946719395,0.01,2025-12-21 18:55:46
RDMDL,,MN-U,89,-0.714014404863721,0.01,2025-12-21 18:55:46
RDMDL,,MN-U,90,-0.227292750605381,0.01,2025-12-21 18:55:46
RDMDL,,MN-U,91,-0.369035180931852,0.01,2025-12-21 18:55:46
RDMDL,,MN-U,92,-0.528174525910484,0.01,2025-12-21 18:55:46
RDMDL,,MN-U,93,-0.300349119247542,0.01,2025-12-21 18:55:46
RDMDL,,MN-U,94,-1.05035487625855,0.01,2025-12-21 18:55:46
RDMDL,,MN-U,95,-0.57692093003588,0.01,2025-12-21 18:55:47
RDMDL,,MN-U,96,-0.524612029382311,0.01,2025-12-21 18:55:47
RDMDL,,MN-U,97,-0.65714073102689,0.01,2025-12-21 18:55:47
RDMDL,,MN-U,98,-0.550986324748023,0.01,2025-12-21 18:55:47
RDMDL,,MN-U,99,-0.177581578402113,0.01,2025-12-21 18:55:47
RDMDL,,MN-U,100,-0.36214531729645,0.01,2025-12-21 18:55:47
RDMDL,,AN,1,0.0392245210751948,0.01,2025-12-21 18:55:47
RDMDL,,AN,2,0.799050546762617,0.01,2025-12-21 18:55:47
RDMDL,,AN,3,0.978719170841715,0.01,2025-12-21 18:55:47
RDMDL,,AN,4,0.430568019991717,0.01,2025-12-21 18:55:47
RDMDL,,AN,5,1.16366728211848,0.01,2025-12-21 18:55:47
RDMDL,,AN,6,0.512121366263646,0.01,2025-12-21 18:55:47
RDMDL,,AN,7,0.452598823201865,0.01,2025-12-21 18:55:47
RDMDL,,AN,8,0.776094292467108,0.01,2025-12-21 18:55:47
RDMDL,,AN,9,0.191050881748183,0.01,2025-12-21 18:55:48
RDMDL,,AN,10,0.243562423278446,0.01,2025-12-21 18:55:48
RDMDL,,AN,11,-0.704781302082056,0.01,2025-12-21 18:55:48
RDMDL,,AN,12,0.521163312337188,0.01,2025-12-21 18:55:48
RDMDL,,AN,13,-0.767612611293491,0.01,2025-12-21 18:55:48
RDMDL,,AN,14,-0.897167047842302,0.01,2025-12-21 18:55:48
RDMDL,,AN,15,-0.626736701433633,0.01,2025-12-21 18:55:48
RDMDL,,AN,16,-0.562810447303403,0.01,2025-12-21 18:55:48
RDMDL,,AN,17,-0.382371311090361,0.01,2025-12-21 18:55:48
RDMDL,,AN,18,-0.524547226522315,0.01,2025-12-21 18:55:48
RDMDL,,AN,19,-1.16639848294516,0.01,2025-12-21 18:55:48
RDMDL,,AN,20,-0.213540280664662,0.01,2025-12-21 18:55:48
RDMDL,,AN,21,-1.07114214887481,0.01,2025-12-21 18:55:48
RDMDL,,AN,22,0.0848628515328005,0.01,2025-12-21 18:55:48
RDMDL,,AN,23,-1.02920682306373,0.01,2025-12-21 18:55:49
RDMDL,,AN,24,-0.54601873189805,0.01,2025-12-21 18:55:49
RDMDL,,AN,25,0.351816501862672,0.01,2025-12-21 18:55:49
RDMDL,,AN,26,1.66278969837871,0.01,2025-12-21 18:55:49
RDMDL,,AN,27,-1.02828828093349,0.01,2025-12-21 18:55:49
RDMDL,,AN,28,-0.63467094372236,0.01,2025-12-21 18:55:49
RDMDL,,AN,29,0.982287988426927,0.01,2025-12-21 18:55:49
RDMDL,,AN,30,0.0135623973023626,0.01,2025-12-21 18:55:49
RDMDL,,AN,31,-0.680493940130741,0.01,2025-12-21 18:55:49
RDMDL,,AN,32,2.385142444108,0.01,2025-12-21 18:55:49
RDMDL,,AN,33,0.114153063486541,0.01,2025-12-21 18:55:49
RDMDL,,AN,34,0.781341581928088,0.01,2025-12-21 18:55:49
RDMDL,,AN,35,0.691581583156868,0.01,2025-12-21 18:55:49
RDMDL,,AN,36,-0.374391996060673,0.01,2025-12-21 18:55:49
RDMDL,,AN,37,-0.187850699429923,0.01,2025-12-21 18:55:49
RDMDL,,AN,38,-0.22365921487772,0.01,2025-12-21 18:55:50
RDMDL,,AN,39,0.358285905947614,0.01,2025-12-21 18:55:50
RDMDL,,AN,40,0.161333143940362,0.01,2025-12-21 18:55:50
RDMDL,,AN,41,1.01858330071832,0.01,2025-12-21 18:55:50
RDMDL,,AN,42,-0.354240261614616,0.01,2025-12-21 18:55:50
RDMDL,,AN,43,-0.176131921780262,0.01,2025-12-21 18:55:50
RDMDL,,AN,44,0.633936773307808,0.01,2025-12-21 18:55:50
RDMDL,,AN,45,-0.25660783685027,0.01,2025-12-21 18:55:50
RDMDL,,AN,46,-0.548065701327129,0.01,2025-12-21 18:55:50
RDMDL,,AN,47,0.154932155360238,0.01,2025-12-21 18:55:50
RDMDL,,AN,48,1.04967840873081,0.01,2025-12-21 18:55:50
RDMDL,,AN,49,-0.884803489231134,0.01,2025-12-21 18:55:50
RDMDL,,AN,50,-0.553010590986809,0.01,2025-12-21 18:55:50
RDMDL,,AN,51,-0.679162853056243,0.01,2025-12-21 18:55:50
RDMDL,,AN,52,-0.237353702067177,0.01,2025-12-21 18:55:51
RDMDL,,AN,53,0.198933268564896,0.01,2025-12-21 18:55:51
RDMDL,,AN,54,-0.424365760693817,0.01,2025-12-21 18:55:51
RDMDL,,AN,55,0.737346664378467,0.01,2025-12-21 18:55:51
RDMDL,,AN,56,-0.383653810097167,0.01,2025-12-21 18:55:51
RDMDL,,AN,57,0.718681411323567,0.01,2025-12-21 18:55:51
RDMDL,,AN,58,0.386772645937896,0.01,2025-12-21 18:55:51
RDMDL,,AN,59,-0.111584158714546,0.01,2025-12-21 18:55:51
RDMDL,,AN,60,-0.134542638051682,0.01,2025-12-21 18:55:51
RDMDL,,AN,61,-0.271347318455762,0.01,2025-12-21 18:55:51
RDMDL,,AN,62,-0.827614564437577,0.01,2025-12-21 18:55:51
RDMDL,,AN,63,0.980075416631644,0.01,2025-12-21 18:55:51
RDMDL,,AN,64,-0.204125381605968,0.01,2025-12-21 18:55:51
RDMDL,,AN,65,0.681018452766198,0.01,2025-12-21 18:55:51
RDMDL,,AN,66,-0.733399763364809,0.01,2025-12-21 18:55:51
RDMDL,,AN,67,-0.109833706793768,0.01,2025-12-21 18:55:52
RDMDL,,AN,68,0.0790552203375664,0.01,2025-12-21 18:55:52
RDMDL,,AN,69,0.299863884667792,0.01,2025-12-21 18:55:52
RDMDL,,AN,70,-0.705167031888339,0.01,2025-12-21 18:55:52
RDMDL,,AN,71,-0.807773936244937,0.01,2025-12-21 18:55:52
RDMDL,,AN,72,0.365387389075434,0.01,2025-12-21 18:55:52
RDMDL,,AN,73,-0.888065432491788,0.01,2025-12-21 18:55:52
RDMDL,,AN,74,0.232492311520538,0.01,2025-12-21 18:55:52
RDMDL,,AN,75,0.402250369086517,0.01,2025-12-21 18:55:52
RDMDL,,AN,76,-0.128879269606728,0.01,2025-12-21 18:55:52
RDMDL,,AN,77,-0.296519877819019,0.01,2025-12-21 18:55:52
RDMDL,,AN,78,0.24157734826337,0.01,2025-12-21 18:55:52
RDMDL,,AN,79,-0.228807995219332,0.01,2025-12-21 18:55:52
RDMDL,,AN,80,-0.207508199857703,0.01,2025-12-21 18:55:52
RDMDL,,AN,81,0.38048751963581,0.01,2025-12-21 18:55:53
RDMDL,,AN,82,0.515198934233027,0.01,2025-12-21 18:55:53
RDMDL,,AN,83,-0.0479959333553302,0.01,2025-12-21 18:55:53
RDMDL,,AN,84,-0.150490936064713,0.01,2025-12-21 18:55:53
RDMDL,,AN,85,0.933902519947793,0.01,2025-12-21 18:55:53
RDMDL,,AN,86,-0.51765267154446,0.01,2025-12-21 18:55:53
RDMDL,,AN,87,0.751750977486574,0.01,2025-12-21 18:55:53
RDMDL,,AN,88,0.797228389774194,0.01,2025-12-21 18:55:53
RDMDL,,AN,89,-0.274264622373836,0.01,2025-12-21 18:55:53
RDMDL,,AN,90,-0.701435782326054,0.01,2025-12-21 18:55:53
RDMDL,,AN,91,-1.02828466588355,0.01,2025-12-21 18:55:53
RDMDL,,AN,92,0.501631192337295,0.01,2025-12-21 18:55:53
RDMDL,,AN,93,0.162976801124296,0.01,2025-12-21 18:55:53
RDMDL,,AN,94,-0.703226588681565,0.01,2025-12-21 18:55:53
RDMDL,,AN,95,0.135206610796099,0.01,2025-12-21 18:55:54
RDMDL,,AN,96,-1.27312903193629,0.01,2025-12-21 18:55:54
RDMDL,,AN,97,0.0763046745610832,0.01,2025-12-21 18:55:54
RDMDL,,AN,98,0.0916195332673869,0.01,2025-12-21 18:55:54
RDMDL,,AN,99,0.908068805917876,0.01,2025-12-21 18:55:54
RDMDL,,AN,100,-0.761163748212178,0.01,2025-12-21 18:55:54
RDMDL,,AN-s,1,0.876132119200068,0.01,2025-12-21 18:55:54
RDMDL,,AN-s,2,0.0732922707236398,0.01,2025-12-21 18:55:54
RDMDL,,AN-s,3,0.463343180106919,0.01,2025-12-21 18:55:54
RDMDL,,AN-s,4,0.129433913045853,0.01,2025-12-21 18:55:54
RDMDL,,AN-s,5,-0.0153057984112324,0.01,2025-12-21 18:55:54
RDMDL,,AN-s,6,0.295944210518283,0.01,2025-12-21 18:55:54
RDMDL,,AN-s,7,-0.247922978216827,0.01,2025-12-21 18:55:54
RDMDL,,AN-s,8,-1.01236722942934,0.01,2025-12-21 18:55:54
RDMDL,,AN-s,9,-0.271319557906578,0.01,2025-12-21 18:55:54
RDMDL,,AN-s,10,-0.067559027745684,0.01,2025-12-21 18:55:55
RDMDL,,AN-s,11,0.059029944508979,0.01,2025-12-21 18:55:55
RDMDL,,AN-s,12,-0.640453157488271,0.01,2025-12-21 18:55:55
RDMDL,,AN-s,13,0.0564086417904118,0.01,2025-12-21 18:55:55
RDMDL,,AN-s,14,-0.615816639109158,0.01,2025-12-21 18:55:55
RDMDL,,AN-s,15,-0.757136523296085,0.01,2025-12-21 18:55:55
RDMDL,,AN-s,16,-0.573511856584659,0.01,2025-12-21 18:55:55
RDMDL,,AN-s,17,1.03202460919128,0.01,2025-12-21 18:55:55
RDMDL,,AN-s,18,-0.143856138634562,0.01,2025-12-21 18:55:55
RDMDL,,AN-s,19,0.0267027619210703,0.01,2025-12-21 18:55:55
RDMDL,,AN-s,20,-0.0169102623578892,0.01,2025-12-21 18:55:55
RDMDL,,AN-s,21,0.239795569619224,0.01,2025-12-21 18:55:55
RDMDL,,AN-s,22,-0.670273037538924,0.01,2025-12-21 18:55:55
RDMDL,,AN-s,23,-1.36509778031449,0.01,2025-12-21 18:55:55
RDMDL,,AN-s,24,-0.956325227420705,0.01,2025-12-21 18:55:56
RDMDL,,AN-s,25,-0.123988262634105,0.01,2025-12-21 18:55:56
RDMDL,,AN-s,26,0.41880929355768,0.01,2025-12-21 18:55:56
RDMDL,,AN-s,27,-0.133017838146241,0.01,2025-12-21 18:55:56
RDMDL,,AN-s,28,0.78951983298789,0.01,2025-12-21 18:55:56
RDMDL,,AN-s,29,-0.683151893614321,0.01,2025-12-21 18:55:56
RDMDL,,AN-s,30,-1.07415958032341,0.01,2025-12-21 18:55:56
RDMDL,,AN-s,31,0.633425392995902,0.01,2025-12-21 18:55:56
RDMDL,,AN-s,32,-0.375911941825402,0.01,2025-12-21 18:55:56
RDMDL,,AN-s,33,0.347818004537814,0.01,2025-12-21 18:55:56
RDMDL,,AN-s,34,0.0893619459032275,0.01,2025-12-21 18:55:56
RDMDL,,AN-s,35,-1.49476352620534,0.01,2025-12-21 18:55:56
RDMDL,,AN-s,36,1.17859354603356,0.01,2025-12-21 18:55:56
RDMDL,,AN-s,37,-0.410780537987892,0.01,2025-12-21 18:55:56
RDMDL,,AN-s,38,-0.115923163429819,0.01,2025-12-21 18:55:57
RDMDL,,AN-s,39,-0.615903585727785,0.01,2025-12-21 18:55:57
RDMDL,,AN-s,40,1.28243161704984,0.01,2025-12-21 18:55:57
RDMDL,,AN-s,41,-1.09512911138123,0.01,2025-12-21 18:55:57
RDMDL,,AN-s,42,-0.586283126639081,0.01,2025-12-21 18:55:57
RDMDL,,AN-s,43,1.07811922725157,0.01,2025-12-21 18:55:57
RDMDL,,AN-s,44,0.175080684130279,0.01,2025-12-21 18:55:57
RDMDL,,AN-s,45,-1.16474928294685,0.01,2025-12-21 18:55:57
RDMDL,,AN-s,46,0.788367347980611,0.01,2025-12-21 18:55:57
RDMDL,,AN-s,47,-0.0627880813591892,0.01,2025-12-21 18:55:57
RDMDL,,AN-s,48,-0.317899635149128,0.01,2025-12-21 18:55:57
RDMDL,,AN-s,49,0.686719428424075,0.01,2025-12-21 18:55:57
RDMDL,,AN-s,50,-0.0366959952671518,0.01,2025-12-21 18:55:57
RDMDL,,AN-s,51,-0.069625116318256,0.01,2025-12-21 18:55:57
RDMDL,,AN-s,52,0.734192669929036,0.01,2025-12-21 18:55:58
RDMDL,,AN-s,53,0.342708428250591,0.01,2025-12-21 18:55:58
RDMDL,,AN-s,54,-0.364092209756021,0.01,2025-12-21 18:55:58
RDMDL,,AN-s,55,-1.11007401065521,0.01,2025-12-21 18:55:58
RDMDL,,AN-s,56,-1.03164126107736,0.01,2025-12-21 18:55:58
RDMDL,,AN-s,57,-0.186533171278671,0.01,2025-12-21 18:55:58
RDMDL,,AN-s,58,-0.275381491719411,0.01,2025-12-21 18:55:58
RDMDL,,AN-s,59,0.938856852985243,0.01,2025-12-21 18:55:58
RDMDL,,AN-s,60,0.997686462970297,0.01,2025-12-21 18:55:58
RDMDL,,AN-s,61,-0.789830910746142,0.01,2025-12-21 18:55:58
RDMDL,,AN-s,62,-0.985478671569445,0.01,2025-12-21 18:55:58
RDMDL,,AN-s,63,1.03637429431388,0.01,2025-12-21 18:55:58
RDMDL,,AN-s,64,-0.280493959300406,0.01,2025-12-21 18:55:58
RDMDL,,AN-s,65,-1.41575219119881,0.01,2025-12-21 18:55:58
RDMDL,,AN-s,66,-0.198742788963186,0.01,2025-12-21 18:55:58
RDMDL,,AN-s,67,0.0926798424659701,0.01,2025-12-21 18:55:59
RDMDL,,AN-s,68,-1.00155798302974,0.01,2025-12-21 18:55:59
RDMDL,,AN-s,69,-0.883601630691205,0.01,2025-12-21 18:55:59
RDMDL,,AN-s,70,0.659797698826218,0.01,2025-12-21 18:55:59
RDMDL,,AN-s,71,0.549839288082514,0.01,2025-12-21 18:55:59
RDMDL,,AN-s,72,0.362520657582736,0.01,2025-12-21 18:55:59
RDMDL,,AN-s,73,-0.910449640137214,0.01,2025-12-21 18:55:59
RDMDL,,AN-s,74,-0.713568165306326,0.01,2025-12-21 18:55:59
RDMDL,,AN-s,75,-0.143780496011666,0.01,2025-12-21 18:55:59
RDMDL,,AN-s,76,-0.457904140546965,0.01,2025-12-21 18:55:59
RDMDL,,AN-s,77,0.418918970708102,0.01,2025-12-21 18:55:59
RDMDL,,AN-s,78,-0.062857311833086,0.01,2025-12-21 18:55:59
RDMDL,,AN-s,79,0.338920814985249,0.01,2025-12-21 18:55:59
RDMDL,,AN-s,80,-0.936210000973718,0.01,2025-12-21 18:56:00
RDMDL,,AN-s,81,0.727600360687372,0.01,2025-12-21 18:56:00
RDMDL,,AN-s,82,-0.981883969139617,0.01,2025-12-21 18:56:00
RDMDL,,AN-s,83,0.678570132915091,0.01,2025-12-21 18:56:00
RDMDL,,AN-s,84,0.940250254739762,0.01,2025-12-21 18:56:00
RDMDL,,AN-s,85,-0.00801265238302403,0.01,2025-12-21 18:56:00
RDMDL,,AN-s,86,-1.35309966053761,0.01,2025-12-21 18:56:00
RDMDL,,AN-s,87,-0.580348030739883,0.01,2025-12-21 18:56:00
RDMDL,,AN-s,88,1.18850010063751,0.01,2025-12-21 18:56:00
RDMDL,,AN-s,89,1.18793439194382,0.01,2025-12-21 18:56:00
RDMDL,,AN-s,90,0.0662910150903531,0.01,2025-12-21 18:56:00
RDMDL,,AN-s,91,0.542088659134447,0.01,2025-12-21 18:56:00
RDMDL,,AN-s,92,-0.917272811974616,0.01,2025-12-21 18:56:00
RDMDL,,AN-s,93,-0.974846164759497,0.01,2025-12-21 18:56:00
RDMDL,,AN-s,94,0.499411739114452,0.01,2025-12-21 18:56:00
RDMDL,,AN-s,95,0.61609165977851,0.01,2025-12-21 18:56:01
RDMDL,,AN-s,96,-1.2488499346893,0.01,2025-12-21 18:56:01
RDMDL,,AN-s,97,0.826638397507667,0.01,2025-12-21 18:56:01
RDMDL,,AN-s,98,0.114051257202448,0.01,2025-12-21 18:56:01
RDMDL,,AN-s,99,-0.644801613352266,0.01,2025-12-21 18:56:01
RDMDL,,AN-s,100,-0.310647660737439,0.01,2025-12-21 18:56:01
RDMDL,,LS,1,-0.350559438979276,0.01,2025-12-21 18:56:01
RDMDL,,LS,2,-0.139025590416568,0.01,2025-12-21 18:56:01
RDMDL,,LS,3,0.396108910151391,0.01,2025-12-21 18:56:01
RDMDL,,LS,4,0.421226497424143,0.01,2025-12-21 18:56:01
RDMDL,,LS,5,0.278145237401767,0.01,2025-12-21 18:56:01
RDMDL,,LS,6,-0.714612530730676,0.01,2025-12-21 18:56:01
RDMDL,,LS,7,-0.721566957368641,0.01,2025-12-21 18:56:01
RDMDL,,LS,8,1.74813880051818,0.01,2025-12-21 18:56:01
RDMDL,,LS,9,0.512735165055756,0.01,2025-12-21 18:56:02
RDMDL,,LS,10,-0.492663519727292,0.01,2025-12-21 18:56:02
RDMDL,,LS,11,0.28277087177811,0.01,2025-12-21 18:56:02
RDMDL,,LS,12,-0.0738049265454502,0.01,2025-12-21 18:56:02
RDMDL,,LS,13,-0.206814635128801,0.01,2025-12-21 18:56:02
RDMDL,,LS,14,0.408052215971111,0.01,2025-12-21 18:56:02
RDMDL,,LS,15,0.385093428585365,0.01,2025-12-21 18:56:02
RDMDL,,LS,16,-0.605018529020838,0.01,2025-12-21 18:56:02
RDMDL,,LS,17,-0.104633322952153,0.01,2025-12-21 18:56:02
RDMDL,,LS,18,0.202727331792908,0.01,2025-12-21 18:56:02
RDMDL,,LS,19,-0.26541002827012,0.01,2025-12-21 18:56:02
RDMDL,,LS,20,-0.269678181974024,0.01,2025-12-21 18:56:02
RDMDL,,LS,21,0.637535832795903,0.01,2025-12-21 18:56:02
RDMDL,,LS,22,-0.498452180734182,0.01,2025-12-21 18:56:02
RDMDL,,LS,23,1.65237727951259,0.01,2025-12-21 18:56:02
RDMDL,,LS,24,-0.19500833372398,0.01,2025-12-21 18:56:03
RDMDL,,LS,25,0.0817447459980917,0.01,2025-12-21 18:56:03
RDMDL,,LS,26,-1.11994434538465,0.01,2025-12-21 18:56:03
RDMDL,,LS,27,-0.0683759953867557,0.01,2025-12-21 18:56:03
RDMDL,,LS,28,-0.260255029301163,0.01,2025-12-21 18:56:03
RDMDL,,LS,29,0.275318005375837,0.01,2025-12-21 18:56:03
RDMDL,,LS,30,0.0746317839244548,0.01,2025-12-21 18:56:03
RDMDL,,LS,31,-0.709410246665931,0.01,2025-12-21 18:56:03
RDMDL,,LS,32,1.03787339344018,0.01,2025-12-21 18:56:03
RDMDL,,LS,33,-0.356908914240531,0.01,2025-12-21 18:56:03
RDMDL,,LS,34,-0.136864157273099,0.01,2025-12-21 18:56:03
RDMDL,,LS,35,1.42019598504387,0.01,2025-12-21 18:56:03
RDMDL,,LS,36,0.226042205879865,0.01,2025-12-21 18:56:03
RDMDL,,LS,37,-0.70104310944371,0.01,2025-12-21 18:56:03
RDMDL,,LS,38,0.191114273932837,0.01,2025-12-21 18:56:03
RDMDL,,LS,39,0.497697257551238,0.01,2025-12-21 18:56:04
RDMDL,,LS,40,0.34443738962596,0.01,2025-12-21 18:56:04
RDMDL,,LS,41,-0.168404849720452,0.01,2025-12-21 18:56:04
RDMDL,,LS,42,-0.956788441676895,0.01,2025-12-21 18:56:04
RDMDL,,LS,43,0.491471148409449,0.01,2025-12-21 18:56:04
RDMDL,,LS,44,-0.550542760087199,0.01,2025-12-21 18:56:04
RDMDL,,LS,45,-1.032393108934,0.01,2025-12-21 18:56:04
RDMDL,,LS,46,-0.136826351551608,0.01,2025-12-21 18:56:04
RDMDL,,LS,47,-1.02981505951249,0.01,2025-12-21 18:56:04
RDMDL,,LS,48,-1.15526680276185,0.01,2025-12-21 18:56:04
RDMDL,,LS,49,-0.68107043449326,0.01,2025-12-21 18:56:04
RDMDL,,LS,50,1.73597582053864,0.01,2025-12-21 18:56:04
RDMDL,,LS,51,0.193981769400786,0.01,2025-12-21 18:56:04
RDMDL,,LS,52,-0.576971756042288,0.01,2025-12-21 18:56:04
RDMDL,,LS,53,-0.255348307486552,0.01,2025-12-21 18:56:05
RDMDL,,LS,54,0.208241514037679,0.01,2025-12-21 18:56:05
RDMDL,,LS,55,0.00768325411848173,0.01,2025-12-21 18:56:05
RDMDL,,LS,56,-0.414757737797129,0.01,2025-12-21 18:56:05
RDMDL,,LS,57,-0.260028863892235,0.01,2025-12-21 18:56:05
RDMDL,,LS,58,-0.431147592722169,0.01,2025-12-21 18:56:05
RDMDL,,LS,59,-0.794639509277743,0.01,2025-12-21 18:56:05
RDMDL,,LS,60,0.844572359161474,0.01,2025-12-21 18:56:05
RDMDL,,LS,61,0.526720680971185,0.01,2025-12-21 18:56:05
RDMDL,,LS,62,0.047166278884552,0.01,2025-12-21 18:56:05
RDMDL,,LS,63,1.42273774623868,0.01,2025-12-21 18:56:05
RDMDL,,LS,64,2.64072772223573,0.01,2025-12-21 18:56:05
RDMDL,,LS,65,-0.804815668908025,0.01,2025-12-21 18:56:05
RDMDL,,LS,66,-0.495250234718912,0.01,2025-12-21 18:56:05
RDMDL,,LS,67,-0.0438042903682867,0.01,2025-12-21 18:56:05
RDMDL,,LS,68,-1.0008118932598,0.01,2025-12-21 18:56:06
RDMDL,,LS,69,-0.551749413534281,0.01,2025-12-21 18:56:06
RDMDL,,LS,70,-0.0881797850982189,0.01,2025-12-21 18:56:06
RDMDL,,LS,71,-0.778374221805632,0.01,2025-12-21 18:56:06
RDMDL,,LS,72,0.314027684607369,0.01,2025-12-21 18:56:06
RDMDL,,LS,73,0.00255021679038737,0.01,2025-12-21 18:56:06
RDMDL,,LS,74,-0.0807918898328348,0.01,2025-12-21 18:56:06
RDMDL,,LS,75,1.83209744473598,0.01,2025-12-21 18:56:06
RDMDL,,LS,76,-0.360091810863517,0.01,2025-12-21 18:56:06
RDMDL,,LS,77,-0.440926776427772,0.01,2025-12-21 18:56:06
RDMDL,,LS,78,0.0943911297037275,0.01,2025-12-21 18:56:06
RDMDL,,LS,79,-0.990408380021707,0.01,2025-12-21 18:56:06
RDMDL,,LS,80,0.062564982085069,0.01,2025-12-21 18:56:06
RDMDL,,LS,81,0.951174885936741,0.01,2025-12-21 18:56:06
RDMDL,,LS,82,-0.200528813895967,0.01,2025-12-21 18:56:06
RDMDL,,LS,83,0.359859788482032,0.01,2025-12-21 18:56:07
RDMDL,,LS,84,-0.446855321058878,0.01,2025-12-21 18:56:07
RDMDL,,LS,85,0.820190467703326,0.01,2025-12-21 18:56:07
RDMDL,,LS,86,0.741179916353385,0.01,2025-12-21 18:56:07
RDMDL,,LS,87,1.16957810013641,0.01,2025-12-21 18:56:07
RDMDL,,LS,88,-0.260553810199144,0.01,2025-12-21 18:56:07
RDMDL,,LS,89,-0.200089028776672,0.01,2025-12-21 18:56:07
RDMDL,,LS,90,1.91945160464698,0.01,2025-12-21 18:56:07
RDMDL,,LS,91,0.775131710063041,0.01,2025-12-21 18:56:07
RDMDL,,LS,92,1.30595645551363,0.01,2025-12-21 18:56:07
RDMDL,,LS,93,0.0816077103550178,0.01,2025-12-21 18:56:07
RDMDL,,LS,94,0.102567528817431,0.01,2025-12-21 18:56:07
RDMDL,,LS,95,-0.0468474098871411,0.01,2025-12-21 18:56:07
RDMDL,,LS,96,0.936278778845016,0.01,2025-12-21 18:56:07
RDMDL,,LS,97,-0.575122974783464,0.01,2025-12-21 18:56:08
RDMDL,,LS,98,-0.00386775617300191,0.01,2025-12-21 18:56:08
RDMDL,,LS,99,-0.215331319070138,0.01,2025-12-21 18:56:08
RDMDL,,LS,100,-1.07787610755345,0.01,2025-12-21 18:56:08
RDMDL,,LS-s,1,-1.22435188355636,0.01,2025-12-21 18:56:08
RDMDL,,LS-s,2,-0.596127002774232,0.01,2025-12-21 18:56:08
RDMDL,,LS-s,3,-0.984635339222574,0.01,2025-12-21 18:56:08
RDMDL,,LS-s,4,0.916163166977327,0.01,2025-12-21 18:56:08
RDMDL,,LS-s,5,-1.19350233056137,0.01,2025-12-21 18:56:08
RDMDL,,LS-s,6,-0.586955754806347,0.01,2025-12-21 18:56:08
RDMDL,,LS-s,7,-0.696146101572657,0.01,2025-12-21 18:56:08
RDMDL,,LS-s,8,-1.27898176168395,0.01,2025-12-21 18:56:08
RDMDL,,LS-s,9,1.6054949936619,0.01,2025-12-21 18:56:08
RDMDL,,LS-s,10,-0.864014440826212,0.01,2025-12-21 18:56:08
RDMDL,,LS-s,11,0.0803635052084182,0.01,2025-12-21 18:56:08
RDMDL,,LS-s,12,-0.00125648495631413,0.01,2025-12-21 18:56:09
RDMDL,,LS-s,13,-0.123026069802657,0.01,2025-12-21 18:56:09
RDMDL,,LS-s,14,-0.0177982196292551,0.01,2025-12-21 18:56:09
RDMDL,,LS-s,15,-0.844514930719463,0.01,2025-12-21 18:56:09
RDMDL,,LS-s,16,0.155266011500046,0.01,2025-12-21 18:56:09
RDMDL,,LS-s,17,-0.974662903399673,0.01,2025-12-21 18:56:09
RDMDL,,LS-s,18,-1.5552590737905,0.01,2025-12-21 18:56:09
RDMDL,,LS-s,19,-0.103462359391047,0.01,2025-12-21 18:56:09
RDMDL,,LS-s,20,-1.0330635654527,0.01,2025-12-21 18:56:09
RDMDL,,LS-s,21,-0.698587696638254,0.01,2025-12-21 18:56:09
RDMDL,,LS-s,22,0.0898450313750045,0.01,2025-12-21 18:56:09
RDMDL,,LS-s,23,0.39988800931457,0.01,2025-12-21 18:56:09
RDMDL,,LS-s,24,-0.395073343034998,0.01,2025-12-21 18:56:09
RDMDL,,LS-s,25,-0.903233984256626,0.01,2025-12-21 18:56:09
RDMDL,,LS-s,26,-0.456750474519663,0.01,2025-12-21 18:56:09
RDMDL,,LS-s,27,-0.99245284606946,0.01,2025-12-21 18:56:10
RDMDL,,LS-s,28,-0.652568685254928,0.01,2025-12-21 18:56:10
RDMDL,,LS-s,29,-1.21219149391282,0.01,2025-12-21 18:56:10
RDMDL,,LS-s,30,0.267164409906196,0.01,2025-12-21 18:56:10
RDMDL,,LS-s,31,-1.75536490190915,0.01,2025-12-21 18:56:10
RDMDL,,LS-s,32,-0.73836832356884,0.01,2025-12-21 18:56:10
RDMDL,,LS-s,33,-1.18292406161818,0.01,2025-12-21 18:56:10
RDMDL,,LS-s,34,-0.405417434363406,0.01,2025-12-21 18:56:10
RDMDL,,LS-s,35,-0.800852589366161,0.01,2025-12-21 18:56:10
RDMDL,,LS-s,36,1.12121422244529,0.01,2025-12-21 18:56:10
RDMDL,,LS-s,37,-1.56785819570237,0.01,2025-12-21 18:56:10
RDMDL,,LS-s,38,-0.761814544227037,0.01,2025-12-21 18:56:10
RDMDL,,LS-s,39,-0.883744513577355,0.01,2025-12-21 18:56:10
RDMDL,,LS-s,40,-0.845158808718214,0.01,2025-12-21 18:56:10
RDMDL,,LS-s,41,-1.34132621104811,0.01,2025-12-21 18:56:10
RDMDL,,LS-s,42,-0.655281136468732,0.01,2025-12-21 18:56:11
RDMDL,,LS-s,43,0.0530877392651951,0.01,2025-12-21 18:56:11
RDMDL,,LS-s,44,-0.45503017293363,0.01,2025-12-21 18:56:11
RDMDL,,LS-s,45,-1.73357332892519,0.01,2025-12-21 18:56:11
RDMDL,,LS-s,46,-0.506522644062853,0.01,2025-12-21 18:56:11
RDMDL,,LS-s,47,-0.531577034660552,0.01,2025-12-21 18:56:11
RDMDL,,LS-s,48,-1.24020492405274,0.01,2025-12-21 18:56:11
RDMDL,,LS-s,49,0.694968820443727,0.01,2025-12-21 18:56:11
RDMDL,,LS-s,50,-1.46198963104465,0.01,2025-12-21 18:56:11
RDMDL,,LS-s,51,0.28659471014478,0.01,2025-12-21 18:56:11
RDMDL,,LS-s,52,-0.667110279720998,0.01,2025-12-21 18:56:11
RDMDL,,LS-s,53,-0.890923056392691,0.01,2025-12-21 18:56:11
RDMDL,,LS-s,54,0.890143731314671,0.01,2025-12-21 18:56:11
RDMDL,,LS-s,55,-1.39663185362637,0.01,2025-12-21 18:56:11
RDMDL,,LS-s,56,-0.113226833764621,0.01,2025-12-21 18:56:12
RDMDL,,LS-s,57,-0.772378614430999,0.01,2025-12-21 18:56:12
RDMDL,,LS-s,58,-1.37666892932961,0.01,2025-12-21 18:56:12
RDMDL,,LS-s,59,-0.13864874208236,0.01,2025-12-21 18:56:12
RDMDL,,LS-s,60,-0.286444768451542,0.01,2025-12-21 18:56:12
RDMDL,,LS-s,61,-0.757835863245662,0.01,2025-12-21 18:56:12
RDMDL,,LS-s,62,-0.414180974935159,0.01,2025-12-21 18:56:12
RDMDL,,LS-s,63,1.30884943835255,0.01,2025-12-21 18:56:12
RDMDL,,LS-s,64,-0.921192796948817,0.01,2025-12-21 18:56:12
RDMDL,,LS-s,65,-0.903807621932017,0.01,2025-12-21 18:56:12
RDMDL,,LS-s,66,-1.02460872670914,0.01,2025-12-21 18:56:12
RDMDL,,LS-s,67,-0.600451574780966,0.01,2025-12-21 18:56:12
RDMDL,,LS-s,68,-0.317698007948596,0.01,2025-12-21 18:56:12
RDMDL,,LS-s,69,-1.62818761303488,0.01,2025-12-21 18:56:12
RDMDL,,LS-s,70,-1.22676327720764,0.01,2025-12-21 18:56:13
RDMDL,,LS-s,71,-0.641073296624104,0.01,2025-12-21 18:56:13
RDMDL,,LS-s,72,-0.534528874030534,0.01,2025-12-21 18:56:13
RDMDL,,LS-s,73,-0.939017600703295,0.01,2025-12-21 18:56:13
RDMDL,,LS-s,74,-1.0422032580867,0.01,2025-12-21 18:56:13
RDMDL,,LS-s,75,-1.09372821844134,0.01,2025-12-21 18:56:13
RDMDL,,LS-s,76,-1.34168825156056,0.01,2025-12-21 18:56:13
RDMDL,,LS-s,77,-0.464933211042902,0.01,2025-12-21 18:56:13
RDMDL,,LS-s,78,-1.09986562001405,0.01,2025-12-21 18:56:13
RDMDL,,LS-s,79,-0.410583313133623,0.01,2025-12-21 18:56:13
RDMDL,,LS-s,80,-0.292657461870834,0.01,2025-12-21 18:56:13
RDMDL,,LS-s,81,-0.505196092664731,0.01,2025-12-21 18:56:13
RDMDL,,LS-s,82,-0.591684957625265,0.01,2025-12-21 18:56:13
RDMDL,,LS-s,83,-1.07607029490152,0.01,2025-12-21 18:56:13
RDMDL,,LS-s,84,-0.0358554313924296,0.01,2025-12-21 18:56:13
RDMDL,,LS-s,85,-0.776261983164663,0.01,2025-12-21 18:56:14
RDMDL,,LS-s,86,-0.592725396603589,0.01,2025-12-21 18:56:14
RDMDL,,LS-s,87,-1.0481832399764,0.01,2025-12-21 18:56:14
RDMDL,,LS-s,88,1.55583388377286,0.01,2025-12-21 18:56:14
RDMDL,,LS-s,89,-1.58738125396007,0.01,2025-12-21 18:56:14
RDMDL,,LS-s,90,-0.721278540291596,0.01,2025-12-21 18:56:14
RDMDL,,LS-s,91,-0.664069441452596,0.01,2025-12-21 18:56:14
RDMDL,,LS-s,92,-0.794505012954258,0.01,2025-12-21 18:56:14
RDMDL,,LS-s,93,1.472582121673,0.01,2025-12-21 18:56:14
RDMDL,,LS-s,94,0.109159450176602,0.01,2025-12-21 18:56:14
RDMDL,,LS-s,95,-0.230620577683896,0.01,2025-12-21 18:56:14
RDMDL,,LS-s,96,-0.529188219328727,0.01,2025-12-21 18:56:14
RDMDL,,LS-s,97,-0.326719866906079,0.01,2025-12-21 18:56:14
RDMDL,,LS-s,98,0.363745173259879,0.01,2025-12-21 18:56:14
RDMDL,,LS-s,99,-0.224541391498473,0.01,2025-12-21 18:56:14
RDMDL,,LS-s,100,-1.30203808378637,0.01,2025-12-21 18:56:15
RDMDL,,MN-U,1,-0.81837828421526,0.01,2025-12-21 18:56:15
RDMDL,,MN-U,2,0.161466134885144,0.01,2025-12-21 18:56:15
RDMDL,,MN-U,3,-0.809595396205968,0.01,2025-12-21 18:56:15
RDMDL,,MN-U,4,-0.19689445577468,0.01,2025-12-21 18:56:15
RDMDL,,MN-U,5,-0.320979189008964,0.01,2025-12-21 18:56:15
RDMDL,,MN-U,6,-0.426624067692829,0.01,2025-12-21 18:56:15
RDMDL,,MN-U,7,-0.603310554313194,0.01,2025-12-21 18:56:15
RDMDL,,MN-U,8,-0.0525479414776009,0.01,2025-12-21 18:56:15
RDMDL,,MN-U,9,0.0417075261297005,0.01,2025-12-21 18:56:15
RDMDL,,MN-U,10,-0.602410155957522,0.01,2025-12-21 18:56:15
RDMDL,,MN-U,11,-0.415980596101905,0.01,2025-12-21 18:56:15
RDMDL,,MN-U,12,-0.169709300007702,0.01,2025-12-21 18:56:15
RDMDL,,MN-U,13,-1.16213213832057,0.01,2025-12-21 18:56:15
RDMDL,,MN-U,14,-0.941325479619451,0.01,2025-12-21 18:56:16
RDMDL,,MN-U,15,-0.264607371398003,0.01,2025-12-21 18:56:16
RDMDL,,MN-U,16,-0.287629721743328,0.01,2025-12-21 18:56:16
RDMDL,,MN-U,17,0.146300272066665,0.01,2025-12-21 18:56:16
RDMDL,,MN-U,18,-0.737509516004092,0.01,2025-12-21 18:56:16
RDMDL,,MN-U,19,-0.504085239254248,0.01,2025-12-21 18:56:16
RDMDL,,MN-U,20,-0.674300274036169,0.01,2025-12-21 18:56:16
RDMDL,,MN-U,21,-1.02587613144787,0.01,2025-12-21 18:56:16
RDMDL,,MN-U,22,-0.579805335989384,0.01,2025-12-21 18:56:16
RDMDL,,MN-U,23,0.125302481720053,0.01,2025-12-21 18:56:16
RDMDL,,MN-U,24,-0.51687979322147,0.01,2025-12-21 18:56:16
RDMDL,,MN-U,25,-0.24183711385576,0.01,2025-12-21 18:56:16
RDMDL,,MN-U,26,-0.468142555266289,0.01,2025-12-21 18:56:16
RDMDL,,MN-U,27,-0.458545043936851,0.01,2025-12-21 18:56:16
RDMDL,,MN-U,28,-0.292846768747099,0.01,2025-12-21 18:56:16
RDMDL,,MN-U,29,-0.890548662114164,0.01,2025-12-21 18:56:17
RDMDL,,MN-U,30,-1.23337283938436,0.01,2025-12-21 18:56:17
RDMDL,,MN-U,31,-0.613669290648298,0.01,2025-12-21 18:56:17
RDMDL,,MN-U,32,-0.326359581692271,0.01,2025-12-21 18:56:17
RDMDL,,MN-U,33,-0.306484504587626,0.01,2025-12-21 18:56:17
RDMDL,,MN-U,34,-0.814419020151439,0.01,2025-12-21 18:56:17
RDMDL,,MN-U,35,-0.382151617648388,0.01,2025-12-21 18:56:17
RDMDL,,MN-U,36,-0.593266889967381,0.01,2025-12-21 18:56:17
RDMDL,,MN-U,37,-0.392480300892942,0.01,2025-12-21 18:56:17
RDMDL,,MN-U,38,-0.186937867324013,0.01,2025-12-21 18:56:17
RDMDL,,MN-U,39,-0.657995379446224,0.01,2025-12-21 18:56:17
RDMDL,,MN-U,40,-0.587968388214821,0.01,2025-12-21 18:56:17
RDMDL,,MN-U,41,0.234013007500904,0.01,2025-12-21 18:56:17
RDMDL,,MN-U,42,-0.795084775456141,0.01,2025-12-21 18:56:17
RDMDL,,MN-U,43,-0.368296312001327,0.01,2025-12-21 18:56:18
RDMDL,,MN-U,44,-0.723464017395995,0.01,2025-12-21 18:56:18
RDMDL,,MN-U,45,-0.807728326879788,0.01,2025-12-21 18:56:18
RDMDL,,MN-U,46,-0.721890445254249,0.01,2025-12-21 18:56:18
RDMDL,,MN-U,47,-0.451601947710073,0.01,2025-12-21 18:56:18
RDMDL,,MN-U,48,-0.615505911722924,0.01,2025-12-21 18:56:18
RDMDL,,MN-U,49,-0.634624867215478,0.01,2025-12-21 18:56:18
RDMDL,,MN-U,50,-0.314388052681697,0.01,2025-12-21 18:56:18
RDMDL,,MN-U,51,-0.312647055471028,0.01,2025-12-21 18:56:18
RDMDL,,MN-U,52,-0.62386300748868,0.01,2025-12-21 18:56:18
RDMDL,,MN-U,53,-0.673791615453368,0.01,2025-12-21 18:56:18
RDMDL,,MN-U,54,-0.770617592221391,0.01,2025-12-21 18:56:18
RDMDL,,MN-U,55,0.0151891886293356,0.01,2025-12-21 18:56:18
RDMDL,,MN-U,56,-0.571289439732288,0.01,2025-12-21 18:56:19
RDMDL,,MN-U,57,-0.358321347328316,0.01,2025-12-21 18:56:19
RDMDL,,MN-U,58,-0.647355457001786,0.01,2025-12-21 18:56:19
RDMDL,,MN-U,59,-0.803265927113155,0.01,2025-12-21 18:56:19
RDMDL,,MN-U,60,-0.298516378450284,0.01,2025-12-21 18:56:19
RDMDL,,MN-U,61,-0.52886568591517,0.01,2025-12-21 18:56:19
RDMDL,,MN-U,62,-0.212088136007046,0.01,2025-12-21 18:56:19
RDMDL,,MN-U,63,-0.568111555467711,0.01,2025-12-21 18:56:19
RDMDL,,MN-U,64,-0.780791255268312,0.01,2025-12-21 18:56:19
RDMDL,,MN-U,65,-0.111335987464013,0.01,2025-12-21 18:56:19
RDMDL,,MN-U,66,-0.775612072799486,0.01,2025-12-21 18:56:19
RDMDL,,MN-U,67,-1.2682283678541,0.01,2025-12-21 18:56:19
RDMDL,,MN-U,68,-0.176925982593963,0.01,2025-12-21 18:56:19
RDMDL,,MN-U,69,-0.716698096061207,0.01,2025-12-21 18:56:19
RDMDL,,MN-U,70,-0.430557187110109,0.01,2025-12-21 18:56:19
RDMDL,,MN-U,71,-0.147181022699683,0.01,2025-12-21 18:56:20
RDMDL,,MN-U,72,-0.835003628042003,0.01,2025-12-21 18:56:20
RDMDL,,MN-U,73,-0.418443274984314,0.01,2025-12-21 18:56:20
RDMDL,,MN-U,74,-0.371996433113398,0.01,2025-12-21 18:56:20
RDMDL,,MN-U,75,-0.301914316675548,0.01,2025-12-21 18:56:20
RDMDL,,MN-U,76,-0.140379281173227,0.01,2025-12-21 18:56:20
RDMDL,,MN-U,77,-0.384750970936513,0.01,2025-12-21 18:56:20
RDMDL,,MN-U,78,-0.743722115594293,0.01,2025-12-21 18:56:20
RDMDL,,MN-U,79,-0.428319594083068,0.01,2025-12-21 18:56:20
RDMDL,,MN-U,80,-0.258045250218259,0.01,2025-12-21 18:56:20
RDMDL,,MN-U,81,-0.570575343236271,0.01,2025-12-21 18:56:20
RDMDL,,MN-U,82,-0.529945047992304,0.01,2025-12-21 18:56:20
RDMDL,,MN-U,83,-0.932246927966867,0.01,2025-12-21 18:56:20
RDMDL,,MN-U,84,-1.14102386299823,0.01,2025-12-21 18:56:20
RDMDL,,MN-U,85,-0.0500682047941536,0.01,2025-12-21 18:56:21
RDMDL,,MN-U,86,-0.529783723569414,0.01,2025-12-21 18:56:21
RDMDL,,MN-U,87,-0.248480718778689,0.01,2025-12-21 18:56:21
RDMDL,,MN-U,88,-0.619707709626304,0.01,2025-12-21 18:56:21
RDMDL,,MN-U,89,-0.719583140093013,0.01,2025-12-21 18:56:21
RDMDL,,MN-U,90,-0.304037559206637,0.01,2025-12-21 18:56:21
RDMDL,,MN-U,91,-0.259613767222043,0.01,2025-12-21 18:56:21
RDMDL,,MN-U,92,-0.471978626822852,0.01,2025-12-21 18:56:21
RDMDL,,MN-U,93,-0.374573701601394,0.01,2025-12-21 18:56:21
RDMDL,,MN-U,94,-1.01870424792314,0.01,2025-12-21 18:56:21
RDMDL,,MN-U,95,-0.565528768862296,0.01,2025-12-21 18:56:21
RDMDL,,MN-U,96,-0.68934924160403,0.01,2025-12-21 18:56:21
RDMDL,,MN-U,97,-0.635170870858433,0.01,2025-12-21 18:56:21
RDMDL,,MN-U,98,-0.556807751089882,0.01,2025-12-21 18:56:21
RDMDL,,MN-U,99,-0.254036182177651,0.01,2025-12-21 18:56:22
RDMDL,,MN-U,100,-0.371663942318444,0.01,2025-12-21 18:56:22
GPI,,AN,1,130.190466500141,0.01,12-Feb-2026 01:38:44
GPI,,AN,2,NaN,0.01,12-Feb-2026 01:52:09
GPI,,AN,3,-943.236847808817,0.01,12-Feb-2026 01:53:23
GPI,,AN,4,162.841159944429,0.01,12-Feb-2026 01:53:50
GPI,,AN,5,NaN,0.01,12-Feb-2026 01:53:51
GPI,,AN,6,224.569848130865,0.01,12-Feb-2026 01:54:26
GPI,,AN,7,368.879928176838,0.01,12-Feb-2026 01:54:41
GPI,,AN,8,97.3814664130834,0.01,12-Feb-2026 01:55:16
GPI,,AN,9,25.6686099620765,0.01,12-Feb-2026 01:55:39
GPI,,AN,10,-1338.23070403805,0.01,12-Feb-2026 01:56:12
GPI,,AN,11,48.8678496303909,0.01,12-Feb-2026 01:56:40
GPI,,AN,12,58.1159213357561,0.01,12-Feb-2026 01:57:07
GPI,,AN,13,109.800906224674,0.01,12-Feb-2026 01:57:39
GPI,,AN,14,NaN,0.01,12-Feb-2026 01:57:40
GPI,,AN,15,NaN,0.01,12-Feb-2026 01:57:40
GPI,,AN,16,NaN,0.01,12-Feb-2026 01:57:40
GPI,,AN,17,NaN,0.01,12-Feb-2026 01:57:40
GPI,,AN,18,-9.79349481732254,0.01,12-Feb-2026 01:57:53
GPI,,AN,19,NaN,0.01,12-Feb-2026 01:57:53
GPI,,AN,20,NaN,0.01,12-Feb-2026 01:57:53
GPI,,AN,21,151.860701397691,0.01,12-Feb-2026 01:58:16
GPI,,AN,22,NaN,0.01,12-Feb-2026 01:58:16
GPI,,AN,23,NaN,0.01,12-Feb-2026 01:58:17
GPI,,AN,24,135.485798386006,0.01,12-Feb-2026 01:58:32
GPI,,AN,25,1374.39824107348,0.01,12-Feb-2026 01:58:39
GPI,,AN,26,NaN,0.01,12-Feb-2026 01:58:39
GPI,,AN,27,NaN,0.01,12-Feb-2026 01:58:39
GPI,,AN,28,10.4307651719798,0.01,12-Feb-2026 01:58:56
GPI,,AN,29,NaN,0.01,12-Feb-2026 01:58:57
GPI,,AN,30,NaN,0.01,12-Feb-2026 01:58:57
GPI,,AN,31,213.341525403441,0.01,12-Feb-2026 01:59:56
GPI,,AN,32,NaN,0.01,12-Feb-2026 01:59:57
GPI,,AN,33,144.850310025491,0.01,12-Feb-2026 02:00:10
GPI,,AN,34,246.379062666472,0.01,12-Feb-2026 02:00:22
GPI,,AN,35,NaN,0.01,12-Feb-2026 02:00:22
GPI,,AN,36,159.087035614404,0.01,12-Feb-2026 02:00:49
GPI,,AN,37,56.3727351186283,0.01,12-Feb-2026 02:01:03
GPI,,AN,38,33.9383728065703,0.01,12-Feb-2026 02:01:17
GPI,,AN,39,155.658688449549,0.01,12-Feb-2026 02:01:34
GPI,,AN,40,NaN,0.01,12-Feb-2026 02:01:34
GPI,,AN,41,152.281437955548,0.01,12-Feb-2026 02:02:07
GPI,,AN,42,NaN,0.01,12-Feb-2026 02:02:07
GPI,,AN,43,156.781721310156,0.01,12-Feb-2026 02:02:24
GPI,,AN,44,119.18075694753,0.01,12-Feb-2026 02:02:50
GPI,,AN,45,84.4801913628471,0.01,12-Feb-2026 02:03:12
GPI,,AN,46,NaN,0.01,12-Feb-2026 02:03:13
GPI,,AN,47,167.310121424225,0.01,12-Feb-2026 02:03:35
GPI,,AN,48,NaN,0.01,12-Feb-2026 02:03:35
GPI,,AN,49,NaN,0.01,12-Feb-2026 02:03:35
GPI,,AN,50,NaN,0.01,12-Feb-2026 02:03:35
GPI,,AN,51,166.378047054021,0.01,12-Feb-2026 02:03:48
GPI,,AN,52,161.037060330672,0.01,12-Feb-2026 02:04:12
GPI,,AN,53,278.890076499755,0.01,12-Feb-2026 02:04:21
GPI,,AN,54,253.600468741089,0.01,12-Feb-2026 02:04:46
GPI,,AN,55,376.866297751377,0.01,12-Feb-2026 02:04:55
GPI,,AN,56,NaN,0.01,12-Feb-2026 02:04:55
GPI,,AN,57,-1.24799311627066,0.01,12-Feb-2026 02:05:25
GPI,,AN,58,19.5052406406671,0.01,12-Feb-2026 02:05:47
GPI,,AN,59,NaN,0.01,12-Feb-2026 02:05:47
GPI,,AN,60,31.3209984713371,0.01,12-Feb-2026 02:06:06
GPI,,AN,61,46.542808277909,0.01,12-Feb-2026 02:06:23
GPI,,AN,62,157.033189457625,0.01,12-Feb-2026 02:06:35
GPI,,AN,63,-916.438957736304,0.01,12-Feb-2026 02:06:47
GPI,,AN,64,317.138351411025,0.01,12-Feb-2026 02:07:41
GPI,,AN,65,NaN,0.01,12-Feb-2026 02:07:41
GPI,,AN,66,281.222088303562,0.01,12-Feb-2026 02:08:07
GPI,,AN,67,-1175.14584810354,0.01,12-Feb-2026 02:08:49
GPI,,AN,68,217.315761466096,0.01,12-Feb-2026 02:09:25
GPI,,AN,69,301.027795922656,0.01,12-Feb-2026 02:09:44
GPI,,AN,70,NaN,0.01,12-Feb-2026 02:09:44
GPI,,AN,71,269.41032018546,0.01,12-Feb-2026 02:10:09
GPI,,AN,72,99.0582783658131,0.01,12-Feb-2026 02:10:40
GPI,,AN,73,262.320681353471,0.01,12-Feb-2026 02:11:21
GPI,,AN,74,-1081.17568115043,0.01,12-Feb-2026 02:11:35
GPI,,AN,75,270.521611237186,0.01,12-Feb-2026 02:11:56
GPI,,AN,76,NaN,0.01,12-Feb-2026 02:11:56
GPI,,AN,77,1304.16022563817,0.01,12-Feb-2026 02:12:04
GPI,,AN,78,NaN,0.01,12-Feb-2026 02:12:04
GPI,,AN,79,NaN,0.01,12-Feb-2026 02:12:05
GPI,,AN,80,128.85089741987,0.01,12-Feb-2026 02:12:21
GPI,,AN,81,NaN,0.01,12-Feb-2026 02:12:21
GPI,,AN,82,178.590943921329,0.01,12-Feb-2026 02:12:30
GPI,,AN,83,NaN,0.01,12-Feb-2026 02:12:30
GPI,,AN,84,NaN,0.01,12-Feb-2026 02:12:30
GPI,,AN,85,NaN,0.01,12-Feb-2026 02:12:30
GPI,,AN,86,60.9621508672917,0.01,12-Feb-2026 02:12:49
GPI,,AN,87,-976.788537446131,0.01,12-Feb-2026 02:13:12
GPI,,AN,88,179.136728592879,0.01,12-Feb-2026 02:13:48
GPI,,AN,89,60.2332023218928,0.01,12-Feb-2026 02:14:18
GPI,,AN,90,192.787556936643,0.01,12-Feb-2026 02:14:44
GPI,,AN,91,-1137.45006161804,0.01,12-Feb-2026 02:15:01
GPI,,AN,92,NaN,0.01,12-Feb-2026 02:15:01
GPI,,AN,93,NaN,0.01,12-Feb-2026 02:15:02
GPI,,AN,94,101.999788394677,0.01,12-Feb-2026 02:15:37
GPI,,AN,95,NaN,0.01,12-Feb-2026 02:15:37
GPI,,AN,96,NaN,0.01,12-Feb-2026 02:15:37
GPI,,AN,97,NaN,0.01,12-Feb-2026 02:15:37
GPI,,AN,98,198.615729460082,0.01,12-Feb-2026 02:16:10
GPI,,AN,99,173.096206892287,0.01,12-Feb-2026 02:16:38
GPI,,AN,100,148.709955839594,0.01,12-Feb-2026 02:17:02
GPI,,AN-s,1,17.2850299744523,0.01,12-Feb-2026 02:17:26
GPI,,AN-s,2,NaN,0.01,12-Feb-2026 02:17:26
GPI,,AN-s,3,NaN,0.01,12-Feb-2026 02:17:26
GPI,,AN-s,4,-1172.5319033338,0.01,12-Feb-2026 02:17:39
GPI,,AN-s,5,13.7265138605101,0.01,12-Feb-2026 02:18:01
GPI,,AN-s,6,2.77973940934226,0.01,12-Feb-2026 02:18:13
GPI,,AN-s,7,2.59312854014047,0.01,12-Feb-2026 02:18:29
GPI,,AN-s,8,-1209.88360150563,0.01,12-Feb-2026 02:18:47
GPI,,AN-s,9,11.5892616460449,0.01,12-Feb-2026 02:18:57
GPI,,AN-s,10,NaN,0.01,12-Feb-2026 02:18:57
GPI,,AN-s,11,NaN,0.01,12-Feb-2026 02:18:58
GPI,,AN-s,12,-5.08222488883757,0.01,12-Feb-2026 02:19:27
GPI,,AN-s,13,-10.9229130489109,0.01,12-Feb-2026 02:19:41
GPI,,AN-s,14,NaN,0.01,12-Feb-2026 02:19:50
GPI,,AN-s,15,-9.70129996941887,0.01,12-Feb-2026 02:20:05
GPI,,AN-s,16,NaN,0.01,12-Feb-2026 02:20:05
GPI,,AN-s,17,8.55491707707381,0.01,12-Feb-2026 02:20:15
GPI,,AN-s,18,6.75102894699558,0.01,12-Feb-2026 02:20:37
GPI,,AN-s,19,NaN,0.01,12-Feb-2026 02:20:37
GPI,,AN-s,20,NaN,0.01,12-Feb-2026 02:20:37
GPI,,AN-s,21,16.5270749694166,0.01,12-Feb-2026 02:20:59
GPI,,AN-s,22,NaN,0.01,12-Feb-2026 02:21:05
GPI,,AN-s,23,6.63229622666631,0.01,12-Feb-2026 02:21:37
GPI,,AN-s,24,-15.7607493834919,0.01,12-Feb-2026 02:21:49
GPI,,AN-s,25,NaN,0.01,12-Feb-2026 02:21:49
GPI,,AN-s,26,-1115.23733184175,0.01,12-Feb-2026 02:21:58
GPI,,AN-s,27,-4.88304312976004,0.01,12-Feb-2026 02:22:11
GPI,,AN-s,28,7.74484947362123,0.01,12-Feb-2026 02:22:29
GPI,,AN-s,29,NaN,0.01,12-Feb-2026 02:22:29
GPI,,AN-s,30,9.86511930789402,0.01,12-Feb-2026 02:22:52
GPI,,AN-s,31,-14.1712186826464,0.01,12-Feb-2026 02:23:07
GPI,,AN-s,32,NaN,0.01,12-Feb-2026 02:23:07
GPI,,AN-s,33,-5.49486272856018,0.01,12-Feb-2026 02:23:24
GPI,,AN-s,34,NaN,0.01,12-Feb-2026 02:23:24
GPI,,AN-s,35,NaN,0.01,12-Feb-2026 02:23:24
GPI,,AN-s,36,-3.60723007953879,0.01,12-Feb-2026 02:23:40
GPI,,AN-s,37,11.7816578428551,0.01,12-Feb-2026 02:23:53
GPI,,AN-s,38,NaN,0.01,12-Feb-2026 02:23:53
GPI,,AN-s,39,NaN,0.01,12-Feb-2026 02:23:59
GPI,,AN-s,40,NaN,0.01,12-Feb-2026 02:23:59
GPI,,AN-s,41,NaN,0.01,12-Feb-2026 02:24:13
GPI,,AN-s,42,NaN,0.01,12-Feb-2026 02:24:13
GPI,,AN-s,43,10.3362667234655,0.01,12-Feb-2026 02:24:30
GPI,,AN-s,44,NaN,0.01,12-Feb-2026 02:24:30
GPI,,AN-s,45,NaN,0.01,12-Feb-2026 02:24:30
GPI,,AN-s,46,10.570563936468,0.01,12-Feb-2026 02:24:44
GPI,,AN-s,47,7.78716382318635,0.01,12-Feb-2026 02:25:00
GPI,,AN-s,48,NaN,0.01,12-Feb-2026 02:25:00
GPI,,AN-s,49,NaN,0.01,12-Feb-2026 02:25:00
GPI,,AN-s,50,13.1979505046256,0.01,12-Feb-2026 02:25:12
GPI,,AN-s,51,-6.24559593473896,0.01,12-Feb-2026 02:25:26
GPI,,AN-s,52,11.6857495424363,0.01,12-Feb-2026 02:25:41
GPI,,AN-s,53,15.6604806927086,0.01,12-Feb-2026 02:25:55
GPI,,AN-s,54,10.4493513039854,0.01,12-Feb-2026 02:26:11
GPI,,AN-s,55,NaN,0.01,12-Feb-2026 02:26:11
GPI,,AN-s,56,23.315639022888,0.01,12-Feb-2026 02:26:26
GPI,,AN-s,57,NaN,0.01,12-Feb-2026 02:26:26
GPI,,AN-s,58,NaN,0.01,12-Feb-2026 02:26:27
GPI,,AN-s,59,NaN,0.01,12-Feb-2026 02:26:27
GPI,,AN-s,60,NaN,0.01,12-Feb-2026 02:26:27
GPI,,AN-s,61,NaN,0.01,12-Feb-2026 02:26:27
GPI,,AN-s,62,NaN,0.01,12-Feb-2026 02:26:37
GPI,,AN-s,63,NaN,0.01,12-Feb-2026 02:26:37
GPI,,AN-s,64,NaN,0.01,12-Feb-2026 02:26:37
GPI,,AN-s,65,NaN,0.01,12-Feb-2026 02:26:37
GPI,,AN-s,66,NaN,0.01,12-Feb-2026 02:26:37
GPI,,AN-s,67,8.46399856848768,0.01,12-Feb-2026 02:26:52
GPI,,AN-s,68,NaN,0.01,12-Feb-2026 02:26:52
GPI,,AN-s,69,8.75183941043451,0.01,12-Feb-2026 02:27:09
GPI,,AN-s,70,-1154.13604014388,0.01,12-Feb-2026 02:27:17
GPI,,AN-s,71,-22.1956560833913,0.01,12-Feb-2026 02:27:39
GPI,,AN-s,72,12.0560829058871,0.01,12-Feb-2026 02:27:53
GPI,,AN-s,73,NaN,0.01,12-Feb-2026 02:27:53
GPI,,AN-s,74,3.97702492439521,0.01,12-Feb-2026 02:28:05
GPI,,AN-s,75,15.2055350806327,0.01,12-Feb-2026 02:28:30
GPI,,AN-s,76,-2.51837166412452,0.01,12-Feb-2026 02:28:47
GPI,,AN-s,77,NaN,0.01,12-Feb-2026 02:28:47
GPI,,AN-s,78,23.5752734143621,0.01,12-Feb-2026 02:28:59
GPI,,AN-s,79,-0.1603312230651,0.01,12-Feb-2026 02:29:12
GPI,,AN-s,80,NaN,0.01,12-Feb-2026 02:29:12
GPI,,AN-s,81,NaN,0.01,12-Feb-2026 02:29:12
GPI,,AN-s,82,4.66146740903855,0.01,12-Feb-2026 02:29:23
GPI,,AN-s,83,NaN,0.01,12-Feb-2026 02:29:24
GPI,,AN-s,84,18.1337740509555,0.01,12-Feb-2026 02:29:36
GPI,,AN-s,85,22.2743434499114,0.01,12-Feb-2026 02:30:00
GPI,,AN-s,86,NaN,0.01,12-Feb-2026 02:30:11
GPI,,AN-s,87,NaN,0.01,12-Feb-2026 02:30:17
GPI,,AN-s,88,1.8931496814505,0.01,12-Feb-2026 02:30:37
GPI,,AN-s,89,NaN,0.01,12-Feb-2026 02:30:37
GPI,,AN-s,90,-16.9565521890735,0.01,12-Feb-2026 02:30:50
GPI,,AN-s,91,-2.49716657790873,0.01,12-Feb-2026 02:31:04
GPI,,AN-s,92,NaN,0.01,12-Feb-2026 02:31:17
GPI,,AN-s,93,NaN,0.01,12-Feb-2026 02:31:22
GPI,,AN-s,94,NaN,0.01,12-Feb-2026 02:31:22
GPI,,AN-s,95,NaN,0.01,12-Feb-2026 02:31:22
GPI,,AN-s,96,NaN,0.01,12-Feb-2026 02:31:33
GPI,,AN-s,97,NaN,0.01,12-Feb-2026 02:31:33
GPI,,AN-s,98,NaN,0.01,12-Feb-2026 02:31:33
GPI,,AN-s,99,NaN,0.01,12-Feb-2026 02:31:34
GPI,,AN-s,100,NaN,0.01,12-Feb-2026 02:31:34
GPI,,LS,1,52.5127578891163,0.01,12-Feb-2026 02:31:54
GPI,,LS,2,68.9492606146505,0.01,12-Feb-2026 02:32:20
GPI,,LS,3,239.861069460703,0.01,12-Feb-2026 02:33:55
GPI,,LS,4,NaN,0.01,12-Feb-2026 02:33:55
GPI,,LS,5,155.361478045266,0.01,12-Feb-2026 02:34:23
GPI,,LS,6,95.07081730814,0.01,12-Feb-2026 02:35:23
GPI,,LS,7,NaN,0.01,12-Feb-2026 02:35:24
GPI,,LS,8,-1377.77355807861,0.01,12-Feb-2026 02:36:19
GPI,,LS,9,171.87959941144,0.01,12-Feb-2026 02:36:55
GPI,,LS,10,281.843197357145,0.01,12-Feb-2026 02:37:33
GPI,,LS,11,NaN,0.01,12-Feb-2026 02:37:33
GPI,,LS,12,266.967315169188,0.01,12-Feb-2026 02:38:07
GPI,,LS,13,NaN,0.01,12-Feb-2026 02:38:07
GPI,,LS,14,1376.00415279417,0.01,12-Feb-2026 02:38:41
GPI,,LS,15,NaN,0.01,12-Feb-2026 02:38:41
GPI,,LS,16,79.6204589276271,0.01,12-Feb-2026 02:39:04
GPI,,LS,17,-941.755248891651,0.01,12-Feb-2026 02:39:21
GPI,,LS,18,NaN,0.01,12-Feb-2026 02:39:21
GPI,,LS,19,194.023635607433,0.01,12-Feb-2026 02:40:28
GPI,,LS,20,184.389150475149,0.01,12-Feb-2026 02:41:16
GPI,,LS,21,-1138.43078749681,0.01,12-Feb-2026 02:42:15
GPI,,LS,22,148.519181371609,0.01,12-Feb-2026 02:43:19
GPI,,LS,23,129.423691141674,0.01,12-Feb-2026 02:44:05
GPI,,LS,24,396.247872125435,0.01,12-Feb-2026 02:45:01
GPI,,LS,25,NaN,0.01,12-Feb-2026 02:45:02
GPI,,LS,26,254.701802462402,0.01,12-Feb-2026 02:46:02
GPI,,LS,27,155.475845495455,0.01,12-Feb-2026 02:46:41
GPI,,LS,28,93.1547078089978,0.01,12-Feb-2026 02:47:05
GPI,,LS,29,10.65114182868,0.01,12-Feb-2026 02:47:34
GPI,,LS,30,202.706260725707,0.01,12-Feb-2026 02:48:21
GPI,,LS,31,1244.11547886653,0.01,12-Feb-2026 02:48:55
GPI,,LS,32,NaN,0.01,12-Feb-2026 02:48:55
GPI,,LS,33,-1038.56371028612,0.01,12-Feb-2026 02:49:06
GPI,,LS,34,147.929960748636,0.01,12-Feb-2026 02:49:41
GPI,,LS,35,114.125926960815,0.01,12-Feb-2026 02:50:05
GPI,,LS,36,-941.751289195021,0.01,12-Feb-2026 02:50:15
GPI,,LS,37,128.513861235264,0.01,12-Feb-2026 02:50:53
GPI,,LS,38,-1303.55024522033,0.01,12-Feb-2026 02:51:37
GPI,,LS,39,-1104.89221300525,0.01,12-Feb-2026 02:52:24
GPI,,LS,40,NaN,0.01,12-Feb-2026 02:52:24
GPI,,LS,41,NaN,0.01,12-Feb-2026 02:52:24
GPI,,LS,42,NaN,0.01,12-Feb-2026 02:52:24
GPI,,LS,43,-96.2979918970174,0.01,12-Feb-2026 02:52:28
GPI,,LS,44,309.704312681569,0.01,12-Feb-2026 02:53:11
GPI,,LS,45,NaN,0.01,12-Feb-2026 02:53:11
GPI,,LS,46,NaN,0.01,12-Feb-2026 02:53:11
GPI,,LS,47,118.650559513003,0.01,12-Feb-2026 02:54:04
GPI,,LS,48,NaN,0.01,12-Feb-2026 02:54:04
GPI,,LS,49,170.917651015271,0.01,12-Feb-2026 02:55:08
GPI,,LS,50,142.416332149226,0.01,12-Feb-2026 02:55:35
GPI,,LS,51,NaN,0.01,12-Feb-2026 02:55:35
GPI,,LS,52,147.602858346452,0.01,12-Feb-2026 02:56:00
GPI,,LS,53,8.59005345336254,0.01,12-Feb-2026 02:56:29
GPI,,LS,54,NaN,0.01,12-Feb-2026 02:56:29
GPI,,LS,55,3.04141543906985,0.01,12-Feb-2026 02:57:02
GPI,,LS,56,140.070213350831,0.01,12-Feb-2026 02:57:30
GPI,,LS,57,NaN,0.01,12-Feb-2026 02:57:30
GPI,,LS,58,NaN,0.01,12-Feb-2026 02:57:30
GPI,,LS,59,128.605358097292,0.01,12-Feb-2026 02:58:18
GPI,,LS,60,NaN,0.01,12-Feb-2026 02:58:18
GPI,,LS,61,24.9113886754258,0.01,12-Feb-2026 02:58:36
GPI,,LS,62,NaN,0.01,12-Feb-2026 02:58:36
GPI,,LS,63,-1172.08247766341,0.01,12-Feb-2026 02:59:37
GPI,,LS,64,-1128.67957448979,0.01,12-Feb-2026 03:00:26
GPI,,LS,65,NaN,0.01,12-Feb-2026 03:00:26
GPI,,LS,66,NaN,0.01,12-Feb-2026 03:00:26
GPI,,LS,67,212.323477968608,0.01,12-Feb-2026 03:01:41
GPI,,LS,68,250.165095989763,0.01,12-Feb-2026 03:02:19
GPI,,LS,69,254.753841327445,0.01,12-Feb-2026 03:03:16
GPI,,LS,70,NaN,0.01,12-Feb-2026 03:03:17
GPI,,LS,71,NaN,0.01,12-Feb-2026 03:03:17
GPI,,LS,72,NaN,0.01,12-Feb-2026 03:03:17
GPI,,LS,73,NaN,0.01,12-Feb-2026 03:03:17
GPI,,LS,74,96.1233133768412,0.01,12-Feb-2026 03:04:01
GPI,,LS,75,172.399951393954,0.01,12-Feb-2026 03:05:12
GPI,,LS,76,34.0526290079716,0.01,12-Feb-2026 03:05:27
GPI,,LS,77,276.651881061101,0.01,12-Feb-2026 03:06:21
GPI,,LS,78,58.3001111239965,0.01,12-Feb-2026 03:07:03
GPI,,LS,79,NaN,0.01,12-Feb-2026 03:07:03
GPI,,LS,80,1208.97999556262,0.01,12-Feb-2026 03:07:43
GPI,,LS,81,63.3886247049331,0.01,12-Feb-2026 03:08:31
GPI,,LS,82,265.042586154428,0.01,12-Feb-2026 03:09:51
GPI,,LS,83,NaN,0.01,12-Feb-2026 03:09:51
GPI,,LS,84,NaN,0.01,12-Feb-2026 03:09:51
GPI,,LS,85,156.63432204891,0.01,12-Feb-2026 03:11:14
GPI,,LS,86,57.7168286239413,0.01,12-Feb-2026 03:11:56
GPI,,LS,87,353.956373603727,0.01,12-Feb-2026 03:12:39
GPI,,LS,88,238.867180976642,0.01,12-Feb-2026 03:13:46
GPI,,LS,89,52.551776100918,0.01,12-Feb-2026 03:14:09
GPI,,LS,90,140.851636882001,0.01,12-Feb-2026 03:14:37
GPI,,LS,91,156.669411860308,0.01,12-Feb-2026 03:15:21
GPI,,LS,92,243.243741395137,0.01,12-Feb-2026 03:16:43
GPI,,LS,93,NaN,0.01,12-Feb-2026 03:16:43
GPI,,LS,94,388.283125066975,0.01,12-Feb-2026 03:17:27
GPI,,LS,95,NaN,0.01,12-Feb-2026 03:17:27
GPI,,LS,96,-1171.42627505921,0.01,12-Feb-2026 03:18:01
GPI,,LS,97,132.26460058249,0.01,12-Feb-2026 03:19:03
GPI,,LS,98,4.85349047021714,0.01,12-Feb-2026 03:19:23
GPI,,LS,99,NaN,0.01,12-Feb-2026 03:19:23
GPI,,LS,100,NaN,0.01,12-Feb-2026 03:19:23
GPI,,LS-s,1,NaN,0.01,12-Feb-2026 03:19:23
GPI,,LS-s,2,36.6266439460026,0.01,12-Feb-2026 03:19:57
GPI,,LS-s,3,-5.87478967483719,0.01,12-Feb-2026 03:20:14
GPI,,LS-s,4,NaN,0.01,12-Feb-2026 03:20:14
GPI,,LS-s,5,17.217443833099,0.01,12-Feb-2026 03:20:54
GPI,,LS-s,6,NaN,0.01,12-Feb-2026 03:20:54
GPI,,LS-s,7,20.2181507220996,0.01,12-Feb-2026 03:21:35
GPI,,LS-s,8,NaN,0.01,12-Feb-2026 03:21:35
GPI,,LS-s,9,13.0363205250706,0.01,12-Feb-2026 03:22:17
GPI,,LS-s,10,NaN,0.01,12-Feb-2026 03:22:17
GPI,,LS-s,11,NaN,0.01,12-Feb-2026 03:22:17
GPI,,LS-s,12,-1.1811730043687,0.01,12-Feb-2026 03:22:56
GPI,,LS-s,13,NaN,0.01,12-Feb-2026 03:22:56
GPI,,LS-s,14,NaN,0.01,12-Feb-2026 03:22:56
GPI,,LS-s,15,12.9946616075877,0.01,12-Feb-2026 03:23:58
GPI,,LS-s,16,-3.47432807218286,0.01,12-Feb-2026 03:24:14
GPI,,LS-s,17,NaN,0.01,12-Feb-2026 03:24:14
GPI,,LS-s,18,NaN,0.01,12-Feb-2026 03:24:14
GPI,,LS-s,19,2.22683628770938,0.01,12-Feb-2026 03:24:29
GPI,,LS-s,20,NaN,0.01,12-Feb-2026 03:24:29
GPI,,LS-s,21,-1.50236518630402,0.01,12-Feb-2026 03:24:54
GPI,,LS-s,22,NaN,0.01,12-Feb-2026 03:24:54
GPI,,LS-s,23,-4.61506483111441,0.01,12-Feb-2026 03:25:12
GPI,,LS-s,24,21.6847218807728,0.01,12-Feb-2026 03:25:35
GPI,,LS-s,25,31.2860435060152,0.01,12-Feb-2026 03:26:15
GPI,,LS-s,26,19.1687011773838,0.01,12-Feb-2026 03:26:48
GPI,,LS-s,27,22.0841483000595,0.01,12-Feb-2026 03:27:27
GPI,,LS-s,28,NaN,0.01,12-Feb-2026 03:27:27
GPI,,LS-s,29,31.0678507945634,0.01,12-Feb-2026 03:28:09
GPI,,LS-s,30,-1480.14941233904,0.01,12-Feb-2026 03:28:23
GPI,,LS-s,31,1206.59737566928,0.01,12-Feb-2026 03:29:14
GPI,,LS-s,32,NaN,0.01,12-Feb-2026 03:29:14
GPI,,LS-s,33,NaN,0.01,12-Feb-2026 03:29:14
GPI,,LS-s,34,NaN,0.01,12-Feb-2026 03:29:14
GPI,,LS-s,35,6.7459460464687,0.01,12-Feb-2026 03:29:46
GPI,,LS-s,36,-9.44562551527156,0.01,12-Feb-2026 03:30:50
GPI,,LS-s,37,NaN,0.01,12-Feb-2026 03:30:50
GPI,,LS-s,38,17.3040537447141,0.01,12-Feb-2026 03:31:15
GPI,,LS-s,39,11.4758035098768,0.01,12-Feb-2026 03:31:34
GPI,,LS-s,40,NaN,0.01,12-Feb-2026 03:31:34
GPI,,LS-s,41,27.4331970923254,0.01,12-Feb-2026 03:32:48
GPI,,LS-s,42,6.66069233269479,0.01,12-Feb-2026 03:33:15
GPI,,LS-s,43,NaN,0.01,12-Feb-2026 03:33:15
GPI,,LS-s,44,NaN,0.01,12-Feb-2026 03:33:15
GPI,,LS-s,45,8.38197863240703,0.01,12-Feb-2026 03:34:03
GPI,,LS-s,46,-0.0667406502473114,0.01,12-Feb-2026 03:34:20
GPI,,LS-s,47,NaN,0.01,12-Feb-2026 03:34:20
GPI,,LS-s,48,NaN,0.01,12-Feb-2026 03:34:20
GPI,,LS-s,49,NaN,0.01,12-Feb-2026 03:34:20
GPI,,LS-s,50,NaN,0.01,12-Feb-2026 03:34:21
GPI,,LS-s,51,NaN,0.01,12-Feb-2026 03:34:21
GPI,,LS-s,52,36.1390355846484,0.01,12-Feb-2026 03:35:18
GPI,,LS-s,53,19.9156881020228,0.01,12-Feb-2026 03:36:17
GPI,,LS-s,54,NaN,0.01,12-Feb-2026 03:36:17
GPI,,LS-s,55,NaN,0.01,12-Feb-2026 03:36:17
GPI,,LS-s,56,4.5139065460852,0.01,12-Feb-2026 03:36:32
GPI,,LS-s,57,NaN,0.01,12-Feb-2026 03:36:33
GPI,,LS-s,58,-1322.08529129611,0.01,12-Feb-2026 03:36:50
GPI,,LS-s,59,NaN,0.01,12-Feb-2026 03:36:50
GPI,,LS-s,60,7.13018636276001,0.01,12-Feb-2026 03:37:32
GPI,,LS-s,61,NaN,0.01,12-Feb-2026 03:37:32
GPI,,LS-s,62,3.44027135731221,0.01,12-Feb-2026 03:38:20
GPI,,LS-s,63,NaN,0.01,12-Feb-2026 03:38:20
GPI,,LS-s,64,NaN,0.01,12-Feb-2026 03:38:20
GPI,,LS-s,65,7.9288470041804,0.01,12-Feb-2026 03:38:46
GPI,,LS-s,66,15.9988889273172,0.01,12-Feb-2026 03:39:00
GPI,,LS-s,67,19.7478080447174,0.01,12-Feb-2026 03:39:48
GPI,,LS-s,68,NaN,0.01,12-Feb-2026 03:39:49
GPI,,LS-s,69,10.9864458579691,0.01,12-Feb-2026 03:40:38
GPI,,LS-s,70,22.7792838686814,0.01,12-Feb-2026 03:41:36
GPI,,LS-s,71,0.211767926021366,0.01,12-Feb-2026 03:42:03
GPI,,LS-s,72,12.0263369666666,0.01,12-Feb-2026 03:43:02
GPI,,LS-s,73,-1462.08787327551,0.01,12-Feb-2026 03:43:35
GPI,,LS-s,74,NaN,0.01,12-Feb-2026 03:43:35
GPI,,LS-s,75,NaN,0.01,12-Feb-2026 03:43:35
GPI,,LS-s,76,34.7859370372009,0.01,12-Feb-2026 03:44:23
GPI,,LS-s,77,-14.2775577970782,0.01,12-Feb-2026 03:44:37
GPI,,LS-s,78,NaN,0.01,12-Feb-2026 03:44:38
GPI,,LS-s,79,NaN,0.01,12-Feb-2026 03:44:38
GPI,,LS-s,80,-5.55506964893812,0.01,12-Feb-2026 03:45:03
GPI,,LS-s,81,11.6722503278468,0.01,12-Feb-2026 03:45:57
GPI,,LS-s,82,1.36671361451818,0.01,12-Feb-2026 03:46:58
GPI,,LS-s,83,22.4543889868023,0.01,12-Feb-2026 03:47:22
GPI,,LS-s,84,-1499.53255092804,0.01,12-Feb-2026 03:47:41
GPI,,LS-s,85,12.9925519308858,0.01,12-Feb-2026 03:48:16
GPI,,LS-s,86,-13.1686747209983,0.01,12-Feb-2026 03:48:34
GPI,,LS-s,87,NaN,0.01,12-Feb-2026 03:48:34
GPI,,LS-s,88,NaN,0.01,12-Feb-2026 03:48:34
GPI,,LS-s,89,21.5870597534279,0.01,12-Feb-2026 03:49:08
GPI,,LS-s,90,NaN,0.01,12-Feb-2026 03:49:08
GPI,,LS-s,91,NaN,0.01,12-Feb-2026 03:49:08
GPI,,LS-s,92,NaN,0.01,12-Feb-2026 03:49:08
GPI,,LS-s,93,14.9304117910438,0.01,12-Feb-2026 03:49:55
GPI,,LS-s,94,NaN,0.01,12-Feb-2026 03:49:56
GPI,,LS-s,95,-7.32086984054854,0.01,12-Feb-2026 03:50:10
GPI,,LS-s,96,20.855165637153,0.01,12-Feb-2026 03:50:50
GPI,,LS-s,97,NaN,0.01,12-Feb-2026 03:50:51
GPI,,LS-s,98,26.2969498882633,0.01,12-Feb-2026 03:51:28
GPI,,LS-s,99,-1489.05932707296,0.01,12-Feb-2026 03:51:43
GPI,,LS-s,100,NaN,0.01,12-Feb-2026 03:51:43
GPI,,MN-U,1,NaN,0.01,12-Feb-2026 03:51:43
GPI,,MN-U,2,16.2218851507668,0.01,12-Feb-2026 03:52:28
GPI,,MN-U,3,NaN,0.01,12-Feb-2026 03:52:28
GPI,,MN-U,4,7.04488296418708,0.01,12-Feb-2026 03:52:59
GPI,,MN-U,5,NaN,0.01,12-Feb-2026 03:52:59
GPI,,MN-U,6,1.40725122946571,0.01,12-Feb-2026 03:53:20
GPI,,MN-U,7,NaN,0.01,12-Feb-2026 03:53:20
GPI,,MN-U,8,34.9416155944953,0.01,12-Feb-2026 03:54:10
GPI,,MN-U,9,NaN,0.01,12-Feb-2026 03:54:10
GPI,,MN-U,10,11.0349985657764,0.01,12-Feb-2026 03:54:29
GPI,,MN-U,11,1.36061823280386,0.01,12-Feb-2026 03:54:50
GPI,,MN-U,12,21.301337017939,0.01,12-Feb-2026 03:55:16
GPI,,MN-U,13,NaN,0.01,12-Feb-2026 03:55:16
GPI,,MN-U,14,NaN,0.01,12-Feb-2026 03:55:16
GPI,,MN-U,15,966.449206845124,0.01,12-Feb-2026 03:55:25
GPI,,MN-U,16,46.07888840736,0.01,12-Feb-2026 03:55:46
GPI,,MN-U,17,NaN,0.01,12-Feb-2026 03:55:46
GPI,,MN-U,18,13.3053979222234,0.01,12-Feb-2026 03:56:35
GPI,,MN-U,19,-2.27512962115964,0.01,12-Feb-2026 03:56:40
GPI,,MN-U,20,NaN,0.01,12-Feb-2026 03:56:40
GPI,,MN-U,21,16.6369883915494,0.01,12-Feb-2026 03:57:00
GPI,,MN-U,22,NaN,0.01,12-Feb-2026 03:57:00
GPI,,MN-U,23,1160.10604849056,0.01,12-Feb-2026 03:57:18
GPI,,MN-U,24,18.0526632770577,0.01,12-Feb-2026 03:57:50
GPI,,MN-U,25,16.4100528796655,0.01,12-Feb-2026 03:58:28
GPI,,MN-U,26,1071.07902405541,0.01,12-Feb-2026 03:58:40
GPI,,MN-U,27,NaN,0.01,12-Feb-2026 03:58:40
GPI,,MN-U,28,3.88645433494582,0.01,12-Feb-2026 03:59:06
GPI,,MN-U,29,23.1242683473179,0.01,12-Feb-2026 03:59:41
GPI,,MN-U,30,57.6698505048259,0.01,12-Feb-2026 04:00:12
GPI,,MN-U,31,7.2729124544976,0.01,12-Feb-2026 04:00:37
GPI,,MN-U,32,1099.40427783088,0.01,12-Feb-2026 04:00:50
GPI,,MN-U,33,29.5851451824617,0.01,12-Feb-2026 04:01:16
GPI,,MN-U,34,59.0455598615819,0.01,12-Feb-2026 04:01:43
GPI,,MN-U,35,NaN,0.01,12-Feb-2026 04:02:13
GPI,,MN-U,36,NaN,0.01,12-Feb-2026 04:02:13
GPI,,MN-U,37,NaN,0.01,12-Feb-2026 04:02:13
GPI,,MN-U,38,NaN,0.01,12-Feb-2026 04:02:13
GPI,,MN-U,39,48.3053913497475,0.01,12-Feb-2026 04:02:35
GPI,,MN-U,40,NaN,0.01,12-Feb-2026 04:02:35
GPI,,MN-U,41,-0.108052976999488,0.01,12-Feb-2026 04:03:00
GPI,,MN-U,42,51.3987927317032,0.01,12-Feb-2026 04:03:27
GPI,,MN-U,43,12.5427485708719,0.01,12-Feb-2026 04:03:48
GPI,,MN-U,44,-1094.88424293728,0.01,12-Feb-2026 04:04:04
GPI,,MN-U,45,NaN,0.01,12-Feb-2026 04:04:04
GPI,,MN-U,46,NaN,0.01,12-Feb-2026 04:04:04
GPI,,MN-U,47,1078.58583691906,0.01,12-Feb-2026 04:04:19
GPI,,MN-U,48,16.3450394237498,0.01,12-Feb-2026 04:04:47
GPI,,MN-U,49,NaN,0.01,12-Feb-2026 04:04:47
GPI,,MN-U,50,NaN,0.01,12-Feb-2026 04:04:47
GPI,,MN-U,51,-960.684340961446,0.01,12-Feb-2026 04:05:04
GPI,,MN-U,52,NaN,0.01,12-Feb-2026 04:05:04
GPI,,MN-U,53,-978.51513230313,0.01,12-Feb-2026 04:05:20
GPI,,MN-U,54,NaN,0.01,12-Feb-2026 04:05:20
GPI,,MN-U,55,NaN,0.01,12-Feb-2026 04:05:20
GPI,,MN-U,56,NaN,0.01,12-Feb-2026 04:05:20
GPI,,MN-U,57,NaN,0.01,12-Feb-2026 04:05:20
GPI,,MN-U,58,NaN,0.01,12-Feb-2026 04:05:20
GPI,,MN-U,59,-1.03597273474497,0.01,12-Feb-2026 04:06:01
GPI,,MN-U,60,28.5798825547477,0.01,12-Feb-2026 04:06:35
GPI,,MN-U,61,1070.160262051,0.01,12-Feb-2026 04:06:44
GPI,,MN-U,62,NaN,0.01,12-Feb-2026 04:06:44
GPI,,MN-U,63,NaN,0.01,12-Feb-2026 04:06:45
GPI,,MN-U,64,-13.5500656433913,0.01,12-Feb-2026 04:07:08
GPI,,MN-U,65,7.03198386169754,0.01,12-Feb-2026 04:07:27
GPI,,MN-U,66,-5.41408813488795,0.01,12-Feb-2026 04:08:05
GPI,,MN-U,67,45.6644691029849,0.01,12-Feb-2026 04:08:22
GPI,,MN-U,68,17.1795183881434,0.01,12-Feb-2026 04:08:45
GPI,,MN-U,69,7.71908124742311,0.01,12-Feb-2026 04:09:01
GPI,,MN-U,70,NaN,0.01,12-Feb-2026 04:09:01
GPI,,MN-U,71,1136.27087602862,0.01,12-Feb-2026 04:09:17
GPI,,MN-U,72,NaN,0.01,12-Feb-2026 04:09:17
GPI,,MN-U,73,NaN,0.01,12-Feb-2026 04:09:17
GPI,,MN-U,74,5.71676834404695,0.01,12-Feb-2026 04:10:02
GPI,,MN-U,75,NaN,0.01,12-Feb-2026 04:10:02
GPI,,MN-U,76,NaN,0.01,12-Feb-2026 04:10:02
GPI,,MN-U,77,33.9865808054948,0.01,12-Feb-2026 04:10:38
GPI,,MN-U,78,24.3645771609274,0.01,12-Feb-2026 04:11:30
GPI,,MN-U,79,NaN,0.01,12-Feb-2026 04:11:30
GPI,,MN-U,80,NaN,0.01,12-Feb-2026 04:11:30
GPI,,MN-U,81,-13.2816764733354,0.01,12-Feb-2026 04:11:49
GPI,,MN-U,82,37.0988578780645,0.01,12-Feb-2026 04:12:04
GPI,,MN-U,83,NaN,0.01,12-Feb-2026 04:12:04
GPI,,MN-U,84,-13.5054180630925,0.01,12-Feb-2026 04:12:30
GPI,,MN-U,85,16.3023704937433,0.01,12-Feb-2026 04:12:57
GPI,,MN-U,86,NaN,0.01,12-Feb-2026 04:12:57
GPI,,MN-U,87,1049.23791113262,0.01,12-Feb-2026 04:13:29
GPI,,MN-U,88,1089.16454601367,0.01,12-Feb-2026 04:13:46
GPI,,MN-U,89,47.3208026650341,0.01,12-Feb-2026 04:14:13
GPI,,MN-U,90,15.1239654000759,0.01,12-Feb-2026 04:14:45
GPI,,MN-U,91,NaN,0.01,12-Feb-2026 04:14:45
GPI,,MN-U,92,57.6478273998696,0.01,12-Feb-2026 04:15:10
GPI,,MN-U,93,NaN,0.01,12-Feb-2026 04:15:10
GPI,,MN-U,94,NaN,0.01,12-Feb-2026 04:15:10
GPI,,MN-U,95,19.3868230257485,0.01,12-Feb-2026 04:15:26
GPI,,MN-U,96,-18.5283981050109,0.01,12-Feb-2026 04:15:46
GPI,,MN-U,97,1074.31341867186,0.01,12-Feb-2026 04:15:58
GPI,,MN-U,98,NaN,0.01,12-Feb-2026 04:15:58
GPI,,MN-U,99,NaN,0.01,12-Feb-2026 04:15:58
GPI,,MN-U,100,NaN,0.01,12-Feb-2026 04:15:58
