method,parameters,dataset,Pair,score,weight,timestamp
bQCD,,CE-Cha,1,0.0562450565107637,0.0033333333333333,2025-12-05T10:52:03Z
bQCD,,CE-Cha,2,0.0837175015151093,0.0033333333333333,2025-12-05T10:52:03Z
bQCD,,CE-Cha,3,0.0156824732030697,0.0033333333333333,2025-12-05T10:52:04Z
bQCD,,CE-Cha,4,-0.0029799209046934,0.0033333333333333,2025-12-05T10:52:04Z
bQCD,,CE-Cha,5,-0.0078658274024009,0.0033333333333333,2025-12-05T10:52:04Z
bQCD,,CE-Cha,6,0.0069582199418734,0.0033333333333333,2025-12-05T10:52:05Z
bQCD,,CE-Cha,7,0.0034785059557146,0.0033333333333333,2025-12-05T10:52:05Z
bQCD,,CE-Cha,8,0.0009497730165142,0.0033333333333333,2025-12-05T10:52:05Z
bQCD,,CE-Cha,9,-0.0036740951276617,0.0033333333333333,2025-12-05T10:52:06Z
CAM,,CE-Cha,1,-36.50211105632455,0.0033333333333333,2025-12-05T10:52:19Z
CAM,,CE-Cha,2,-36.349728684847086,0.0033333333333333,2025-12-05T10:52:19Z
CAM,,CE-Cha,3,-35.148934297143455,0.0033333333333333,2025-12-05T10:52:19Z
CAM,,CE-Cha,4,36.10076796493601,0.0033333333333333,2025-12-05T10:52:19Z
CAM,,CE-Cha,5,36.547791222565294,0.0033333333333333,2025-12-05T10:52:19Z
CAM,,CE-Cha,6,-35.29516602077349,0.0033333333333333,2025-12-05T10:52:20Z
CAM,,CE-Cha,7,-34.48040850841258,0.0033333333333333,2025-12-05T10:52:20Z
CAM,,CE-Cha,8,-36.2945647541942,0.0033333333333333,2025-12-05T10:52:20Z
CAM,,CE-Cha,9,-35.74763594976267,0.0033333333333333,2025-12-05T10:52:20Z
CAM,,CE-Cha,10,34.09055225201844,0.0033333333333333,2025-12-05T10:52:20Z
CAM,,CE-Cha,11,36.19093870563576,0.0033333333333333,2025-12-05T10:52:20Z
CAM,,CE-Cha,12,-34.132859616643614,0.0033333333333333,2025-12-05T10:52:20Z
CAM,,CE-Cha,13,-35.71586058082606,0.0033333333333333,2025-12-05T10:52:20Z
CAM,,CE-Cha,14,-35.16083289399795,0.0033333333333333,2025-12-05T10:52:20Z
CAM,,CE-Cha,15,36.30191689995529,0.0033333333333333,2025-12-05T10:52:20Z
CAM,,CE-Cha,16,36.000781022948246,0.0033333333333333,2025-12-05T10:52:20Z
CAM,,CE-Cha,17,35.4499827070144,0.0033333333333333,2025-12-05T10:52:20Z
CAM,,CE-Cha,18,35.19379681796258,0.0033333333333333,2025-12-05T10:52:20Z
CAM,,CE-Cha,19,36.37543705188119,0.0033333333333333,2025-12-05T10:52:21Z
CAM,,CE-Cha,20,36.02335874847212,0.0033333333333333,2025-12-05T10:52:21Z
CAM,,CE-Cha,21,35.205470493544425,0.0033333333333333,2025-12-05T10:52:21Z
CAM,,CE-Cha,22,-35.05393228364932,0.0033333333333333,2025-12-05T10:52:21Z
CAM,,CE-Cha,23,36.15284032100814,0.0033333333333333,2025-12-05T10:52:21Z
CAM,,CE-Cha,24,36.14317139864691,0.0033333333333333,2025-12-05T10:52:21Z
CAM,,CE-Cha,25,-34.90134029650111,0.0033333333333333,2025-12-05T10:52:21Z
CAM,,CE-Cha,26,35.89607987551477,0.0033333333333333,2025-12-05T10:52:21Z
CAM,,CE-Cha,27,36.73015251153819,0.0033333333333333,2025-12-05T10:52:21Z
CAM,,CE-Cha,28,35.84102819606167,0.0033333333333333,2025-12-05T10:52:21Z
CAM,,CE-Cha,29,35.6554040706638,0.0033333333333333,2025-12-05T10:52:21Z
CAM,,CE-Cha,30,36.47096604048311,0.0033333333333333,2025-12-05T10:52:21Z
CAM,,CE-Cha,31,-35.60426334130487,0.0033333333333333,2025-12-05T10:52:21Z
CAM,,CE-Cha,32,-36.42628391898512,0.0033333333333333,2025-12-05T10:52:22Z
CAM,,CE-Cha,33,35.419961188361974,0.0033333333333333,2025-12-05T10:52:22Z
CAM,,CE-Cha,34,36.51143508240037,0.0033333333333333,2025-12-05T10:52:22Z
CAM,,CE-Cha,35,34.985295788466544,0.0033333333333333,2025-12-05T10:52:22Z
CAM,,CE-Cha,36,36.11954402673898,0.0033333333333333,2025-12-05T10:52:22Z
CAM,,CE-Cha,37,35.86874613258321,0.0033333333333333,2025-12-05T10:52:22Z
CAM,,CE-Cha,38,35.35824233730756,0.0033333333333333,2025-12-05T10:52:22Z
CAM,,CE-Cha,39,35.88113424319337,0.0033333333333333,2025-12-05T10:52:22Z
CAM,,CE-Cha,40,35.96016871848357,0.0033333333333333,2025-12-05T10:52:22Z
CAM,,CE-Cha,41,35.99927660539464,0.0033333333333333,2025-12-05T10:52:22Z
CAM,,CE-Cha,42,-34.99476741433904,0.0033333333333333,2025-12-05T10:52:22Z
CAM,,CE-Cha,43,-35.115522011954184,0.0033333333333333,2025-12-05T10:52:22Z
CAM,,CE-Cha,44,36.517663879654,0.0033333333333333,2025-12-05T10:52:23Z
CAM,,CE-Cha,45,36.46093316521362,0.0033333333333333,2025-12-05T10:52:23Z
CAM,,CE-Cha,46,35.59813856130113,0.0033333333333333,2025-12-05T10:52:23Z
CAM,,CE-Cha,47,36.597880187224206,0.0033333333333333,2025-12-05T10:52:23Z
CAM,,CE-Cha,48,-35.936563005163,0.0033333333333333,2025-12-05T10:52:23Z
CAM,,CE-Cha,49,36.03029142387487,0.0033333333333333,2025-12-05T10:52:23Z
CAM,,CE-Cha,50,-36.16601665889167,0.0033333333333333,2025-12-05T10:52:23Z
CAM,,CE-Cha,51,36.35212643285352,0.0033333333333333,2025-12-05T10:52:23Z
CAM,,CE-Cha,52,-36.11553396370717,0.0033333333333333,2025-12-05T10:52:23Z
CAM,,CE-Cha,53,-36.011757069099446,0.0033333333333333,2025-12-05T10:52:23Z
Slope,,CE-Net,1,-0.0121634624512106,0.0033333333333333,2025-12-05T11:13:44Z
Slope,,CE-Net,2,0.002986836874768,0.0033333333333333,2025-12-05T11:13:44Z
Slope,,CE-Net,3,0.0083439117559953,0.0033333333333333,2025-12-05T11:13:44Z
Slope,,CE-Net,4,0.0002744865363664,0.0033333333333333,2025-12-05T11:13:44Z
Slope,,CE-Net,5,-0.0058799201929228,0.0033333333333333,2025-12-05T11:13:45Z
Slope,,CE-Net,6,-0.0099189562380539,0.0033333333333333,2025-12-05T11:13:45Z
Slope,,CE-Net,7,-0.0134141525423975,0.0033333333333333,2025-12-05T11:13:45Z
Slope,,CE-Net,8,0.0052626453459344,0.0033333333333333,2025-12-05T11:13:45Z
Slope,,CE-Net,9,0.015217032360893,0.0033333333333333,2025-12-05T11:13:45Z
Slope,,CE-Net,10,0.0022484539751972,0.0033333333333333,2025-12-05T11:13:45Z
Slope,,CE-Net,11,-0.000355582473573,0.0033333333333333,2025-12-05T11:13:45Z
Slope,,CE-Net,12,0.0164507976189061,0.0033333333333333,2025-12-05T11:13:45Z
Slope,,CE-Net,13,0.0049144654594743,0.0033333333333333,2025-12-05T11:13:45Z
Slope,,CE-Net,14,-0.0003029590525687,0.0033333333333333,2025-12-05T11:13:45Z
Slope,,CE-Net,15,-0.00409651268165,0.0033333333333333,2025-12-05T11:13:45Z
Slope,,CE-Net,16,0.0071877845262328,0.0033333333333333,2025-12-05T11:13:45Z
Slope,,CE-Net,17,0.004721369148849,0.0033333333333333,2025-12-05T11:13:45Z
Slope,,CE-Net,18,0.0177749372668041,0.0033333333333333,2025-12-05T11:13:45Z
Slope,,CE-Net,19,0.0075398870792322,0.0033333333333333,2025-12-05T11:13:45Z
Slope,,CE-Net,20,0.0114075126736923,0.0033333333333333,2025-12-05T11:13:45Z
Slope,,CE-Net,21,0.0004808794399894,0.0033333333333333,2025-12-05T11:13:45Z
Slope,,CE-Net,22,-0.0039362998305872,0.0033333333333333,2025-12-05T11:13:45Z
Slope,,CE-Net,23,-0.0007722159169096,0.0033333333333333,2025-12-05T11:13:46Z
Slope,,CE-Net,24,-0.0045577703517161,0.0033333333333333,2025-12-05T11:13:46Z
Slope,,CE-Net,25,0.0027599065904516,0.0033333333333333,2025-12-05T11:13:46Z
Slope,,CE-Net,26,0.0024573838504512,0.0033333333333333,2025-12-05T11:13:46Z
Slope,,CE-Net,27,-0.0061134745483475,0.0033333333333333,2025-12-05T11:13:46Z
Slope,,CE-Net,28,0.015032604424508,0.0033333333333333,2025-12-05T11:13:46Z
Slope,,CE-Net,29,0.0121611050734711,0.0033333333333333,2025-12-05T11:13:46Z
Slope,,CE-Net,30,-0.0108819243128915,0.0033333333333333,2025-12-05T11:13:46Z
Slope,,CE-Net,31,0.0038793565220062,0.0033333333333333,2025-12-05T11:13:46Z
Slope,,CE-Net,32,-0.0209503040777564,0.0033333333333333,2025-12-05T11:13:46Z
Slope,,CE-Net,33,0.0009226440864797,0.0033333333333333,2025-12-05T11:13:46Z
Slope,,CE-Net,34,0.0114342666033654,0.0033333333333333,2025-12-05T11:13:46Z
Slope,,CE-Net,35,-0.0029916989400231,0.0033333333333333,2025-12-05T11:13:46Z
Slope,,CE-Net,36,-0.0155948054522259,0.0033333333333333,2025-12-05T11:13:46Z
Slope,,CE-Net,37,0.0083014636403585,0.0033333333333333,2025-12-05T11:13:46Z
Slope,,CE-Net,38,-0.0023719830396629,0.0033333333333333,2025-12-05T11:13:46Z
Slope,,CE-Net,39,0.0049363197394198,0.0033333333333333,2025-12-05T11:13:46Z
Slope,,CE-Net,40,0.0061475959753396,0.0033333333333333,2025-12-05T11:13:46Z
Slope,,CE-Net,41,0.0185735829863532,0.0033333333333333,2025-12-05T11:13:47Z
Slope,,CE-Net,42,-0.0002120981517794,0.0033333333333333,2025-12-05T11:13:47Z
Slope,,CE-Net,43,-0.0011514698031142,0.0033333333333333,2025-12-05T11:13:47Z
Slope,,CE-Net,44,0.0086266589027804,0.0033333333333333,2025-12-05T11:13:47Z
Slope,,CE-Net,45,0.0028008168731609,0.0033333333333333,2025-12-05T11:13:47Z
Slope,,CE-Net,46,0.0033681475077744,0.0033333333333333,2025-12-05T11:13:47Z
Slope,,CE-Net,47,-0.0024928271540928,0.0033333333333333,2025-12-05T11:13:47Z
Slope,,CE-Net,48,-0.0089001728938418,0.0033333333333333,2025-12-05T11:13:47Z
Slope,,CE-Net,49,0.0117354325027939,0.0033333333333333,2025-12-05T11:13:47Z
Slope,,CE-Net,50,0.004580030982765,0.0033333333333333,2025-12-05T11:13:47Z
Slope,,CE-Net,51,0.0052676845994403,0.0033333333333333,2025-12-05T11:13:47Z
Slope,,CE-Net,52,0.009237680226321,0.0033333333333333,2025-12-05T11:13:47Z
Slope,,CE-Net,53,0.0056109550778223,0.0033333333333333,2025-12-05T11:13:47Z
Slope,,CE-Net,54,0.017366122565479,0.0033333333333333,2025-12-05T11:13:47Z
Slope,,CE-Net,55,0.0139141437192531,0.0033333333333333,2025-12-05T11:13:47Z
Slope,,CE-Net,56,0.003944937073528,0.0033333333333333,2025-12-05T11:13:47Z
Slope,,CE-Net,57,0.0223419943601527,0.0033333333333333,2025-12-05T11:13:47Z
Slope,,CE-Net,58,0.0169208561628969,0.0033333333333333,2025-12-05T11:13:47Z
Slope,,CE-Net,59,0.0031025591394654,0.0033333333333333,2025-12-05T11:13:48Z
Slope,,CE-Net,60,0.0079079641651358,0.0033333333333333,2025-12-05T11:13:48Z
Slope,,CE-Net,61,-0.0005671707301425,0.0033333333333333,2025-12-05T11:13:48Z
Slope,,CE-Net,62,0.0203959823881894,0.0033333333333333,2025-12-05T11:13:48Z
Slope,,CE-Net,63,0.007528053966792,0.0033333333333333,2025-12-05T11:13:48Z
Slope,,CE-Net,64,0.00807519281713,0.0033333333333333,2025-12-05T11:13:48Z
Slope,,CE-Net,65,0.0053918298714904,0.0033333333333333,2025-12-05T11:13:48Z
Slope,,CE-Net,66,0.0140008615189716,0.0033333333333333,2025-12-05T11:13:48Z
Slope,,CE-Net,67,-0.003305677577521,0.0033333333333333,2025-12-05T11:13:48Z
Slope,,CE-Net,68,0.0093596973313527,0.0033333333333333,2025-12-05T11:13:48Z
Slope,,CE-Net,69,-0.0058378414254453,0.0033333333333333,2025-12-05T11:13:48Z
Slope,,CE-Net,70,0.0006427356376126,0.0033333333333333,2025-12-05T11:13:48Z
Slope,,CE-Net,71,0.0037661177149517,0.0033333333333333,2025-12-05T11:13:48Z
Slope,,CE-Net,72,-0.0086213188951274,0.0033333333333333,2025-12-05T11:13:48Z
Slope,,CE-Net,73,-0.0095557178136921,0.0033333333333333,2025-12-05T11:13:48Z
Slope,,CE-Net,74,0.0088209974723656,0.0033333333333333,2025-12-05T11:13:48Z
Slope,,CE-Net,75,0.0036491659667559,0.0033333333333333,2025-12-05T11:13:48Z
Slope,,CE-Net,76,-0.0153248623239323,0.0033333333333333,2025-12-05T11:13:48Z
Slope,,CE-Net,77,-0.000520919632299,0.0033333333333333,2025-12-05T11:13:49Z
Slope,,CE-Net,78,0.0055638821947125,0.0033333333333333,2025-12-05T11:13:49Z
Slope,,CE-Net,79,0.0142990566060343,0.0033333333333333,2025-12-05T11:13:49Z
Slope,,CE-Net,80,-0.0018452627533661,0.0033333333333333,2025-12-05T11:13:49Z
Slope,,CE-Net,81,-0.0041513355527658,0.0033333333333333,2025-12-05T11:13:49Z
Slope,,CE-Net,82,-0.0033635394361816,0.0033333333333333,2025-12-05T11:13:49Z
Slope,,CE-Net,83,0.000128425583648,0.0033333333333333,2025-12-05T11:13:49Z
Slope,,CE-Net,84,0.0006367340875496,0.0033333333333333,2025-12-05T11:13:49Z
Slope,,CE-Net,85,-0.0012891924909468,0.0033333333333333,2025-12-05T11:13:49Z
Slope,,CE-Net,86,-0.0034652639927187,0.0033333333333333,2025-12-05T11:13:49Z
Slope,,CE-Net,87,0.0003067481584166,0.0033333333333333,2025-12-05T11:13:49Z
Slope,,CE-Net,88,0.0074358544820961,0.0033333333333333,2025-12-05T11:13:49Z
Slope,,CE-Net,89,0.0169947694450691,0.0033333333333333,2025-12-05T11:13:49Z
Slope,,CE-Net,90,-0.0020042787422834,0.0033333333333333,2025-12-05T11:13:49Z
Slope,,CE-Net,91,-0.0035018342942166,0.0033333333333333,2025-12-05T11:13:49Z
Slope,,CE-Net,92,0.0013961507018451,0.0033333333333333,2025-12-05T11:13:49Z
Slope,,CE-Net,93,-0.006917719558586,0.0033333333333333,2025-12-05T11:13:50Z
Slope,,CE-Net,94,0.0106233617946051,0.0033333333333333,2025-12-05T11:13:50Z
Slope,,CE-Net,95,-0.0010636241392731,0.0033333333333333,2025-12-05T11:13:50Z
Slope,,CE-Net,96,-0.0057030537297017,0.0033333333333333,2025-12-05T11:13:50Z
Slope,,CE-Net,97,0.0021913747120801,0.0033333333333333,2025-12-05T11:13:50Z
Slope,,CE-Net,98,-0.0029278606667277,0.0033333333333333,2025-12-05T11:13:50Z
Slope,,CE-Net,99,0.0003194826477797,0.0033333333333333,2025-12-05T11:13:50Z
Slope,,CE-Net,100,0.0010308158105298,0.0033333333333333,2025-12-05T11:13:50Z
Slope,,CE-Net,101,0.0017604093497654,0.0033333333333333,2025-12-05T11:13:50Z
Slope,,CE-Net,102,-0.0085302490983878,0.0033333333333333,2025-12-05T11:13:50Z
Slope,,CE-Net,103,0.003780762386661,0.0033333333333333,2025-12-05T11:13:50Z
Slope,,CE-Net,104,-0.0044021837355046,0.0033333333333333,2025-12-05T11:13:50Z
Slope,,CE-Net,105,0.0047490610724655,0.0033333333333333,2025-12-05T11:13:50Z
Slope,,CE-Net,106,-0.0023018209459291,0.0033333333333333,2025-12-05T11:13:50Z
Slope,,CE-Net,107,0.0059411157969356,0.0033333333333333,2025-12-05T11:13:50Z
Slope,,CE-Net,108,0.0064981034963681,0.0033333333333333,2025-12-05T11:13:50Z
Slope,,CE-Net,109,-0.0018683946890724,0.0033333333333333,2025-12-05T11:13:50Z
Slope,,CE-Net,110,0.0085292884711961,0.0033333333333333,2025-12-05T11:13:50Z
Slope,,CE-Net,111,0.0048098478945409,0.0033333333333333,2025-12-05T11:13:50Z
Slope,,CE-Net,112,-0.0053926602619451,0.0033333333333333,2025-12-05T11:13:50Z
Slope,,CE-Net,113,0.0046206427277724,0.0033333333333333,2025-12-05T11:13:51Z
Slope,,CE-Net,114,-0.0004770507664081,0.0033333333333333,2025-12-05T11:13:51Z
Slope,,CE-Net,115,-0.0106323779967564,0.0033333333333333,2025-12-05T11:13:51Z
Slope,,CE-Net,116,0.001123441600602,0.0033333333333333,2025-12-05T11:13:51Z
Slope,,CE-Net,117,0.0194692050719613,0.0033333333333333,2025-12-05T11:13:51Z
Slope,,CE-Net,118,0.0145104469549811,0.0033333333333333,2025-12-05T11:13:51Z
Slope,,CE-Net,119,-0.002016578614339,0.0033333333333333,2025-12-05T11:13:51Z
Slope,,CE-Net,120,0.003415847461679,0.0033333333333333,2025-12-05T11:13:51Z
Slope,,CE-Net,121,-0.0017357152941215,0.0033333333333333,2025-12-05T11:13:51Z
Slope,,CE-Net,122,-0.0026198268724836,0.0033333333333333,2025-12-05T11:13:51Z
Slope,,CE-Net,123,0.0017813025834252,0.0033333333333333,2025-12-05T11:13:51Z
Slope,,CE-Net,124,0.0078941517415439,0.0033333333333333,2025-12-05T11:13:51Z
Slope,,CE-Net,125,0.0004951688655828,0.0033333333333333,2025-12-05T11:13:51Z
Slope,,CE-Net,126,0.0014513062131918,0.0033333333333333,2025-12-05T11:13:51Z
Slope,,CE-Net,127,0.0036696552076419,0.0033333333333333,2025-12-05T11:13:51Z
Slope,,CE-Net,128,0.0070615932748243,0.0033333333333333,2025-12-05T11:13:51Z
Slope,,CE-Net,129,-0.0018851646620388,0.0033333333333333,2025-12-05T11:13:51Z
Slope,,CE-Net,130,0.0076112045543326,0.0033333333333333,2025-12-05T11:13:51Z
Slope,,CE-Net,131,-0.0115619714335127,0.0033333333333333,2025-12-05T11:13:51Z
Slope,,CE-Net,132,0.0183919730477272,0.0033333333333333,2025-12-05T11:13:51Z
Slope,,CE-Net,133,0.0026879728619922,0.0033333333333333,2025-12-05T11:13:52Z
Slope,,CE-Net,134,0.0165668649823773,0.0033333333333333,2025-12-05T11:13:52Z
Slope,,CE-Net,135,0.0033123961152707,0.0033333333333333,2025-12-05T11:13:52Z
Slope,,CE-Net,136,0.0024606860727278,0.0033333333333333,2025-12-05T11:13:52Z
Slope,,CE-Net,137,-0.0046809787203672,0.0033333333333333,2025-12-05T11:13:52Z
Slope,,CE-Net,138,0.0007429850791634,0.0033333333333333,2025-12-05T11:13:52Z
Slope,,CE-Net,139,0.0041802286860153,0.0033333333333333,2025-12-05T11:13:52Z
Slope,,CE-Net,140,-0.0125761673069302,0.0033333333333333,2025-12-05T11:13:52Z
Slope,,CE-Net,141,0.0164759181580113,0.0033333333333333,2025-12-05T11:13:52Z
Slope,,CE-Net,142,0.0021404141997127,0.0033333333333333,2025-12-05T11:13:52Z
Slope,,CE-Net,143,-0.0216589429781529,0.0033333333333333,2025-12-05T11:13:52Z
Slope,,CE-Net,144,0.0106839119598783,0.0033333333333333,2025-12-05T11:13:52Z
Slope,,CE-Net,145,0.0022016436142719,0.0033333333333333,2025-12-05T11:13:52Z
Slope,,CE-Net,146,-0.006212518078956,0.0033333333333333,2025-12-05T11:13:52Z
Slope,,CE-Net,147,-0.0065391862107766,0.0033333333333333,2025-12-05T11:13:52Z
Slope,,CE-Net,148,0.0055539256779428,0.0033333333333333,2025-12-05T11:13:52Z
Slope,,CE-Net,149,0.0024487056988411,0.0033333333333333,2025-12-05T11:13:52Z
Slope,,CE-Net,150,0.005101249563284,0.0033333333333333,2025-12-05T11:13:52Z
Slope,,CE-Net,151,0.0011664960300104,0.0033333333333333,2025-12-05T11:13:52Z
Slope,,CE-Net,152,-0.0189440186892103,0.0033333333333333,2025-12-05T11:13:53Z
Slope,,CE-Net,153,-0.0003493268709964,0.0033333333333333,2025-12-05T11:13:53Z
Slope,,CE-Net,154,0.0007209800170445,0.0033333333333333,2025-12-05T11:13:53Z
Slope,,CE-Net,155,-0.0049112429046572,0.0033333333333333,2025-12-05T11:13:53Z
Slope,,CE-Net,156,0.0041531074561327,0.0033333333333333,2025-12-05T11:13:53Z
Slope,,CE-Net,157,0.0088384372244992,0.0033333333333333,2025-12-05T11:13:53Z
Slope,,CE-Net,158,-0.0021353025945251,0.0033333333333333,2025-12-05T11:13:53Z
Slope,,CE-Net,159,-0.0059341681938479,0.0033333333333333,2025-12-05T11:13:53Z
Slope,,CE-Net,160,0.0108481748777249,0.0033333333333333,2025-12-05T11:13:53Z
Slope,,CE-Net,161,0.0195488662340722,0.0033333333333333,2025-12-05T11:13:53Z
Slope,,CE-Net,162,0.0108142087977251,0.0033333333333333,2025-12-05T11:13:53Z
Slope,,CE-Net,163,-0.005293035017357,0.0033333333333333,2025-12-05T11:13:53Z
Slope,,CE-Net,164,0.0128499550873324,0.0033333333333333,2025-12-05T11:13:53Z
Slope,,CE-Net,165,-0.00333962929586,0.0033333333333333,2025-12-05T11:13:53Z
Slope,,CE-Net,166,0.0011789188225362,0.0033333333333333,2025-12-05T11:13:53Z
Slope,,CE-Net,167,-0.0018836569973263,0.0033333333333333,2025-12-05T11:13:53Z
Slope,,CE-Net,168,-0.002422725176237,0.0033333333333333,2025-12-05T11:13:53Z
Slope,,CE-Net,169,0.0041016988439036,0.0033333333333333,2025-12-05T11:13:53Z
Slope,,CE-Net,170,3.905419342387084e-05,0.0033333333333333,2025-12-05T11:13:53Z
Slope,,CE-Net,171,0.0095672072382536,0.0033333333333333,2025-12-05T11:13:54Z
Slope,,CE-Net,172,-0.0152851362635076,0.0033333333333333,2025-12-05T11:13:54Z
Slope,,CE-Net,173,-0.0013104491225476,0.0033333333333333,2025-12-05T11:13:54Z
Slope,,CE-Net,174,0.0031992303237117,0.0033333333333333,2025-12-05T11:13:54Z
Slope,,CE-Net,175,0.0165986187799271,0.0033333333333333,2025-12-05T11:13:54Z
Slope,,CE-Net,176,0.0071060201117189,0.0033333333333333,2025-12-05T11:13:54Z
Slope,,CE-Net,177,0.0039972110485605,0.0033333333333333,2025-12-05T11:13:54Z
Slope,,CE-Net,178,0.0007746450052517,0.0033333333333333,2025-12-05T11:13:54Z
Slope,,CE-Net,179,0.0077371210048613,0.0033333333333333,2025-12-05T11:13:54Z
Slope,,CE-Net,180,0.0014110579816838,0.0033333333333333,2025-12-05T11:13:54Z
Slope,,CE-Net,181,0.0038306895374888,0.0033333333333333,2025-12-05T11:13:54Z
Slope,,CE-Net,182,0.004285008003064,0.0033333333333333,2025-12-05T11:13:54Z
Slope,,CE-Net,183,0.0063320180291814,0.0033333333333333,2025-12-05T11:13:54Z
Slope,,CE-Net,184,0.0071764194313683,0.0033333333333333,2025-12-05T11:13:54Z
Slope,,CE-Net,185,-0.0086236500964679,0.0033333333333333,2025-12-05T11:13:54Z
Slope,,CE-Net,186,0.0018467203433309,0.0033333333333333,2025-12-05T11:13:54Z
Slope,,CE-Net,187,0.0002126369496388,0.0033333333333333,2025-12-05T11:13:54Z
Slope,,CE-Net,188,0.0039177726998542,0.0033333333333333,2025-12-05T11:13:54Z
Slope,,CE-Net,189,0.0030230848823618,0.0033333333333333,2025-12-05T11:13:54Z
Slope,,CE-Net,190,0.0144981398768492,0.0033333333333333,2025-12-05T11:13:55Z
Slope,,CE-Net,191,-0.0024814296678851,0.0033333333333333,2025-12-05T11:13:55Z
Slope,,CE-Net,192,0.0154347022791272,0.0033333333333333,2025-12-05T11:13:55Z
Slope,,CE-Net,193,0.0223360682414694,0.0033333333333333,2025-12-05T11:13:55Z
Slope,,CE-Net,194,-0.0010502644042367,0.0033333333333333,2025-12-05T11:13:55Z
Slope,,CE-Net,195,-0.0013565494467683,0.0033333333333333,2025-12-05T11:13:55Z
Slope,,CE-Net,196,-0.0048394159014184,0.0033333333333333,2025-12-05T11:13:55Z
Slope,,CE-Net,197,-0.0148565796061729,0.0033333333333333,2025-12-05T11:13:55Z
Slope,,CE-Net,198,-0.0027359409472997,0.0033333333333333,2025-12-05T11:13:55Z
Slope,,CE-Net,199,0.0085897788646486,0.0033333333333333,2025-12-05T11:13:55Z
Slope,,CE-Net,200,0.0041527536431873,0.0033333333333333,2025-12-05T11:13:55Z
Slope,,CE-Net,201,0.0039802174196644,0.0033333333333333,2025-12-05T11:13:55Z
Slope,,CE-Net,202,-0.0048200526490315,0.0033333333333333,2025-12-05T11:13:55Z
Slope,,CE-Net,203,-0.0031676052113611,0.0033333333333333,2025-12-05T11:13:55Z
Slope,,CE-Net,204,-0.0213998124280595,0.0033333333333333,2025-12-05T11:13:55Z
Slope,,CE-Net,205,-0.0001488439281476,0.0033333333333333,2025-12-05T11:13:55Z
Slope,,CE-Net,206,-0.0045032750675673,0.0033333333333333,2025-12-05T11:13:55Z
Slope,,CE-Net,207,-0.0114705052061128,0.0033333333333333,2025-12-05T11:13:55Z
Slope,,CE-Net,208,0.004604174624516,0.0033333333333333,2025-12-05T11:13:55Z
Slope,,CE-Net,209,0.008313033053377,0.0033333333333333,2025-12-05T11:13:56Z
Slope,,CE-Net,210,0.008851661252861,0.0033333333333333,2025-12-05T11:13:56Z
Slope,,CE-Net,211,-0.0023904037159279,0.0033333333333333,2025-12-05T11:13:56Z
Slope,,CE-Net,212,0.0064522095097437,0.0033333333333333,2025-12-05T11:13:56Z
Slope,,CE-Net,213,0.0038909866771366,0.0033333333333333,2025-12-05T11:13:56Z
Slope,,CE-Net,214,-0.0047824460861548,0.0033333333333333,2025-12-05T11:13:56Z
Slope,,CE-Net,215,0.0213639436742558,0.0033333333333333,2025-12-05T11:13:56Z
Slope,,CE-Net,216,0.0063385329894338,0.0033333333333333,2025-12-05T11:13:56Z
Slope,,CE-Net,217,0.0033548575091153,0.0033333333333333,2025-12-05T11:13:56Z
Slope,,CE-Net,218,0.0006179491659131,0.0033333333333333,2025-12-05T11:13:56Z
Slope,,CE-Net,219,-0.0029731610665116,0.0033333333333333,2025-12-05T11:13:56Z
Slope,,CE-Net,220,9.867412037301015e-05,0.0033333333333333,2025-12-05T11:13:56Z
Slope,,CE-Net,221,-0.0005687832516668,0.0033333333333333,2025-12-05T11:13:56Z
Slope,,CE-Net,222,0.0058039364616924,0.0033333333333333,2025-12-05T11:13:56Z
Slope,,CE-Net,223,-0.0004895627694126,0.0033333333333333,2025-12-05T11:13:56Z
Slope,,CE-Net,224,0.0073514894602808,0.0033333333333333,2025-12-05T11:13:56Z
Slope,,CE-Net,225,0.0064098648165721,0.0033333333333333,2025-12-05T11:13:56Z
Slope,,CE-Net,226,-0.0039764793322,0.0033333333333333,2025-12-05T11:13:56Z
Slope,,CE-Net,227,-0.0017313089782142,0.0033333333333333,2025-12-05T11:13:56Z
Slope,,CE-Net,228,-0.0006705702552048,0.0033333333333333,2025-12-05T11:13:57Z
Slope,,CE-Net,229,0.0055304623265224,0.0033333333333333,2025-12-05T11:13:57Z
Slope,,CE-Net,230,0.0099809596973814,0.0033333333333333,2025-12-05T11:13:57Z
Slope,,CE-Net,231,0.0036600136582908,0.0033333333333333,2025-12-05T11:13:57Z
Slope,,CE-Net,232,0.0210506595280708,0.0033333333333333,2025-12-05T11:13:57Z
Slope,,CE-Net,233,-0.0035318831604028,0.0033333333333333,2025-12-05T11:13:57Z
Slope,,CE-Net,234,0.0049383296544998,0.0033333333333333,2025-12-05T11:13:57Z
Slope,,CE-Net,235,-0.0049298699945888,0.0033333333333333,2025-12-05T11:13:57Z
Slope,,CE-Net,236,-0.0004405083093534,0.0033333333333333,2025-12-05T11:13:57Z
Slope,,CE-Net,237,0.0025492320832368,0.0033333333333333,2025-12-05T11:13:57Z
Slope,,CE-Net,238,0.0043448455016429,0.0033333333333333,2025-12-05T11:13:57Z
Slope,,CE-Net,239,0.0119368077528363,0.0033333333333333,2025-12-05T11:13:57Z
Slope,,CE-Net,240,0.0054880254040546,0.0033333333333333,2025-12-05T11:13:57Z
Slope,,CE-Net,241,0.0055722550221717,0.0033333333333333,2025-12-05T11:13:57Z
Slope,,CE-Net,242,-0.0113579130152401,0.0033333333333333,2025-12-05T11:13:57Z
Slope,,CE-Net,243,0.0019409969774035,0.0033333333333333,2025-12-05T11:13:57Z
Slope,,CE-Net,244,0.0138029051821607,0.0033333333333333,2025-12-05T11:13:57Z
Slope,,CE-Net,245,-0.0018449547931207,0.0033333333333333,2025-12-05T11:13:57Z
Slope,,CE-Net,246,0.0044561870967835,0.0033333333333333,2025-12-05T11:13:57Z
Slope,,CE-Net,247,-0.013440452491594,0.0033333333333333,2025-12-05T11:13:58Z
Slope,,CE-Net,248,0.0209112896486808,0.0033333333333333,2025-12-05T11:13:58Z
Slope,,CE-Net,249,0.0109191639352166,0.0033333333333333,2025-12-05T11:13:58Z
Slope,,CE-Net,250,0.0078902487962847,0.0033333333333333,2025-12-05T11:13:58Z
Slope,,CE-Net,251,0.001050777788417,0.0033333333333333,2025-12-05T11:13:58Z
Slope,,CE-Net,252,0.0036361769696898,0.0033333333333333,2025-12-05T11:13:58Z
Slope,,CE-Net,253,-0.0015453413071505,0.0033333333333333,2025-12-05T11:13:58Z
Slope,,CE-Net,254,0.0015057409225215,0.0033333333333333,2025-12-05T11:13:58Z
Slope,,CE-Net,255,-0.0100593988973619,0.0033333333333333,2025-12-05T11:13:58Z
Slope,,CE-Net,256,0.0113440076241517,0.0033333333333333,2025-12-05T11:13:58Z
Slope,,CE-Net,257,-0.0023674510791936,0.0033333333333333,2025-12-05T11:13:58Z
Slope,,CE-Net,258,0.0176519298215089,0.0033333333333333,2025-12-05T11:13:58Z
Slope,,CE-Net,259,0.0011650855149446,0.0033333333333333,2025-12-05T11:13:58Z
Slope,,CE-Net,260,0.0009382676977452,0.0033333333333333,2025-12-05T11:13:58Z
Slope,,CE-Net,261,0.0073720571409425,0.0033333333333333,2025-12-05T11:13:58Z
Slope,,CE-Net,262,0.0116490894968346,0.0033333333333333,2025-12-05T11:13:58Z
Slope,,CE-Net,263,0.0034546306479125,0.0033333333333333,2025-12-05T11:13:58Z
Slope,,CE-Net,264,-0.0073009700257,0.0033333333333333,2025-12-05T11:13:58Z
Slope,,CE-Net,265,-0.0010666635103669,0.0033333333333333,2025-12-05T11:13:58Z
Slope,,CE-Net,266,-0.0038151522656102,0.0033333333333333,2025-12-05T11:13:59Z
Slope,,CE-Net,267,-0.0016837981305465,0.0033333333333333,2025-12-05T11:13:59Z
Slope,,CE-Net,268,-0.0005287044564695,0.0033333333333333,2025-12-05T11:13:59Z
Slope,,CE-Net,269,0.0083413717290333,0.0033333333333333,2025-12-05T11:13:59Z
Slope,,CE-Net,270,0.0135406345559072,0.0033333333333333,2025-12-05T11:13:59Z
Slope,,CE-Net,271,-0.0097905600239727,0.0033333333333333,2025-12-05T11:13:59Z
Slope,,CE-Net,272,0.0031252412627073,0.0033333333333333,2025-12-05T11:13:59Z
Slope,,CE-Net,273,0.0039888449712474,0.0033333333333333,2025-12-05T11:13:59Z
Slope,,CE-Net,274,0.0021552002392265,0.0033333333333333,2025-12-05T11:13:59Z
Slope,,CE-Net,275,-0.0004624588564119,0.0033333333333333,2025-12-05T11:13:59Z
Slope,,CE-Net,276,0.0149941188039675,0.0033333333333333,2025-12-05T11:13:59Z
Slope,,CE-Net,277,0.0085542631481779,0.0033333333333333,2025-12-05T11:13:59Z
Slope,,CE-Net,278,-0.0025360846223906,0.0033333333333333,2025-12-05T11:13:59Z
Slope,,CE-Net,279,-0.0070221335619361,0.0033333333333333,2025-12-05T11:13:59Z
Slope,,CE-Net,280,0.0103832614959233,0.0033333333333333,2025-12-05T11:13:59Z
Slope,,CE-Net,281,-0.0057155144272196,0.0033333333333333,2025-12-05T11:13:59Z
Slope,,CE-Net,282,0.0057489973964206,0.0033333333333333,2025-12-05T11:13:59Z
Slope,,CE-Net,283,0.0151462869760236,0.0033333333333333,2025-12-05T11:14:00Z
Slope,,CE-Net,284,0.0035225269516585,0.0033333333333333,2025-12-05T11:14:00Z
Slope,,CE-Net,285,0.0036466739818168,0.0033333333333333,2025-12-05T11:14:00Z
Slope,,CE-Net,286,0.0127819638919816,0.0033333333333333,2025-12-05T11:14:00Z
Slope,,CE-Net,287,-0.0049654616038475,0.0033333333333333,2025-12-05T11:14:00Z
Slope,,CE-Net,288,0.0193533686049649,0.0033333333333333,2025-12-05T11:14:00Z
Slope,,CE-Net,289,-0.0031951298935214,0.0033333333333333,2025-12-05T11:14:00Z
Slope,,CE-Net,290,0.0053128757676528,0.0033333333333333,2025-12-05T11:14:00Z
Slope,,CE-Net,291,0.0044938238482284,0.0033333333333333,2025-12-05T11:14:00Z
Slope,,CE-Net,292,0.0011850810873806,0.0033333333333333,2025-12-05T11:14:00Z
Slope,,CE-Net,293,-0.0023955910845754,0.0033333333333333,2025-12-05T11:14:00Z
Slope,,CE-Net,294,-0.0163214215662091,0.0033333333333333,2025-12-05T11:14:00Z
Slope,,CE-Net,295,-0.005104212475854,0.0033333333333333,2025-12-05T11:14:00Z
Slope,,CE-Net,296,0.0101434570367676,0.0033333333333333,2025-12-05T11:14:00Z
Slope,,CE-Net,297,0.0006458249285221,0.0033333333333333,2025-12-05T11:14:00Z
Slope,,CE-Net,298,0.0009376307062139,0.0033333333333333,2025-12-05T11:14:00Z
Slope,,CE-Net,299,-0.0093448588455002,0.0033333333333333,2025-12-05T11:14:00Z
Slope,,CE-Net,300,-0.0009801054975602,0.0033333333333333,2025-12-05T11:14:00Z
Sloppy,,CE-Net,1,-0.1754653040807638,0.0033333333333333,2025-12-05T11:29:20Z
Sloppy,,CE-Net,2,-0.0625145355362771,0.0033333333333333,2025-12-05T11:29:21Z
Sloppy,,CE-Net,3,0.1933926741581291,0.0033333333333333,2025-12-05T11:29:21Z
Sloppy,,CE-Net,4,-0.0293284784296018,0.0033333333333333,2025-12-05T11:29:23Z
Sloppy,,CE-Net,5,-0.0905211902259887,0.0033333333333333,2025-12-05T11:29:24Z
Sloppy,,CE-Net,6,0.1095822155619066,0.0033333333333333,2025-12-05T11:29:25Z
Sloppy,,CE-Net,7,-0.6402001435706599,0.0033333333333333,2025-12-05T11:29:26Z
Sloppy,,CE-Net,8,0.1832034237081076,0.0033333333333333,2025-12-05T11:29:27Z
Sloppy,,CE-Net,9,0.0953052243579958,0.0033333333333333,2025-12-05T11:29:29Z
Sloppy,,CE-Net,10,-0.0238495811207756,0.0033333333333333,2025-12-05T11:29:30Z
Sloppy,,CE-Net,11,-0.0100217494555602,0.0033333333333333,2025-12-05T11:29:31Z
Sloppy,,CE-Net,12,0.5991313054729586,0.0033333333333333,2025-12-05T11:29:32Z
Sloppy,,CE-Net,13,0.1395479596108366,0.0033333333333333,2025-12-05T11:29:34Z
Sloppy,,CE-Net,14,-0.0355820605393999,0.0033333333333333,2025-12-05T11:29:35Z
Sloppy,,CE-Net,15,-0.0634335335412036,0.0033333333333333,2025-12-05T11:29:36Z
Sloppy,,CE-Net,16,0.2182413421164341,0.0033333333333333,2025-12-05T11:29:38Z
Sloppy,,CE-Net,17,0.2197210994892742,0.0033333333333333,2025-12-05T11:29:39Z
Sloppy,,CE-Net,18,0.4477444407590575,0.0033333333333333,2025-12-05T11:29:40Z
Sloppy,,CE-Net,19,0.2573361171139903,0.0033333333333333,2025-12-05T11:29:41Z
Sloppy,,CE-Net,20,0.3510602191270845,0.0033333333333333,2025-12-05T11:29:42Z
Sloppy,,CE-Net,21,0.0202743534447604,0.0033333333333333,2025-12-05T11:29:44Z
Sloppy,,CE-Net,22,-0.1044384481022638,0.0033333333333333,2025-12-05T11:29:45Z
Sloppy,,CE-Net,23,-0.0415923321028327,0.0033333333333333,2025-12-05T11:29:46Z
Sloppy,,CE-Net,24,-0.0400014155183064,0.0033333333333333,2025-12-05T11:29:48Z
Sloppy,,CE-Net,25,0.1438160267128828,0.0033333333333333,2025-12-05T11:29:49Z
Sloppy,,CE-Net,26,0.0792714002151948,0.0033333333333333,2025-12-05T11:29:50Z
Sloppy,,CE-Net,27,0.1550570453083926,0.0033333333333333,2025-12-05T11:29:51Z
Sloppy,,CE-Net,28,0.4682388067116337,0.0033333333333333,2025-12-05T11:29:53Z
Sloppy,,CE-Net,29,0.4626854331716025,0.0033333333333333,2025-12-05T11:29:53Z
Sloppy,,CE-Net,30,0.1461198604284931,0.0033333333333333,2025-12-05T11:29:55Z
Sloppy,,CE-Net,31,0.4879990645555665,0.0033333333333333,2025-12-05T11:29:56Z
Sloppy,,CE-Net,32,-0.096367120797071,0.0033333333333333,2025-12-05T11:29:57Z
Sloppy,,CE-Net,33,-0.0372825851591011,0.0033333333333333,2025-12-05T11:29:58Z
Sloppy,,CE-Net,34,0.5292974268657089,0.0033333333333333,2025-12-05T11:30:00Z
Sloppy,,CE-Net,35,0.0215725193930165,0.0033333333333333,2025-12-05T11:30:01Z
Sloppy,,CE-Net,36,-0.3061528638988654,0.0033333333333333,2025-12-05T11:30:02Z
Sloppy,,CE-Net,37,0.2096441064340086,0.0033333333333333,2025-12-05T11:30:03Z
Sloppy,,CE-Net,38,-0.14709894215664,0.0033333333333333,2025-12-05T11:30:04Z
Sloppy,,CE-Net,39,0.2952995219360438,0.0033333333333333,2025-12-05T11:30:05Z
Sloppy,,CE-Net,40,0.0313145432572821,0.0033333333333333,2025-12-05T11:30:06Z
Sloppy,,CE-Net,41,0.4853924695911532,0.0033333333333333,2025-12-05T11:30:07Z
Sloppy,,CE-Net,42,0.0230259916147231,0.0033333333333333,2025-12-05T11:30:08Z
Sloppy,,CE-Net,43,-0.0154366681264542,0.0033333333333333,2025-12-05T11:30:10Z
Sloppy,,CE-Net,44,0.1369366235083018,0.0033333333333333,2025-12-05T11:30:11Z
Sloppy,,CE-Net,45,0.1336483451542768,0.0033333333333333,2025-12-05T11:30:12Z
Sloppy,,CE-Net,46,0.0518904080962489,0.0033333333333333,2025-12-05T11:30:13Z
Sloppy,,CE-Net,47,-0.0853289936378263,0.0033333333333333,2025-12-05T11:30:15Z
Sloppy,,CE-Net,48,-0.2737472406525237,0.0033333333333333,2025-12-05T11:30:16Z
Sloppy,,CE-Net,49,0.2491892490880587,0.0033333333333333,2025-12-05T11:30:18Z
Sloppy,,CE-Net,50,0.0934549820454188,0.0033333333333333,2025-12-05T11:30:19Z
Sloppy,,CE-Net,51,0.2486536417665241,0.0033333333333333,2025-12-05T11:30:21Z
Sloppy,,CE-Net,52,0.2778116003337253,0.0033333333333333,2025-12-05T11:30:21Z
Sloppy,,CE-Net,53,0.1851119477830121,0.0033333333333333,2025-12-05T11:30:22Z
Sloppy,,CE-Net,54,0.2428014030856337,0.0033333333333333,2025-12-05T11:30:23Z
Sloppy,,CE-Net,55,0.4531563291424175,0.0033333333333333,2025-12-05T11:30:24Z
Sloppy,,CE-Net,56,0.1484225012021327,0.0033333333333333,2025-12-05T11:30:26Z
Sloppy,,CE-Net,57,0.2800295358694571,0.0033333333333333,2025-12-05T11:30:27Z
Sloppy,,CE-Net,58,0.4429199947142553,0.0033333333333333,2025-12-05T11:30:28Z
Sloppy,,CE-Net,59,-0.0084348787821748,0.0033333333333333,2025-12-05T11:30:29Z
Sloppy,,CE-Net,60,0.4487924905038568,0.0033333333333333,2025-12-05T11:30:31Z
Sloppy,,CE-Net,61,-0.0310730361580198,0.0033333333333333,2025-12-05T11:30:32Z
Sloppy,,CE-Net,62,0.5050139803213252,0.0033333333333333,2025-12-05T11:30:33Z
Sloppy,,CE-Net,63,0.3520120874217397,0.0033333333333333,2025-12-05T11:30:34Z
Sloppy,,CE-Net,64,0.0645807297275926,0.0033333333333333,2025-12-05T11:30:36Z
Sloppy,,CE-Net,65,-0.0645365563992121,0.0033333333333333,2025-12-05T11:30:37Z
Sloppy,,CE-Net,66,0.2238644872636461,0.0033333333333333,2025-12-05T11:30:38Z
Sloppy,,CE-Net,67,-0.0920086819600928,0.0033333333333333,2025-12-05T11:30:40Z
Sloppy,,CE-Net,68,0.0567164287821772,0.0033333333333333,2025-12-05T11:30:41Z
Sloppy,,CE-Net,69,-0.1617878452835364,0.0033333333333333,2025-12-05T11:30:43Z
Sloppy,,CE-Net,70,0.0264987483253932,0.0033333333333333,2025-12-05T11:30:43Z
Sloppy,,CE-Net,71,-0.0846554784993941,0.0033333333333333,2025-12-05T11:30:44Z
Sloppy,,CE-Net,72,-0.2336477887924032,0.0033333333333333,2025-12-05T11:30:46Z
Sloppy,,CE-Net,73,-0.1968706991710754,0.0033333333333333,2025-12-05T11:30:46Z
Sloppy,,CE-Net,74,0.3174707658449118,0.0033333333333333,2025-12-05T11:30:48Z
Sloppy,,CE-Net,75,0.1089750693748202,0.0033333333333333,2025-12-05T11:30:50Z
Sloppy,,CE-Net,76,-0.209249849792124,0.0033333333333333,2025-12-05T11:30:51Z
Sloppy,,CE-Net,77,-0.1361427942140463,0.0033333333333333,2025-12-05T11:30:52Z
Sloppy,,CE-Net,78,0.1942829949159182,0.0033333333333333,2025-12-05T11:30:53Z
Sloppy,,CE-Net,79,0.1705495554003415,0.0033333333333333,2025-12-05T11:30:54Z
Sloppy,,CE-Net,80,-0.0622684092896174,0.0033333333333333,2025-12-05T11:30:55Z
Sloppy,,CE-Net,81,-0.0596683611728817,0.0033333333333333,2025-12-05T11:30:56Z
Sloppy,,CE-Net,82,-0.092090614413797,0.0033333333333333,2025-12-05T11:30:57Z
Sloppy,,CE-Net,83,0.0504988654101411,0.0033333333333333,2025-12-05T11:30:59Z
Sloppy,,CE-Net,84,0.0492258213118056,0.0033333333333333,2025-12-05T11:31:00Z
Sloppy,,CE-Net,85,-0.040997261310934,0.0033333333333333,2025-12-05T11:31:01Z
Sloppy,,CE-Net,86,-0.233868733980781,0.0033333333333333,2025-12-05T11:31:02Z
Sloppy,,CE-Net,87,0.0098110618060507,0.0033333333333333,2025-12-05T11:31:03Z
Sloppy,,CE-Net,88,0.3018584869941726,0.0033333333333333,2025-12-05T11:31:04Z
Sloppy,,CE-Net,89,0.4090222266725948,0.0033333333333333,2025-12-05T11:31:05Z
Sloppy,,CE-Net,90,-0.1737107015976947,0.0033333333333333,2025-12-05T11:31:06Z
Sloppy,,CE-Net,91,0.1151777442779213,0.0033333333333333,2025-12-05T11:31:08Z
Sloppy,,CE-Net,92,0.0834490390076871,0.0033333333333333,2025-12-05T11:31:09Z
Sloppy,,CE-Net,93,-0.0985671532770625,0.0033333333333333,2025-12-05T11:31:11Z
Sloppy,,CE-Net,94,0.2391187350211248,0.0033333333333333,2025-12-05T11:31:12Z
Sloppy,,CE-Net,95,-0.0334494869562898,0.0033333333333333,2025-12-05T11:31:14Z
Sloppy,,CE-Net,96,-0.0248776926233166,0.0033333333333333,2025-12-05T11:31:15Z
Sloppy,,CE-Net,97,0.1147105610395941,0.0033333333333333,2025-12-05T11:31:16Z
Sloppy,,CE-Net,98,0.0335866298754422,0.0033333333333333,2025-12-05T11:31:17Z
Sloppy,,CE-Net,99,0.0252576573205817,0.0033333333333333,2025-12-05T11:31:18Z
Sloppy,,CE-Net,100,0.0162780972702439,0.0033333333333333,2025-12-05T11:31:19Z
Sloppy,,CE-Net,101,0.0790649436255601,0.0033333333333333,2025-12-05T11:31:21Z
Sloppy,,CE-Net,102,-0.0288725225176449,0.0033333333333333,2025-12-05T11:31:22Z
Sloppy,,CE-Net,103,0.2386412088223847,0.0033333333333333,2025-12-05T11:31:23Z
Sloppy,,CE-Net,104,0.0869740437123245,0.0033333333333333,2025-12-05T11:31:24Z
Sloppy,,CE-Net,105,0.2601574820528783,0.0033333333333333,2025-12-05T11:31:25Z
Sloppy,,CE-Net,106,-0.0512545475630725,0.0033333333333333,2025-12-05T11:31:26Z
Sloppy,,CE-Net,107,0.1167971941048184,0.0033333333333333,2025-12-05T11:31:26Z
Sloppy,,CE-Net,108,0.2703832018784956,0.0033333333333333,2025-12-05T11:31:27Z
Sloppy,,CE-Net,109,-0.0641683324126284,0.0033333333333333,2025-12-05T11:31:29Z
Sloppy,,CE-Net,110,0.0776996742744763,0.0033333333333333,2025-12-05T11:31:30Z
Sloppy,,CE-Net,111,0.1492544274148222,0.0033333333333333,2025-12-05T11:31:30Z
Sloppy,,CE-Net,112,-0.10773230763417,0.0033333333333333,2025-12-05T11:31:32Z
Sloppy,,CE-Net,113,0.0762524880499326,0.0033333333333333,2025-12-05T11:31:33Z
Sloppy,,CE-Net,114,0.0331144132843758,0.0033333333333333,2025-12-05T11:31:34Z
Sloppy,,CE-Net,115,-0.089040213494296,0.0033333333333333,2025-12-05T11:31:35Z
Sloppy,,CE-Net,116,-0.0258128438500715,0.0033333333333333,2025-12-05T11:31:36Z
Sloppy,,CE-Net,117,0.7810938704132308,0.0033333333333333,2025-12-05T11:31:37Z
Sloppy,,CE-Net,118,0.5198450025961951,0.0033333333333333,2025-12-05T11:31:38Z
Sloppy,,CE-Net,119,-0.020915948973589,0.0033333333333333,2025-12-05T11:31:40Z
Sloppy,,CE-Net,120,0.4303396098032923,0.0033333333333333,2025-12-05T11:31:41Z
Sloppy,,CE-Net,121,-0.0450754429837553,0.0033333333333333,2025-12-05T11:31:42Z
Sloppy,,CE-Net,122,-0.1454087485218524,0.0033333333333333,2025-12-05T11:31:44Z
Sloppy,,CE-Net,123,0.0689597496662207,0.0033333333333333,2025-12-05T11:31:45Z
Sloppy,,CE-Net,124,0.319595338250788,0.0033333333333333,2025-12-05T11:31:47Z
Sloppy,,CE-Net,125,0.0075937388056719,0.0033333333333333,2025-12-05T11:31:49Z
Sloppy,,CE-Net,126,0.0502669716398631,0.0033333333333333,2025-12-05T11:31:49Z
Sloppy,,CE-Net,127,0.0365078226291029,0.0033333333333333,2025-12-05T11:31:50Z
Sloppy,,CE-Net,128,-0.0403508663466229,0.0033333333333333,2025-12-05T11:31:51Z
Sloppy,,CE-Net,129,-0.0568345599744691,0.0033333333333333,2025-12-05T11:31:52Z
Sloppy,,CE-Net,130,-0.0126990103869577,0.0033333333333333,2025-12-05T11:31:53Z
Sloppy,,CE-Net,131,-0.1045508566645869,0.0033333333333333,2025-12-05T11:31:54Z
Sloppy,,CE-Net,132,0.4260702289308424,0.0033333333333333,2025-12-05T11:31:56Z
Sloppy,,CE-Net,133,-0.1968631404802223,0.0033333333333333,2025-12-05T11:31:57Z
Sloppy,,CE-Net,134,0.1095505730411386,0.0033333333333333,2025-12-05T11:31:59Z
Sloppy,,CE-Net,135,0.08425726776831,0.0033333333333333,2025-12-05T11:32:00Z
Sloppy,,CE-Net,136,0.2277403045977157,0.0033333333333333,2025-12-05T11:32:01Z
Sloppy,,CE-Net,137,-0.0530560394265114,0.0033333333333333,2025-12-05T11:32:02Z
Sloppy,,CE-Net,138,0.0114807695287399,0.0033333333333333,2025-12-05T11:32:03Z
Sloppy,,CE-Net,139,0.0768395097621228,0.0033333333333333,2025-12-05T11:32:04Z
Sloppy,,CE-Net,140,-0.3230949115527954,0.0033333333333333,2025-12-05T11:32:06Z
Sloppy,,CE-Net,141,0.2546463975076267,0.0033333333333333,2025-12-05T11:32:08Z
Sloppy,,CE-Net,142,0.0754234409365482,0.0033333333333333,2025-12-05T11:32:09Z
Sloppy,,CE-Net,143,-0.3400220455850647,0.0033333333333333,2025-12-05T11:32:10Z
Sloppy,,CE-Net,144,0.372585690425979,0.0033333333333333,2025-12-05T11:32:11Z
Sloppy,,CE-Net,145,0.082403170063989,0.0033333333333333,2025-12-05T11:32:12Z
Sloppy,,CE-Net,146,-0.1653899849452974,0.0033333333333333,2025-12-05T11:32:13Z
Sloppy,,CE-Net,147,-0.139932742826307,0.0033333333333333,2025-12-05T11:32:15Z
Sloppy,,CE-Net,148,0.2320499091117722,0.0033333333333333,2025-12-05T11:32:16Z
Sloppy,,CE-Net,149,0.1142278986906168,0.0033333333333333,2025-12-05T11:32:17Z
Sloppy,,CE-Net,150,0.1585687894904376,0.0033333333333333,2025-12-05T11:32:18Z
Sloppy,,CE-Net,151,0.0380506324371447,0.0033333333333333,2025-12-05T11:32:19Z
Sloppy,,CE-Net,152,-0.0268253495939723,0.0033333333333333,2025-12-05T11:32:20Z
Sloppy,,CE-Net,153,0.2872657469311398,0.0033333333333333,2025-12-05T11:32:22Z
Sloppy,,CE-Net,154,0.040254862718665,0.0033333333333333,2025-12-05T11:32:22Z
Sloppy,,CE-Net,155,0.1591280864490464,0.0033333333333333,2025-12-05T11:32:24Z
Sloppy,,CE-Net,156,0.0663840833933083,0.0033333333333333,2025-12-05T11:32:25Z
Sloppy,,CE-Net,157,0.2055148175010375,0.0033333333333333,2025-12-05T11:32:26Z
Sloppy,,CE-Net,158,-0.0854295197230354,0.0033333333333333,2025-12-05T11:32:27Z
Sloppy,,CE-Net,159,-0.2109729553841819,0.0033333333333333,2025-12-05T11:32:28Z
Sloppy,,CE-Net,160,0.0228165872714705,0.0033333333333333,2025-12-05T11:32:29Z
Sloppy,,CE-Net,161,-0.0169158963989889,0.0033333333333333,2025-12-05T11:32:30Z
Sloppy,,CE-Net,162,0.2091778922751012,0.0033333333333333,2025-12-05T11:32:31Z
Sloppy,,CE-Net,163,0.0039390739531983,0.0033333333333333,2025-12-05T11:32:32Z
Sloppy,,CE-Net,164,0.3427202759647465,0.0033333333333333,2025-12-05T11:32:33Z
Sloppy,,CE-Net,165,-0.0901168058288918,0.0033333333333333,2025-12-05T11:32:35Z
Sloppy,,CE-Net,166,0.075741687369191,0.0033333333333333,2025-12-05T11:32:36Z
Sloppy,,CE-Net,167,-0.1473913027033325,0.0033333333333333,2025-12-05T11:32:37Z
Sloppy,,CE-Net,168,-0.0364147842018333,0.0033333333333333,2025-12-05T11:32:39Z
Sloppy,,CE-Net,169,0.1399216783306995,0.0033333333333333,2025-12-05T11:32:40Z
Sloppy,,CE-Net,170,-0.0068268867017703,0.0033333333333333,2025-12-05T11:32:41Z
Sloppy,,CE-Net,171,0.2633673976935325,0.0033333333333333,2025-12-05T11:32:42Z
Sloppy,,CE-Net,172,-0.0819272348051113,0.0033333333333333,2025-12-05T11:32:44Z
Sloppy,,CE-Net,173,-0.1126210547764279,0.0033333333333333,2025-12-05T11:32:45Z
Sloppy,,CE-Net,174,-0.0571459704952412,0.0033333333333333,2025-12-05T11:32:46Z
Sloppy,,CE-Net,175,0.3190783374127697,0.0033333333333333,2025-12-05T11:32:47Z
Sloppy,,CE-Net,176,0.2805987752058381,0.0033333333333333,2025-12-05T11:32:48Z
Sloppy,,CE-Net,177,0.1192270430172027,0.0033333333333333,2025-12-05T11:32:49Z
Sloppy,,CE-Net,178,0.0223437268659026,0.0033333333333333,2025-12-05T11:32:50Z
Sloppy,,CE-Net,179,0.1720112642436178,0.0033333333333333,2025-12-05T11:32:51Z
Sloppy,,CE-Net,180,0.0594423850600173,0.0033333333333333,2025-12-05T11:32:52Z
Sloppy,,CE-Net,181,0.0979979128027482,0.0033333333333333,2025-12-05T11:32:53Z
Sloppy,,CE-Net,182,0.1803201225752804,0.0033333333333333,2025-12-05T11:32:55Z
Sloppy,,CE-Net,183,0.2869557383473439,0.0033333333333333,2025-12-05T11:32:56Z
Sloppy,,CE-Net,184,0.2340701576427103,0.0033333333333333,2025-12-05T11:32:57Z
Sloppy,,CE-Net,185,-0.1773822175499629,0.0033333333333333,2025-12-05T11:32:58Z
Sloppy,,CE-Net,186,-0.0240293099856756,0.0033333333333333,2025-12-05T11:32:59Z
Sloppy,,CE-Net,187,0.014282156404383,0.0033333333333333,2025-12-05T11:33:00Z
Sloppy,,CE-Net,188,0.1317018004793908,0.0033333333333333,2025-12-05T11:33:01Z
Sloppy,,CE-Net,189,0.0897692297687814,0.0033333333333333,2025-12-05T11:33:03Z
Sloppy,,CE-Net,190,0.378674999145243,0.0033333333333333,2025-12-05T11:33:04Z
Sloppy,,CE-Net,191,-0.051656652658976,0.0033333333333333,2025-12-05T11:33:05Z
Sloppy,,CE-Net,192,-0.0265912388793849,0.0033333333333333,2025-12-05T11:33:06Z
Sloppy,,CE-Net,193,0.3320714462421785,0.0033333333333333,2025-12-05T11:33:07Z
Sloppy,,CE-Net,194,-0.0186340319437094,0.0033333333333333,2025-12-05T11:33:09Z
Sloppy,,CE-Net,195,-0.0744717186844017,0.0033333333333333,2025-12-05T11:33:09Z
Sloppy,,CE-Net,196,-0.2337495996096763,0.0033333333333333,2025-12-05T11:33:11Z
Sloppy,,CE-Net,197,-0.0633383480756751,0.0033333333333333,2025-12-05T11:33:12Z
Sloppy,,CE-Net,198,-0.0751040017054077,0.0033333333333333,2025-12-05T11:33:13Z
Sloppy,,CE-Net,199,0.3183274649102487,0.0033333333333333,2025-12-05T11:33:14Z
Sloppy,,CE-Net,200,0.0277766580272638,0.0033333333333333,2025-12-05T11:33:15Z
Sloppy,,CE-Net,201,0.1057996908111249,0.0033333333333333,2025-12-05T11:33:16Z
Sloppy,,CE-Net,202,-0.0791611343033401,0.0033333333333333,2025-12-05T11:33:17Z
Sloppy,,CE-Net,203,-0.125415213567645,0.0033333333333333,2025-12-05T11:33:18Z
Sloppy,,CE-Net,204,-0.3926729836599099,0.0033333333333333,2025-12-05T11:33:20Z
Sloppy,,CE-Net,205,0.013136358179165,0.0033333333333333,2025-12-05T11:33:21Z
Sloppy,,CE-Net,206,-0.0975958761896217,0.0033333333333333,2025-12-05T11:33:22Z
Sloppy,,CE-Net,207,-0.3676467275654736,0.0033333333333333,2025-12-05T11:33:24Z
Sloppy,,CE-Net,208,0.0339986567684217,0.0033333333333333,2025-12-05T11:33:25Z
Sloppy,,CE-Net,209,0.3817138184245895,0.0033333333333333,2025-12-05T11:33:26Z
Sloppy,,CE-Net,210,0.1841732528681414,0.0033333333333333,2025-12-05T11:33:27Z
Sloppy,,CE-Net,211,-0.1456872113236879,0.0033333333333333,2025-12-05T11:33:28Z
Sloppy,,CE-Net,212,0.1384853076041176,0.0033333333333333,2025-12-05T11:33:29Z
Sloppy,,CE-Net,213,0.0588971982152505,0.0033333333333333,2025-12-05T11:33:31Z
Sloppy,,CE-Net,214,-0.0599510273725485,0.0033333333333333,2025-12-05T11:33:31Z
Sloppy,,CE-Net,215,0.672301812627892,0.0033333333333333,2025-12-05T11:33:32Z
Sloppy,,CE-Net,216,0.1983839692819925,0.0033333333333333,2025-12-05T11:33:33Z
Sloppy,,CE-Net,217,0.1058172612370085,0.0033333333333333,2025-12-05T11:33:34Z
Sloppy,,CE-Net,218,-0.0161340518157769,0.0033333333333333,2025-12-05T11:33:35Z
Sloppy,,CE-Net,219,-0.0977135092871354,0.0033333333333333,2025-12-05T11:33:37Z
Sloppy,,CE-Net,220,0.0185995627572637,0.0033333333333333,2025-12-05T11:33:38Z
Sloppy,,CE-Net,221,-0.0127794588811563,0.0033333333333333,2025-12-05T11:33:39Z
Sloppy,,CE-Net,222,0.2368417628541616,0.0033333333333333,2025-12-05T11:33:40Z
Sloppy,,CE-Net,223,-0.0251738035716797,0.0033333333333333,2025-12-05T11:33:41Z
Sloppy,,CE-Net,224,0.2917491704909178,0.0033333333333333,2025-12-05T11:33:43Z
Sloppy,,CE-Net,225,0.4830756933859754,0.0033333333333333,2025-12-05T11:33:44Z
Sloppy,,CE-Net,226,-0.1335245688459412,0.0033333333333333,2025-12-05T11:33:45Z
Sloppy,,CE-Net,227,0.1011933761212083,0.0033333333333333,2025-12-05T11:33:46Z
Sloppy,,CE-Net,228,-0.0258232728311338,0.0033333333333333,2025-12-05T11:33:47Z
Sloppy,,CE-Net,229,0.1293920932970791,0.0033333333333333,2025-12-05T11:33:48Z
Sloppy,,CE-Net,230,0.199688796439218,0.0033333333333333,2025-12-05T11:33:50Z
Sloppy,,CE-Net,231,0.0464047985082727,0.0033333333333333,2025-12-05T11:33:51Z
Sloppy,,CE-Net,232,0.4409213725537667,0.0033333333333333,2025-12-05T11:33:52Z
Sloppy,,CE-Net,233,-0.099491697904732,0.0033333333333333,2025-12-05T11:33:53Z
Sloppy,,CE-Net,234,0.1619217671412441,0.0033333333333333,2025-12-05T11:33:55Z
Sloppy,,CE-Net,235,-0.3016936890477044,0.0033333333333333,2025-12-05T11:33:56Z
Sloppy,,CE-Net,236,0.2772225047155201,0.0033333333333333,2025-12-05T11:33:58Z
Sloppy,,CE-Net,237,0.0522076672608821,0.0033333333333333,2025-12-05T11:33:59Z
Sloppy,,CE-Net,238,0.0907306851489754,0.0033333333333333,2025-12-05T11:34:00Z
Sloppy,,CE-Net,239,0.5062245384527797,0.0033333333333333,2025-12-05T11:34:01Z
Sloppy,,CE-Net,240,0.1623520738711329,0.0033333333333333,2025-12-05T11:34:02Z
Sloppy,,CE-Net,241,0.3078437186226348,0.0033333333333333,2025-12-05T11:34:02Z
Sloppy,,CE-Net,242,-0.2077489763703676,0.0033333333333333,2025-12-05T11:34:03Z
Sloppy,,CE-Net,243,0.0913702331877971,0.0033333333333333,2025-12-05T11:34:05Z
Sloppy,,CE-Net,244,0.189759357471191,0.0033333333333333,2025-12-05T11:34:06Z
Sloppy,,CE-Net,245,-0.115471492962418,0.0033333333333333,2025-12-05T11:34:07Z
Sloppy,,CE-Net,246,0.1504251526571498,0.0033333333333333,2025-12-05T11:34:07Z
Sloppy,,CE-Net,247,-0.0579488687365812,0.0033333333333333,2025-12-05T11:34:09Z
Sloppy,,CE-Net,248,0.6704708610940854,0.0033333333333333,2025-12-05T11:34:10Z
Sloppy,,CE-Net,249,0.4389507238603414,0.0033333333333333,2025-12-05T11:34:11Z
Sloppy,,CE-Net,250,0.1174636289595134,0.0033333333333333,2025-12-05T11:34:13Z
Sloppy,,CE-Net,251,0.1804250496900824,0.0033333333333333,2025-12-05T11:34:14Z
Sloppy,,CE-Net,252,0.0761924420924263,0.0033333333333333,2025-12-05T11:34:15Z
Sloppy,,CE-Net,253,-0.1363852967990446,0.0033333333333333,2025-12-05T11:34:17Z
Sloppy,,CE-Net,254,0.0123891702988463,0.0033333333333333,2025-12-05T11:34:18Z
Sloppy,,CE-Net,255,-0.2865737166926694,0.0033333333333333,2025-12-05T11:34:19Z
Sloppy,,CE-Net,256,0.3981278603843613,0.0033333333333333,2025-12-05T11:34:20Z
Sloppy,,CE-Net,257,0.019012046773287,0.0033333333333333,2025-12-05T11:34:21Z
Sloppy,,CE-Net,258,0.6034630278230977,0.0033333333333333,2025-12-05T11:34:23Z
Sloppy,,CE-Net,259,0.0578839591954553,0.0033333333333333,2025-12-05T11:34:24Z
Sloppy,,CE-Net,260,-0.0084345821162185,0.0033333333333333,2025-12-05T11:34:25Z
Sloppy,,CE-Net,261,0.2977163498017223,0.0033333333333333,2025-12-05T11:34:27Z
Sloppy,,CE-Net,262,0.0725994815927195,0.0033333333333333,2025-12-05T11:34:28Z
Sloppy,,CE-Net,263,0.1106228356911599,0.0033333333333333,2025-12-05T11:34:29Z
Sloppy,,CE-Net,264,-0.1696815137837726,0.0033333333333333,2025-12-05T11:34:30Z
Sloppy,,CE-Net,265,-0.0381021019486409,0.0033333333333333,2025-12-05T11:34:32Z
Sloppy,,CE-Net,266,-0.1829701171595631,0.0033333333333333,2025-12-05T11:34:33Z
Sloppy,,CE-Net,267,-0.0244176792424665,0.0033333333333333,2025-12-05T11:34:34Z
Sloppy,,CE-Net,268,-0.083162992887422,0.0033333333333333,2025-12-05T11:34:35Z
Sloppy,,CE-Net,269,0.1796441602718441,0.0033333333333333,2025-12-05T11:34:36Z
Sloppy,,CE-Net,270,0.4025564673035068,0.0033333333333333,2025-12-05T11:34:37Z
Sloppy,,CE-Net,271,-0.0393529622361374,0.0033333333333333,2025-12-05T11:34:38Z
Sloppy,,CE-Net,272,0.0852330285699718,0.0033333333333333,2025-12-05T11:34:40Z
Sloppy,,CE-Net,273,0.0717632324118812,0.0033333333333333,2025-12-05T11:34:41Z
Sloppy,,CE-Net,274,0.1062992695675609,0.0033333333333333,2025-12-05T11:34:42Z
Sloppy,,CE-Net,275,0.0041921979360114,0.0033333333333333,2025-12-05T11:34:43Z
Sloppy,,CE-Net,276,0.513796808837066,0.0033333333333333,2025-12-05T11:34:44Z
Sloppy,,CE-Net,277,0.1977228841843585,0.0033333333333333,2025-12-05T11:34:46Z
Sloppy,,CE-Net,278,-0.1316094647386092,0.0033333333333333,2025-12-05T11:34:46Z
Sloppy,,CE-Net,279,-0.2339148490390009,0.0033333333333333,2025-12-05T11:34:47Z
Sloppy,,CE-Net,280,0.1836494852678727,0.0033333333333333,2025-12-05T11:34:48Z
Sloppy,,CE-Net,281,-0.1677848110380343,0.0033333333333333,2025-12-05T11:34:49Z
Sloppy,,CE-Net,282,0.0847125370688836,0.0033333333333333,2025-12-05T11:34:50Z
Sloppy,,CE-Net,283,0.4351675133976738,0.0033333333333333,2025-12-05T11:34:51Z
Sloppy,,CE-Net,284,0.0283806996672149,0.0033333333333333,2025-12-05T11:34:53Z
Sloppy,,CE-Net,285,0.0660613189378437,0.0033333333333333,2025-12-05T11:34:54Z
Sloppy,,CE-Net,286,0.317215741291741,0.0033333333333333,2025-12-05T11:34:55Z
Sloppy,,CE-Net,287,-0.1845054871483424,0.0033333333333333,2025-12-05T11:34:56Z
Sloppy,,CE-Net,288,0.5602757176170774,0.0033333333333333,2025-12-05T11:34:57Z
Sloppy,,CE-Net,289,-0.0030435165652038,0.0033333333333333,2025-12-05T11:34:58Z
Sloppy,,CE-Net,290,0.0070612459082203,0.0033333333333333,2025-12-05T11:34:59Z
Sloppy,,CE-Net,291,0.1638224779961711,0.0033333333333333,2025-12-05T11:35:00Z
Sloppy,,CE-Net,292,0.009694732700995,0.0033333333333333,2025-12-05T11:35:01Z
Sloppy,,CE-Net,293,-0.06000819851957,0.0033333333333333,2025-12-05T11:35:03Z
Sloppy,,CE-Net,294,-0.1460873850632575,0.0033333333333333,2025-12-05T11:35:04Z
Sloppy,,CE-Net,295,-0.012214190573711,0.0033333333333333,2025-12-05T11:35:06Z
Sloppy,,CE-Net,296,0.2639334851165529,0.0033333333333333,2025-12-05T11:35:07Z
Sloppy,,CE-Net,297,-0.0007573118534253,0.0033333333333333,2025-12-05T11:35:08Z
Sloppy,,CE-Net,298,0.0347496658926167,0.0033333333333333,2025-12-05T11:35:10Z
Sloppy,,CE-Net,299,0.0047028704434755,0.0033333333333333,2025-12-05T11:35:11Z
Sloppy,,CE-Net,300,0.0559553397315509,0.0033333333333333,2025-12-05T11:35:12Z
CAM,,CE-Cha,54,-35.15741989443965,0.0033333333333333,2025-12-05T11:50:13Z
CAM,,CE-Cha,55,35.38062511667508,0.0033333333333333,2025-12-05T11:50:13Z
CAM,,CE-Cha,56,-35.21781958870177,0.0033333333333333,2025-12-05T11:50:13Z
CAM,,CE-Cha,57,-36.239153043340025,0.0033333333333333,2025-12-05T11:50:13Z
CAM,,CE-Cha,58,-36.24908898479179,0.0033333333333333,2025-12-05T11:50:13Z
CAM,,CE-Cha,59,-34.23793361546443,0.0033333333333333,2025-12-05T11:50:13Z
CAM,,CE-Cha,60,35.54618469651699,0.0033333333333333,2025-12-05T11:50:13Z
CAM,,CE-Cha,61,36.13069031401868,0.0033333333333333,2025-12-05T11:50:13Z
CAM,,CE-Cha,62,33.71574157247747,0.0033333333333333,2025-12-05T11:50:13Z
CAM,,CE-Cha,63,34.74932911245445,0.0033333333333333,2025-12-05T11:50:14Z
CAM,,CE-Cha,64,-35.36365193535352,0.0033333333333333,2025-12-05T11:50:14Z
CAM,,CE-Cha,65,-35.349636542931464,0.0033333333333333,2025-12-05T11:50:14Z
CAM,,CE-Cha,66,35.90233349490631,0.0033333333333333,2025-12-05T11:50:14Z
CAM,,CE-Cha,67,-35.499415067386465,0.0033333333333333,2025-12-05T11:50:14Z
CAM,,CE-Cha,68,-36.65937411585119,0.0033333333333333,2025-12-05T11:50:14Z
CAM,,CE-Cha,69,-36.66174675176648,0.0033333333333333,2025-12-05T11:50:14Z
CAM,,CE-Cha,70,36.14981861982323,0.0033333333333333,2025-12-05T11:50:14Z
CAM,,CE-Cha,71,-36.09478101500558,0.0033333333333333,2025-12-05T11:50:14Z
CAM,,CE-Cha,72,36.2616851447321,0.0033333333333333,2025-12-05T11:50:15Z
CAM,,CE-Cha,73,-36.030816725336685,0.0033333333333333,2025-12-05T11:50:15Z
CAM,,CE-Cha,74,36.25427739285208,0.0033333333333333,2025-12-05T11:50:15Z
CAM,,CE-Cha,75,-36.3391906107227,0.0033333333333333,2025-12-05T11:50:15Z
CAM,,CE-Cha,76,36.35352208340152,0.0033333333333333,2025-12-05T11:50:15Z
CAM,,CE-Cha,77,-34.86069192787981,0.0033333333333333,2025-12-05T11:50:15Z
CAM,,CE-Cha,78,-36.05046760320494,0.0033333333333333,2025-12-05T11:50:15Z
CAM,,CE-Cha,79,36.32860975337806,0.0033333333333333,2025-12-05T11:50:16Z
CAM,,CE-Cha,80,-35.99420385149233,0.0033333333333333,2025-12-05T11:50:16Z
CAM,,CE-Cha,81,35.7469184039672,0.0033333333333333,2025-12-05T11:50:16Z
CAM,,CE-Cha,82,-35.9355814575328,0.0033333333333333,2025-12-05T11:50:16Z
CAM,,CE-Cha,83,35.071958486306684,0.0033333333333333,2025-12-05T11:50:16Z
CAM,,CE-Cha,84,36.1073315535036,0.0033333333333333,2025-12-05T11:50:16Z
CAM,,CE-Cha,85,36.3604826330424,0.0033333333333333,2025-12-05T11:50:17Z
CAM,,CE-Cha,86,-36.607168452210246,0.0033333333333333,2025-12-05T11:50:17Z
CAM,,CE-Cha,87,-32.39884013122901,0.0033333333333333,2025-12-05T11:50:17Z
CAM,,CE-Cha,88,-35.17250176853946,0.0033333333333333,2025-12-05T11:50:17Z
CAM,,CE-Cha,89,-33.89717581556113,0.0033333333333333,2025-12-05T11:50:17Z
CAM,,CE-Cha,90,35.8476216183051,0.0033333333333333,2025-12-05T11:50:17Z
CAM,,CE-Cha,91,-34.81890020343135,0.0033333333333333,2025-12-05T11:50:18Z
CAM,,CE-Cha,92,35.712291612168976,0.0033333333333333,2025-12-05T11:50:18Z
CAM,,CE-Cha,93,-35.11593153007275,0.0033333333333333,2025-12-05T11:50:18Z
CAM,,CE-Cha,94,-35.292255232349575,0.0033333333333333,2025-12-05T11:50:18Z
CAM,,CE-Cha,95,36.16533677361113,0.0033333333333333,2025-12-05T11:50:18Z
CAM,,CE-Cha,96,-33.727453838877565,0.0033333333333333,2025-12-05T11:50:18Z
CAM,,CE-Cha,97,-36.27455726109169,0.0033333333333333,2025-12-05T11:50:19Z
CAM,,CE-Cha,98,36.825319449255375,0.0033333333333333,2025-12-05T11:50:19Z
CAM,,CE-Cha,99,36.14605331572634,0.0033333333333333,2025-12-05T11:50:19Z
CAM,,CE-Cha,100,-35.823549336791686,0.0033333333333333,2025-12-05T11:50:19Z
CAM,,CE-Cha,101,34.152199960466604,0.0033333333333333,2025-12-05T11:50:19Z
CAM,,CE-Cha,102,-35.65438707093617,0.0033333333333333,2025-12-05T11:50:20Z
CAM,,CE-Cha,103,-35.384381520355745,0.0033333333333333,2025-12-05T11:50:20Z
CAM,,CE-Cha,104,-35.30556181349263,0.0033333333333333,2025-12-05T11:50:20Z
CAM,,CE-Cha,105,36.35083899288192,0.0033333333333333,2025-12-05T11:50:20Z
CAM,,CE-Cha,106,-35.062621790515315,0.0033333333333333,2025-12-05T11:50:20Z
CAM,,CE-Cha,107,36.4536472882928,0.0033333333333333,2025-12-05T11:50:21Z
CAM,,CE-Cha,108,31.34429584439157,0.0033333333333333,2025-12-05T11:50:21Z
CAM,,CE-Cha,109,-36.319779980388745,0.0033333333333333,2025-12-05T11:50:21Z
CAM,,CE-Cha,110,-35.35728486806768,0.0033333333333333,2025-12-05T11:50:21Z
CAM,,CE-Cha,111,-35.320847666042894,0.0033333333333333,2025-12-05T11:50:21Z
CAM,,CE-Cha,112,-35.14220046771405,0.0033333333333333,2025-12-05T11:50:21Z
CAM,,CE-Cha,113,-35.147918860764335,0.0033333333333333,2025-12-05T11:50:22Z
CAM,,CE-Cha,114,-35.02780532619376,0.0033333333333333,2025-12-05T11:50:22Z
CAM,,CE-Cha,115,36.52477493991468,0.0033333333333333,2025-12-05T11:50:22Z
CAM,,CE-Cha,116,35.89392600615824,0.0033333333333333,2025-12-05T11:50:22Z
CAM,,CE-Cha,117,-36.16032797573328,0.0033333333333333,2025-12-05T11:50:22Z
CAM,,CE-Cha,118,-35.97385563709376,0.0033333333333333,2025-12-05T11:50:22Z
CAM,,CE-Cha,119,35.78237099957995,0.0033333333333333,2025-12-05T11:50:23Z
CAM,,CE-Cha,120,-35.82330095417974,0.0033333333333333,2025-12-05T11:50:23Z
CAM,,CE-Cha,121,35.56202509160168,0.0033333333333333,2025-12-05T11:50:23Z
CAM,,CE-Cha,122,35.218927265218944,0.0033333333333333,2025-12-05T11:50:23Z
CAM,,CE-Cha,123,36.42059739117477,0.0033333333333333,2025-12-05T11:50:23Z
CAM,,CE-Cha,124,36.35477405409786,0.0033333333333333,2025-12-05T11:50:24Z
CAM,,CE-Cha,125,-36.55806874376643,0.0033333333333333,2025-12-05T11:50:24Z
CAM,,CE-Cha,126,35.676096444662015,0.0033333333333333,2025-12-05T11:50:24Z
CAM,,CE-Cha,127,35.596133698038166,0.0033333333333333,2025-12-05T11:50:24Z
CAM,,CE-Cha,128,-36.24056656938047,0.0033333333333333,2025-12-05T11:50:24Z
CAM,,CE-Cha,129,34.78172384654991,0.0033333333333333,2025-12-05T11:50:24Z
CAM,,CE-Cha,130,36.08182681466288,0.0033333333333333,2025-12-05T11:50:25Z
CAM,,CE-Cha,131,36.65355223110598,0.0033333333333333,2025-12-05T11:50:25Z
CAM,,CE-Cha,132,-35.21591566210998,0.0033333333333333,2025-12-05T11:50:25Z
CAM,,CE-Cha,133,35.028765362432146,0.0033333333333333,2025-12-05T11:50:25Z
CAM,,CE-Cha,134,36.45272934115003,0.0033333333333333,2025-12-05T11:50:25Z
CAM,,CE-Cha,135,-35.578737302859764,0.0033333333333333,2025-12-05T11:50:26Z
CAM,,CE-Cha,136,34.985718384512175,0.0033333333333333,2025-12-05T11:50:26Z
CAM,,CE-Cha,137,-36.65564202060271,0.0033333333333333,2025-12-05T11:50:26Z
CAM,,CE-Cha,138,35.20012731460472,0.0033333333333333,2025-12-05T11:50:26Z
CAM,,CE-Cha,139,34.61599698274357,0.0033333333333333,2025-12-05T11:50:26Z
CAM,,CE-Cha,140,36.34722223066805,0.0033333333333333,2025-12-05T11:50:27Z
CAM,,CE-Cha,141,34.725911951391666,0.0033333333333333,2025-12-05T11:50:27Z
CAM,,CE-Cha,142,36.22114896195919,0.0033333333333333,2025-12-05T11:50:27Z
CAM,,CE-Cha,143,36.421203022646985,0.0033333333333333,2025-12-05T11:50:27Z
CAM,,CE-Cha,144,-35.344365356553624,0.0033333333333333,2025-12-05T11:50:27Z
CAM,,CE-Cha,145,36.50599009822318,0.0033333333333333,2025-12-05T11:50:27Z
CAM,,CE-Cha,146,-35.15402316133181,0.0033333333333333,2025-12-05T11:50:28Z
CAM,,CE-Cha,147,-36.20341129119474,0.0033333333333333,2025-12-05T11:50:28Z
CAM,,CE-Cha,148,-34.5585647483518,0.0033333333333333,2025-12-05T11:50:28Z
CAM,,CE-Cha,149,-36.67662063895674,0.0033333333333333,2025-12-05T11:50:28Z
CAM,,CE-Cha,150,-35.096953698532914,0.0033333333333333,2025-12-05T11:50:28Z
CAM,,CE-Cha,151,36.32959211419515,0.0033333333333333,2025-12-05T11:50:29Z
CAM,,CE-Cha,152,36.550613332703705,0.0033333333333333,2025-12-05T11:50:29Z
CAM,,CE-Cha,153,35.98388044083788,0.0033333333333333,2025-12-05T11:50:29Z
CAM,,CE-Cha,154,-35.64348363165705,0.0033333333333333,2025-12-05T11:50:29Z
CAM,,CE-Cha,155,-36.325779296519656,0.0033333333333333,2025-12-05T11:50:29Z
CAM,,CE-Cha,156,36.46124586959556,0.0033333333333333,2025-12-05T11:50:29Z
CAM,,CE-Cha,157,36.51460252875875,0.0033333333333333,2025-12-05T11:50:30Z
CAM,,CE-Cha,158,36.05204089330445,0.0033333333333333,2025-12-05T11:50:30Z
CAM,,CE-Cha,159,36.30080076844276,0.0033333333333333,2025-12-05T11:50:30Z
CAM,,CE-Cha,160,-36.25109997642232,0.0033333333333333,2025-12-05T11:50:30Z
CAM,,CE-Cha,161,-33.47602005003102,0.0033333333333333,2025-12-05T11:50:30Z
CAM,,CE-Cha,162,36.66110069567359,0.0033333333333333,2025-12-05T11:50:31Z
CAM,,CE-Cha,163,32.1027453942929,0.0033333333333333,2025-12-05T11:50:31Z
CAM,,CE-Cha,164,35.24978635022917,0.0033333333333333,2025-12-05T11:50:31Z
CAM,,CE-Cha,165,35.53464038548877,0.0033333333333333,2025-12-05T11:50:31Z
CAM,,CE-Cha,166,-36.37255980664531,0.0033333333333333,2025-12-05T11:50:31Z
CAM,,CE-Cha,167,35.497535317840374,0.0033333333333333,2025-12-05T11:50:31Z
CAM,,CE-Cha,168,-33.95595230443277,0.0033333333333333,2025-12-05T11:50:32Z
CAM,,CE-Cha,169,36.251344536319415,0.0033333333333333,2025-12-05T11:50:32Z
CAM,,CE-Cha,170,-35.21780760212755,0.0033333333333333,2025-12-05T11:50:32Z
CAM,,CE-Cha,171,35.91764932463485,0.0033333333333333,2025-12-05T11:50:32Z
CAM,,CE-Cha,172,35.20731779356912,0.0033333333333333,2025-12-05T11:50:32Z
CAM,,CE-Cha,173,-35.56932231956687,0.0033333333333333,2025-12-05T11:50:33Z
CAM,,CE-Cha,174,-36.06298154708791,0.0033333333333333,2025-12-05T11:50:33Z
CAM,,CE-Cha,175,-35.6643024551379,0.0033333333333333,2025-12-05T11:50:33Z
CAM,,CE-Cha,176,-35.18844586933088,0.0033333333333333,2025-12-05T11:50:33Z
CAM,,CE-Cha,177,-35.60625243272267,0.0033333333333333,2025-12-05T11:50:33Z
CAM,,CE-Cha,178,-35.06820754522711,0.0033333333333333,2025-12-05T11:50:34Z
CAM,,CE-Cha,179,-34.94895788733854,0.0033333333333333,2025-12-05T11:50:34Z
CAM,,CE-Cha,180,33.464411430879856,0.0033333333333333,2025-12-05T11:50:34Z
CAM,,CE-Cha,181,36.20036248502464,0.0033333333333333,2025-12-05T11:50:34Z
CAM,,CE-Cha,182,36.421409610805526,0.0033333333333333,2025-12-05T11:50:34Z
CAM,,CE-Cha,183,35.96052794428418,0.0033333333333333,2025-12-05T11:50:34Z
CAM,,CE-Cha,184,36.435305480820574,0.0033333333333333,2025-12-05T11:50:35Z
CAM,,CE-Cha,185,-35.7257269322112,0.0033333333333333,2025-12-05T11:50:35Z
CAM,,CE-Cha,186,36.29621374764227,0.0033333333333333,2025-12-05T11:50:35Z
CAM,,CE-Cha,187,-36.24793184269396,0.0033333333333333,2025-12-05T11:50:35Z
CAM,,CE-Cha,188,-36.32038334068104,0.0033333333333333,2025-12-05T11:50:35Z
CAM,,CE-Cha,189,-35.578213771075376,0.0033333333333333,2025-12-05T11:50:36Z
CAM,,CE-Cha,190,35.1499077642773,0.0033333333333333,2025-12-05T11:50:36Z
CAM,,CE-Cha,191,35.23248614919572,0.0033333333333333,2025-12-05T11:50:36Z
CAM,,CE-Cha,192,-35.11944413278512,0.0033333333333333,2025-12-05T11:50:36Z
CAM,,CE-Cha,193,-33.764760986804085,0.0033333333333333,2025-12-05T11:50:36Z
CAM,,CE-Cha,194,-34.97229398452317,0.0033333333333333,2025-12-05T11:50:36Z
CAM,,CE-Cha,195,36.3201694923562,0.0033333333333333,2025-12-05T11:50:37Z
CAM,,CE-Cha,196,-35.92443981561707,0.0033333333333333,2025-12-05T11:50:37Z
CAM,,CE-Cha,197,36.10474275780729,0.0033333333333333,2025-12-05T11:50:37Z
CAM,,CE-Cha,198,-34.397970584812015,0.0033333333333333,2025-12-05T11:50:37Z
CAM,,CE-Cha,199,35.731365375651485,0.0033333333333333,2025-12-05T11:50:37Z
CAM,,CE-Cha,200,-35.79169961343362,0.0033333333333333,2025-12-05T11:50:38Z
CAM,,CE-Cha,201,-35.119166577957145,0.0033333333333333,2025-12-05T11:50:38Z
CAM,,CE-Cha,202,36.4197097586267,0.0033333333333333,2025-12-05T11:50:38Z
CAM,,CE-Cha,203,36.25223747755396,0.0033333333333333,2025-12-05T11:50:38Z
CAM,,CE-Cha,204,-35.21131204612071,0.0033333333333333,2025-12-05T11:50:38Z
CAM,,CE-Cha,205,36.35711872923483,0.0033333333333333,2025-12-05T11:50:39Z
CAM,,CE-Cha,206,36.506470822030366,0.0033333333333333,2025-12-05T11:50:39Z
CAM,,CE-Cha,207,-36.86124490654475,0.0033333333333333,2025-12-05T11:50:39Z
CAM,,CE-Cha,208,-34.98184204069408,0.0033333333333333,2025-12-05T11:50:39Z
CAM,,CE-Cha,209,35.125536473459924,0.0033333333333333,2025-12-05T11:50:39Z
CAM,,CE-Cha,210,-36.19270084916367,0.0033333333333333,2025-12-05T11:50:40Z
CAM,,CE-Cha,211,36.210707040541394,0.0033333333333333,2025-12-05T11:50:40Z
CAM,,CE-Cha,212,32.20552539718052,0.0033333333333333,2025-12-05T11:50:40Z
CAM,,CE-Cha,213,-35.44834930366112,0.0033333333333333,2025-12-05T11:50:40Z
CAM,,CE-Cha,214,35.833782628439025,0.0033333333333333,2025-12-05T11:50:40Z
CAM,,CE-Cha,215,36.07603665985684,0.0033333333333333,2025-12-05T11:50:41Z
CAM,,CE-Cha,216,-35.61081398745924,0.0033333333333333,2025-12-05T11:50:41Z
CAM,,CE-Cha,217,36.50338412115922,0.0033333333333333,2025-12-05T11:50:41Z
CAM,,CE-Cha,218,36.073941866909976,0.0033333333333333,2025-12-05T11:50:41Z
CAM,,CE-Cha,219,-36.81095782047639,0.0033333333333333,2025-12-05T11:50:41Z
CAM,,CE-Cha,220,36.14311225710799,0.0033333333333333,2025-12-05T11:50:41Z
CAM,,CE-Cha,221,35.81530293307924,0.0033333333333333,2025-12-05T11:50:42Z
CAM,,CE-Cha,222,-36.31197729150563,0.0033333333333333,2025-12-05T11:50:42Z
CAM,,CE-Cha,223,35.760716839763326,0.0033333333333333,2025-12-05T11:50:42Z
CAM,,CE-Cha,224,36.03410943592751,0.0033333333333333,2025-12-05T11:50:42Z
CAM,,CE-Cha,225,-36.38771586199553,0.0033333333333333,2025-12-05T11:50:42Z
CAM,,CE-Cha,226,-35.87513803930331,0.0033333333333333,2025-12-05T11:50:43Z
CAM,,CE-Cha,227,-35.70304137123778,0.0033333333333333,2025-12-05T11:50:43Z
CAM,,CE-Cha,228,-35.7393248370003,0.0033333333333333,2025-12-05T11:50:43Z
CAM,,CE-Cha,229,35.14521286523203,0.0033333333333333,2025-12-05T11:50:43Z
CAM,,CE-Cha,230,-36.28899973768078,0.0033333333333333,2025-12-05T11:50:43Z
CAM,,CE-Cha,231,-35.5246378086763,0.0033333333333333,2025-12-05T11:50:44Z
CAM,,CE-Cha,232,-36.0714561035066,0.0033333333333333,2025-12-05T11:50:44Z
CAM,,CE-Cha,233,-30.92495362778555,0.0033333333333333,2025-12-05T11:50:44Z
CAM,,CE-Cha,234,36.06552821194504,0.0033333333333333,2025-12-05T11:50:44Z
CAM,,CE-Cha,235,-34.67722759960694,0.0033333333333333,2025-12-05T11:50:44Z
CAM,,CE-Cha,236,-35.63763862533247,0.0033333333333333,2025-12-05T11:50:45Z
CAM,,CE-Cha,237,36.13671257711542,0.0033333333333333,2025-12-05T11:50:45Z
CAM,,CE-Cha,238,33.03713557124144,0.0033333333333333,2025-12-05T11:50:45Z
CAM,,CE-Cha,239,-35.20362707585588,0.0033333333333333,2025-12-05T11:50:45Z
CAM,,CE-Cha,240,36.36260736216492,0.0033333333333333,2025-12-05T11:50:45Z
CAM,,CE-Cha,241,32.316511744854054,0.0033333333333333,2025-12-05T11:50:45Z
CAM,,CE-Cha,242,-35.28411592469291,0.0033333333333333,2025-12-05T11:50:46Z
CAM,,CE-Cha,243,34.47292914946472,0.0033333333333333,2025-12-05T11:50:46Z
CAM,,CE-Cha,244,-35.250240532573265,0.0033333333333333,2025-12-05T11:50:46Z
CAM,,CE-Cha,245,36.34168734913639,0.0033333333333333,2025-12-05T11:50:46Z
CAM,,CE-Cha,246,35.95269572138773,0.0033333333333333,2025-12-05T11:50:46Z
CAM,,CE-Cha,247,-36.1621840136489,0.0033333333333333,2025-12-05T11:50:47Z
CAM,,CE-Cha,248,-35.09073714452463,0.0033333333333333,2025-12-05T11:50:47Z
CAM,,CE-Cha,249,36.02835541775956,0.0033333333333333,2025-12-05T11:50:47Z
CAM,,CE-Cha,250,36.32478577777012,0.0033333333333333,2025-12-05T11:50:47Z
CAM,,CE-Cha,251,35.05418593003512,0.0033333333333333,2025-12-05T11:50:47Z
CAM,,CE-Cha,252,36.21534710246084,0.0033333333333333,2025-12-05T11:50:47Z
CAM,,CE-Cha,253,-36.7579115206882,0.0033333333333333,2025-12-05T11:50:48Z
CAM,,CE-Cha,254,-35.17175792055508,0.0033333333333333,2025-12-05T11:50:48Z
CAM,,CE-Cha,255,-36.483780285778245,0.0033333333333333,2025-12-05T11:50:48Z
CAM,,CE-Cha,256,36.14042315079943,0.0033333333333333,2025-12-05T11:50:48Z
CAM,,CE-Cha,257,-35.15768472843862,0.0033333333333333,2025-12-05T11:50:48Z
CAM,,CE-Cha,258,-34.8069002091724,0.0033333333333333,2025-12-05T11:50:49Z
CAM,,CE-Cha,259,-36.06581645850903,0.0033333333333333,2025-12-05T11:50:49Z
CAM,,CE-Cha,260,36.13361394977914,0.0033333333333333,2025-12-05T11:50:49Z
CAM,,CE-Cha,261,-35.99435594919771,0.0033333333333333,2025-12-05T11:50:49Z
CAM,,CE-Cha,262,32.25841331975663,0.0033333333333333,2025-12-05T11:50:49Z
CAM,,CE-Cha,263,-36.36992118801828,0.0033333333333333,2025-12-05T11:50:50Z
CAM,,CE-Cha,264,36.344370943557664,0.0033333333333333,2025-12-05T11:50:50Z
CAM,,CE-Cha,265,-36.007575416695374,0.0033333333333333,2025-12-05T11:50:50Z
CAM,,CE-Cha,266,36.14622269775157,0.0033333333333333,2025-12-05T11:50:50Z
CAM,,CE-Cha,267,-36.21907075724495,0.0033333333333333,2025-12-05T11:50:50Z
CAM,,CE-Cha,268,34.68091615491879,0.0033333333333333,2025-12-05T11:50:51Z
CAM,,CE-Cha,269,36.06346105697126,0.0033333333333333,2025-12-05T11:50:51Z
CAM,,CE-Cha,270,-33.31430114111006,0.0033333333333333,2025-12-05T11:50:51Z
CAM,,CE-Cha,271,34.899752008606505,0.0033333333333333,2025-12-05T11:50:51Z
CAM,,CE-Cha,272,-35.148032224558364,0.0033333333333333,2025-12-05T11:50:51Z
CAM,,CE-Cha,273,-36.08058742678696,0.0033333333333333,2025-12-05T11:50:52Z
CAM,,CE-Cha,274,-36.78574111322854,0.0033333333333333,2025-12-05T11:50:52Z
CAM,,CE-Cha,275,36.04568898888511,0.0033333333333333,2025-12-05T11:50:52Z
CAM,,CE-Cha,276,36.41649565723967,0.0033333333333333,2025-12-05T11:50:52Z
CAM,,CE-Cha,277,35.98986836555409,0.0033333333333333,2025-12-05T11:50:52Z
CAM,,CE-Cha,278,36.24941541959009,0.0033333333333333,2025-12-05T11:50:53Z
CAM,,CE-Cha,279,-35.36516290491369,0.0033333333333333,2025-12-05T11:50:53Z
CAM,,CE-Cha,280,-35.82031901434336,0.0033333333333333,2025-12-05T11:50:53Z
CAM,,CE-Cha,281,36.17738087236255,0.0033333333333333,2025-12-05T11:50:53Z
CAM,,CE-Cha,282,35.0995017340144,0.0033333333333333,2025-12-05T11:50:53Z
CAM,,CE-Cha,283,-34.45298581690852,0.0033333333333333,2025-12-05T11:50:53Z
CAM,,CE-Cha,284,34.63749267069473,0.0033333333333333,2025-12-05T11:50:54Z
CAM,,CE-Cha,285,34.88798407542011,0.0033333333333333,2025-12-05T11:50:54Z
CAM,,CE-Cha,286,35.78116370111073,0.0033333333333333,2025-12-05T11:50:54Z
CAM,,CE-Cha,287,-35.88021853033834,0.0033333333333333,2025-12-05T11:50:54Z
CAM,,CE-Cha,288,35.68980551873729,0.0033333333333333,2025-12-05T11:50:54Z
CAM,,CE-Cha,289,36.50408272178012,0.0033333333333333,2025-12-05T11:50:55Z
CAM,,CE-Cha,290,36.6794613101056,0.0033333333333333,2025-12-05T11:50:55Z
CAM,,CE-Cha,291,36.11193891761266,0.0033333333333333,2025-12-05T11:50:55Z
CAM,,CE-Cha,292,36.2116625995604,0.0033333333333333,2025-12-05T11:50:55Z
CAM,,CE-Cha,293,-34.96375306830632,0.0033333333333333,2025-12-05T11:50:55Z
CAM,,CE-Cha,294,34.20368871255496,0.0033333333333333,2025-12-05T11:50:56Z
CAM,,CE-Cha,295,-35.92159919254691,0.0033333333333333,2025-12-05T11:50:56Z
CAM,,CE-Cha,296,-36.25825547818546,0.0033333333333333,2025-12-05T11:50:56Z
CAM,,CE-Cha,297,35.332576483086015,0.0033333333333333,2025-12-05T11:50:56Z
CAM,,CE-Cha,298,35.17897587394676,0.0033333333333333,2025-12-05T11:50:56Z
CAM,,CE-Cha,299,34.524109503815936,0.0033333333333333,2025-12-05T11:50:57Z
CAM,,CE-Cha,300,36.13003156710853,0.0033333333333333,2025-12-05T11:50:57Z
CAM,,CE-Gauss,1,1.1484550782787464,0.0033333333333333,2025-12-05T11:50:57Z
CAM,,CE-Gauss,2,-0.3173916294558527,0.0033333333333333,2025-12-05T11:50:57Z
CAM,,CE-Gauss,3,2.0703523404226942,0.0033333333333333,2025-12-05T11:50:57Z
CAM,,CE-Gauss,4,-2.098152529137073,0.0033333333333333,2025-12-05T11:50:58Z
CAM,,CE-Gauss,5,-1.8607705645369583,0.0033333333333333,2025-12-05T11:50:58Z
CAM,,CE-Gauss,6,-1.8543307028245128,0.0033333333333333,2025-12-05T11:50:58Z
CAM,,CE-Gauss,7,2.922938180226011,0.0033333333333333,2025-12-05T11:50:58Z
CAM,,CE-Gauss,8,-0.6705514157074504,0.0033333333333333,2025-12-05T11:50:59Z
CAM,,CE-Gauss,9,-0.873238934720783,0.0033333333333333,2025-12-05T11:50:59Z
CAM,,CE-Gauss,10,0.6737340088809539,0.0033333333333333,2025-12-05T11:50:59Z
CAM,,CE-Gauss,11,0.3629749329610737,0.0033333333333333,2025-12-05T11:50:59Z
CAM,,CE-Gauss,12,-2.2966323507656083,0.0033333333333333,2025-12-05T11:50:59Z
CAM,,CE-Gauss,13,1.8058715023770733,0.0033333333333333,2025-12-05T11:51:00Z
CAM,,CE-Gauss,14,-2.260037435930664,0.0033333333333333,2025-12-05T11:51:00Z
CAM,,CE-Gauss,15,-0.5792876126839965,0.0033333333333333,2025-12-05T11:51:00Z
CAM,,CE-Gauss,16,-0.246160569145729,0.0033333333333333,2025-12-05T11:51:00Z
CAM,,CE-Gauss,17,-1.9646506109110025,0.0033333333333333,2025-12-05T11:51:00Z
CAM,,CE-Gauss,18,-0.4975656700577366,0.0033333333333333,2025-12-05T11:51:01Z
CAM,,CE-Gauss,19,-0.8720995874424098,0.0033333333333333,2025-12-05T11:51:01Z
CAM,,CE-Gauss,20,-2.191100547044563,0.0033333333333333,2025-12-05T11:51:01Z
CAM,,CE-Gauss,21,-0.2314971251777022,0.0033333333333333,2025-12-05T11:51:01Z
CAM,,CE-Gauss,22,-0.2566153103685531,0.0033333333333333,2025-12-05T11:51:02Z
CAM,,CE-Gauss,23,0.6344384052251159,0.0033333333333333,2025-12-05T11:51:02Z
CAM,,CE-Gauss,24,2.868132723449212,0.0033333333333333,2025-12-05T11:51:02Z
CAM,,CE-Gauss,25,-0.4173676892250158,0.0033333333333333,2025-12-05T11:51:02Z
CAM,,CE-Gauss,26,-0.8398073686790652,0.0033333333333333,2025-12-05T11:51:02Z
CAM,,CE-Gauss,27,-0.2597910177023728,0.0033333333333333,2025-12-05T11:51:03Z
CAM,,CE-Gauss,28,-0.3985425219067627,0.0033333333333333,2025-12-05T11:51:03Z
CAM,,CE-Gauss,29,0.0633096975814061,0.0033333333333333,2025-12-05T11:51:03Z
CAM,,CE-Gauss,30,-1.2675057522735411,0.0033333333333333,2025-12-05T11:51:03Z
CAM,,CE-Gauss,31,-4.525096717625431,0.0033333333333333,2025-12-05T11:51:03Z
CAM,,CE-Gauss,32,1.8891450430008123,0.0033333333333333,2025-12-05T11:51:04Z
CAM,,CE-Gauss,33,-1.4624039106255942,0.0033333333333333,2025-12-05T11:51:04Z
CAM,,CE-Gauss,34,-2.7126685822804832,0.0033333333333333,2025-12-05T11:51:04Z
CAM,,CE-Gauss,35,-2.147014622202975,0.0033333333333333,2025-12-05T11:51:04Z
CAM,,CE-Gauss,36,3.2402874172763148,0.0033333333333333,2025-12-05T11:51:05Z
CAM,,CE-Gauss,37,-0.200420844582497,0.0033333333333333,2025-12-05T11:51:05Z
CAM,,CE-Gauss,38,-0.2937807878865639,0.0033333333333333,2025-12-05T11:51:05Z
CAM,,CE-Gauss,39,-2.5293588872088777,0.0033333333333333,2025-12-05T11:51:05Z
CAM,,CE-Gauss,40,2.789518732257106,0.0033333333333333,2025-12-05T11:51:05Z
CAM,,CE-Gauss,41,-0.2847246723678816,0.0033333333333333,2025-12-05T11:51:06Z
CAM,,CE-Gauss,42,-0.2715477565492248,0.0033333333333333,2025-12-05T11:51:06Z
CAM,,CE-Gauss,43,-0.5837239883568677,0.0033333333333333,2025-12-05T11:51:06Z
CAM,,CE-Gauss,44,2.556703577700504,0.0033333333333333,2025-12-05T11:51:06Z
CAM,,CE-Gauss,45,-0.9640867648733128,0.0033333333333333,2025-12-05T11:51:07Z
CAM,,CE-Gauss,46,-1.730485678914223,0.0033333333333333,2025-12-05T11:51:07Z
CAM,,CE-Gauss,47,-0.4000361791651572,0.0033333333333333,2025-12-05T11:51:07Z
CAM,,CE-Gauss,48,-0.437982024653706,0.0033333333333333,2025-12-05T11:51:07Z
CAM,,CE-Gauss,49,4.147847054970288,0.0033333333333333,2025-12-05T11:51:07Z
CAM,,CE-Gauss,50,-1.7828863785086453,0.0033333333333333,2025-12-05T11:51:08Z
CAM,,CE-Gauss,51,-0.6491598260722011,0.0033333333333333,2025-12-05T11:51:08Z
CAM,,CE-Gauss,52,-2.522856721901509,0.0033333333333333,2025-12-05T11:51:08Z
CAM,,CE-Gauss,53,-1.2011325353221136,0.0033333333333333,2025-12-05T11:51:08Z
CAM,,CE-Gauss,54,0.1701097171237663,0.0033333333333333,2025-12-05T11:51:08Z
CAM,,CE-Gauss,55,-2.3476160128035115,0.0033333333333333,2025-12-05T11:51:09Z
CAM,,CE-Gauss,56,-1.1402712711154686,0.0033333333333333,2025-12-05T11:51:09Z
CAM,,CE-Gauss,57,-1.0007620182108377,0.0033333333333333,2025-12-05T11:51:09Z
CAM,,CE-Gauss,58,-3.9331642620374847,0.0033333333333333,2025-12-05T11:51:09Z
CAM,,CE-Gauss,59,-0.2619468978060805,0.0033333333333333,2025-12-05T11:51:10Z
CAM,,CE-Gauss,60,2.0835801347576663,0.0033333333333333,2025-12-05T11:51:10Z
CAM,,CE-Gauss,61,1.4549782604422938,0.0033333333333333,2025-12-05T11:51:10Z
CAM,,CE-Gauss,62,-0.7803505609160325,0.0033333333333333,2025-12-05T11:51:10Z
CAM,,CE-Gauss,63,0.0006569470218547,0.0033333333333333,2025-12-05T11:51:10Z
CAM,,CE-Gauss,64,-0.5264675239128309,0.0033333333333333,2025-12-05T11:51:11Z
CAM,,CE-Gauss,65,2.076111567252455,0.0033333333333333,2025-12-05T11:51:11Z
CAM,,CE-Gauss,66,-2.546733692325417,0.0033333333333333,2025-12-05T11:51:11Z
CAM,,CE-Gauss,67,-1.5490401221080397,0.0033333333333333,2025-12-05T11:51:11Z
CAM,,CE-Gauss,68,0.9743140067356502,0.0033333333333333,2025-12-05T11:51:11Z
CAM,,CE-Gauss,69,-0.1223281693029347,0.0033333333333333,2025-12-05T11:51:12Z
CAM,,CE-Gauss,70,1.5666492857436656,0.0033333333333333,2025-12-05T11:51:12Z
CAM,,CE-Gauss,71,-1.3122784727913386,0.0033333333333333,2025-12-05T11:51:12Z
CAM,,CE-Gauss,72,-0.7988922947474197,0.0033333333333333,2025-12-05T11:51:12Z
CAM,,CE-Gauss,73,-1.81077681811861,0.0033333333333333,2025-12-05T11:51:13Z
CAM,,CE-Gauss,74,-2.734623085909874,0.0033333333333333,2025-12-05T11:51:13Z
CAM,,CE-Gauss,75,3.6873177793986778,0.0033333333333333,2025-12-05T11:51:13Z
CAM,,CE-Gauss,76,-0.9809475199705684,0.0033333333333333,2025-12-05T11:51:13Z
CAM,,CE-Gauss,77,-1.4042893834229886,0.0033333333333333,2025-12-05T11:51:13Z
CAM,,CE-Gauss,78,-0.532963785600906,0.0033333333333333,2025-12-05T11:51:14Z
CAM,,CE-Gauss,79,3.0194855951238875,0.0033333333333333,2025-12-05T11:51:14Z
CAM,,CE-Gauss,80,-3.1351277650527787,0.0033333333333333,2025-12-05T11:51:14Z
CAM,,CE-Gauss,81,-0.28111164968713,0.0033333333333333,2025-12-05T11:51:14Z
CAM,,CE-Gauss,82,-0.28484220712435,0.0033333333333333,2025-12-05T11:51:15Z
CAM,,CE-Gauss,83,-0.3877260823989339,0.0033333333333333,2025-12-05T11:51:15Z
CAM,,CE-Gauss,84,-3.177659377833082,0.0033333333333333,2025-12-05T11:51:15Z
CAM,,CE-Gauss,85,2.620990568476275,0.0033333333333333,2025-12-05T11:51:15Z
CAM,,CE-Gauss,86,-2.038467314194472,0.0033333333333333,2025-12-05T11:51:15Z
CAM,,CE-Gauss,87,2.0664963422281666,0.0033333333333333,2025-12-05T11:51:16Z
CAM,,CE-Gauss,88,-0.2546571597736515,0.0033333333333333,2025-12-05T11:51:16Z
CAM,,CE-Gauss,89,-3.689165259742398,0.0033333333333333,2025-12-05T11:51:16Z
CAM,,CE-Gauss,90,-0.5369097423389534,0.0033333333333333,2025-12-05T11:51:16Z
CAM,,CE-Gauss,91,1.584581205530298,0.0033333333333333,2025-12-05T11:51:16Z
CAM,,CE-Gauss,92,-1.3865021034219225,0.0033333333333333,2025-12-05T11:51:17Z
CAM,,CE-Gauss,93,-0.3655200355184831,0.0033333333333333,2025-12-05T11:51:17Z
CAM,,CE-Gauss,94,0.065493121811365,0.0033333333333333,2025-12-05T11:51:17Z
CAM,,CE-Gauss,95,-0.9796201718725152,0.0033333333333333,2025-12-05T11:51:17Z
CAM,,CE-Gauss,96,-0.2215529179108353,0.0033333333333333,2025-12-05T11:51:18Z
CAM,,CE-Gauss,97,-1.5600115925869016,0.0033333333333333,2025-12-05T11:51:18Z
CAM,,CE-Gauss,98,-2.7054411789503607,0.0033333333333333,2025-12-05T11:51:18Z
CAM,,CE-Gauss,99,-1.5577007986017828,0.0033333333333333,2025-12-05T11:51:18Z
CAM,,CE-Gauss,100,-2.2555239182492737,0.0033333333333333,2025-12-05T11:51:18Z
CAM,,CE-Gauss,101,3.0697152916352484,0.0033333333333333,2025-12-05T11:51:19Z
CAM,,CE-Gauss,102,-1.1567983996761213,0.0033333333333333,2025-12-05T11:51:19Z
CAM,,CE-Gauss,103,1.5997299299783785,0.0033333333333333,2025-12-05T11:51:19Z
CAM,,CE-Gauss,104,-0.6825481945798693,0.0033333333333333,2025-12-05T11:51:19Z
CAM,,CE-Gauss,105,1.474197376691127,0.0033333333333333,2025-12-05T11:51:20Z
CAM,,CE-Gauss,106,-0.2975006738195938,0.0033333333333333,2025-12-05T11:51:20Z
CAM,,CE-Gauss,107,-0.2906130867913267,0.0033333333333333,2025-12-05T11:51:20Z
CAM,,CE-Gauss,108,0.4503136538789895,0.0033333333333333,2025-12-05T11:51:20Z
CAM,,CE-Gauss,109,0.8009391722026535,0.0033333333333333,2025-12-05T11:51:20Z
CAM,,CE-Gauss,110,-0.5050880719521806,0.0033333333333333,2025-12-05T11:51:21Z
CAM,,CE-Gauss,111,2.2164179193043907,0.0033333333333333,2025-12-05T11:51:21Z
CAM,,CE-Gauss,112,-1.4559035530804176,0.0033333333333333,2025-12-05T11:51:21Z
CAM,,CE-Gauss,113,-2.710021987841549,0.0033333333333333,2025-12-05T11:51:21Z
CAM,,CE-Gauss,114,-0.572747129317158,0.0033333333333333,2025-12-05T11:51:22Z
CAM,,CE-Gauss,115,-1.0010664216418743,0.0033333333333333,2025-12-05T11:51:22Z
CAM,,CE-Gauss,116,-1.7915077440623894,0.0033333333333333,2025-12-05T11:51:22Z
CAM,,CE-Gauss,117,-0.2232875762818145,0.0033333333333333,2025-12-05T11:51:22Z
CAM,,CE-Gauss,118,-0.0079600077665127,0.0033333333333333,2025-12-05T11:51:22Z
CAM,,CE-Gauss,119,-3.022806684287454,0.0033333333333333,2025-12-05T11:51:23Z
CAM,,CE-Gauss,120,-0.7500502279642898,0.0033333333333333,2025-12-05T11:51:23Z
CAM,,CE-Gauss,121,-1.1765855595436665,0.0033333333333333,2025-12-05T11:51:23Z
CAM,,CE-Gauss,122,2.369366902774376,0.0033333333333333,2025-12-05T11:51:23Z
CAM,,CE-Gauss,123,3.607748322417078,0.0033333333333333,2025-12-05T11:51:24Z
CAM,,CE-Gauss,124,0.1494295578440659,0.0033333333333333,2025-12-05T11:51:24Z
CAM,,CE-Gauss,125,-3.13858291895714,0.0033333333333333,2025-12-05T11:51:24Z
CAM,,CE-Gauss,126,0.1903259168121272,0.0033333333333333,2025-12-05T11:51:24Z
CAM,,CE-Gauss,127,-0.5574083830234767,0.0033333333333333,2025-12-05T11:51:24Z
CAM,,CE-Gauss,128,-0.4647171130750266,0.0033333333333333,2025-12-05T11:51:25Z
CAM,,CE-Gauss,129,-2.0937118205617407,0.0033333333333333,2025-12-05T11:51:25Z
CAM,,CE-Gauss,130,-2.1261556549876808,0.0033333333333333,2025-12-05T11:51:25Z
CAM,,CE-Gauss,131,-2.452242003373847,0.0033333333333333,2025-12-05T11:51:25Z
CAM,,CE-Gauss,132,-0.8198462767133188,0.0033333333333333,2025-12-05T11:51:25Z
CAM,,CE-Gauss,133,-1.785446850689584,0.0033333333333333,2025-12-05T11:51:26Z
CAM,,CE-Gauss,134,-0.9018516086668598,0.0033333333333333,2025-12-05T11:51:26Z
CAM,,CE-Gauss,135,-1.5135255857896808,0.0033333333333333,2025-12-05T11:51:26Z
CAM,,CE-Gauss,136,-1.9318510787691143,0.0033333333333333,2025-12-05T11:51:26Z
CAM,,CE-Gauss,137,-0.9169506583305024,0.0033333333333333,2025-12-05T11:51:27Z
CAM,,CE-Gauss,138,1.7575318794895058,0.0033333333333333,2025-12-05T11:51:27Z
CAM,,CE-Gauss,139,-2.764005802907908,0.0033333333333333,2025-12-05T11:51:27Z
CAM,,CE-Gauss,140,-1.1472483214945346,0.0033333333333333,2025-12-05T11:51:27Z
CAM,,CE-Gauss,141,-3.1132545650176064,0.0033333333333333,2025-12-05T11:51:27Z
CAM,,CE-Gauss,142,-1.2016513954811208,0.0033333333333333,2025-12-05T11:51:28Z
CAM,,CE-Gauss,143,0.7317140966466524,0.0033333333333333,2025-12-05T11:51:28Z
CAM,,CE-Gauss,144,-0.7888001657899295,0.0033333333333333,2025-12-05T11:51:28Z
CAM,,CE-Gauss,145,-0.5366102643773909,0.0033333333333333,2025-12-05T11:51:28Z
CAM,,CE-Gauss,146,-1.2417906861647658,0.0033333333333333,2025-12-05T11:51:29Z
CAM,,CE-Gauss,147,-1.3905293326713126,0.0033333333333333,2025-12-05T11:51:29Z
CAM,,CE-Gauss,148,-1.1943250582810092,0.0033333333333333,2025-12-05T11:51:29Z
CAM,,CE-Gauss,149,-1.2075250248356448,0.0033333333333333,2025-12-05T11:51:29Z
CAM,,CE-Gauss,150,0.7486250293925139,0.0033333333333333,2025-12-05T11:51:30Z
CAM,,CE-Gauss,151,-3.690223813891317,0.0033333333333333,2025-12-05T11:51:30Z
CAM,,CE-Gauss,152,-1.1990311670702103,0.0033333333333333,2025-12-05T11:51:30Z
CAM,,CE-Gauss,153,-0.8849762698135833,0.0033333333333333,2025-12-05T11:51:30Z
CAM,,CE-Gauss,154,-1.917373594471805,0.0033333333333333,2025-12-05T11:51:30Z
CAM,,CE-Gauss,155,-2.2195872465687905,0.0033333333333333,2025-12-05T11:51:31Z
CAM,,CE-Gauss,156,-1.9946257274938497,0.0033333333333333,2025-12-05T11:51:31Z
CAM,,CE-Gauss,157,-3.662779389983649,0.0033333333333333,2025-12-05T11:51:31Z
CAM,,CE-Gauss,158,-1.077501765614605,0.0033333333333333,2025-12-05T11:51:31Z
CAM,,CE-Gauss,159,-2.193223186531262,0.0033333333333333,2025-12-05T11:51:32Z
CAM,,CE-Gauss,160,-0.8822258549206443,0.0033333333333333,2025-12-05T11:51:32Z
CAM,,CE-Gauss,161,-1.3394583598738157,0.0033333333333333,2025-12-05T11:51:32Z
CAM,,CE-Gauss,162,2.447585128125338,0.0033333333333333,2025-12-05T11:51:32Z
CAM,,CE-Gauss,163,-2.189758436340534,0.0033333333333333,2025-12-05T11:51:32Z
CAM,,CE-Gauss,164,-0.3952085932208362,0.0033333333333333,2025-12-05T11:51:33Z
CAM,,CE-Gauss,165,-1.3620819896103964,0.0033333333333333,2025-12-05T11:51:33Z
CAM,,CE-Gauss,166,-1.1246824762448075,0.0033333333333333,2025-12-05T11:51:33Z
CAM,,CE-Gauss,167,-1.368383884140867,0.0033333333333333,2025-12-05T11:51:33Z
CAM,,CE-Gauss,168,-1.1247920476207236,0.0033333333333333,2025-12-05T11:51:34Z
CAM,,CE-Gauss,169,-0.3251942377707484,0.0033333333333333,2025-12-05T11:51:34Z
CAM,,CE-Gauss,170,3.5964130995847454,0.0033333333333333,2025-12-05T11:51:34Z
CAM,,CE-Gauss,171,-0.1304112329030503,0.0033333333333333,2025-12-05T11:51:34Z
CAM,,CE-Gauss,172,-2.231648341234364,0.0033333333333333,2025-12-05T11:51:35Z
CAM,,CE-Gauss,173,-0.1924930170049554,0.0033333333333333,2025-12-05T11:51:35Z
CAM,,CE-Gauss,174,-0.8234664036371265,0.0033333333333333,2025-12-05T11:51:35Z
CAM,,CE-Gauss,175,-2.6892748876009764,0.0033333333333333,2025-12-05T11:51:35Z
CAM,,CE-Gauss,176,1.229203459630687,0.0033333333333333,2025-12-05T11:51:35Z
CAM,,CE-Gauss,177,-2.282354009671959,0.0033333333333333,2025-12-05T11:51:36Z
CAM,,CE-Gauss,178,-0.4459857113402813,0.0033333333333333,2025-12-05T11:51:36Z
CAM,,CE-Gauss,179,-0.4567734294199194,0.0033333333333333,2025-12-05T11:51:36Z
CAM,,CE-Gauss,180,2.085748570513024,0.0033333333333333,2025-12-05T11:51:37Z
CAM,,CE-Gauss,181,3.7195874045078376,0.0033333333333333,2025-12-05T11:51:37Z
CAM,,CE-Gauss,182,-0.4237242282327592,0.0033333333333333,2025-12-05T11:51:37Z
CAM,,CE-Gauss,183,-1.3840964174352817,0.0033333333333333,2025-12-05T11:51:37Z
CAM,,CE-Gauss,184,0.762850484523505,0.0033333333333333,2025-12-05T11:51:38Z
CAM,,CE-Gauss,185,2.13166338493738,0.0033333333333333,2025-12-05T11:51:38Z
CAM,,CE-Gauss,186,-0.4713207332828631,0.0033333333333333,2025-12-05T11:51:38Z
CAM,,CE-Gauss,187,-0.4883923541378091,0.0033333333333333,2025-12-05T11:51:38Z
CAM,,CE-Gauss,188,-0.2441277125982022,0.0033333333333333,2025-12-05T11:51:38Z
CAM,,CE-Gauss,189,-1.8107522580777475,0.0033333333333333,2025-12-05T11:51:39Z
CAM,,CE-Gauss,190,-1.189199836156395,0.0033333333333333,2025-12-05T11:51:39Z
CAM,,CE-Gauss,191,1.8769271273518484,0.0033333333333333,2025-12-05T11:51:39Z
CAM,,CE-Gauss,192,-0.8752043045508444,0.0033333333333333,2025-12-05T11:51:39Z
CAM,,CE-Gauss,193,-1.8774277344696093,0.0033333333333333,2025-12-05T11:51:40Z
CAM,,CE-Gauss,194,-1.670578251441642,0.0033333333333333,2025-12-05T11:51:40Z
CAM,,CE-Gauss,195,2.8599424729785534,0.0033333333333333,2025-12-05T11:51:40Z
CAM,,CE-Gauss,196,1.7631127663757196,0.0033333333333333,2025-12-05T11:51:40Z
CAM,,CE-Gauss,197,1.3237970232501133,0.0033333333333333,2025-12-05T11:51:40Z
CAM,,CE-Gauss,198,1.0506702025961647,0.0033333333333333,2025-12-05T11:51:41Z
CAM,,CE-Gauss,199,-0.8765174752468489,0.0033333333333333,2025-12-05T11:51:41Z
CAM,,CE-Gauss,200,-0.5498462141243029,0.0033333333333333,2025-12-05T11:51:41Z
CAM,,CE-Gauss,201,1.3353191647550853,0.0033333333333333,2025-12-05T11:51:41Z
CAM,,CE-Gauss,202,-2.906057500903656,0.0033333333333333,2025-12-05T11:51:42Z
CAM,,CE-Gauss,203,-0.4853627372198619,0.0033333333333333,2025-12-05T11:51:42Z
CAM,,CE-Gauss,204,1.471563745373598,0.0033333333333333,2025-12-05T11:51:42Z
CAM,,CE-Gauss,205,3.40704053239224,0.0033333333333333,2025-12-05T11:51:42Z
CAM,,CE-Gauss,206,2.579350587717645,0.0033333333333333,2025-12-05T11:51:42Z
CAM,,CE-Gauss,207,-1.3720526286601165,0.0033333333333333,2025-12-05T11:51:43Z
CAM,,CE-Gauss,208,-0.9347293864700512,0.0033333333333333,2025-12-05T11:51:43Z
CAM,,CE-Gauss,209,-0.777872856499672,0.0033333333333333,2025-12-05T11:51:43Z
CAM,,CE-Gauss,210,1.8855173480852991,0.0033333333333333,2025-12-05T11:51:43Z
CAM,,CE-Gauss,211,-1.3396162696814442,0.0033333333333333,2025-12-05T11:51:44Z
CAM,,CE-Gauss,212,-0.1387966094994655,0.0033333333333333,2025-12-05T11:51:44Z
CAM,,CE-Gauss,213,-2.0996981680568614,0.0033333333333333,2025-12-05T11:51:44Z
CAM,,CE-Gauss,214,-2.1404536340101936,0.0033333333333333,2025-12-05T11:51:44Z
CAM,,CE-Gauss,215,-0.7011655531226506,0.0033333333333333,2025-12-05T11:51:45Z
CAM,,CE-Gauss,216,0.044190867333953,0.0033333333333333,2025-12-05T11:51:45Z
CAM,,CE-Gauss,217,-1.9302506964582484,0.0033333333333333,2025-12-05T11:51:45Z
CAM,,CE-Gauss,218,2.4666636670583943,0.0033333333333333,2025-12-05T11:51:45Z
CAM,,CE-Gauss,219,-2.762908061800129,0.0033333333333333,2025-12-05T11:51:45Z
CAM,,CE-Gauss,220,-2.45536191978518,0.0033333333333333,2025-12-05T11:51:46Z
CAM,,CE-Gauss,221,-1.149685593843231,0.0033333333333333,2025-12-05T11:51:46Z
CAM,,CE-Gauss,222,-1.6726807169719615,0.0033333333333333,2025-12-05T11:51:46Z
CAM,,CE-Gauss,223,-1.2637109118458256,0.0033333333333333,2025-12-05T11:51:46Z
CAM,,CE-Gauss,224,2.1579306696534,0.0033333333333333,2025-12-05T11:51:47Z
CAM,,CE-Gauss,225,2.6604025785691814,0.0033333333333333,2025-12-05T11:51:47Z
CAM,,CE-Gauss,226,0.1371708688242907,0.0033333333333333,2025-12-05T11:51:47Z
CAM,,CE-Gauss,227,2.666319526530676,0.0033333333333333,2025-12-05T11:51:47Z
CAM,,CE-Gauss,228,2.506422880073924,0.0033333333333333,2025-12-05T11:51:48Z
CAM,,CE-Gauss,229,-1.2162512634951117,0.0033333333333333,2025-12-05T11:51:48Z
CAM,,CE-Gauss,230,-2.2556136531918045,0.0033333333333333,2025-12-05T11:51:48Z
CAM,,CE-Gauss,231,-1.2197485207183247,0.0033333333333333,2025-12-05T11:51:48Z
CAM,,CE-Gauss,232,-1.4070916017293031,0.0033333333333333,2025-12-05T11:51:48Z
CAM,,CE-Gauss,233,-0.306424185791306,0.0033333333333333,2025-12-05T11:51:49Z
CAM,,CE-Gauss,234,4.169427847217697,0.0033333333333333,2025-12-05T11:51:49Z
CAM,,CE-Gauss,235,0.7247495792067965,0.0033333333333333,2025-12-05T11:51:49Z
CAM,,CE-Gauss,236,-1.1906045205203784,0.0033333333333333,2025-12-05T11:51:49Z
CAM,,CE-Gauss,237,0.242266174356677,0.0033333333333333,2025-12-05T11:51:50Z
CAM,,CE-Gauss,238,-0.2899384214553983,0.0033333333333333,2025-12-05T11:51:50Z
CAM,,CE-Gauss,239,-1.6736892295208488,0.0033333333333333,2025-12-05T11:51:50Z
CAM,,CE-Gauss,240,-0.900445354445869,0.0033333333333333,2025-12-05T11:51:50Z
CAM,,CE-Gauss,241,-3.506538461553306,0.0033333333333333,2025-12-05T11:51:51Z
CAM,,CE-Gauss,242,-1.1804003524906013,0.0033333333333333,2025-12-05T11:51:51Z
CAM,,CE-Gauss,243,-1.477144607018508,0.0033333333333333,2025-12-05T11:51:51Z
CAM,,CE-Gauss,244,-0.8237019252847531,0.0033333333333333,2025-12-05T11:51:51Z
CAM,,CE-Gauss,245,3.756537291668226,0.0033333333333333,2025-12-05T11:51:52Z
CAM,,CE-Gauss,246,-0.3413593835336077,0.0033333333333333,2025-12-05T11:51:52Z
CAM,,CE-Gauss,247,-0.511030982442177,0.0033333333333333,2025-12-05T11:51:52Z
CAM,,CE-Gauss,248,-0.3649684693565158,0.0033333333333333,2025-12-05T11:51:52Z
CAM,,CE-Gauss,249,-0.6797217279528344,0.0033333333333333,2025-12-05T11:51:52Z
CAM,,CE-Gauss,250,-3.6549806352079295,0.0033333333333333,2025-12-05T11:51:53Z
CAM,,CE-Gauss,251,-0.861896037910252,0.0033333333333333,2025-12-05T11:51:53Z
CAM,,CE-Gauss,252,-0.5316962021396027,0.0033333333333333,2025-12-05T11:51:53Z
CAM,,CE-Gauss,253,-0.9324124599326248,0.0033333333333333,2025-12-05T11:51:53Z
CAM,,CE-Gauss,254,1.02183758914578,0.0033333333333333,2025-12-05T11:51:54Z
CAM,,CE-Gauss,255,-1.5955619339043756,0.0033333333333333,2025-12-05T11:51:54Z
CAM,,CE-Gauss,256,-0.947846331228532,0.0033333333333333,2025-12-05T11:51:54Z
CAM,,CE-Gauss,257,-0.6368270454365141,0.0033333333333333,2025-12-05T11:51:54Z
CAM,,CE-Gauss,258,-1.5115816197838492,0.0033333333333333,2025-12-05T11:51:55Z
CAM,,CE-Gauss,259,-0.2977941564514601,0.0033333333333333,2025-12-05T11:51:55Z
CAM,,CE-Gauss,260,-0.2465856305728962,0.0033333333333333,2025-12-05T11:51:55Z
CAM,,CE-Gauss,261,-0.1877416230828104,0.0033333333333333,2025-12-05T11:51:55Z
CAM,,CE-Gauss,262,-0.5650817148783822,0.0033333333333333,2025-12-05T11:51:55Z
CAM,,CE-Gauss,263,-1.5021817271297069,0.0033333333333333,2025-12-05T11:51:56Z
CAM,,CE-Gauss,264,-0.291630585581726,0.0033333333333333,2025-12-05T11:51:56Z
CAM,,CE-Gauss,265,-1.0682016365260436,0.0033333333333333,2025-12-05T11:51:56Z
CAM,,CE-Gauss,266,-2.5623774524227105,0.0033333333333333,2025-12-05T11:51:56Z
CAM,,CE-Gauss,267,-0.9148317060375586,0.0033333333333333,2025-12-05T11:51:57Z
CAM,,CE-Gauss,268,-1.4659761845681647,0.0033333333333333,2025-12-05T11:51:57Z
CAM,,CE-Gauss,269,-1.9909814210710115,0.0033333333333333,2025-12-05T11:51:57Z
CAM,,CE-Gauss,270,-3.069760668468921,0.0033333333333333,2025-12-05T11:51:57Z
CAM,,CE-Gauss,271,3.1701875659015504,0.0033333333333333,2025-12-05T11:51:58Z
CAM,,CE-Gauss,272,-0.153174959550313,0.0033333333333333,2025-12-05T11:51:58Z
CAM,,CE-Gauss,273,-0.9588226891228124,0.0033333333333333,2025-12-05T11:51:58Z
CAM,,CE-Gauss,274,-0.2893133144752051,0.0033333333333333,2025-12-05T11:51:58Z
CAM,,CE-Gauss,275,2.271330185263208,0.0033333333333333,2025-12-05T11:51:59Z
CAM,,CE-Gauss,276,-0.2944400021846641,0.0033333333333333,2025-12-05T11:51:59Z
CAM,,CE-Gauss,277,-0.5081513324576976,0.0033333333333333,2025-12-05T11:51:59Z
CAM,,CE-Gauss,278,-0.6867353976672166,0.0033333333333333,2025-12-05T11:51:59Z
CAM,,CE-Gauss,279,-3.0167401414003687,0.0033333333333333,2025-12-05T11:52:00Z
CAM,,CE-Gauss,280,-1.1591705473333362,0.0033333333333333,2025-12-05T11:52:00Z
CAM,,CE-Gauss,281,-1.74456531522437,0.0033333333333333,2025-12-05T11:52:00Z
CAM,,CE-Gauss,282,-0.2396308601184179,0.0033333333333333,2025-12-05T11:52:00Z
CAM,,CE-Gauss,283,-1.0563961408779026,0.0033333333333333,2025-12-05T11:52:00Z
CAM,,CE-Gauss,284,-0.3914097742631562,0.0033333333333333,2025-12-05T11:52:01Z
CAM,,CE-Gauss,285,-2.5098345934718704,0.0033333333333333,2025-12-05T11:52:01Z
CAM,,CE-Gauss,286,2.235424064341977,0.0033333333333333,2025-12-05T11:52:01Z
CAM,,CE-Gauss,287,-3.348488202019148,0.0033333333333333,2025-12-05T11:52:01Z
CAM,,CE-Gauss,288,3.1180611798531386,0.0033333333333333,2025-12-05T11:52:02Z
CAM,,CE-Gauss,289,-1.7244641550763922,0.0033333333333333,2025-12-05T11:52:02Z
CAM,,CE-Gauss,290,-1.4032091878756623,0.0033333333333333,2025-12-05T11:52:02Z
CAM,,CE-Gauss,291,0.4556169940739609,0.0033333333333333,2025-12-05T11:52:02Z
CAM,,CE-Gauss,292,-0.1627067223219187,0.0033333333333333,2025-12-05T11:52:03Z
CAM,,CE-Gauss,293,-0.3757735930842996,0.0033333333333333,2025-12-05T11:52:03Z
CAM,,CE-Gauss,294,-0.8124606720632278,0.0033333333333333,2025-12-05T11:52:03Z
CAM,,CE-Gauss,295,-2.36575052876778,0.0033333333333333,2025-12-05T11:52:03Z
CAM,,CE-Gauss,296,-1.3401623284860211,0.0033333333333333,2025-12-05T11:52:04Z
CAM,,CE-Gauss,297,-1.3611560522082673,0.0033333333333333,2025-12-05T11:52:04Z
CAM,,CE-Gauss,298,-0.5725621499387674,0.0033333333333333,2025-12-05T11:52:04Z
CAM,,CE-Gauss,299,0.2737480408440899,0.0033333333333333,2025-12-05T11:52:04Z
CAM,,CE-Gauss,300,-1.960069846435788,0.0033333333333333,2025-12-05T11:52:05Z
CAM,,CE-Multi,1,-0.5589919693752647,0.0033333333333333,2025-12-05T11:52:05Z
CAM,,CE-Multi,2,-3.030664112877292,0.0033333333333333,2025-12-05T11:52:05Z
CAM,,CE-Multi,3,-0.8788422697992813,0.0033333333333333,2025-12-05T11:52:05Z
CAM,,CE-Multi,4,0.0721387162212796,0.0033333333333333,2025-12-05T11:52:06Z
CAM,,CE-Multi,5,1.4741761475741082,0.0033333333333333,2025-12-05T11:52:06Z
CAM,,CE-Multi,6,4.75472461907405,0.0033333333333333,2025-12-05T11:52:06Z
CAM,,CE-Multi,7,-2.9993614991566484,0.0033333333333333,2025-12-05T11:52:06Z
CAM,,CE-Multi,8,2.115994227167352,0.0033333333333333,2025-12-05T11:52:07Z
CAM,,CE-Multi,9,-2.325747360286196,0.0033333333333333,2025-12-05T11:52:07Z
CAM,,CE-Multi,10,-0.5151613959845684,0.0033333333333333,2025-12-05T11:52:07Z
CAM,,CE-Multi,11,-2.3054001499108168,0.0033333333333333,2025-12-05T11:52:07Z
CAM,,CE-Multi,12,-0.452784953752864,0.0033333333333333,2025-12-05T11:52:08Z
CAM,,CE-Multi,13,0.3834966464231784,0.0033333333333333,2025-12-05T11:52:08Z
CAM,,CE-Multi,14,-1.066251930335185,0.0033333333333333,2025-12-05T11:52:08Z
CAM,,CE-Multi,15,-0.3809554611964358,0.0033333333333333,2025-12-05T11:52:08Z
CAM,,CE-Multi,16,0.8338446762892266,0.0033333333333333,2025-12-05T11:52:09Z
CAM,,CE-Multi,17,1.7174845677141644,0.0033333333333333,2025-12-05T11:52:09Z
CAM,,CE-Multi,18,-0.4668032607281854,0.0033333333333333,2025-12-05T11:52:09Z
CAM,,CE-Multi,19,-2.218370016905981,0.0033333333333333,2025-12-05T11:52:09Z
CAM,,CE-Multi,20,0.2845675994973771,0.0033333333333333,2025-12-05T11:52:10Z
CAM,,CE-Multi,21,3.907903119166276,0.0033333333333333,2025-12-05T11:52:10Z
CAM,,CE-Multi,22,-2.932617213773368,0.0033333333333333,2025-12-05T11:52:10Z
CAM,,CE-Multi,23,-0.9123474418685786,0.0033333333333333,2025-12-05T11:52:10Z
CAM,,CE-Multi,24,-1.0143329062048978,0.0033333333333333,2025-12-05T11:52:10Z
CAM,,CE-Multi,25,-1.869896057628452,0.0033333333333333,2025-12-05T11:52:11Z
CAM,,CE-Multi,26,-0.5613593768026754,0.0033333333333333,2025-12-05T11:52:11Z
CAM,,CE-Multi,27,0.871452754743297,0.0033333333333333,2025-12-05T11:52:11Z
CAM,,CE-Multi,28,-0.4223926288750262,0.0033333333333333,2025-12-05T11:52:11Z
CAM,,CE-Multi,29,-0.5199925982670247,0.0033333333333333,2025-12-05T11:52:12Z
CAM,,CE-Multi,30,0.4437364595105005,0.0033333333333333,2025-12-05T11:52:12Z
CAM,,CE-Multi,31,-7.865648935974625,0.0033333333333333,2025-12-05T11:52:12Z
CAM,,CE-Multi,32,-0.5788651571097606,0.0033333333333333,2025-12-05T11:52:12Z
CAM,,CE-Multi,33,-1.889083871009956,0.0033333333333333,2025-12-05T11:52:13Z
CAM,,CE-Multi,34,-5.43219099037057,0.0033333333333333,2025-12-05T11:52:13Z
CAM,,CE-Multi,35,1.058121545377271,0.0033333333333333,2025-12-05T11:52:13Z
CAM,,CE-Multi,36,1.0782469533893122,0.0033333333333333,2025-12-05T11:52:13Z
CAM,,CE-Multi,37,-4.507611167812046,0.0033333333333333,2025-12-05T11:52:14Z
CAM,,CE-Multi,38,-0.5791737534418289,0.0033333333333333,2025-12-05T11:52:14Z
CAM,,CE-Multi,39,-1.4780191520455397,0.0033333333333333,2025-12-05T11:52:14Z
CAM,,CE-Multi,40,3.6277130914490905,0.0033333333333333,2025-12-05T11:52:14Z
CAM,,CE-Multi,41,1.2204078186256968,0.0033333333333333,2025-12-05T11:52:15Z
CAM,,CE-Multi,42,-0.2253294351509774,0.0033333333333333,2025-12-05T11:52:15Z
CAM,,CE-Multi,43,-0.6400189691514658,0.0033333333333333,2025-12-05T11:52:15Z
CAM,,CE-Multi,44,-1.9847561047072977,0.0033333333333333,2025-12-05T11:52:15Z
CAM,,CE-Multi,45,-0.3992177164838018,0.0033333333333333,2025-12-05T11:52:16Z
CAM,,CE-Multi,46,0.2837866793622631,0.0033333333333333,2025-12-05T11:52:16Z
CAM,,CE-Multi,47,0.5137266873984024,0.0033333333333333,2025-12-05T11:52:16Z
CAM,,CE-Multi,48,-0.3115750563906354,0.0033333333333333,2025-12-05T11:52:16Z
CAM,,CE-Multi,49,0.6336900724240284,0.0033333333333333,2025-12-05T11:52:17Z
CAM,,CE-Multi,50,-0.4420664484182385,0.0033333333333333,2025-12-05T11:52:17Z
CAM,,CE-Multi,51,0.144777542980939,0.0033333333333333,2025-12-05T11:52:17Z
CAM,,CE-Multi,52,1.7926147096469405,0.0033333333333333,2025-12-05T11:52:17Z
CAM,,CE-Multi,53,-0.4363775240333238,0.0033333333333333,2025-12-05T11:52:18Z
CAM,,CE-Multi,54,-1.0101443565776531,0.0033333333333333,2025-12-05T11:52:18Z
CAM,,CE-Multi,55,-1.3676606000785694,0.0033333333333333,2025-12-05T11:52:18Z
CAM,,CE-Multi,56,-0.3392860664547446,0.0033333333333333,2025-12-05T11:52:18Z
CAM,,CE-Multi,57,2.1984512352908303,0.0033333333333333,2025-12-05T11:52:19Z
CAM,,CE-Multi,58,-0.0826681062610094,0.0033333333333333,2025-12-05T11:52:19Z
CAM,,CE-Multi,59,4.674011100994837,0.0033333333333333,2025-12-05T11:52:19Z
CAM,,CE-Multi,60,0.2336127153729563,0.0033333333333333,2025-12-05T11:52:19Z
CAM,,CE-Multi,61,-0.2896477447221568,0.0033333333333333,2025-12-05T11:52:20Z
CAM,,CE-Multi,62,2.3912254786434897,0.0033333333333333,2025-12-05T11:52:20Z
CAM,,CE-Multi,63,-1.7048846441794088,0.0033333333333333,2025-12-05T11:52:20Z
CAM,,CE-Multi,64,-0.5343342598009589,0.0033333333333333,2025-12-05T11:52:20Z
CAM,,CE-Multi,65,1.8589773000397416,0.0033333333333333,2025-12-05T11:52:21Z
CAM,,CE-Multi,66,-0.303316631429359,0.0033333333333333,2025-12-05T11:52:21Z
CAM,,CE-Multi,67,2.447878155778135,0.0033333333333333,2025-12-05T11:52:21Z
CAM,,CE-Multi,68,-5.644128233031765,0.0033333333333333,2025-12-05T11:52:21Z
CAM,,CE-Multi,69,1.0802573922178274,0.0033333333333333,2025-12-05T11:52:21Z
CAM,,CE-Multi,70,-0.2709889510223196,0.0033333333333333,2025-12-05T11:52:22Z
CAM,,CE-Multi,71,2.95013824692105,0.0033333333333333,2025-12-05T11:52:22Z
CAM,,CE-Multi,72,0.5080590391017749,0.0033333333333333,2025-12-05T11:52:22Z
CAM,,CE-Multi,73,-0.4325675324732237,0.0033333333333333,2025-12-05T11:52:22Z
CAM,,CE-Multi,74,-2.674749285361623,0.0033333333333333,2025-12-05T11:52:23Z
CAM,,CE-Multi,75,1.2467224185036223,0.0033333333333333,2025-12-05T11:52:23Z
CAM,,CE-Multi,76,-0.3069671881355239,0.0033333333333333,2025-12-05T11:52:23Z
CAM,,CE-Multi,77,-0.6990959380213491,0.0033333333333333,2025-12-05T11:52:24Z
CAM,,CE-Multi,78,-0.4853308857976064,0.0033333333333333,2025-12-05T11:52:24Z
CAM,,CE-Multi,79,4.692369584838089,0.0033333333333333,2025-12-05T11:52:24Z
CAM,,CE-Multi,80,6.569760452807064,0.0033333333333333,2025-12-05T11:52:24Z
CAM,,CE-Multi,81,-4.220058865929157,0.0033333333333333,2025-12-05T11:52:25Z
CAM,,CE-Multi,82,-0.4376735363368406,0.0033333333333333,2025-12-05T11:52:25Z
CAM,,CE-Multi,83,-0.9534892982443124,0.0033333333333333,2025-12-05T11:52:25Z
CAM,,CE-Multi,84,-2.165578975091333,0.0033333333333333,2025-12-05T11:52:25Z
CAM,,CE-Multi,85,0.5809457400548382,0.0033333333333333,2025-12-05T11:52:26Z
CAM,,CE-Multi,86,1.9089185661178425,0.0033333333333333,2025-12-05T11:52:26Z
CAM,,CE-Multi,87,1.757311189685308,0.0033333333333333,2025-12-05T11:52:26Z
CAM,,CE-Multi,88,-1.955094494112116,0.0033333333333333,2025-12-05T11:52:26Z
CAM,,CE-Multi,89,-1.575093454818583,0.0033333333333333,2025-12-05T11:52:26Z
CAM,,CE-Multi,90,-0.2251767373065637,0.0033333333333333,2025-12-05T11:52:27Z
CAM,,CE-Multi,91,1.0811512669426262,0.0033333333333333,2025-12-05T11:52:27Z
CAM,,CE-Multi,92,-1.028326815572714,0.0033333333333333,2025-12-05T11:52:27Z
CAM,,CE-Multi,93,-4.333450930905751,0.0033333333333333,2025-12-05T11:52:27Z
CAM,,CE-Multi,94,-2.5552747955058086,0.0033333333333333,2025-12-05T11:52:28Z
CAM,,CE-Multi,95,1.6994841704638373,0.0033333333333333,2025-12-05T11:52:28Z
CAM,,CE-Multi,96,-0.2507706939527697,0.0033333333333333,2025-12-05T11:52:28Z
CAM,,CE-Multi,97,-8.025610783921435,0.0033333333333333,2025-12-05T11:52:28Z
CAM,,CE-Multi,98,-3.50902730777624,0.0033333333333333,2025-12-05T11:52:29Z
CAM,,CE-Multi,99,-0.3716535192203173,0.0033333333333333,2025-12-05T11:52:29Z
CAM,,CE-Multi,100,-0.6858034614386334,0.0033333333333333,2025-12-05T11:52:29Z
CAM,,CE-Multi,101,-0.5180227966039606,0.0033333333333333,2025-12-05T11:52:29Z
CAM,,CE-Multi,102,0.1216136070105708,0.0033333333333333,2025-12-05T11:52:30Z
CAM,,CE-Multi,103,2.027809090513285,0.0033333333333333,2025-12-05T11:52:30Z
CAM,,CE-Multi,104,-5.677978154449496,0.0033333333333333,2025-12-05T11:52:30Z
CAM,,CE-Multi,105,-0.8082864206897513,0.0033333333333333,2025-12-05T11:52:30Z
CAM,,CE-Multi,106,1.4396531812025897,0.0033333333333333,2025-12-05T11:52:31Z
CAM,,CE-Multi,107,3.12543508489113,0.0033333333333333,2025-12-05T11:52:31Z
CAM,,CE-Multi,108,-0.7495823750762628,0.0033333333333333,2025-12-05T11:52:31Z
CAM,,CE-Multi,109,-1.2916256055405524,0.0033333333333333,2025-12-05T11:52:31Z
CAM,,CE-Multi,110,1.7442210256916766,0.0033333333333333,2025-12-05T11:52:32Z
CAM,,CE-Multi,111,1.1149805766656795,0.0033333333333333,2025-12-05T11:52:32Z
CAM,,CE-Multi,112,1.2594667137608977,0.0033333333333333,2025-12-05T11:52:32Z
CAM,,CE-Multi,113,0.0377558890518616,0.0033333333333333,2025-12-05T11:52:33Z
CAM,,CE-Multi,114,1.5269534498061543,0.0033333333333333,2025-12-05T11:52:33Z
CAM,,CE-Multi,115,-2.028979104727913,0.0033333333333333,2025-12-05T11:52:33Z
CAM,,CE-Multi,116,-2.147459299145013,0.0033333333333333,2025-12-05T11:52:33Z
CAM,,CE-Multi,117,-0.4201236282169337,0.0033333333333333,2025-12-05T11:52:34Z
CAM,,CE-Multi,118,3.852875081779272,0.0033333333333333,2025-12-05T11:52:34Z
CAM,,CE-Multi,119,-1.6770042461306385,0.0033333333333333,2025-12-05T11:52:34Z
CAM,,CE-Multi,120,-1.1217442895075511,0.0033333333333333,2025-12-05T11:52:34Z
CAM,,CE-Multi,121,1.7723043359444188,0.0033333333333333,2025-12-05T11:52:35Z
CAM,,CE-Multi,122,-1.5058892560739918,0.0033333333333333,2025-12-05T11:52:35Z
CAM,,CE-Multi,123,-0.9043148726624644,0.0033333333333333,2025-12-05T11:52:35Z
CAM,,CE-Multi,124,-1.2223363824446811,0.0033333333333333,2025-12-05T11:52:35Z
CAM,,CE-Multi,125,0.2768221902056164,0.0033333333333333,2025-12-05T11:52:36Z
CAM,,CE-Multi,126,1.3209175120966323,0.0033333333333333,2025-12-05T11:52:36Z
CAM,,CE-Multi,127,-0.0759956016605409,0.0033333333333333,2025-12-05T11:52:36Z
CAM,,CE-Multi,128,1.4412083753139788,0.0033333333333333,2025-12-05T11:52:36Z
CAM,,CE-Multi,129,-0.5947053749175759,0.0033333333333333,2025-12-05T11:52:37Z
CAM,,CE-Multi,130,0.6132308247456754,0.0033333333333333,2025-12-05T11:52:37Z
CAM,,CE-Multi,131,1.2726996196841256,0.0033333333333333,2025-12-05T11:52:37Z
CAM,,CE-Multi,132,-0.8264733140866483,0.0033333333333333,2025-12-05T11:52:38Z
CAM,,CE-Multi,133,-0.6084867276819897,0.0033333333333333,2025-12-05T11:52:38Z
CAM,,CE-Multi,134,-0.5657966124640162,0.0033333333333333,2025-12-05T11:52:38Z
CAM,,CE-Multi,135,-0.5922159113357917,0.0033333333333333,2025-12-05T11:52:38Z
CAM,,CE-Multi,136,-0.4601783425245959,0.0033333333333333,2025-12-05T11:52:39Z
CAM,,CE-Multi,137,-0.8147089862711118,0.0033333333333333,2025-12-05T11:52:39Z
CAM,,CE-Multi,138,0.0209636964050433,0.0033333333333333,2025-12-05T11:52:39Z
CAM,,CE-Multi,139,2.6284080156211456,0.0033333333333333,2025-12-05T11:52:39Z
CAM,,CE-Multi,140,-0.8591454172064553,0.0033333333333333,2025-12-05T11:52:40Z
CAM,,CE-Multi,141,5.788647741026427,0.0033333333333333,2025-12-05T11:52:40Z
CAM,,CE-Multi,142,-2.503503301870604,0.0033333333333333,2025-12-05T11:52:40Z
CAM,,CE-Multi,143,-2.6678818203846264,0.0033333333333333,2025-12-05T11:52:40Z
CAM,,CE-Multi,144,0.0238055799040981,0.0033333333333333,2025-12-05T11:52:41Z
CAM,,CE-Multi,145,-1.2225876890609677,0.0033333333333333,2025-12-05T11:52:41Z
CAM,,CE-Multi,146,-4.956504140699319,0.0033333333333333,2025-12-05T11:52:41Z
CAM,,CE-Multi,147,5.2315122129818485,0.0033333333333333,2025-12-05T11:52:41Z
CAM,,CE-Multi,148,-5.36434508940045,0.0033333333333333,2025-12-05T11:52:42Z
CAM,,CE-Multi,149,-1.4261549878465631,0.0033333333333333,2025-12-05T11:52:42Z
CAM,,CE-Multi,150,1.7914716223594829,0.0033333333333333,2025-12-05T11:52:42Z
CAM,,CE-Multi,151,-1.9247932260003324,0.0033333333333333,2025-12-05T11:52:42Z
CAM,,CE-Multi,152,-1.4719064510572164,0.0033333333333333,2025-12-05T11:52:43Z
CAM,,CE-Multi,153,-0.4193343298933526,0.0033333333333333,2025-12-05T11:52:43Z
CAM,,CE-Multi,154,-0.6696265566211625,0.0033333333333333,2025-12-05T11:52:43Z
CAM,,CE-Multi,155,-3.267546484404513,0.0033333333333333,2025-12-05T11:52:43Z
CAM,,CE-Multi,156,-0.3495656023689322,0.0033333333333333,2025-12-05T11:52:44Z
CAM,,CE-Multi,157,0.3811114476265077,0.0033333333333333,2025-12-05T11:52:44Z
CAM,,CE-Multi,158,0.1890980402798473,0.0033333333333333,2025-12-05T11:52:44Z
CAM,,CE-Multi,159,-0.5656305890293883,0.0033333333333333,2025-12-05T11:52:44Z
CAM,,CE-Multi,160,-0.2891291664436001,0.0033333333333333,2025-12-05T11:52:45Z
CAM,,CE-Multi,161,-2.75505690717471,0.0033333333333333,2025-12-05T11:52:45Z
CAM,,CE-Multi,162,-1.6986100808287887,0.0033333333333333,2025-12-05T11:52:45Z
CAM,,CE-Multi,163,-0.2798891386890167,0.0033333333333333,2025-12-05T11:52:45Z
CAM,,CE-Multi,164,1.9673519062195888,0.0033333333333333,2025-12-05T11:52:46Z
CAM,,CE-Multi,165,4.410259951442791,0.0033333333333333,2025-12-05T11:52:46Z
CAM,,CE-Multi,166,-2.218046529921616,0.0033333333333333,2025-12-05T11:52:46Z
CAM,,CE-Multi,167,-1.939719779589012,0.0033333333333333,2025-12-05T11:52:46Z
CAM,,CE-Multi,168,0.4891149150259781,0.0033333333333333,2025-12-05T11:52:47Z
CAM,,CE-Multi,169,2.5271802274820425,0.0033333333333333,2025-12-05T11:52:47Z
CAM,,CE-Multi,170,-0.6454953775634645,0.0033333333333333,2025-12-05T11:52:47Z
CAM,,CE-Multi,171,-0.0047365682345791,0.0033333333333333,2025-12-05T11:52:48Z
CAM,,CE-Multi,172,-1.5876236716129866,0.0033333333333333,2025-12-05T11:52:48Z
CAM,,CE-Multi,173,-4.836386735790602,0.0033333333333333,2025-12-05T11:52:48Z
CAM,,CE-Multi,174,-0.4699877164346866,0.0033333333333333,2025-12-05T11:52:48Z
CAM,,CE-Multi,175,-0.6641863307649578,0.0033333333333333,2025-12-05T11:52:49Z
CAM,,CE-Multi,176,-0.5372512785455629,0.0033333333333333,2025-12-05T11:52:49Z
CAM,,CE-Multi,177,-0.3147137271127678,0.0033333333333333,2025-12-05T11:52:49Z
CAM,,CE-Multi,178,2.871771771316339,0.0033333333333333,2025-12-05T11:52:49Z
CAM,,CE-Multi,179,-0.5797170285078806,0.0033333333333333,2025-12-05T11:52:50Z
CAM,,CE-Multi,180,-2.517295848774433,0.0033333333333333,2025-12-05T11:52:50Z
CAM,,CE-Multi,181,-0.6699379433942112,0.0033333333333333,2025-12-05T11:52:50Z
CAM,,CE-Multi,182,-0.863568638562742,0.0033333333333333,2025-12-05T11:52:50Z
CAM,,CE-Multi,183,-1.4143326006154435,0.0033333333333333,2025-12-05T11:52:51Z
CAM,,CE-Multi,184,2.516711855439506,0.0033333333333333,2025-12-05T11:52:51Z
CAM,,CE-Multi,185,-3.060360163089842,0.0033333333333333,2025-12-05T11:52:51Z
CAM,,CE-Multi,186,-0.3716470614713765,0.0033333333333333,2025-12-05T11:52:51Z
CAM,,CE-Multi,187,3.1140787108381582,0.0033333333333333,2025-12-05T11:52:52Z
CAM,,CE-Multi,188,-1.8927759615791864,0.0033333333333333,2025-12-05T11:52:52Z
CAM,,CE-Multi,189,-0.4646400700665975,0.0033333333333333,2025-12-05T11:52:52Z
CAM,,CE-Multi,190,0.5938976581791447,0.0033333333333333,2025-12-05T11:52:53Z
CAM,,CE-Multi,191,-2.103607330924388,0.0033333333333333,2025-12-05T11:52:53Z
CAM,,CE-Multi,192,-0.4772109808904277,0.0033333333333333,2025-12-05T11:52:53Z
CAM,,CE-Multi,193,2.401715651314157,0.0033333333333333,2025-12-05T11:52:54Z
CAM,,CE-Multi,194,-0.3130018723072164,0.0033333333333333,2025-12-05T11:52:54Z
CAM,,CE-Multi,195,2.14092716896543,0.0033333333333333,2025-12-05T11:52:54Z
CAM,,CE-Multi,196,-1.4297249523243794,0.0033333333333333,2025-12-05T11:52:54Z
CAM,,CE-Multi,197,-0.3583659892586159,0.0033333333333333,2025-12-05T11:52:55Z
CAM,,CE-Multi,198,-0.5355540507631951,0.0033333333333333,2025-12-05T11:52:55Z
CAM,,CE-Multi,199,-0.314695378651968,0.0033333333333333,2025-12-05T11:52:55Z
CAM,,CE-Multi,200,13.002806742819912,0.0033333333333333,2025-12-05T11:52:55Z
CAM,,CE-Multi,201,0.2788029269530926,0.0033333333333333,2025-12-05T11:52:56Z
CAM,,CE-Multi,202,-0.3386577318395728,0.0033333333333333,2025-12-05T11:52:56Z
CAM,,CE-Multi,203,0.6077476041854352,0.0033333333333333,2025-12-05T11:52:56Z
CAM,,CE-Multi,204,-0.4427258803446063,0.0033333333333333,2025-12-05T11:52:56Z
CAM,,CE-Multi,205,1.1841405744433926,0.0033333333333333,2025-12-05T11:52:57Z
CAM,,CE-Multi,206,0.5252883931692823,0.0033333333333333,2025-12-05T11:52:57Z
CAM,,CE-Multi,207,-3.300413040033249,0.0033333333333333,2025-12-05T11:52:57Z
CAM,,CE-Multi,208,-3.5281810206445328,0.0033333333333333,2025-12-05T11:52:57Z
CAM,,CE-Multi,209,-0.5570792759621098,0.0033333333333333,2025-12-05T11:52:58Z
CAM,,CE-Multi,210,-0.180479886508712,0.0033333333333333,2025-12-05T11:52:58Z
CAM,,CE-Multi,211,2.453636763047315,0.0033333333333333,2025-12-05T11:52:58Z
CAM,,CE-Multi,212,-0.6297730247480606,0.0033333333333333,2025-12-05T11:52:58Z
CAM,,CE-Multi,213,-0.3003246298216296,0.0033333333333333,2025-12-05T11:52:59Z
CAM,,CE-Multi,214,-0.3594182976083994,0.0033333333333333,2025-12-05T11:52:59Z
CAM,,CE-Multi,215,1.3055320328122275,0.0033333333333333,2025-12-05T11:52:59Z
CAM,,CE-Multi,216,-0.950465195514285,0.0033333333333333,2025-12-05T11:52:59Z
CAM,,CE-Multi,217,-2.0149756024115306,0.0033333333333333,2025-12-05T11:53:00Z
CAM,,CE-Multi,218,-0.3758796009585952,0.0033333333333333,2025-12-05T11:53:00Z
CAM,,CE-Multi,219,-1.7260288858097026,0.0033333333333333,2025-12-05T11:53:00Z
CAM,,CE-Multi,220,-2.1567257786319205,0.0033333333333333,2025-12-05T11:53:00Z
CAM,,CE-Multi,221,-0.4335999854411339,0.0033333333333333,2025-12-05T11:53:01Z
CAM,,CE-Multi,222,-0.2426674900350672,0.0033333333333333,2025-12-05T11:53:01Z
CAM,,CE-Multi,223,0.2799740128868811,0.0033333333333333,2025-12-05T11:53:01Z
CAM,,CE-Multi,224,-0.5510369304333983,0.0033333333333333,2025-12-05T11:53:01Z
CAM,,CE-Multi,225,-0.6028481521778547,0.0033333333333333,2025-12-05T11:53:02Z
CAM,,CE-Multi,226,-3.1359773671868405,0.0033333333333333,2025-12-05T11:53:02Z
CAM,,CE-Multi,227,0.2780609237983091,0.0033333333333333,2025-12-05T11:53:02Z
CAM,,CE-Multi,228,-0.585731647099506,0.0033333333333333,2025-12-05T11:53:03Z
CAM,,CE-Multi,229,-0.8827806197933433,0.0033333333333333,2025-12-05T11:53:03Z
CAM,,CE-Multi,230,-0.8461499041603305,0.0033333333333333,2025-12-05T11:53:03Z
CAM,,CE-Multi,231,-0.4609262348970344,0.0033333333333333,2025-12-05T11:53:03Z
CAM,,CE-Multi,232,-0.2182677924581284,0.0033333333333333,2025-12-05T11:53:04Z
CAM,,CE-Multi,233,1.6944904654948016,0.0033333333333333,2025-12-05T11:53:04Z
CAM,,CE-Multi,234,-0.9327950693772687,0.0033333333333333,2025-12-05T11:53:04Z
CAM,,CE-Multi,235,-1.8490917876627564,0.0033333333333333,2025-12-05T11:53:04Z
CAM,,CE-Multi,236,0.4980380035113775,0.0033333333333333,2025-12-05T11:53:05Z
CAM,,CE-Multi,237,-3.219074804155256,0.0033333333333333,2025-12-05T11:53:05Z
CAM,,CE-Multi,238,0.1789256723216685,0.0033333333333333,2025-12-05T11:53:05Z
CAM,,CE-Multi,239,-1.098315849020857,0.0033333333333333,2025-12-05T11:53:05Z
CAM,,CE-Multi,240,-2.509434208118737,0.0033333333333333,2025-12-05T11:53:06Z
CAM,,CE-Multi,241,-0.5128184398264953,0.0033333333333333,2025-12-05T11:53:06Z
CAM,,CE-Multi,242,-0.2734584235855369,0.0033333333333333,2025-12-05T11:53:06Z
CAM,,CE-Multi,243,2.8946921903364444,0.0033333333333333,2025-12-05T11:53:06Z
CAM,,CE-Multi,244,-0.3944966813167794,0.0033333333333333,2025-12-05T11:53:07Z
CAM,,CE-Multi,245,-0.5856272904019661,0.0033333333333333,2025-12-05T11:53:07Z
CAM,,CE-Multi,246,3.924372758218859,0.0033333333333333,2025-12-05T11:53:07Z
CAM,,CE-Multi,247,0.8221972397352155,0.0033333333333333,2025-12-05T11:53:07Z
CAM,,CE-Multi,248,0.9855861676351504,0.0033333333333333,2025-12-05T11:53:08Z
CAM,,CE-Multi,249,-0.5759333700118049,0.0033333333333333,2025-12-05T11:53:08Z
CAM,,CE-Multi,250,0.5139259547709186,0.0033333333333333,2025-12-05T11:53:08Z
CAM,,CE-Multi,251,2.2711504510849765,0.0033333333333333,2025-12-05T11:53:08Z
CAM,,CE-Multi,252,-1.7591890664918546,0.0033333333333333,2025-12-05T11:53:09Z
CAM,,CE-Multi,253,0.6878813558531698,0.0033333333333333,2025-12-05T11:53:09Z
CAM,,CE-Multi,254,-0.1158299873346522,0.0033333333333333,2025-12-05T11:53:09Z
CAM,,CE-Multi,255,-1.5327015058006015,0.0033333333333333,2025-12-05T11:53:10Z
CAM,,CE-Multi,256,1.0801956561262909,0.0033333333333333,2025-12-05T11:53:10Z
CAM,,CE-Multi,257,1.0466257597703998,0.0033333333333333,2025-12-05T11:53:10Z
CAM,,CE-Multi,258,-0.513933152572192,0.0033333333333333,2025-12-05T11:53:10Z
CAM,,CE-Multi,259,-4.759485845226915,0.0033333333333333,2025-12-05T11:53:11Z
CAM,,CE-Multi,260,-0.578655726282387,0.0033333333333333,2025-12-05T11:53:11Z
CAM,,CE-Multi,261,0.3466545619255816,0.0033333333333333,2025-12-05T11:53:11Z
CAM,,CE-Multi,262,-0.3072995387800196,0.0033333333333333,2025-12-05T11:53:11Z
CAM,,CE-Multi,263,-0.531271164966614,0.0033333333333333,2025-12-05T11:53:12Z
CAM,,CE-Multi,264,-0.9460762054847556,0.0033333333333333,2025-12-05T11:53:12Z
CAM,,CE-Multi,265,-3.512900086031036,0.0033333333333333,2025-12-05T11:53:12Z
CAM,,CE-Multi,266,-1.4402480224814418,0.0033333333333333,2025-12-05T11:53:12Z
CAM,,CE-Multi,267,-0.3935800528752818,0.0033333333333333,2025-12-05T11:53:13Z
CAM,,CE-Multi,268,-0.3077639016281248,0.0033333333333333,2025-12-05T11:53:13Z
CAM,,CE-Multi,269,-4.691481583353689,0.0033333333333333,2025-12-05T11:53:13Z
CAM,,CE-Multi,270,-0.6801309729167686,0.0033333333333333,2025-12-05T11:53:13Z
CAM,,CE-Multi,271,0.0435585982920994,0.0033333333333333,2025-12-05T11:53:14Z
CAM,,CE-Multi,272,-0.2943832275757158,0.0033333333333333,2025-12-05T11:53:14Z
CAM,,CE-Multi,273,-0.2456745514252211,0.0033333333333333,2025-12-05T11:53:14Z
CAM,,CE-Multi,274,-0.743755722950805,0.0033333333333333,2025-12-05T11:53:15Z
CAM,,CE-Multi,275,2.999020244966421,0.0033333333333333,2025-12-05T11:53:15Z
CAM,,CE-Multi,276,0.5403153097640537,0.0033333333333333,2025-12-05T11:53:15Z
CAM,,CE-Multi,277,-0.1966174249365054,0.0033333333333333,2025-12-05T11:53:15Z
CAM,,CE-Multi,278,0.0715578302539363,0.0033333333333333,2025-12-05T11:53:16Z
CAM,,CE-Multi,279,-0.4783615558885914,0.0033333333333333,2025-12-05T11:53:16Z
CAM,,CE-Multi,280,1.758960828080372,0.0033333333333333,2025-12-05T11:53:16Z
CAM,,CE-Multi,281,3.348982681792868,0.0033333333333333,2025-12-05T11:53:16Z
CAM,,CE-Multi,282,-5.894730845659198,0.0033333333333333,2025-12-05T11:53:17Z
CAM,,CE-Multi,283,-0.767074952827501,0.0033333333333333,2025-12-05T11:53:17Z
CAM,,CE-Multi,284,0.010252566816112,0.0033333333333333,2025-12-05T11:53:17Z
CAM,,CE-Multi,285,-0.2768009386668418,0.0033333333333333,2025-12-05T11:53:17Z
CAM,,CE-Multi,286,1.5706304164520022,0.0033333333333333,2025-12-05T11:53:18Z
CAM,,CE-Multi,287,-0.5609685604591547,0.0033333333333333,2025-12-05T11:53:18Z
CAM,,CE-Multi,288,1.7307699042337934,0.0033333333333333,2025-12-05T11:53:18Z
CAM,,CE-Multi,289,-2.977691184008361,0.0033333333333333,2025-12-05T11:53:19Z
CAM,,CE-Multi,290,0.174556697786113,0.0033333333333333,2025-12-05T11:53:19Z
CAM,,CE-Multi,291,-0.9593538989511228,0.0033333333333333,2025-12-05T11:53:19Z
CAM,,CE-Multi,292,0.677734960885897,0.0033333333333333,2025-12-05T11:53:19Z
CAM,,CE-Multi,293,0.5698376249341836,0.0033333333333333,2025-12-05T11:53:20Z
CAM,,CE-Multi,294,-1.3276479626173978,0.0033333333333333,2025-12-05T11:53:20Z
CAM,,CE-Multi,295,4.8225846573762645,0.0033333333333333,2025-12-05T11:53:20Z
CAM,,CE-Multi,296,-0.511190355123746,0.0033333333333333,2025-12-05T11:53:20Z
CAM,,CE-Multi,297,-1.9434628319101912,0.0033333333333333,2025-12-05T11:53:21Z
CAM,,CE-Multi,298,-0.4910440831895484,0.0033333333333333,2025-12-05T11:53:21Z
CAM,,CE-Multi,299,-0.3662651581372346,0.0033333333333333,2025-12-05T11:53:21Z
CAM,,CE-Multi,300,-0.3090375187482238,0.0033333333333333,2025-12-05T11:53:21Z
CAM,,CE-Net,1,4.009717581551277,0.0033333333333333,2025-12-05T11:53:22Z
CAM,,CE-Net,2,2.2826588926422446,0.0033333333333333,2025-12-05T11:53:22Z
CAM,,CE-Net,3,5.289428004999987,0.0033333333333333,2025-12-05T11:53:22Z
CAM,,CE-Net,4,0.4479196622141779,0.0033333333333333,2025-12-05T11:53:23Z
CAM,,CE-Net,5,1.692642576241576,0.0033333333333333,2025-12-05T11:53:23Z
CAM,,CE-Net,6,4.741628938702663,0.0033333333333333,2025-12-05T11:53:23Z
CAM,,CE-Net,7,1.7828641566128696,0.0033333333333333,2025-12-05T11:53:23Z
CAM,,CE-Net,8,-0.5196074679027611,0.0033333333333333,2025-12-05T11:53:24Z
CAM,,CE-Net,9,4.184711670123061,0.0033333333333333,2025-12-05T11:53:24Z
CAM,,CE-Net,10,2.9888098212659377,0.0033333333333333,2025-12-05T11:53:24Z
CAM,,CE-Net,11,0.61937699138076,0.0033333333333333,2025-12-05T11:53:25Z
CAM,,CE-Net,12,0.3256633099829638,0.0033333333333333,2025-12-05T11:53:25Z
CAM,,CE-Net,13,0.822727332882207,0.0033333333333333,2025-12-05T11:53:25Z
CAM,,CE-Net,14,-0.6962762001677631,0.0033333333333333,2025-12-05T11:53:25Z
CAM,,CE-Net,15,-2.868014426744897,0.0033333333333333,2025-12-05T11:53:26Z
CAM,,CE-Net,16,1.038348756436589,0.0033333333333333,2025-12-05T11:53:26Z
CAM,,CE-Net,17,0.709612076481393,0.0033333333333333,2025-12-05T11:53:26Z
CAM,,CE-Net,18,1.1707925636906371,0.0033333333333333,2025-12-05T11:53:26Z
CAM,,CE-Net,19,2.5941374252051235,0.0033333333333333,2025-12-05T11:53:27Z
CAM,,CE-Net,20,1.9627432722736613,0.0033333333333333,2025-12-05T11:53:27Z
CAM,,CE-Net,21,-0.8086569167386011,0.0033333333333333,2025-12-05T11:53:27Z
CAM,,CE-Net,22,2.416203218518439,0.0033333333333333,2025-12-05T11:53:28Z
CAM,,CE-Net,23,1.2970021107466725,0.0033333333333333,2025-12-05T11:53:28Z
CAM,,CE-Net,24,-3.213163229817128,0.0033333333333333,2025-12-05T11:53:28Z
CAM,,CE-Net,25,1.2663361504157973,0.0033333333333333,2025-12-05T11:53:28Z
CAM,,CE-Net,26,0.4311946634817151,0.0033333333333333,2025-12-05T11:53:29Z
CAM,,CE-Net,27,7.705498152736342,0.0033333333333333,2025-12-05T11:53:29Z
CAM,,CE-Net,28,-0.4468353398140761,0.0033333333333333,2025-12-05T11:53:29Z
CAM,,CE-Net,29,0.4030089466364582,0.0033333333333333,2025-12-05T11:53:29Z
CAM,,CE-Net,30,6.085439876349427,0.0033333333333333,2025-12-05T11:53:30Z
CAM,,CE-Net,31,3.171789900005245,0.0033333333333333,2025-12-05T11:53:30Z
CAM,,CE-Net,32,5.55740385912951,0.0033333333333333,2025-12-05T11:53:30Z
CAM,,CE-Net,33,1.4782178712908207,0.0033333333333333,2025-12-05T11:53:30Z
CAM,,CE-Net,34,5.95903064807415,0.0033333333333333,2025-12-05T11:53:31Z
CAM,,CE-Net,35,1.007226623657439,0.0033333333333333,2025-12-05T11:53:31Z
CAM,,CE-Net,36,-2.316922000730548,0.0033333333333333,2025-12-05T11:53:31Z
CAM,,CE-Net,37,-1.7677074636719885,0.0033333333333333,2025-12-05T11:53:32Z
CAM,,CE-Net,38,0.3450895023934719,0.0033333333333333,2025-12-05T11:53:32Z
CAM,,CE-Net,39,1.0904847677183804,0.0033333333333333,2025-12-05T11:53:32Z
CAM,,CE-Net,40,1.2554964980096248,0.0033333333333333,2025-12-05T11:53:32Z
CAM,,CE-Net,41,3.436090231903961,0.0033333333333333,2025-12-05T11:53:33Z
CAM,,CE-Net,42,1.1607169290935262,0.0033333333333333,2025-12-05T11:53:33Z
CAM,,CE-Net,43,-3.221391234457414,0.0033333333333333,2025-12-05T11:53:33Z
CAM,,CE-Net,44,1.7161481183558234,0.0033333333333333,2025-12-05T11:53:33Z
CAM,,CE-Net,45,5.048987415736457,0.0033333333333333,2025-12-05T11:53:34Z
CAM,,CE-Net,46,1.5562909907548894,0.0033333333333333,2025-12-05T11:53:34Z
CAM,,CE-Net,47,1.345266021443095,0.0033333333333333,2025-12-05T11:53:34Z
CAM,,CE-Net,48,0.8102644661427109,0.0033333333333333,2025-12-05T11:53:35Z
CAM,,CE-Net,49,0.7145323656681373,0.0033333333333333,2025-12-05T11:53:35Z
CAM,,CE-Net,50,1.3002468401595508,0.0033333333333333,2025-12-05T11:53:35Z
CAM,,CE-Net,51,1.124231733306717,0.0033333333333333,2025-12-05T11:53:35Z
CAM,,CE-Net,52,-0.819605158983842,0.0033333333333333,2025-12-05T11:53:36Z
CAM,,CE-Net,53,-0.5296041222120014,0.0033333333333333,2025-12-05T11:53:36Z
CAM,,CE-Net,54,1.5086758974842494,0.0033333333333333,2025-12-05T11:53:36Z
CAM,,CE-Net,55,-0.5751221025340368,0.0033333333333333,2025-12-05T11:53:36Z
CAM,,CE-Net,56,2.2753521671436747,0.0033333333333333,2025-12-05T11:53:37Z
CAM,,CE-Net,57,2.1303602403515898,0.0033333333333333,2025-12-05T11:53:37Z
CAM,,CE-Net,58,-0.8902381180363689,0.0033333333333333,2025-12-05T11:53:37Z
CAM,,CE-Net,59,0.8048451607441245,0.0033333333333333,2025-12-05T11:53:38Z
CAM,,CE-Net,60,2.892935876854805,0.0033333333333333,2025-12-05T11:53:38Z
CAM,,CE-Net,61,-0.740489562701714,0.0033333333333333,2025-12-05T11:53:38Z
CAM,,CE-Net,62,7.91808384340589,0.0033333333333333,2025-12-05T11:53:38Z
CAM,,CE-Net,63,6.660534822705963,0.0033333333333333,2025-12-05T11:53:39Z
CAM,,CE-Net,64,-1.8643525663641527,0.0033333333333333,2025-12-05T11:53:39Z
CAM,,CE-Net,65,3.084261823646467,0.0033333333333333,2025-12-05T11:53:39Z
CAM,,CE-Net,66,-2.90285204426126,0.0033333333333333,2025-12-05T11:53:39Z
CAM,,CE-Net,67,1.268003350689625,0.0033333333333333,2025-12-05T11:53:40Z
CAM,,CE-Net,68,3.588972358158004,0.0033333333333333,2025-12-05T11:53:40Z
CAM,,CE-Net,69,0.808551740523114,0.0033333333333333,2025-12-05T11:53:40Z
CAM,,CE-Net,70,0.6595056533769467,0.0033333333333333,2025-12-05T11:53:41Z
CAM,,CE-Net,71,2.6227397061654583,0.0033333333333333,2025-12-05T11:53:41Z
CAM,,CE-Net,72,1.158151834315,0.0033333333333333,2025-12-05T11:53:41Z
CAM,,CE-Net,73,2.070618655739388,0.0033333333333333,2025-12-05T11:53:41Z
CAM,,CE-Net,74,-0.5281005371784498,0.0033333333333333,2025-12-05T11:53:42Z
CAM,,CE-Net,75,0.7731733513822544,0.0033333333333333,2025-12-05T11:53:42Z
CAM,,CE-Net,76,2.8516257351737675,0.0033333333333333,2025-12-05T11:53:42Z
CAM,,CE-Net,77,3.202144667427586,0.0033333333333333,2025-12-05T11:53:43Z
CAM,,CE-Net,78,-1.0039428264786463,0.0033333333333333,2025-12-05T11:53:43Z
CAM,,CE-Net,79,2.467645263115658,0.0033333333333333,2025-12-05T11:53:43Z
CAM,,CE-Net,80,0.6489933679980817,0.0033333333333333,2025-12-05T11:53:43Z
CAM,,CE-Net,81,-2.927389045293119,0.0033333333333333,2025-12-05T11:53:44Z
CAM,,CE-Net,82,1.2718114232097235,0.0033333333333333,2025-12-05T11:53:44Z
CAM,,CE-Net,83,-0.850574493405848,0.0033333333333333,2025-12-05T11:53:44Z
CAM,,CE-Net,84,-0.5855735085360706,0.0033333333333333,2025-12-05T11:53:44Z
CAM,,CE-Net,85,0.5792417051824597,0.0033333333333333,2025-12-05T11:53:45Z
CAM,,CE-Net,86,1.3497436533740566,0.0033333333333333,2025-12-05T11:53:45Z
CAM,,CE-Net,87,0.2039943020311174,0.0033333333333333,2025-12-05T11:53:45Z
CAM,,CE-Net,88,1.6760490481996717,0.0033333333333333,2025-12-05T11:53:46Z
CAM,,CE-Net,89,0.913855824297612,0.0033333333333333,2025-12-05T11:53:46Z
CAM,,CE-Net,90,-2.892182316090864,0.0033333333333333,2025-12-05T11:53:46Z
CAM,,CE-Net,91,4.336593445246975,0.0033333333333333,2025-12-05T11:53:46Z
CAM,,CE-Net,92,7.3130002821936335,0.0033333333333333,2025-12-05T11:53:47Z
CAM,,CE-Net,93,2.6790037432302203,0.0033333333333333,2025-12-05T11:53:47Z
CAM,,CE-Net,94,0.9757553816716455,0.0033333333333333,2025-12-05T11:53:47Z
CAM,,CE-Net,95,3.6325624084982144,0.0033333333333333,2025-12-05T11:53:47Z
CAM,,CE-Net,96,5.322037570942258,0.0033333333333333,2025-12-05T11:53:48Z
CAM,,CE-Net,97,0.5931653916243498,0.0033333333333333,2025-12-05T11:53:48Z
CAM,,CE-Net,98,2.362392912657216,0.0033333333333333,2025-12-05T11:53:48Z
CAM,,CE-Net,99,3.504782042162756,0.0033333333333333,2025-12-05T11:53:49Z
CAM,,CE-Net,100,1.6260459935015263,0.0033333333333333,2025-12-05T11:53:49Z
CAM,,CE-Net,101,2.5779813556849964,0.0033333333333333,2025-12-05T11:53:49Z
CAM,,CE-Net,102,9.338171574982548,0.0033333333333333,2025-12-05T11:53:49Z
CAM,,CE-Net,103,0.960047920590134,0.0033333333333333,2025-12-05T11:53:50Z
CAM,,CE-Net,104,2.098738343606147,0.0033333333333333,2025-12-05T11:53:50Z
CAM,,CE-Net,105,2.336365868041276,0.0033333333333333,2025-12-05T11:53:50Z
CAM,,CE-Net,106,0.6070577867794065,0.0033333333333333,2025-12-05T11:53:51Z
CAM,,CE-Net,107,1.201567346729552,0.0033333333333333,2025-12-05T11:53:51Z
CAM,,CE-Net,108,0.2424247655499043,0.0033333333333333,2025-12-05T11:53:51Z
CAM,,CE-Net,109,-3.366573109697111,0.0033333333333333,2025-12-05T11:53:51Z
CAM,,CE-Net,110,1.355492870284822,0.0033333333333333,2025-12-05T11:53:52Z
CAM,,CE-Net,111,-1.3403479929227322,0.0033333333333333,2025-12-05T11:53:52Z
CAM,,CE-Net,112,2.352024970429788,0.0033333333333333,2025-12-05T11:53:52Z
CAM,,CE-Net,113,1.082997325449022,0.0033333333333333,2025-12-05T11:53:53Z
CAM,,CE-Net,114,1.257573264282155,0.0033333333333333,2025-12-05T11:53:53Z
CAM,,CE-Net,115,4.435351486125299,0.0033333333333333,2025-12-05T11:53:53Z
CAM,,CE-Net,116,3.1229053814855656,0.0033333333333333,2025-12-05T11:53:53Z
CAM,,CE-Net,117,2.3716799858812188,0.0033333333333333,2025-12-05T11:53:54Z
CAM,,CE-Net,118,1.7147695697083851,0.0033333333333333,2025-12-05T11:53:54Z
CAM,,CE-Net,119,3.947011849756792,0.0033333333333333,2025-12-05T11:53:54Z
CAM,,CE-Net,120,6.223204138681232,0.0033333333333333,2025-12-05T11:53:54Z
CAM,,CE-Net,121,0.6212342247149997,0.0033333333333333,2025-12-05T11:53:55Z
CAM,,CE-Net,122,3.17711052053286,0.0033333333333333,2025-12-05T11:53:55Z
CAM,,CE-Net,123,0.9407180787016084,0.0033333333333333,2025-12-05T11:53:55Z
CAM,,CE-Net,124,0.4031626916151752,0.0033333333333333,2025-12-05T11:53:56Z
CAM,,CE-Net,125,1.5644300955224792,0.0033333333333333,2025-12-05T11:53:56Z
CAM,,CE-Net,126,4.631861456685089,0.0033333333333333,2025-12-05T11:53:56Z
CAM,,CE-Net,127,1.569904203695322,0.0033333333333333,2025-12-05T11:53:56Z
CAM,,CE-Net,128,1.4002307484626677,0.0033333333333333,2025-12-05T11:53:57Z
CAM,,CE-Net,129,-1.34414577442987,0.0033333333333333,2025-12-05T11:53:57Z
CAM,,CE-Net,130,-1.8948626499703127,0.0033333333333333,2025-12-05T11:53:57Z
CAM,,CE-Net,131,4.479405694150644,0.0033333333333333,2025-12-05T11:53:58Z
CAM,,CE-Net,132,-1.4706477538947986,0.0033333333333333,2025-12-05T11:53:58Z
CAM,,CE-Net,133,-4.015279123218382,0.0033333333333333,2025-12-05T11:53:58Z
CAM,,CE-Net,134,3.307484558816924,0.0033333333333333,2025-12-05T11:53:58Z
CAM,,CE-Net,135,3.002830619119554,0.0033333333333333,2025-12-05T11:53:59Z
CAM,,CE-Net,136,4.346328037947062,0.0033333333333333,2025-12-05T11:53:59Z
CAM,,CE-Net,137,2.6801980772374567,0.0033333333333333,2025-12-05T11:53:59Z
CAM,,CE-Net,138,3.1263712605124496,0.0033333333333333,2025-12-05T11:54:00Z
CAM,,CE-Net,139,0.5305579472734804,0.0033333333333333,2025-12-05T11:54:00Z
CAM,,CE-Net,140,-1.3255275588262003,0.0033333333333333,2025-12-05T11:54:00Z
CAM,,CE-Net,141,2.0230096280576984,0.0033333333333333,2025-12-05T11:54:00Z
CAM,,CE-Net,142,-0.399001495175507,0.0033333333333333,2025-12-05T11:54:01Z
CAM,,CE-Net,143,5.00326608017204,0.0033333333333333,2025-12-05T11:54:01Z
CAM,,CE-Net,144,0.5117202843414129,0.0033333333333333,2025-12-05T11:54:01Z
CAM,,CE-Net,145,0.6129396260016085,0.0033333333333333,2025-12-05T11:54:02Z
CAM,,CE-Net,146,0.4741795260025266,0.0033333333333333,2025-12-05T11:54:02Z
CAM,,CE-Net,147,1.5301396817337625,0.0033333333333333,2025-12-05T11:54:02Z
CAM,,CE-Net,148,0.5106322349743417,0.0033333333333333,2025-12-05T11:54:02Z
CAM,,CE-Net,149,0.679161501457056,0.0033333333333333,2025-12-05T11:54:03Z
CAM,,CE-Net,150,0.6729086511725869,0.0033333333333333,2025-12-05T11:54:03Z
CAM,,CE-Net,151,1.107190170557754,0.0033333333333333,2025-12-05T11:54:03Z
CAM,,CE-Net,152,-3.8061633027513553,0.0033333333333333,2025-12-05T11:54:04Z
CAM,,CE-Net,153,5.341437471444247,0.0033333333333333,2025-12-05T11:54:04Z
CAM,,CE-Net,154,1.0316930197434575,0.0033333333333333,2025-12-05T11:54:04Z
CAM,,CE-Net,155,4.2992782180755205,0.0033333333333333,2025-12-05T11:54:05Z
CAM,,CE-Net,156,2.2612559682926574,0.0033333333333333,2025-12-05T11:54:05Z
CAM,,CE-Net,157,1.2340799074126396,0.0033333333333333,2025-12-05T11:54:05Z
CAM,,CE-Net,158,-0.685632284277579,0.0033333333333333,2025-12-05T11:54:05Z
CAM,,CE-Net,159,-0.477009629054256,0.0033333333333333,2025-12-05T11:54:06Z
CAM,,CE-Net,160,4.101642899385367,0.0033333333333333,2025-12-05T11:54:06Z
CAM,,CE-Net,161,4.456161367863522,0.0033333333333333,2025-12-05T11:54:06Z
CAM,,CE-Net,162,2.0956791578911784,0.0033333333333333,2025-12-05T11:54:07Z
CAM,,CE-Net,163,3.84084514615716,0.0033333333333333,2025-12-05T11:54:07Z
CAM,,CE-Net,164,-1.7425371740395068,0.0033333333333333,2025-12-05T11:54:07Z
CAM,,CE-Net,165,0.8815063722534916,0.0033333333333333,2025-12-05T11:54:08Z
CAM,,CE-Net,166,1.3927997227501887,0.0033333333333333,2025-12-05T11:54:08Z
CAM,,CE-Net,167,-1.3144796766246258,0.0033333333333333,2025-12-05T11:54:08Z
CAM,,CE-Net,168,2.79518942804614,0.0033333333333333,2025-12-05T11:54:08Z
CAM,,CE-Net,169,-0.891122594163198,0.0033333333333333,2025-12-05T11:54:09Z
CAM,,CE-Net,170,-2.0709887513269543,0.0033333333333333,2025-12-05T11:54:09Z
CAM,,CE-Net,171,2.0288993207914943,0.0033333333333333,2025-12-05T11:54:09Z
CAM,,CE-Net,172,4.382695971768419,0.0033333333333333,2025-12-05T11:54:09Z
CAM,,CE-Net,173,0.998103548846433,0.0033333333333333,2025-12-05T11:54:10Z
CAM,,CE-Net,174,1.4018080147743055,0.0033333333333333,2025-12-05T11:54:10Z
CAM,,CE-Net,175,1.9629259794075429,0.0033333333333333,2025-12-05T11:54:10Z
CAM,,CE-Net,176,3.2996708870527787,0.0033333333333333,2025-12-05T11:54:11Z
CAM,,CE-Net,177,0.3795228938975366,0.0033333333333333,2025-12-05T11:54:11Z
CAM,,CE-Net,178,1.5961310338578334,0.0033333333333333,2025-12-05T11:54:11Z
CAM,,CE-Net,179,1.304371192194283,0.0033333333333333,2025-12-05T11:54:11Z
CAM,,CE-Net,180,1.1729672705317569,0.0033333333333333,2025-12-05T11:54:12Z
CAM,,CE-Net,181,1.0449596751338472,0.0033333333333333,2025-12-05T11:54:12Z
CAM,,CE-Net,182,0.8463190142688383,0.0033333333333333,2025-12-05T11:54:12Z
CAM,,CE-Net,183,2.7103799981117684,0.0033333333333333,2025-12-05T11:54:12Z
CAM,,CE-Net,184,-0.886568012101556,0.0033333333333333,2025-12-05T11:54:13Z
CAM,,CE-Net,185,3.6174344484171184,0.0033333333333333,2025-12-05T11:54:13Z
CAM,,CE-Net,186,0.8424632571519933,0.0033333333333333,2025-12-05T11:54:13Z
CAM,,CE-Net,187,1.6336550046011566,0.0033333333333333,2025-12-05T11:54:14Z
CAM,,CE-Net,188,0.4865494097724619,0.0033333333333333,2025-12-05T11:54:14Z
CAM,,CE-Net,189,0.5606234164069998,0.0033333333333333,2025-12-05T11:54:14Z
CAM,,CE-Net,190,1.0838213388446336,0.0033333333333333,2025-12-05T11:54:14Z
CAM,,CE-Net,191,1.852738940128064,0.0033333333333333,2025-12-05T11:54:15Z
CAM,,CE-Net,192,4.013304559241901,0.0033333333333333,2025-12-05T11:54:15Z
CAM,,CE-Net,193,2.449457718067974,0.0033333333333333,2025-12-05T11:54:15Z
CAM,,CE-Net,194,0.8703668535539552,0.0033333333333333,2025-12-05T11:54:15Z
CAM,,CE-Net,195,0.6681126838420509,0.0033333333333333,2025-12-05T11:54:16Z
CAM,,CE-Net,196,4.544048997456773,0.0033333333333333,2025-12-05T11:54:16Z
CAM,,CE-Net,197,6.934929943593217,0.0033333333333333,2025-12-05T11:54:16Z
CAM,,CE-Net,198,2.482260203742973,0.0033333333333333,2025-12-05T11:54:17Z
CAM,,CE-Net,199,0.3324827623455907,0.0033333333333333,2025-12-05T11:54:17Z
CAM,,CE-Net,200,-3.139567773419522,0.0033333333333333,2025-12-05T11:54:17Z
CAM,,CE-Net,201,0.5461163829722903,0.0033333333333333,2025-12-05T11:54:17Z
CAM,,CE-Net,202,-1.0726324507685878,0.0033333333333333,2025-12-05T11:54:18Z
CAM,,CE-Net,203,0.7614108311594256,0.0033333333333333,2025-12-05T11:54:18Z
CAM,,CE-Net,204,-2.053225759093585,0.0033333333333333,2025-12-05T11:54:18Z
CAM,,CE-Net,205,1.509777840564083,0.0033333333333333,2025-12-05T11:54:18Z
CAM,,CE-Net,206,1.9047158440874536,0.0033333333333333,2025-12-05T11:54:19Z
CAM,,CE-Net,207,1.6488465834010868,0.0033333333333333,2025-12-05T11:54:19Z
CAM,,CE-Net,208,-1.0718098184633595,0.0033333333333333,2025-12-05T11:54:19Z
CAM,,CE-Net,209,0.496311169533403,0.0033333333333333,2025-12-05T11:54:20Z
CAM,,CE-Net,210,0.8398788808283663,0.0033333333333333,2025-12-05T11:54:20Z
CAM,,CE-Net,211,0.6643861766882354,0.0033333333333333,2025-12-05T11:54:20Z
CAM,,CE-Net,212,-1.7185846137416023,0.0033333333333333,2025-12-05T11:54:20Z
CAM,,CE-Net,213,2.7443826017573367,0.0033333333333333,2025-12-05T11:54:21Z
CAM,,CE-Net,214,2.4375985279644863,0.0033333333333333,2025-12-05T11:54:21Z
CAM,,CE-Net,215,-0.3103939166277064,0.0033333333333333,2025-12-05T11:54:21Z
CAM,,CE-Net,216,0.422792641978692,0.0033333333333333,2025-12-05T11:54:22Z
CAM,,CE-Net,217,1.1926601108552854,0.0033333333333333,2025-12-05T11:54:22Z
CAM,,CE-Net,218,1.1123852700945411,0.0033333333333333,2025-12-05T11:54:22Z
CAM,,CE-Net,219,7.182269866654821,0.0033333333333333,2025-12-05T11:54:22Z
CAM,,CE-Net,220,-1.4547188270600888,0.0033333333333333,2025-12-05T11:54:23Z
CAM,,CE-Net,221,0.6927663455420457,0.0033333333333333,2025-12-05T11:54:23Z
CAM,,CE-Net,222,0.3924778632047262,0.0033333333333333,2025-12-05T11:54:23Z
CAM,,CE-Net,223,2.050053608974994,0.0033333333333333,2025-12-05T11:54:24Z
CAM,,CE-Net,224,-0.2711302247267622,0.0033333333333333,2025-12-05T11:54:24Z
CAM,,CE-Net,225,5.492737288522452,0.0033333333333333,2025-12-05T11:54:24Z
CAM,,CE-Net,226,-0.6859376809097164,0.0033333333333333,2025-12-05T11:54:24Z
CAM,,CE-Net,227,3.310266268613649,0.0033333333333333,2025-12-05T11:54:25Z
CAM,,CE-Net,228,0.7830985941303948,0.0033333333333333,2025-12-05T11:54:25Z
CAM,,CE-Net,229,1.223694457295046,0.0033333333333333,2025-12-05T11:54:25Z
CAM,,CE-Net,230,1.924573739018884,0.0033333333333333,2025-12-05T11:54:26Z
CAM,,CE-Net,231,0.6009547718116439,0.0033333333333333,2025-12-05T11:54:26Z
CAM,,CE-Net,232,1.4288377152400733,0.0033333333333333,2025-12-05T11:54:26Z
CAM,,CE-Net,233,1.5773174513186827,0.0033333333333333,2025-12-05T11:54:26Z
CAM,,CE-Net,234,0.5584352827324341,0.0033333333333333,2025-12-05T11:54:27Z
CAM,,CE-Net,235,-3.1942864660159227,0.0033333333333333,2025-12-05T11:54:27Z
CAM,,CE-Net,236,4.331787073908518,0.0033333333333333,2025-12-05T11:54:27Z
CAM,,CE-Net,237,1.8278865301117384,0.0033333333333333,2025-12-05T11:54:28Z
CAM,,CE-Net,238,0.3743302011984302,0.0033333333333333,2025-12-05T11:54:28Z
CAM,,CE-Net,239,1.3651618128673173,0.0033333333333333,2025-12-05T11:54:28Z
CAM,,CE-Net,240,1.0254866380739651,0.0033333333333333,2025-12-05T11:54:28Z
CAM,,CE-Net,241,0.9652944844796806,0.0033333333333333,2025-12-05T11:54:29Z
CAM,,CE-Net,242,1.3606902372718908,0.0033333333333333,2025-12-05T11:54:29Z
CAM,,CE-Net,243,1.1775171696917102,0.0033333333333333,2025-12-05T11:54:29Z
CAM,,CE-Net,244,2.6504971276593845,0.0033333333333333,2025-12-05T11:54:30Z
CAM,,CE-Net,245,1.497677164551933,0.0033333333333333,2025-12-05T11:54:30Z
CAM,,CE-Net,246,-0.4599889984290848,0.0033333333333333,2025-12-05T11:54:30Z
CAM,,CE-Net,247,4.008390790151844,0.0033333333333333,2025-12-05T11:54:30Z
CAM,,CE-Net,248,0.2739293622522957,0.0033333333333333,2025-12-05T11:54:31Z
CAM,,CE-Net,249,3.159525361388452,0.0033333333333333,2025-12-05T11:54:31Z
CAM,,CE-Net,250,1.2580258750454387,0.0033333333333333,2025-12-05T11:54:31Z
CAM,,CE-Net,251,6.040197095297126,0.0033333333333333,2025-12-05T11:54:31Z
CAM,,CE-Net,252,2.035723996564717,0.0033333333333333,2025-12-05T11:54:32Z
CAM,,CE-Net,253,0.946614537657714,0.0033333333333333,2025-12-05T11:54:32Z
CAM,,CE-Net,254,2.9464304025910204,0.0033333333333333,2025-12-05T11:54:32Z
CAM,,CE-Net,255,2.2648308367404733,0.0033333333333333,2025-12-05T11:54:32Z
CAM,,CE-Net,256,0.5683598356926636,0.0033333333333333,2025-12-05T11:54:32Z
CAM,,CE-Net,257,3.897446652185385,0.0033333333333333,2025-12-05T11:54:32Z
CAM,,CE-Net,258,5.068739976737046,0.0033333333333333,2025-12-05T11:54:33Z
CAM,,CE-Net,259,2.540145508272635,0.0033333333333333,2025-12-05T11:54:33Z
CAM,,CE-Net,260,6.900837714846979,0.0033333333333333,2025-12-05T11:54:33Z
CAM,,CE-Net,261,1.156079970585065,0.0033333333333333,2025-12-05T11:54:34Z
CAM,,CE-Net,262,4.737048732086377,0.0033333333333333,2025-12-05T11:54:34Z
CAM,,CE-Net,263,0.4929470886033193,0.0033333333333333,2025-12-05T11:54:34Z
CAM,,CE-Net,264,-1.3843723065264364,0.0033333333333333,2025-12-05T11:54:34Z
CAM,,CE-Net,265,0.5332743911671339,0.0033333333333333,2025-12-05T11:54:35Z
CAM,,CE-Net,266,0.3146721575817023,0.0033333333333333,2025-12-05T11:54:35Z
CAM,,CE-Net,267,-3.60306214826998,0.0033333333333333,2025-12-05T11:54:35Z
CAM,,CE-Net,268,-0.6432709341230282,0.0033333333333333,2025-12-05T11:54:36Z
CAM,,CE-Net,269,-1.1701783947633997,0.0033333333333333,2025-12-05T11:54:36Z
CAM,,CE-Net,270,2.72488448277006,0.0033333333333333,2025-12-05T11:54:36Z
CAM,,CE-Net,271,-4.269685771844829,0.0033333333333333,2025-12-05T11:54:36Z
CAM,,CE-Net,272,7.144975797455164,0.0033333333333333,2025-12-05T11:54:37Z
CAM,,CE-Net,273,3.427458157697703,0.0033333333333333,2025-12-05T11:54:37Z
CAM,,CE-Net,274,-0.3560407490221773,0.0033333333333333,2025-12-05T11:54:37Z
CAM,,CE-Net,275,-3.827876488016736,0.0033333333333333,2025-12-05T11:54:38Z
CAM,,CE-Net,276,0.8859998435478119,0.0033333333333333,2025-12-05T11:54:38Z
CAM,,CE-Net,277,1.8473180729143976,0.0033333333333333,2025-12-05T11:54:38Z
CAM,,CE-Net,278,2.347045823674364,0.0033333333333333,2025-12-05T11:54:38Z
CAM,,CE-Net,279,-0.9013537674663812,0.0033333333333333,2025-12-05T11:54:39Z
CAM,,CE-Net,280,1.237352990336437,0.0033333333333333,2025-12-05T11:54:39Z
CAM,,CE-Net,281,-0.9244658669164711,0.0033333333333333,2025-12-05T11:54:39Z
CAM,,CE-Net,282,1.3962508818773225,0.0033333333333333,2025-12-05T11:54:40Z
CAM,,CE-Net,283,-1.268302014769458,0.0033333333333333,2025-12-05T11:54:40Z
CAM,,CE-Net,284,-2.9417608297781745,0.0033333333333333,2025-12-05T11:54:40Z
CAM,,CE-Net,285,-1.5131207910400122,0.0033333333333333,2025-12-05T11:54:40Z
CAM,,CE-Net,286,1.0105476786267396,0.0033333333333333,2025-12-05T11:54:41Z
CAM,,CE-Net,287,0.8082516881515444,0.0033333333333333,2025-12-05T11:54:41Z
CAM,,CE-Net,288,1.3171846243835337,0.0033333333333333,2025-12-05T11:54:41Z
CAM,,CE-Net,289,1.3501174526453898,0.0033333333333333,2025-12-05T11:54:42Z
CAM,,CE-Net,290,4.617904125559917,0.0033333333333333,2025-12-05T11:54:42Z
CAM,,CE-Net,291,-0.5855496304230737,0.0033333333333333,2025-12-05T11:54:42Z
CAM,,CE-Net,292,6.17438180423411,0.0033333333333333,2025-12-05T11:54:42Z
CAM,,CE-Net,293,1.4017828849155154,0.0033333333333333,2025-12-05T11:54:43Z
CAM,,CE-Net,294,4.48084887518591,0.0033333333333333,2025-12-05T11:54:43Z
CAM,,CE-Net,295,4.8960928740640215,0.0033333333333333,2025-12-05T11:54:43Z
CAM,,CE-Net,296,-1.8559236311960736,0.0033333333333333,2025-12-05T11:54:44Z
CAM,,CE-Net,297,-3.123958627495315,0.0033333333333333,2025-12-05T11:54:44Z
CAM,,CE-Net,298,-0.7659931577564707,0.0033333333333333,2025-12-05T11:54:44Z
CAM,,CE-Net,299,5.666933214644261,0.0033333333333333,2025-12-05T11:54:45Z
CAM,,CE-Net,300,1.8669735274020445,0.0033333333333333,2025-12-05T11:54:45Z
bQCD,,CE-Cha,10,0.0140194850676709,0.0033333333333333,2025-12-05T11:57:37Z
bQCD,,CE-Cha,11,-0.0046933800890803,0.0033333333333333,2025-12-05T11:57:38Z
bQCD,,CE-Cha,12,-0.0007606888310445,0.0033333333333333,2025-12-05T11:57:39Z
bQCD,,CE-Cha,13,-0.0045438582411931,0.0033333333333333,2025-12-05T11:57:40Z
bQCD,,CE-Cha,14,-0.0006107148838081,0.0033333333333333,2025-12-05T11:57:40Z
bQCD,,CE-Cha,15,-0.0091971633514408,0.0033333333333333,2025-12-05T11:57:41Z
bQCD,,CE-Cha,16,-0.0002912966655932,0.0033333333333333,2025-12-05T11:57:42Z
bQCD,,CE-Cha,17,0.0011054750221984,0.0033333333333333,2025-12-05T11:57:42Z
bQCD,,CE-Cha,18,0.0004729556893557,0.0033333333333333,2025-12-05T11:57:43Z
bQCD,,CE-Cha,19,0.0003087252455767,0.0033333333333333,2025-12-05T11:57:44Z
bQCD,,CE-Cha,20,0.0046669513638449,0.0033333333333333,2025-12-05T11:57:45Z
bQCD,,CE-Cha,21,-0.0131555884650276,0.0033333333333333,2025-12-05T11:57:45Z
bQCD,,CE-Cha,22,-0.0058211296559819,0.0033333333333333,2025-12-05T11:57:46Z
bQCD,,CE-Cha,23,-0.0011543204437745,0.0033333333333333,2025-12-05T11:57:47Z
bQCD,,CE-Cha,24,0.0200879524745175,0.0033333333333333,2025-12-05T11:57:48Z
bQCD,,CE-Cha,25,-0.0272581528403561,0.0033333333333333,2025-12-05T11:57:48Z
bQCD,,CE-Cha,26,-0.0005065654090679,0.0033333333333333,2025-12-05T11:57:49Z
bQCD,,CE-Cha,27,0.083390603259695,0.0033333333333333,2025-12-05T11:57:50Z
bQCD,,CE-Cha,28,-0.0064855928147371,0.0033333333333333,2025-12-05T11:57:50Z
bQCD,,CE-Cha,29,-0.0041495000777416,0.0033333333333333,2025-12-05T11:57:51Z
bQCD,,CE-Cha,30,0.0062169573007452,0.0033333333333333,2025-12-05T11:57:52Z
bQCD,,CE-Cha,31,0.147952910487167,0.0033333333333333,2025-12-05T11:57:53Z
bQCD,,CE-Cha,32,0.0183921661123008,0.0033333333333333,2025-12-05T11:57:53Z
bQCD,,CE-Cha,33,0.0001765403907331,0.0033333333333333,2025-12-05T11:57:54Z
bQCD,,CE-Cha,34,-0.076086032308599,0.0033333333333333,2025-12-05T11:57:55Z
bQCD,,CE-Cha,35,-0.0035574136583438,0.0033333333333333,2025-12-05T11:57:56Z
bQCD,,CE-Cha,36,-0.0061639214011386,0.0033333333333333,2025-12-05T11:57:56Z
bQCD,,CE-Cha,37,-0.1147000405404339,0.0033333333333333,2025-12-05T11:57:57Z
bQCD,,CE-Cha,38,0.0019750829211658,0.0033333333333333,2025-12-05T11:57:58Z
bQCD,,CE-Cha,39,-0.0157060238737659,0.0033333333333333,2025-12-05T11:57:59Z
bQCD,,CE-Cha,40,-0.0099445629721376,0.0033333333333333,2025-12-05T11:58:00Z
bQCD,,CE-Cha,41,-0.000103331954959,0.0033333333333333,2025-12-05T11:58:00Z
bQCD,,CE-Cha,42,0.0019581912594183,0.0033333333333333,2025-12-05T11:58:01Z
bQCD,,CE-Cha,43,0.0974865069227187,0.0033333333333333,2025-12-05T11:58:02Z
bQCD,,CE-Cha,44,-0.0111054221947871,0.0033333333333333,2025-12-05T11:58:03Z
bQCD,,CE-Cha,45,-0.0212946024263069,0.0033333333333333,2025-12-05T11:58:03Z
bQCD,,CE-Cha,46,-0.1037706696662326,0.0033333333333333,2025-12-05T11:58:04Z
bQCD,,CE-Cha,47,-0.0040491654906033,0.0033333333333333,2025-12-05T11:58:05Z
bQCD,,CE-Cha,48,0.0169167222672262,0.0033333333333333,2025-12-05T11:58:05Z
bQCD,,CE-Cha,49,-0.0147679503371906,0.0033333333333333,2025-12-05T11:58:06Z
bQCD,,CE-Cha,50,0.0285188902209477,0.0033333333333333,2025-12-05T11:58:07Z
bQCD,,CE-Cha,51,-0.0046893102799228,0.0033333333333333,2025-12-05T11:58:08Z
bQCD,,CE-Cha,52,0.0716207214664339,0.0033333333333333,2025-12-05T11:58:08Z
bQCD,,CE-Cha,53,-0.0010554467916421,0.0033333333333333,2025-12-05T11:58:09Z
bQCD,,CE-Cha,54,0.0003559139236695,0.0033333333333333,2025-12-05T11:58:10Z
bQCD,,CE-Cha,55,0.0018755787989422,0.0033333333333333,2025-12-05T11:58:11Z
bQCD,,CE-Cha,56,0.003923928054527,0.0033333333333333,2025-12-05T11:58:12Z
bQCD,,CE-Cha,57,-0.0067989153618617,0.0033333333333333,2025-12-05T11:58:12Z
bQCD,,CE-Cha,58,0.0777502498795061,0.0033333333333333,2025-12-05T11:58:13Z
bQCD,,CE-Cha,59,0.0938647344502584,0.0033333333333333,2025-12-05T11:58:14Z
bQCD,,CE-Cha,60,0.0109234077243073,0.0033333333333333,2025-12-05T11:58:15Z
bQCD,,CE-Cha,61,-0.0023226714177887,0.0033333333333333,2025-12-05T11:58:15Z
bQCD,,CE-Cha,62,0.0010066335605514,0.0033333333333333,2025-12-05T11:58:16Z
bQCD,,CE-Cha,63,-5.7215509982055934e-06,0.0033333333333333,2025-12-05T11:58:17Z
bQCD,,CE-Cha,64,0.0145877776868535,0.0033333333333333,2025-12-05T11:58:17Z
bQCD,,CE-Cha,65,-0.0126389366917365,0.0033333333333333,2025-12-05T11:58:18Z
bQCD,,CE-Cha,66,0.0005370118984177,0.0033333333333333,2025-12-05T11:58:19Z
bQCD,,CE-Cha,67,-0.0016114914958147,0.0033333333333333,2025-12-05T11:58:20Z
bQCD,,CE-Cha,68,0.0071417272089908,0.0033333333333333,2025-12-05T11:58:20Z
bQCD,,CE-Cha,69,0.0115807987211473,0.0033333333333333,2025-12-05T11:58:21Z
bQCD,,CE-Cha,70,0.0071588016978599,0.0033333333333333,2025-12-05T11:58:22Z
bQCD,,CE-Cha,71,-0.0048272727168032,0.0033333333333333,2025-12-05T11:58:22Z
bQCD,,CE-Cha,72,-0.0250202227204853,0.0033333333333333,2025-12-05T11:58:23Z
bQCD,,CE-Cha,73,0.0046795705609767,0.0033333333333333,2025-12-05T11:58:24Z
bQCD,,CE-Cha,74,0.0006017858963752,0.0033333333333333,2025-12-05T11:58:25Z
bQCD,,CE-Cha,75,0.097636847045463,0.0033333333333333,2025-12-05T11:58:25Z
bQCD,,CE-Cha,76,-0.0099547839300527,0.0033333333333333,2025-12-05T11:58:26Z
bQCD,,CE-Cha,77,0.1378499550233919,0.0033333333333333,2025-12-05T11:58:27Z
bQCD,,CE-Cha,78,0.0014095976907835,0.0033333333333333,2025-12-05T11:58:28Z
bQCD,,CE-Cha,79,0.0001574083844917,0.0033333333333333,2025-12-05T11:58:28Z
bQCD,,CE-Cha,80,0.0822063082840437,0.0033333333333333,2025-12-05T11:58:29Z
bQCD,,CE-Cha,81,0.0024314277334077,0.0033333333333333,2025-12-05T11:58:30Z
bQCD,,CE-Cha,82,0.0178700850486076,0.0033333333333333,2025-12-05T11:58:31Z
bQCD,,CE-Cha,83,0.0008589894051824,0.0033333333333333,2025-12-05T11:58:31Z
bQCD,,CE-Cha,84,-0.0406203627955051,0.0033333333333333,2025-12-05T11:58:32Z
bQCD,,CE-Cha,85,0.002804336270814,0.0033333333333333,2025-12-05T11:58:33Z
bQCD,,CE-Cha,86,-0.0019549503819864,0.0033333333333333,2025-12-05T11:58:33Z
bQCD,,CE-Cha,87,-0.0028962852494794,0.0033333333333333,2025-12-05T11:58:34Z
bQCD,,CE-Cha,88,0.0244616885791202,0.0033333333333333,2025-12-05T11:58:35Z
bQCD,,CE-Cha,89,0.0002544896512494,0.0033333333333333,2025-12-05T11:58:36Z
bQCD,,CE-Cha,90,-0.0249962745096168,0.0033333333333333,2025-12-05T11:58:36Z
bQCD,,CE-Cha,91,-4.732039300803237e-05,0.0033333333333333,2025-12-05T11:58:37Z
bQCD,,CE-Cha,92,-0.0018236496669971,0.0033333333333333,2025-12-05T11:58:38Z
bQCD,,CE-Cha,93,0.0102587275621406,0.0033333333333333,2025-12-05T11:58:39Z
bQCD,,CE-Cha,94,0.0734049009355134,0.0033333333333333,2025-12-05T11:58:39Z
bQCD,,CE-Cha,95,-0.0704207524451489,0.0033333333333333,2025-12-05T11:58:40Z
bQCD,,CE-Cha,96,0.0067581104358083,0.0033333333333333,2025-12-05T11:58:41Z
bQCD,,CE-Cha,97,0.0158868351618698,0.0033333333333333,2025-12-05T11:58:42Z
bQCD,,CE-Cha,98,0.0517671346153605,0.0033333333333333,2025-12-05T11:58:42Z
bQCD,,CE-Cha,99,-0.0082813726677579,0.0033333333333333,2025-12-05T11:58:43Z
bQCD,,CE-Cha,100,0.0140733718149795,0.0033333333333333,2025-12-05T11:58:44Z
bQCD,,CE-Cha,101,0.0044522000218195,0.0033333333333333,2025-12-05T11:58:44Z
bQCD,,CE-Cha,102,0.1549719219774037,0.0033333333333333,2025-12-05T11:58:45Z
bQCD,,CE-Cha,103,0.0116643944257257,0.0033333333333333,2025-12-05T11:58:46Z
bQCD,,CE-Cha,104,0.1403150509920738,0.0033333333333333,2025-12-05T11:58:47Z
bQCD,,CE-Cha,105,-0.05856407682504,0.0033333333333333,2025-12-05T11:58:47Z
bQCD,,CE-Cha,106,0.0170459820002456,0.0033333333333333,2025-12-05T11:58:48Z
bQCD,,CE-Cha,107,-0.0140728303705996,0.0033333333333333,2025-12-05T11:58:49Z
bQCD,,CE-Cha,108,0.0162059712616592,0.0033333333333333,2025-12-05T11:58:49Z
bQCD,,CE-Cha,109,0.003574535662621,0.0033333333333333,2025-12-05T11:58:50Z
bQCD,,CE-Cha,110,0.0009114157012297,0.0033333333333333,2025-12-05T11:58:51Z
bQCD,,CE-Cha,111,0.0166731397665431,0.0033333333333333,2025-12-05T11:58:52Z
bQCD,,CE-Cha,112,0.0055866996141361,0.0033333333333333,2025-12-05T11:58:52Z
bQCD,,CE-Cha,113,0.000696211577939,0.0033333333333333,2025-12-05T11:58:53Z
bQCD,,CE-Cha,114,-0.0003080821518863,0.0033333333333333,2025-12-05T11:58:54Z
bQCD,,CE-Cha,115,-0.0192545562258388,0.0033333333333333,2025-12-05T11:58:55Z
bQCD,,CE-Cha,116,-0.0016729394105466,0.0033333333333333,2025-12-05T11:58:56Z
bQCD,,CE-Cha,117,-0.00382466711383,0.0033333333333333,2025-12-05T11:58:56Z
bQCD,,CE-Cha,118,-0.0163731659583556,0.0033333333333333,2025-12-05T11:58:57Z
bQCD,,CE-Cha,119,-0.0055499209700751,0.0033333333333333,2025-12-05T11:58:58Z
bQCD,,CE-Cha,120,0.0748281064230367,0.0033333333333333,2025-12-05T11:58:58Z
bQCD,,CE-Cha,121,0.0003757786637204,0.0033333333333333,2025-12-05T11:58:59Z
bQCD,,CE-Cha,122,0.009157788182437,0.0033333333333333,2025-12-05T11:59:00Z
bQCD,,CE-Cha,123,-0.0006308285508331,0.0033333333333333,2025-12-05T11:59:01Z
bQCD,,CE-Cha,124,-0.0336933180589933,0.0033333333333333,2025-12-05T11:59:02Z
bQCD,,CE-Cha,125,-0.0010144786082603,0.0033333333333333,2025-12-05T11:59:02Z
bQCD,,CE-Cha,126,0.0036302959981475,0.0033333333333333,2025-12-05T11:59:03Z
bQCD,,CE-Cha,127,0.0003110942630749,0.0033333333333333,2025-12-05T11:59:04Z
bQCD,,CE-Cha,128,0.0096215031516697,0.0033333333333333,2025-12-05T11:59:04Z
bQCD,,CE-Cha,129,-0.0016029831363368,0.0033333333333333,2025-12-05T11:59:05Z
bQCD,,CE-Cha,130,0.0003178080902025,0.0033333333333333,2025-12-05T11:59:06Z
bQCD,,CE-Cha,131,-0.0205247232084898,0.0033333333333333,2025-12-05T11:59:07Z
bQCD,,CE-Cha,132,0.014181646561139,0.0033333333333333,2025-12-05T11:59:07Z
bQCD,,CE-Cha,133,0.0014323533792583,0.0033333333333333,2025-12-05T11:59:08Z
bQCD,,CE-Cha,134,0.0014007064078962,0.0033333333333333,2025-12-05T11:59:09Z
bQCD,,CE-Cha,135,0.0114410820349043,0.0033333333333333,2025-12-05T11:59:09Z
bQCD,,CE-Cha,136,-0.0010721044159074,0.0033333333333333,2025-12-05T11:59:10Z
bQCD,,CE-Cha,137,0.0385192050223244,0.0033333333333333,2025-12-05T11:59:11Z
bQCD,,CE-Cha,138,-0.0050548157276911,0.0033333333333333,2025-12-05T11:59:12Z
bQCD,,CE-Cha,139,-0.0034550729426813,0.0033333333333333,2025-12-05T11:59:13Z
bQCD,,CE-Cha,140,-0.0316557085188577,0.0033333333333333,2025-12-05T11:59:13Z
bQCD,,CE-Cha,141,0.0016932964505372,0.0033333333333333,2025-12-05T11:59:14Z
bQCD,,CE-Cha,142,-0.0048107333155794,0.0033333333333333,2025-12-05T11:59:15Z
bQCD,,CE-Cha,143,-0.0636407484032878,0.0033333333333333,2025-12-05T11:59:15Z
bQCD,,CE-Cha,144,-0.0025033024574685,0.0033333333333333,2025-12-05T11:59:16Z
bQCD,,CE-Cha,145,0.005065888930578,0.0033333333333333,2025-12-05T11:59:17Z
bQCD,,CE-Cha,146,0.0407093873309387,0.0033333333333333,2025-12-05T11:59:18Z
bQCD,,CE-Cha,147,0.0492270940753755,0.0033333333333333,2025-12-05T11:59:19Z
bQCD,,CE-Cha,148,0.0061458655624638,0.0033333333333333,2025-12-05T11:59:19Z
bQCD,,CE-Cha,149,0.0302766667889802,0.0033333333333333,2025-12-05T11:59:20Z
bQCD,,CE-Cha,150,0.0013587082608126,0.0033333333333333,2025-12-05T11:59:21Z
bQCD,,CE-Cha,151,-0.0326834588359871,0.0033333333333333,2025-12-05T11:59:22Z
bQCD,,CE-Cha,152,-0.0105045116574047,0.0033333333333333,2025-12-05T11:59:22Z
bQCD,,CE-Cha,153,0.0071266724867927,0.0033333333333333,2025-12-05T11:59:23Z
bQCD,,CE-Cha,154,-0.0001327185880803,0.0033333333333333,2025-12-05T11:59:24Z
bQCD,,CE-Cha,155,0.0690630609782078,0.0033333333333333,2025-12-05T11:59:25Z
bQCD,,CE-Cha,156,0.0022696890586223,0.0033333333333333,2025-12-05T11:59:25Z
bQCD,,CE-Cha,157,-0.011811599829452,0.0033333333333333,2025-12-05T11:59:26Z
bQCD,,CE-Cha,158,0.0016891514889231,0.0033333333333333,2025-12-05T11:59:27Z
bQCD,,CE-Cha,159,-0.0331939145556681,0.0033333333333333,2025-12-05T11:59:28Z
bQCD,,CE-Cha,160,-0.0022596472837143,0.0033333333333333,2025-12-05T11:59:29Z
bQCD,,CE-Cha,161,-0.0069597033092705,0.0033333333333333,2025-12-05T11:59:29Z
bQCD,,CE-Cha,162,0.015610899111882,0.0033333333333333,2025-12-05T11:59:30Z
bQCD,,CE-Cha,163,-0.0070047792433808,0.0033333333333333,2025-12-05T11:59:31Z
bQCD,,CE-Cha,164,-0.0137166268981222,0.0033333333333333,2025-12-05T11:59:32Z
bQCD,,CE-Cha,165,0.0036365799555535,0.0033333333333333,2025-12-05T11:59:32Z
bQCD,,CE-Cha,166,-0.0152915078220443,0.0033333333333333,2025-12-05T11:59:33Z
bQCD,,CE-Cha,167,-0.0036693593002871,0.0033333333333333,2025-12-05T11:59:34Z
bQCD,,CE-Cha,168,-0.0005965638217158,0.0033333333333333,2025-12-05T11:59:35Z
bQCD,,CE-Cha,169,0.0026068357242622,0.0033333333333333,2025-12-05T11:59:35Z
bQCD,,CE-Cha,170,0.0016371759820995,0.0033333333333333,2025-12-05T11:59:36Z
bQCD,,CE-Cha,171,-0.0237051964950084,0.0033333333333333,2025-12-05T11:59:37Z
bQCD,,CE-Cha,172,-0.0152903129983075,0.0033333333333333,2025-12-05T11:59:38Z
bQCD,,CE-Cha,173,0.0035296659923156,0.0033333333333333,2025-12-05T11:59:38Z
bQCD,,CE-Cha,174,0.0077546350784442,0.0033333333333333,2025-12-05T11:59:39Z
bQCD,,CE-Cha,175,0.029361768931312,0.0033333333333333,2025-12-05T11:59:40Z
bQCD,,CE-Cha,176,-0.0042921307974399,0.0033333333333333,2025-12-05T11:59:41Z
bQCD,,CE-Cha,177,0.0856388552001549,0.0033333333333333,2025-12-05T11:59:41Z
bQCD,,CE-Cha,178,0.0010393611673851,0.0033333333333333,2025-12-05T11:59:42Z
bQCD,,CE-Cha,179,0.0078459010720367,0.0033333333333333,2025-12-05T11:59:43Z
bQCD,,CE-Cha,180,-0.0358394279140408,0.0033333333333333,2025-12-05T11:59:44Z
bQCD,,CE-Cha,181,0.0004284904802884,0.0033333333333333,2025-12-05T11:59:44Z
bQCD,,CE-Cha,182,-0.0014736593838938,0.0033333333333333,2025-12-05T11:59:45Z
bQCD,,CE-Cha,183,0.0050992387666108,0.0033333333333333,2025-12-05T11:59:46Z
bQCD,,CE-Cha,184,-0.0059504127004519,0.0033333333333333,2025-12-05T11:59:46Z
bQCD,,CE-Cha,185,0.0077839499569671,0.0033333333333333,2025-12-05T11:59:48Z
bQCD,,CE-Cha,186,-0.0049983992944024,0.0033333333333333,2025-12-05T11:59:48Z
bQCD,,CE-Cha,187,-0.0032517984348758,0.0033333333333333,2025-12-05T11:59:49Z
bQCD,,CE-Cha,188,0.0230405721486578,0.0033333333333333,2025-12-05T11:59:50Z
bQCD,,CE-Cha,189,0.092756160622913,0.0033333333333333,2025-12-05T11:59:50Z
bQCD,,CE-Cha,190,-0.0020304044647418,0.0033333333333333,2025-12-05T11:59:51Z
bQCD,,CE-Cha,191,-0.0013999152162337,0.0033333333333333,2025-12-05T11:59:52Z
bQCD,,CE-Cha,192,0.0007969313097874,0.0033333333333333,2025-12-05T11:59:53Z
bQCD,,CE-Cha,193,0.0020394135079099,0.0033333333333333,2025-12-05T11:59:54Z
bQCD,,CE-Cha,194,-0.0020220118665486,0.0033333333333333,2025-12-05T11:59:54Z
bQCD,,CE-Cha,195,0.0044357157552264,0.0033333333333333,2025-12-05T11:59:55Z
bQCD,,CE-Cha,196,0.0034829075749218,0.0033333333333333,2025-12-05T11:59:56Z
bQCD,,CE-Cha,197,0.000640241631294,0.0033333333333333,2025-12-05T11:59:57Z
bQCD,,CE-Cha,198,0.0003562289584712,0.0033333333333333,2025-12-05T11:59:58Z
bQCD,,CE-Cha,199,0.0030016809076562,0.0033333333333333,2025-12-05T11:59:58Z
bQCD,,CE-Cha,200,0.0399644222009314,0.0033333333333333,2025-12-05T11:59:59Z
bQCD,,CE-Cha,201,-0.0245360008868382,0.0033333333333333,2025-12-05T12:00:00Z
bQCD,,CE-Cha,202,-0.034827481390068,0.0033333333333333,2025-12-05T12:00:01Z
bQCD,,CE-Cha,203,-0.0010868736630678,0.0033333333333333,2025-12-05T12:00:01Z
bQCD,,CE-Cha,204,0.0006948768742914,0.0033333333333333,2025-12-05T12:00:02Z
bQCD,,CE-Cha,205,-0.0070386997380479,0.0033333333333333,2025-12-05T12:00:03Z
bQCD,,CE-Cha,206,-0.0024693850737426,0.0033333333333333,2025-12-05T12:00:03Z
bQCD,,CE-Cha,207,0.0077230399553428,0.0033333333333333,2025-12-05T12:00:04Z
bQCD,,CE-Cha,208,0.0427372623791718,0.0033333333333333,2025-12-05T12:00:05Z
bQCD,,CE-Cha,209,-0.0032936494900656,0.0033333333333333,2025-12-05T12:00:06Z
bQCD,,CE-Cha,210,-0.0012548575253165,0.0033333333333333,2025-12-05T12:00:06Z
bQCD,,CE-Cha,211,0.0020496782445557,0.0033333333333333,2025-12-05T12:00:07Z
bQCD,,CE-Cha,212,-0.0069079267726378,0.0033333333333333,2025-12-05T12:00:08Z
bQCD,,CE-Cha,213,0.0176366171645101,0.0033333333333333,2025-12-05T12:00:09Z
bQCD,,CE-Cha,214,0.0109775059985244,0.0033333333333333,2025-12-05T12:00:09Z
bQCD,,CE-Cha,215,0.0023914063811433,0.0033333333333333,2025-12-05T12:00:10Z
bQCD,,CE-Cha,216,0.0028220662048439,0.0033333333333333,2025-12-05T12:00:11Z
bQCD,,CE-Cha,217,-0.0126387354688912,0.0033333333333333,2025-12-05T12:00:12Z
bQCD,,CE-Cha,218,0.0017513085790032,0.0033333333333333,2025-12-05T12:00:12Z
bQCD,,CE-Cha,219,0.0007191733021344,0.0033333333333333,2025-12-05T12:00:13Z
bQCD,,CE-Cha,220,-0.0026267369651667,0.0033333333333333,2025-12-05T12:00:14Z
bQCD,,CE-Cha,221,-0.0551313620055643,0.0033333333333333,2025-12-05T12:00:15Z
bQCD,,CE-Cha,222,-0.0028061317616959,0.0033333333333333,2025-12-05T12:00:15Z
bQCD,,CE-Cha,223,0.002483392955017,0.0033333333333333,2025-12-05T12:00:16Z
bQCD,,CE-Cha,224,0.0001704797415419,0.0033333333333333,2025-12-05T12:00:17Z
bQCD,,CE-Cha,225,-0.0007795029195968,0.0033333333333333,2025-12-05T12:00:18Z
bQCD,,CE-Cha,226,0.015356599953467,0.0033333333333333,2025-12-05T12:00:18Z
bQCD,,CE-Cha,227,-0.0068358641948573,0.0033333333333333,2025-12-05T12:00:19Z
bQCD,,CE-Cha,228,0.0148453786206737,0.0033333333333333,2025-12-05T12:00:20Z
bQCD,,CE-Cha,229,-4.663131896609496e-05,0.0033333333333333,2025-12-05T12:00:21Z
bQCD,,CE-Cha,230,-0.0072517751542758,0.0033333333333333,2025-12-05T12:00:21Z
bQCD,,CE-Cha,231,-0.000381621272654,0.0033333333333333,2025-12-05T12:00:22Z
bQCD,,CE-Cha,232,0.0098485170722845,0.0033333333333333,2025-12-05T12:00:23Z
bQCD,,CE-Cha,233,0.0075562877087299,0.0033333333333333,2025-12-05T12:00:24Z
bQCD,,CE-Cha,234,-0.0020768878952569,0.0033333333333333,2025-12-05T12:00:25Z
bQCD,,CE-Cha,235,0.0168924140311046,0.0033333333333333,2025-12-05T12:00:25Z
bQCD,,CE-Cha,236,0.1072985209637551,0.0033333333333333,2025-12-05T12:00:26Z
bQCD,,CE-Cha,237,-0.0059407619149461,0.0033333333333333,2025-12-05T12:00:27Z
bQCD,,CE-Cha,238,-0.0029587754751846,0.0033333333333333,2025-12-05T12:00:28Z
bQCD,,CE-Cha,239,-0.0121318827562426,0.0033333333333333,2025-12-05T12:00:28Z
bQCD,,CE-Cha,240,-0.0067278493731246,0.0033333333333333,2025-12-05T12:00:29Z
bQCD,,CE-Cha,241,0.0036643182614289,0.0033333333333333,2025-12-05T12:00:30Z
bQCD,,CE-Cha,242,-0.041562887261922,0.0033333333333333,2025-12-05T12:00:30Z
bQCD,,CE-Cha,243,-0.0077348169646863,0.0033333333333333,2025-12-05T12:00:31Z
bQCD,,CE-Cha,244,-0.0033723092217604,0.0033333333333333,2025-12-05T12:00:32Z
bQCD,,CE-Cha,245,-0.0170954219775938,0.0033333333333333,2025-12-05T12:00:32Z
bQCD,,CE-Cha,246,0.0032086144310168,0.0033333333333333,2025-12-05T12:00:33Z
bQCD,,CE-Cha,247,0.0023784416787362,0.0033333333333333,2025-12-05T12:00:34Z
bQCD,,CE-Cha,248,0.000739221214426,0.0033333333333333,2025-12-05T12:00:35Z
bQCD,,CE-Cha,249,0.0003801646802115,0.0033333333333333,2025-12-05T12:00:35Z
bQCD,,CE-Cha,250,0.0053185143181336,0.0033333333333333,2025-12-05T12:00:36Z
bQCD,,CE-Cha,251,-0.0002854118908839,0.0033333333333333,2025-12-05T12:00:37Z
bQCD,,CE-Cha,252,-0.0183213995896358,0.0033333333333333,2025-12-05T12:00:37Z
bQCD,,CE-Cha,253,0.0402559683957507,0.0033333333333333,2025-12-05T12:00:38Z
bQCD,,CE-Cha,254,0.0101104303502155,0.0033333333333333,2025-12-05T12:00:39Z
bQCD,,CE-Cha,255,0.0060293106157859,0.0033333333333333,2025-12-05T12:00:40Z
bQCD,,CE-Cha,256,0.007678706105091,0.0033333333333333,2025-12-05T12:00:40Z
bQCD,,CE-Cha,257,0.0795791647655379,0.0033333333333333,2025-12-05T12:00:41Z
bQCD,,CE-Cha,258,0.0160886153153474,0.0033333333333333,2025-12-05T12:00:42Z
bQCD,,CE-Cha,259,-0.005075124501283,0.0033333333333333,2025-12-05T12:00:43Z
bQCD,,CE-Cha,260,-0.0004854617156645,0.0033333333333333,2025-12-05T12:00:43Z
bQCD,,CE-Cha,261,0.040519406926015,0.0033333333333333,2025-12-05T12:00:44Z
bQCD,,CE-Cha,262,0.0001581689662154,0.0033333333333333,2025-12-05T12:00:45Z
bQCD,,CE-Cha,263,-0.0012305120276733,0.0033333333333333,2025-12-05T12:00:46Z
bQCD,,CE-Cha,264,0.0018684968786989,0.0033333333333333,2025-12-05T12:00:46Z
bQCD,,CE-Cha,265,0.000307522278491,0.0033333333333333,2025-12-05T12:00:47Z
bQCD,,CE-Cha,266,-0.0024653351513866,0.0033333333333333,2025-12-05T12:00:48Z
bQCD,,CE-Cha,267,0.0644058884059793,0.0033333333333333,2025-12-05T12:00:49Z
bQCD,,CE-Cha,268,-0.0014118160458577,0.0033333333333333,2025-12-05T12:00:50Z
bQCD,,CE-Cha,269,-0.0025302122903324,0.0033333333333333,2025-12-05T12:00:50Z
bQCD,,CE-Cha,270,0.0085570889286045,0.0033333333333333,2025-12-05T12:00:51Z
bQCD,,CE-Cha,271,-0.0172831992354849,0.0033333333333333,2025-12-05T12:00:52Z
bQCD,,CE-Cha,272,-0.0005944159894968,0.0033333333333333,2025-12-05T12:00:53Z
bQCD,,CE-Cha,273,0.0547647367931392,0.0033333333333333,2025-12-05T12:00:53Z
bQCD,,CE-Cha,274,0.0393102924709882,0.0033333333333333,2025-12-05T12:00:54Z
bQCD,,CE-Cha,275,-0.0165148080665186,0.0033333333333333,2025-12-05T12:00:55Z
bQCD,,CE-Cha,276,-0.017016011108332,0.0033333333333333,2025-12-05T12:00:55Z
bQCD,,CE-Cha,277,0.001886614646774,0.0033333333333333,2025-12-05T12:00:56Z
bQCD,,CE-Cha,278,0.0029079636082316,0.0033333333333333,2025-12-05T12:00:57Z
bQCD,,CE-Cha,279,0.0003231013860628,0.0033333333333333,2025-12-05T12:00:58Z
bQCD,,CE-Cha,280,-0.0161779670431899,0.0033333333333333,2025-12-05T12:00:58Z
bQCD,,CE-Cha,281,-0.0068157672443949,0.0033333333333333,2025-12-05T12:00:59Z
bQCD,,CE-Cha,282,-0.0080576427971524,0.0033333333333333,2025-12-05T12:01:00Z
bQCD,,CE-Cha,283,0.0016521558468804,0.0033333333333333,2025-12-05T12:01:00Z
bQCD,,CE-Cha,284,-0.0091463757750245,0.0033333333333333,2025-12-05T12:01:01Z
bQCD,,CE-Cha,285,0.0027674686809784,0.0033333333333333,2025-12-05T12:01:02Z
bQCD,,CE-Cha,286,0.0113993795473439,0.0033333333333333,2025-12-05T12:01:03Z
bQCD,,CE-Cha,287,-0.0003805577971198,0.0033333333333333,2025-12-05T12:01:03Z
bQCD,,CE-Cha,288,-0.0051815961528838,0.0033333333333333,2025-12-05T12:01:04Z
bQCD,,CE-Cha,289,0.0012549496324454,0.0033333333333333,2025-12-05T12:01:05Z
bQCD,,CE-Cha,290,-0.0129723191001084,0.0033333333333333,2025-12-05T12:01:05Z
bQCD,,CE-Cha,291,-0.0027511786010179,0.0033333333333333,2025-12-05T12:01:06Z
bQCD,,CE-Cha,292,0.0001137393977339,0.0033333333333333,2025-12-05T12:01:07Z
bQCD,,CE-Cha,293,0.158076781350762,0.0033333333333333,2025-12-05T12:01:08Z
bQCD,,CE-Cha,294,0.014708414864743,0.0033333333333333,2025-12-05T12:01:08Z
bQCD,,CE-Cha,295,0.0118723568026404,0.0033333333333333,2025-12-05T12:01:09Z
bQCD,,CE-Cha,296,0.0030149161349923,0.0033333333333333,2025-12-05T12:01:10Z
bQCD,,CE-Cha,297,0.0196945778507008,0.0033333333333333,2025-12-05T12:01:11Z
bQCD,,CE-Cha,298,0.0002497996181879,0.0033333333333333,2025-12-05T12:01:12Z
bQCD,,CE-Cha,299,0.0003832180144021,0.0033333333333333,2025-12-05T12:01:12Z
bQCD,,CE-Cha,300,0.0010701993728168,0.0033333333333333,2025-12-05T12:01:13Z
bQCD,,CE-Gauss,1,0.000133564471489,0.0033333333333333,2025-12-05T12:01:14Z
bQCD,,CE-Gauss,2,0.005902313560575,0.0033333333333333,2025-12-05T12:01:15Z
bQCD,,CE-Gauss,3,0.0449398693979963,0.0033333333333333,2025-12-05T12:01:16Z
bQCD,,CE-Gauss,4,0.001656699213846,0.0033333333333333,2025-12-05T12:01:16Z
bQCD,,CE-Gauss,5,-0.0106023132346676,0.0033333333333333,2025-12-05T12:01:17Z
bQCD,,CE-Gauss,6,0.0039094375408468,0.0033333333333333,2025-12-05T12:01:18Z
bQCD,,CE-Gauss,7,0.0015904531196778,0.0033333333333333,2025-12-05T12:01:19Z
bQCD,,CE-Gauss,8,0.0016588605212723,0.0033333333333333,2025-12-05T12:01:20Z
bQCD,,CE-Gauss,9,-0.0086130890190403,0.0033333333333333,2025-12-05T12:01:20Z
bQCD,,CE-Gauss,10,-0.0033661773230615,0.0033333333333333,2025-12-05T12:01:21Z
bQCD,,CE-Gauss,11,0.0034547971817555,0.0033333333333333,2025-12-05T12:01:22Z
bQCD,,CE-Gauss,12,-0.0144643408128771,0.0033333333333333,2025-12-05T12:01:23Z
bQCD,,CE-Gauss,13,0.0022185801325929,0.0033333333333333,2025-12-05T12:01:23Z
bQCD,,CE-Gauss,14,0.0008376129190177,0.0033333333333333,2025-12-05T12:01:24Z
bQCD,,CE-Gauss,15,-0.0199780479926893,0.0033333333333333,2025-12-05T12:01:25Z
bQCD,,CE-Gauss,16,-0.0006975949206822,0.0033333333333333,2025-12-05T12:01:25Z
bQCD,,CE-Gauss,17,-0.0016747035827943,0.0033333333333333,2025-12-05T12:01:26Z
bQCD,,CE-Gauss,18,-0.0095825739160351,0.0033333333333333,2025-12-05T12:01:27Z
bQCD,,CE-Gauss,19,0.0017904587115278,0.0033333333333333,2025-12-05T12:01:28Z
bQCD,,CE-Gauss,20,0.0066022347997788,0.0033333333333333,2025-12-05T12:01:28Z
bQCD,,CE-Gauss,21,-0.0101166264011085,0.0033333333333333,2025-12-05T12:01:29Z
bQCD,,CE-Gauss,22,-0.008552340531714,0.0033333333333333,2025-12-05T12:01:30Z
bQCD,,CE-Gauss,23,0.0025137417051164,0.0033333333333333,2025-12-05T12:01:31Z
bQCD,,CE-Gauss,24,-0.0033386596626073,0.0033333333333333,2025-12-05T12:01:31Z
bQCD,,CE-Gauss,25,-0.0207234487086686,0.0033333333333333,2025-12-05T12:01:32Z
bQCD,,CE-Gauss,26,0.0040798886068689,0.0033333333333333,2025-12-05T12:01:33Z
bQCD,,CE-Gauss,27,0.0071540769779557,0.0033333333333333,2025-12-05T12:01:34Z
bQCD,,CE-Gauss,28,0.0033988030953864,0.0033333333333333,2025-12-05T12:01:34Z
bQCD,,CE-Gauss,29,0.0344886492015051,0.0033333333333333,2025-12-05T12:01:35Z
bQCD,,CE-Gauss,30,0.0030925719894397,0.0033333333333333,2025-12-05T12:01:36Z
bQCD,,CE-Gauss,31,-1.92830554524015e-05,0.0033333333333333,2025-12-05T12:01:37Z
bQCD,,CE-Gauss,32,0.0947587381945987,0.0033333333333333,2025-12-05T12:01:38Z
bQCD,,CE-Gauss,33,0.0008557528338658,0.0033333333333333,2025-12-05T12:01:39Z
bQCD,,CE-Gauss,34,0.0027673654664988,0.0033333333333333,2025-12-05T12:01:39Z
bQCD,,CE-Gauss,35,0.0002244570857126,0.0033333333333333,2025-12-05T12:01:40Z
bQCD,,CE-Gauss,36,0.0003802479061469,0.0033333333333333,2025-12-05T12:01:41Z
bQCD,,CE-Gauss,37,-0.0131251213614126,0.0033333333333333,2025-12-05T12:01:42Z
bQCD,,CE-Gauss,38,-0.0058261245074769,0.0033333333333333,2025-12-05T12:01:43Z
bQCD,,CE-Gauss,39,0.000885632969073,0.0033333333333333,2025-12-05T12:01:44Z
bQCD,,CE-Gauss,40,-0.002040298179566,0.0033333333333333,2025-12-05T12:01:44Z
bQCD,,CE-Gauss,41,-0.026103760840229,0.0033333333333333,2025-12-05T12:01:45Z
bQCD,,CE-Gauss,42,-0.0197631925732989,0.0033333333333333,2025-12-05T12:01:46Z
bQCD,,CE-Gauss,43,-0.0169721185168334,0.0033333333333333,2025-12-05T12:01:47Z
bQCD,,CE-Gauss,44,0.0001703004538804,0.0033333333333333,2025-12-05T12:01:47Z
bQCD,,CE-Gauss,45,-0.0007583251204678,0.0033333333333333,2025-12-05T12:01:48Z
bQCD,,CE-Gauss,46,0.0005198398870635,0.0033333333333333,2025-12-05T12:01:49Z
bQCD,,CE-Gauss,47,-0.0441406240274806,0.0033333333333333,2025-12-05T12:01:50Z
bQCD,,CE-Gauss,48,-0.002101494993795,0.0033333333333333,2025-12-05T12:01:50Z
bQCD,,CE-Gauss,49,0.001236061728113,0.0033333333333333,2025-12-05T12:01:51Z
bQCD,,CE-Gauss,50,0.0027256557690762,0.0033333333333333,2025-12-05T12:01:52Z
bQCD,,CE-Gauss,51,0.0082549740626984,0.0033333333333333,2025-12-05T12:01:53Z
bQCD,,CE-Gauss,52,0.0041146016186771,0.0033333333333333,2025-12-05T12:01:53Z
bQCD,,CE-Gauss,53,0.0002001422197867,0.0033333333333333,2025-12-05T12:01:54Z
bQCD,,CE-Gauss,54,0.0009453944899819,0.0033333333333333,2025-12-05T12:01:55Z
bQCD,,CE-Gauss,55,-0.0011595401752062,0.0033333333333333,2025-12-05T12:01:55Z
bQCD,,CE-Gauss,56,-0.0348144499990501,0.0033333333333333,2025-12-05T12:01:56Z
bQCD,,CE-Gauss,57,-0.0003602288775762,0.0033333333333333,2025-12-05T12:01:57Z
bQCD,,CE-Gauss,58,-4.056316986789099e-05,0.0033333333333333,2025-12-05T12:01:58Z
bQCD,,CE-Gauss,59,-0.0081319264580258,0.0033333333333333,2025-12-05T12:01:58Z
bQCD,,CE-Gauss,60,-0.0032356457714253,0.0033333333333333,2025-12-05T12:01:59Z
bQCD,,CE-Gauss,61,-0.0006044639844872,0.0033333333333333,2025-12-05T12:02:00Z
bQCD,,CE-Gauss,62,0.019922464870451,0.0033333333333333,2025-12-05T12:02:01Z
bQCD,,CE-Gauss,63,-6.900756367589356e-05,0.0033333333333333,2025-12-05T12:02:02Z
bQCD,,CE-Gauss,64,-0.012568942193101,0.0033333333333333,2025-12-05T12:02:02Z
bQCD,,CE-Gauss,65,0.0008695263964283,0.0033333333333333,2025-12-05T12:02:03Z
bQCD,,CE-Gauss,66,0.0003237597426952,0.0033333333333333,2025-12-05T12:02:04Z
bQCD,,CE-Gauss,67,-0.0108653443437785,0.0033333333333333,2025-12-05T12:02:05Z
bQCD,,CE-Gauss,68,-0.0005011776095396,0.0033333333333333,2025-12-05T12:02:05Z
bQCD,,CE-Gauss,69,-0.0265814153611374,0.0033333333333333,2025-12-05T12:02:06Z
bQCD,,CE-Gauss,70,0.0135180965763924,0.0033333333333333,2025-12-05T12:02:07Z
bQCD,,CE-Gauss,71,0.0029667464838926,0.0033333333333333,2025-12-05T12:02:08Z
bQCD,,CE-Gauss,72,-0.0125171083206205,0.0033333333333333,2025-12-05T12:02:08Z
bQCD,,CE-Gauss,73,0.0084733984551822,0.0033333333333333,2025-12-05T12:02:09Z
bQCD,,CE-Gauss,74,-0.0050202891488331,0.0033333333333333,2025-12-05T12:02:10Z
bQCD,,CE-Gauss,75,0.0003826516911368,0.0033333333333333,2025-12-05T12:02:11Z
bQCD,,CE-Gauss,76,-0.0043987947653961,0.0033333333333333,2025-12-05T12:02:12Z
bQCD,,CE-Gauss,77,0.0027223332738406,0.0033333333333333,2025-12-05T12:02:12Z
bQCD,,CE-Gauss,78,0.008092919593312,0.0033333333333333,2025-12-05T12:02:13Z
bQCD,,CE-Gauss,79,0.0001321985110663,0.0033333333333333,2025-12-05T12:02:14Z
bQCD,,CE-Gauss,80,0.0026023087339599,0.0033333333333333,2025-12-05T12:02:14Z
bQCD,,CE-Gauss,81,-0.0007722821422033,0.0033333333333333,2025-12-05T12:02:15Z
bQCD,,CE-Gauss,82,-0.0283880098882454,0.0033333333333333,2025-12-05T12:02:16Z
bQCD,,CE-Gauss,83,0.005473624015524,0.0033333333333333,2025-12-05T12:02:17Z
bQCD,,CE-Gauss,84,0.0009640033005781,0.0033333333333333,2025-12-05T12:02:17Z
bQCD,,CE-Gauss,85,-0.0023022395390536,0.0033333333333333,2025-12-05T12:02:18Z
bQCD,,CE-Gauss,86,0.0051597448280127,0.0033333333333333,2025-12-05T12:02:19Z
bQCD,,CE-Gauss,87,0.0035014141330327,0.0033333333333333,2025-12-05T12:02:20Z
bQCD,,CE-Gauss,88,-0.0114219334046488,0.0033333333333333,2025-12-05T12:02:20Z
bQCD,,CE-Gauss,89,0.0025447336229571,0.0033333333333333,2025-12-05T12:02:21Z
bQCD,,CE-Gauss,90,0.0051454713775576,0.0033333333333333,2025-12-05T12:02:22Z
bQCD,,CE-Gauss,91,0.0398567745161391,0.0033333333333333,2025-12-05T12:02:22Z
bQCD,,CE-Gauss,92,0.0038202418008672,0.0033333333333333,2025-12-05T12:02:23Z
bQCD,,CE-Gauss,93,0.0006601385571867,0.0033333333333333,2025-12-05T12:02:24Z
bQCD,,CE-Gauss,94,0.0058846741210748,0.0033333333333333,2025-12-05T12:02:25Z
bQCD,,CE-Gauss,95,-0.0097286231795998,0.0033333333333333,2025-12-05T12:02:25Z
bQCD,,CE-Gauss,96,0.009402435368916,0.0033333333333333,2025-12-05T12:02:26Z
bQCD,,CE-Gauss,97,0.0038527750632341,0.0033333333333333,2025-12-05T12:02:27Z
bQCD,,CE-Gauss,98,0.0008971222303614,0.0033333333333333,2025-12-05T12:02:28Z
bQCD,,CE-Gauss,99,0.008582075356579,0.0033333333333333,2025-12-05T12:02:29Z
bQCD,,CE-Gauss,100,0.0003026665931699,0.0033333333333333,2025-12-05T12:02:30Z
bQCD,,CE-Gauss,101,0.0022212269923342,0.0033333333333333,2025-12-05T12:02:30Z
bQCD,,CE-Gauss,102,-0.0036815975404455,0.0033333333333333,2025-12-05T12:02:31Z
bQCD,,CE-Gauss,103,0.004732107433677,0.0033333333333333,2025-12-05T12:02:32Z
bQCD,,CE-Gauss,104,-0.0116067854057764,0.0033333333333333,2025-12-05T12:02:33Z
bQCD,,CE-Gauss,105,-0.0014328353847361,0.0033333333333333,2025-12-05T12:02:33Z
bQCD,,CE-Gauss,106,-0.0083426997624183,0.0033333333333333,2025-12-05T12:02:34Z
bQCD,,CE-Gauss,107,0.003972788837447,0.0033333333333333,2025-12-05T12:02:35Z
bQCD,,CE-Gauss,108,-0.0203796670541559,0.0033333333333333,2025-12-05T12:02:35Z
bQCD,,CE-Gauss,109,-0.0015527765573993,0.0033333333333333,2025-12-05T12:02:37Z
bQCD,,CE-Gauss,110,0.0069618452105945,0.0033333333333333,2025-12-05T12:02:37Z
bQCD,,CE-Gauss,111,0.0077938705417478,0.0033333333333333,2025-12-05T12:02:38Z
bQCD,,CE-Gauss,112,-0.0267128628272337,0.0033333333333333,2025-12-05T12:02:39Z
bQCD,,CE-Gauss,113,0.0018468190388374,0.0033333333333333,2025-12-05T12:02:39Z
bQCD,,CE-Gauss,114,0.0029233690236127,0.0033333333333333,2025-12-05T12:02:40Z
bQCD,,CE-Gauss,115,0.0090309798729207,0.0033333333333333,2025-12-05T12:02:41Z
bQCD,,CE-Gauss,116,0.0052215058281218,0.0033333333333333,2025-12-05T12:02:42Z
bQCD,,CE-Gauss,117,-0.0084368175857358,0.0033333333333333,2025-12-05T12:02:42Z
bQCD,,CE-Gauss,118,0.0009730164216401,0.0033333333333333,2025-12-05T12:02:43Z
bQCD,,CE-Gauss,119,0.0035440466932687,0.0033333333333333,2025-12-05T12:02:44Z
bQCD,,CE-Gauss,120,-0.0274096341326631,0.0033333333333333,2025-12-05T12:02:45Z
bQCD,,CE-Gauss,121,0.0051314494541999,0.0033333333333333,2025-12-05T12:02:45Z
bQCD,,CE-Gauss,122,0.0009883047664734,0.0033333333333333,2025-12-05T12:02:46Z
bQCD,,CE-Gauss,123,0.0001377334444581,0.0033333333333333,2025-12-05T12:02:47Z
bQCD,,CE-Gauss,124,0.0077042576720236,0.0033333333333333,2025-12-05T12:02:48Z
bQCD,,CE-Gauss,125,0.0012113705879351,0.0033333333333333,2025-12-05T12:02:49Z
bQCD,,CE-Gauss,126,-0.0236183102750202,0.0033333333333333,2025-12-05T12:02:49Z
bQCD,,CE-Gauss,127,-0.0279798998528288,0.0033333333333333,2025-12-05T12:02:50Z
bQCD,,CE-Gauss,128,0.0015108864368779,0.0033333333333333,2025-12-05T12:02:51Z
bQCD,,CE-Gauss,129,-0.0011415255375234,0.0033333333333333,2025-12-05T12:02:51Z
bQCD,,CE-Gauss,130,0.0022011601389403,0.0033333333333333,2025-12-05T12:02:52Z
bQCD,,CE-Gauss,131,0.0007243861394506,0.0033333333333333,2025-12-05T12:02:53Z
bQCD,,CE-Gauss,132,-0.004226669480468,0.0033333333333333,2025-12-05T12:02:54Z
bQCD,,CE-Gauss,133,0.0015319582197417,0.0033333333333333,2025-12-05T12:02:55Z
bQCD,,CE-Gauss,134,0.0095134936299541,0.0033333333333333,2025-12-05T12:02:55Z
bQCD,,CE-Gauss,135,0.0074051245720969,0.0033333333333333,2025-12-05T12:02:56Z
bQCD,,CE-Gauss,136,-0.0089044624978087,0.0033333333333333,2025-12-05T12:02:57Z
bQCD,,CE-Gauss,137,0.0107047626905477,0.0033333333333333,2025-12-05T12:02:58Z
bQCD,,CE-Gauss,138,-0.0019656316085677,0.0033333333333333,2025-12-05T12:02:58Z
bQCD,,CE-Gauss,139,0.000279755395247,0.0033333333333333,2025-12-05T12:02:59Z
bQCD,,CE-Gauss,140,0.0016710649249228,0.0033333333333333,2025-12-05T12:03:00Z
bQCD,,CE-Gauss,141,0.0022432152967747,0.0033333333333333,2025-12-05T12:03:01Z
bQCD,,CE-Gauss,142,-0.0012469460046692,0.0033333333333333,2025-12-05T12:03:01Z
bQCD,,CE-Gauss,143,0.0020411641934475,0.0033333333333333,2025-12-05T12:03:03Z
bQCD,,CE-Gauss,144,0.0019377282302293,0.0033333333333333,2025-12-05T12:03:03Z
bQCD,,CE-Gauss,145,-0.0045292951817625,0.0033333333333333,2025-12-05T12:03:04Z
bQCD,,CE-Gauss,146,-0.0032884941631186,0.0033333333333333,2025-12-05T12:03:05Z
bQCD,,CE-Gauss,147,-0.0229273682786234,0.0033333333333333,2025-12-05T12:03:05Z
bQCD,,CE-Gauss,148,-0.0038425608910259,0.0033333333333333,2025-12-05T12:03:06Z
bQCD,,CE-Gauss,149,-0.0122869343939872,0.0033333333333333,2025-12-05T12:03:07Z
bQCD,,CE-Gauss,150,0.0078085385415829,0.0033333333333333,2025-12-05T12:03:07Z
bQCD,,CE-Gauss,151,0.0004055914667464,0.0033333333333333,2025-12-05T12:03:08Z
bQCD,,CE-Gauss,152,-0.0007345363506813,0.0033333333333333,2025-12-05T12:03:09Z
bQCD,,CE-Gauss,153,-0.0036953469163111,0.0033333333333333,2025-12-05T12:03:10Z
bQCD,,CE-Gauss,154,0.0085936427990237,0.0033333333333333,2025-12-05T12:03:11Z
bQCD,,CE-Gauss,155,0.0022053655972781,0.0033333333333333,2025-12-05T12:03:11Z
bQCD,,CE-Gauss,156,0.0031701895683141,0.0033333333333333,2025-12-05T12:03:12Z
bQCD,,CE-Gauss,157,0.0003523577506066,0.0033333333333333,2025-12-05T12:03:13Z
bQCD,,CE-Gauss,158,-0.0016751418110753,0.0033333333333333,2025-12-05T12:03:14Z
bQCD,,CE-Gauss,159,0.0027897764100106,0.0033333333333333,2025-12-05T12:03:14Z
bQCD,,CE-Gauss,160,-0.0176195795713602,0.0033333333333333,2025-12-05T12:03:15Z
bQCD,,CE-Gauss,161,-0.0041137224136467,0.0033333333333333,2025-12-05T12:03:16Z
bQCD,,CE-Gauss,162,0.0026404523718976,0.0033333333333333,2025-12-05T12:03:17Z
bQCD,,CE-Gauss,163,0.0017451716119737,0.0033333333333333,2025-12-05T12:03:17Z
bQCD,,CE-Gauss,164,-0.0083598185164494,0.0033333333333333,2025-12-05T12:03:18Z
bQCD,,CE-Gauss,165,-0.0002268069913479,0.0033333333333333,2025-12-05T12:03:19Z
bQCD,,CE-Gauss,166,-0.0025336301673741,0.0033333333333333,2025-12-05T12:03:20Z
bQCD,,CE-Gauss,167,-0.0005762253606595,0.0033333333333333,2025-12-05T12:03:21Z
bQCD,,CE-Gauss,168,0.0090927966403131,0.0033333333333333,2025-12-05T12:03:21Z
bQCD,,CE-Gauss,169,-0.0085188677722797,0.0033333333333333,2025-12-05T12:03:22Z
bQCD,,CE-Gauss,170,0.0010463745863783,0.0033333333333333,2025-12-05T12:03:23Z
bQCD,,CE-Gauss,171,-0.0312946626819198,0.0033333333333333,2025-12-05T12:03:23Z
bQCD,,CE-Gauss,172,-0.0017984526899621,0.0033333333333333,2025-12-05T12:03:24Z
bQCD,,CE-Gauss,173,0.0027539670461022,0.0033333333333333,2025-12-05T12:03:25Z
bQCD,,CE-Gauss,174,0.0126543202710277,0.0033333333333333,2025-12-05T12:03:26Z
bQCD,,CE-Gauss,175,-0.0035210473459122,0.0033333333333333,2025-12-05T12:03:26Z
bQCD,,CE-Gauss,176,0.0033555304959863,0.0033333333333333,2025-12-05T12:03:28Z
bQCD,,CE-Gauss,177,0.0027305986350989,0.0033333333333333,2025-12-05T12:03:28Z
bQCD,,CE-Gauss,178,-0.0073813047939237,0.0033333333333333,2025-12-05T12:03:29Z
bQCD,,CE-Gauss,179,-0.0268123184556586,0.0033333333333333,2025-12-05T12:03:30Z
bQCD,,CE-Gauss,180,-0.0018972607607103,0.0033333333333333,2025-12-05T12:03:30Z
bQCD,,CE-Gauss,181,0.0114671954034153,0.0033333333333333,2025-12-05T12:03:31Z
bQCD,,CE-Gauss,182,-0.0021274159971833,0.0033333333333333,2025-12-05T12:03:32Z
bQCD,,CE-Gauss,183,0.0047777568798823,0.0033333333333333,2025-12-05T12:03:33Z
bQCD,,CE-Gauss,184,0.0288470857108622,0.0033333333333333,2025-12-05T12:03:33Z
bQCD,,CE-Gauss,185,0.0002508748786677,0.0033333333333333,2025-12-05T12:03:34Z
bQCD,,CE-Gauss,186,0.0103224307223153,0.0033333333333333,2025-12-05T12:03:35Z
bQCD,,CE-Gauss,187,-0.035369924221308,0.0033333333333333,2025-12-05T12:03:36Z
bQCD,,CE-Gauss,188,-0.0265054681369708,0.0033333333333333,2025-12-05T12:03:36Z
bQCD,,CE-Gauss,189,-0.0096849396991448,0.0033333333333333,2025-12-05T12:03:37Z
bQCD,,CE-Gauss,190,-0.0020346036602806,0.0033333333333333,2025-12-05T12:03:38Z
bQCD,,CE-Gauss,191,0.0038509484819642,0.0033333333333333,2025-12-05T12:03:39Z
bQCD,,CE-Gauss,192,0.004183018367535,0.0033333333333333,2025-12-05T12:03:39Z
bQCD,,CE-Gauss,193,-0.0015808123473411,0.0033333333333333,2025-12-05T12:03:40Z
bQCD,,CE-Gauss,194,0.0018715275063205,0.0033333333333333,2025-12-05T12:03:41Z
bQCD,,CE-Gauss,195,0.0002743616660141,0.0033333333333333,2025-12-05T12:03:42Z
bQCD,,CE-Gauss,196,0.0123164392666869,0.0033333333333333,2025-12-05T12:03:42Z
bQCD,,CE-Gauss,197,0.0119101240893172,0.0033333333333333,2025-12-05T12:03:43Z
bQCD,,CE-Gauss,198,0.0436364380942677,0.0033333333333333,2025-12-05T12:03:44Z
bQCD,,CE-Gauss,199,-0.00150110546176,0.0033333333333333,2025-12-05T12:03:44Z
bQCD,,CE-Gauss,200,0.0106807934750743,0.0033333333333333,2025-12-05T12:03:45Z
bQCD,,CE-Gauss,201,-0.0016323356698203,0.0033333333333333,2025-12-05T12:03:46Z
bQCD,,CE-Gauss,202,-0.0025843726422889,0.0033333333333333,2025-12-05T12:03:47Z
bQCD,,CE-Gauss,203,-0.0025007730635697,0.0033333333333333,2025-12-05T12:03:48Z
bQCD,,CE-Gauss,204,-0.0045715591990428,0.0033333333333333,2025-12-05T12:03:48Z
bQCD,,CE-Gauss,205,-0.0002412749156697,0.0033333333333333,2025-12-05T12:03:49Z
bQCD,,CE-Gauss,206,1.4660209656125469e-05,0.0033333333333333,2025-12-05T12:03:50Z
bQCD,,CE-Gauss,207,-0.0243712285728351,0.0033333333333333,2025-12-05T12:03:51Z
bQCD,,CE-Gauss,208,0.0010968954074205,0.0033333333333333,2025-12-05T12:03:52Z
bQCD,,CE-Gauss,209,-0.0077088194950811,0.0033333333333333,2025-12-05T12:03:52Z
bQCD,,CE-Gauss,210,-0.0013116596156814,0.0033333333333333,2025-12-05T12:03:53Z
bQCD,,CE-Gauss,211,0.0038411382135664,0.0033333333333333,2025-12-05T12:03:54Z
bQCD,,CE-Gauss,212,-0.0123325200222623,0.0033333333333333,2025-12-05T12:03:55Z
bQCD,,CE-Gauss,213,0.0057672632631184,0.0033333333333333,2025-12-05T12:03:56Z
bQCD,,CE-Gauss,214,-0.0006778724777428,0.0033333333333333,2025-12-05T12:03:56Z
bQCD,,CE-Gauss,215,-0.0159479470881777,0.0033333333333333,2025-12-05T12:03:57Z
bQCD,,CE-Gauss,216,0.0039614643864054,0.0033333333333333,2025-12-05T12:03:58Z
bQCD,,CE-Gauss,217,0.0047945500187001,0.0033333333333333,2025-12-05T12:03:59Z
bQCD,,CE-Gauss,218,-0.0023400235958085,0.0033333333333333,2025-12-05T12:03:59Z
bQCD,,CE-Gauss,219,-4.371227762911545e-05,0.0033333333333333,2025-12-05T12:04:00Z
bQCD,,CE-Gauss,220,-0.000422085128015,0.0033333333333333,2025-12-05T12:04:01Z
bQCD,,CE-Gauss,221,-0.0445099847659115,0.0033333333333333,2025-12-05T12:04:02Z
bQCD,,CE-Gauss,222,0.0017955918500468,0.0033333333333333,2025-12-05T12:04:02Z
bQCD,,CE-Gauss,223,0.0027410323027413,0.0033333333333333,2025-12-05T12:04:03Z
bQCD,,CE-Gauss,224,-0.0008643945612472,0.0033333333333333,2025-12-05T12:04:04Z
bQCD,,CE-Gauss,225,-0.0009103039444997,0.0033333333333333,2025-12-05T12:04:05Z
bQCD,,CE-Gauss,226,0.0087299762535043,0.0033333333333333,2025-12-05T12:04:05Z
bQCD,,CE-Gauss,227,0.0005512362284754,0.0033333333333333,2025-12-05T12:04:06Z
bQCD,,CE-Gauss,228,-0.0012134278085189,0.0033333333333333,2025-12-05T12:04:07Z
bQCD,,CE-Gauss,229,0.00170184566075,0.0033333333333333,2025-12-05T12:04:08Z
bQCD,,CE-Gauss,230,0.0049187417839023,0.0033333333333333,2025-12-05T12:04:08Z
bQCD,,CE-Gauss,231,0.0023623642150687,0.0033333333333333,2025-12-05T12:04:09Z
bQCD,,CE-Gauss,232,-0.0009438202221032,0.0033333333333333,2025-12-05T12:04:10Z
bQCD,,CE-Gauss,233,-0.0293716401248839,0.0033333333333333,2025-12-05T12:04:11Z
bQCD,,CE-Gauss,234,0.0275809906011881,0.0033333333333333,2025-12-05T12:04:11Z
bQCD,,CE-Gauss,235,0.0316052377130201,0.0033333333333333,2025-12-05T12:04:12Z
bQCD,,CE-Gauss,236,-0.0135649723722066,0.0033333333333333,2025-12-05T12:04:13Z
bQCD,,CE-Gauss,237,0.0120649212980089,0.0033333333333333,2025-12-05T12:04:14Z
bQCD,,CE-Gauss,238,-0.0048364198274265,0.0033333333333333,2025-12-05T12:04:14Z
bQCD,,CE-Gauss,239,0.0024037337418824,0.0033333333333333,2025-12-05T12:04:15Z
bQCD,,CE-Gauss,240,-0.0057215202243647,0.0033333333333333,2025-12-05T12:04:16Z
bQCD,,CE-Gauss,241,0.0003839559847702,0.0033333333333333,2025-12-05T12:04:17Z
bQCD,,CE-Gauss,242,0.0016855811302024,0.0033333333333333,2025-12-05T12:04:18Z
bQCD,,CE-Gauss,243,-0.007610995644375,0.0033333333333333,2025-12-05T12:04:18Z
bQCD,,CE-Gauss,244,0.0066737374737836,0.0033333333333333,2025-12-05T12:04:19Z
bQCD,,CE-Gauss,245,-0.0042410039958081,0.0033333333333333,2025-12-05T12:04:20Z
bQCD,,CE-Gauss,246,-0.0120061460796235,0.0033333333333333,2025-12-05T12:04:21Z
bQCD,,CE-Gauss,247,-0.0053333550805957,0.0033333333333333,2025-12-05T12:04:22Z
bQCD,,CE-Gauss,248,-0.0202599657137703,0.0033333333333333,2025-12-05T12:04:22Z
bQCD,,CE-Gauss,249,0.0074125461599251,0.0033333333333333,2025-12-05T12:04:23Z
bQCD,,CE-Gauss,250,0.0011609083197263,0.0033333333333333,2025-12-05T12:04:24Z
bQCD,,CE-Gauss,251,-0.0254946492127784,0.0033333333333333,2025-12-05T12:04:25Z
bQCD,,CE-Gauss,252,-0.0139791066073238,0.0033333333333333,2025-12-05T12:04:25Z
bQCD,,CE-Gauss,253,0.0054648442677125,0.0033333333333333,2025-12-05T12:04:26Z
bQCD,,CE-Gauss,254,0.0001257010346574,0.0033333333333333,2025-12-05T12:04:27Z
bQCD,,CE-Gauss,255,-0.0015832571521748,0.0033333333333333,2025-12-05T12:04:28Z
bQCD,,CE-Gauss,256,0.0038629486387986,0.0033333333333333,2025-12-05T12:04:28Z
bQCD,,CE-Gauss,257,0.0010982048773962,0.0033333333333333,2025-12-05T12:04:29Z
bQCD,,CE-Gauss,258,-0.0028700414079293,0.0033333333333333,2025-12-05T12:04:30Z
bQCD,,CE-Gauss,259,-0.0089457314898669,0.0033333333333333,2025-12-05T12:04:31Z
bQCD,,CE-Gauss,260,0.0045495495719756,0.0033333333333333,2025-12-05T12:04:31Z
bQCD,,CE-Gauss,261,-0.0093610230293471,0.0033333333333333,2025-12-05T12:04:32Z
bQCD,,CE-Gauss,262,-0.0185388775274411,0.0033333333333333,2025-12-05T12:04:33Z
bQCD,,CE-Gauss,263,-0.0003413911997215,0.0033333333333333,2025-12-05T12:04:33Z
bQCD,,CE-Gauss,264,-0.0065614895623152,0.0033333333333333,2025-12-05T12:04:34Z
bQCD,,CE-Gauss,265,-0.0018300430914974,0.0033333333333333,2025-12-05T12:04:35Z
bQCD,,CE-Gauss,266,0.0006543032834015,0.0033333333333333,2025-12-05T12:04:36Z
bQCD,,CE-Gauss,267,0.0022208983187593,0.0033333333333333,2025-12-05T12:04:36Z
bQCD,,CE-Gauss,268,0.0031729624201742,0.0033333333333333,2025-12-05T12:04:37Z
bQCD,,CE-Gauss,269,0.0145901560559155,0.0033333333333333,2025-12-05T12:04:38Z
bQCD,,CE-Gauss,270,0.0023474823450272,0.0033333333333333,2025-12-05T12:04:39Z
bQCD,,CE-Gauss,271,0.0032565352707842,0.0033333333333333,2025-12-05T12:04:40Z
bQCD,,CE-Gauss,272,-0.0090747923486412,0.0033333333333333,2025-12-05T12:04:40Z
bQCD,,CE-Gauss,273,0.0009843350687568,0.0033333333333333,2025-12-05T12:04:41Z
bQCD,,CE-Gauss,274,-0.0086201781184849,0.0033333333333333,2025-12-05T12:04:42Z
bQCD,,CE-Gauss,275,0.0032653169933892,0.0033333333333333,2025-12-05T12:04:43Z
bQCD,,CE-Gauss,276,-0.0174172349488045,0.0033333333333333,2025-12-05T12:04:44Z
bQCD,,CE-Gauss,277,0.0045914038817745,0.0033333333333333,2025-12-05T12:04:44Z
bQCD,,CE-Gauss,278,-0.0494923323289976,0.0033333333333333,2025-12-05T12:04:45Z
bQCD,,CE-Gauss,279,-0.0001693378147794,0.0033333333333333,2025-12-05T12:04:46Z
bQCD,,CE-Gauss,280,0.0145718134339689,0.0033333333333333,2025-12-05T12:04:47Z
bQCD,,CE-Gauss,281,0.0010787878111367,0.0033333333333333,2025-12-05T12:04:48Z
bQCD,,CE-Gauss,282,-0.0154727315146746,0.0033333333333333,2025-12-05T12:04:48Z
bQCD,,CE-Gauss,283,-0.0087457492597535,0.0033333333333333,2025-12-05T12:04:49Z
bQCD,,CE-Gauss,284,-0.0094874026154323,0.0033333333333333,2025-12-05T12:04:50Z
bQCD,,CE-Gauss,285,0.0044207721177956,0.0033333333333333,2025-12-05T12:04:51Z
bQCD,,CE-Gauss,286,-0.0044224625611273,0.0033333333333333,2025-12-05T12:04:52Z
bQCD,,CE-Gauss,287,0.0019555974834808,0.0033333333333333,2025-12-05T12:04:52Z
bQCD,,CE-Gauss,288,0.001644093086871,0.0033333333333333,2025-12-05T12:04:53Z
bQCD,,CE-Gauss,289,0.000390273057217,0.0033333333333333,2025-12-05T12:04:54Z
bQCD,,CE-Gauss,290,0.0024506686545218,0.0033333333333333,2025-12-05T12:04:55Z
bQCD,,CE-Gauss,291,-0.002798991178039,0.0033333333333333,2025-12-05T12:04:55Z
bQCD,,CE-Gauss,292,-0.0097127551526464,0.0033333333333333,2025-12-05T12:04:56Z
bQCD,,CE-Gauss,293,-0.022025217049997,0.0033333333333333,2025-12-05T12:04:57Z
bQCD,,CE-Gauss,294,0.0014308952250606,0.0033333333333333,2025-12-05T12:04:58Z
bQCD,,CE-Gauss,295,0.0041832329673459,0.0033333333333333,2025-12-05T12:04:58Z
bQCD,,CE-Gauss,296,0.0011332804623338,0.0033333333333333,2025-12-05T12:04:59Z
bQCD,,CE-Gauss,297,0.0044647873670464,0.0033333333333333,2025-12-05T12:05:00Z
bQCD,,CE-Gauss,298,-0.0106782329845245,0.0033333333333333,2025-12-05T12:05:01Z
bQCD,,CE-Gauss,299,0.0293420867603866,0.0033333333333333,2025-12-05T12:05:01Z
bQCD,,CE-Gauss,300,0.0004617456273822,0.0033333333333333,2025-12-05T12:05:02Z
bQCD,,CE-Multi,1,-0.023870248650478,0.0033333333333333,2025-12-05T12:05:03Z
bQCD,,CE-Multi,2,1.5169094636613424e-05,0.0033333333333333,2025-12-05T12:05:04Z
bQCD,,CE-Multi,3,0.0214353525920258,0.0033333333333333,2025-12-05T12:05:05Z
bQCD,,CE-Multi,4,0.0118980828243597,0.0033333333333333,2025-12-05T12:05:06Z
bQCD,,CE-Multi,5,0.0443604576225998,0.0033333333333333,2025-12-05T12:05:07Z
bQCD,,CE-Multi,6,-0.0001330216415509,0.0033333333333333,2025-12-05T12:05:08Z
bQCD,,CE-Multi,7,-0.0010096194206565,0.0033333333333333,2025-12-05T12:05:09Z
bQCD,,CE-Multi,8,0.0855283759010859,0.0033333333333333,2025-12-05T12:05:10Z
bQCD,,CE-Multi,9,-0.0011874951146613,0.0033333333333333,2025-12-05T12:05:11Z
bQCD,,CE-Multi,10,-0.014171383009855,0.0033333333333333,2025-12-05T12:05:12Z
bQCD,,CE-Multi,11,-0.0012695491062157,0.0033333333333333,2025-12-05T12:05:13Z
bQCD,,CE-Multi,12,-0.0776878824158536,0.0033333333333333,2025-12-05T12:05:14Z
bQCD,,CE-Multi,13,0.0594401808715852,0.0033333333333333,2025-12-05T12:05:14Z
bQCD,,CE-Multi,14,-0.0055148735249812,0.0033333333333333,2025-12-05T12:05:15Z
bQCD,,CE-Multi,15,-0.0214579644019434,0.0033333333333333,2025-12-05T12:05:16Z
bQCD,,CE-Multi,16,0.0251359549570275,0.0033333333333333,2025-12-05T12:05:17Z
bQCD,,CE-Multi,17,0.0540420024514454,0.0033333333333333,2025-12-05T12:05:17Z
bQCD,,CE-Multi,18,-0.067302263564659,0.0033333333333333,2025-12-05T12:05:18Z
bQCD,,CE-Multi,19,0.0003286789713013,0.0033333333333333,2025-12-05T12:05:19Z
bQCD,,CE-Multi,20,0.0677823531400055,0.0033333333333333,2025-12-05T12:05:20Z
bQCD,,CE-Multi,21,0.2280636950011987,0.0033333333333333,2025-12-05T12:05:20Z
bQCD,,CE-Multi,22,-0.0011248594764166,0.0033333333333333,2025-12-05T12:05:21Z
bQCD,,CE-Multi,23,-0.0056649510189736,0.0033333333333333,2025-12-05T12:05:22Z
bQCD,,CE-Multi,24,0.0045815059603474,0.0033333333333333,2025-12-05T12:05:23Z
bQCD,,CE-Multi,25,-0.0015923671298381,0.0033333333333333,2025-12-05T12:05:24Z
bQCD,,CE-Multi,26,-0.0427264655731446,0.0033333333333333,2025-12-05T12:05:24Z
bQCD,,CE-Multi,27,0.0596823623249747,0.0033333333333333,2025-12-05T12:05:25Z
bQCD,,CE-Multi,28,-0.0289662483398291,0.0033333333333333,2025-12-05T12:05:26Z
bQCD,,CE-Multi,29,-0.0109038479352083,0.0033333333333333,2025-12-05T12:05:27Z
bQCD,,CE-Multi,30,-0.0013987463393843,0.0033333333333333,2025-12-05T12:05:27Z
bQCD,,CE-Multi,31,7.320788202735962e-05,0.0033333333333333,2025-12-05T12:05:30Z
bQCD,,CE-Multi,32,-0.0032148280375449,0.0033333333333333,2025-12-05T12:05:30Z
bQCD,,CE-Multi,33,-0.0018817572847837,0.0033333333333333,2025-12-05T12:05:31Z
bQCD,,CE-Multi,34,-1.709422584550424e-05,0.0033333333333333,2025-12-05T12:05:33Z
bQCD,,CE-Multi,35,0.1232940978571124,0.0033333333333333,2025-12-05T12:05:34Z
bQCD,,CE-Multi,36,0.0743659843721395,0.0033333333333333,2025-12-05T12:05:35Z
bQCD,,CE-Multi,37,-6.687956984885446e-06,0.0033333333333333,2025-12-05T12:05:36Z
bQCD,,CE-Multi,38,0.0120704600431705,0.0033333333333333,2025-12-05T12:05:37Z
bQCD,,CE-Multi,39,0.0033198702884162,0.0033333333333333,2025-12-05T12:05:37Z
bQCD,,CE-Multi,40,0.0628961225230596,0.0033333333333333,2025-12-05T12:05:38Z
bQCD,,CE-Multi,41,0.0387130655720618,0.0033333333333333,2025-12-05T12:05:39Z
bQCD,,CE-Multi,42,-0.0194753829086606,0.0033333333333333,2025-12-05T12:05:40Z
bQCD,,CE-Multi,43,0.010922928691441,0.0033333333333333,2025-12-05T12:05:41Z
bQCD,,CE-Multi,44,-0.0005934798783756,0.0033333333333333,2025-12-05T12:05:42Z
bQCD,,CE-Multi,45,-0.0497509723593315,0.0033333333333333,2025-12-05T12:05:43Z
bQCD,,CE-Multi,46,0.0447885127860587,0.0033333333333333,2025-12-05T12:05:43Z
bQCD,,CE-Multi,47,0.0566845757869777,0.0033333333333333,2025-12-05T12:05:44Z
bQCD,,CE-Multi,48,-0.022813370784504,0.0033333333333333,2025-12-05T12:05:45Z
bQCD,,CE-Multi,49,0.0448067373444236,0.0033333333333333,2025-12-05T12:05:46Z
bQCD,,CE-Multi,50,-0.0162748456611584,0.0033333333333333,2025-12-05T12:05:46Z
bQCD,,CE-Multi,51,0.0923618271912796,0.0033333333333333,2025-12-05T12:05:47Z
bQCD,,CE-Multi,52,0.003285905698753,0.0033333333333333,2025-12-05T12:05:48Z
bQCD,,CE-Multi,53,-0.0014932568432877,0.0033333333333333,2025-12-05T12:05:49Z
bQCD,,CE-Multi,54,0.0089454573065222,0.0033333333333333,2025-12-05T12:05:49Z
bQCD,,CE-Multi,55,-0.0061691133400946,0.0033333333333333,2025-12-05T12:05:50Z
bQCD,,CE-Multi,56,-0.0110838067418957,0.0033333333333333,2025-12-05T12:05:51Z
bQCD,,CE-Multi,57,0.0759938324742525,0.0033333333333333,2025-12-05T12:05:52Z
bQCD,,CE-Multi,58,-0.0114536844466476,0.0033333333333333,2025-12-05T12:05:53Z
bQCD,,CE-Multi,59,0.0004591088393977,0.0033333333333333,2025-12-05T12:05:54Z
bQCD,,CE-Multi,60,0.0706609652077437,0.0033333333333333,2025-12-05T12:05:54Z
bQCD,,CE-Multi,61,-0.0606267512415614,0.0033333333333333,2025-12-05T12:05:55Z
bQCD,,CE-Multi,62,0.0098278191177277,0.0033333333333333,2025-12-05T12:05:56Z
bQCD,,CE-Multi,63,-0.0029077333346464,0.0033333333333333,2025-12-05T12:05:57Z
bQCD,,CE-Multi,64,-0.0799593947777976,0.0033333333333333,2025-12-05T12:05:58Z
bQCD,,CE-Multi,65,-0.0033653603757114,0.0033333333333333,2025-12-05T12:05:58Z
bQCD,,CE-Multi,66,-0.0218213460319132,0.0033333333333333,2025-12-05T12:05:59Z
bQCD,,CE-Multi,67,0.0449201479194656,0.0033333333333333,2025-12-05T12:06:00Z
bQCD,,CE-Multi,68,0.0001845968177844,0.0033333333333333,2025-12-05T12:06:01Z
bQCD,,CE-Multi,69,0.0016564200772576,0.0033333333333333,2025-12-05T12:06:02Z
bQCD,,CE-Multi,70,-0.0170168447216951,0.0033333333333333,2025-12-05T12:06:03Z
bQCD,,CE-Multi,71,0.114926728086338,0.0033333333333333,2025-12-05T12:06:03Z
bQCD,,CE-Multi,72,-0.0140895749557098,0.0033333333333333,2025-12-05T12:06:04Z
bQCD,,CE-Multi,73,-0.0003092294199508,0.0033333333333333,2025-12-05T12:06:05Z
bQCD,,CE-Multi,74,-0.0017915420010155,0.0033333333333333,2025-12-05T12:06:06Z
bQCD,,CE-Multi,75,0.0161469552761913,0.0033333333333333,2025-12-05T12:06:07Z
bQCD,,CE-Multi,76,-0.0382080591875483,0.0033333333333333,2025-12-05T12:06:08Z
bQCD,,CE-Multi,77,-0.0212038891366999,0.0033333333333333,2025-12-05T12:06:09Z
bQCD,,CE-Multi,78,-0.0878598134312593,0.0033333333333333,2025-12-05T12:06:09Z
bQCD,,CE-Multi,79,0.0531835563654903,0.0033333333333333,2025-12-05T12:06:10Z
bQCD,,CE-Multi,80,0.0338256806689645,0.0033333333333333,2025-12-05T12:06:11Z
bQCD,,CE-Multi,81,7.467825049978227e-05,0.0033333333333333,2025-12-05T12:06:12Z
bQCD,,CE-Multi,82,-0.0544951030330032,0.0033333333333333,2025-12-05T12:06:13Z
bQCD,,CE-Multi,83,-0.0359972059880284,0.0033333333333333,2025-12-05T12:06:14Z
bQCD,,CE-Multi,84,0.0023866629153068,0.0033333333333333,2025-12-05T12:06:14Z
bQCD,,CE-Multi,85,0.0839118506852464,0.0033333333333333,2025-12-05T12:06:15Z
bQCD,,CE-Multi,86,5.662499916037067e-05,0.0033333333333333,2025-12-05T12:06:16Z
bQCD,,CE-Multi,87,0.0120672372136785,0.0033333333333333,2025-12-05T12:06:17Z
bQCD,,CE-Multi,88,-0.0017565449920599,0.0033333333333333,2025-12-05T12:06:18Z
bQCD,,CE-Multi,89,0.0094695542009981,0.0033333333333333,2025-12-05T12:06:18Z
bQCD,,CE-Multi,90,-0.0332471873453467,0.0033333333333333,2025-12-05T12:06:19Z
bQCD,,CE-Multi,91,0.0007253394082356,0.0033333333333333,2025-12-05T12:06:20Z
bQCD,,CE-Multi,92,-0.0058448988677676,0.0033333333333333,2025-12-05T12:06:21Z
bQCD,,CE-Multi,93,2.6782812919456944e-05,0.0033333333333333,2025-12-05T12:06:22Z
bQCD,,CE-Multi,94,-0.001851199034986,0.0033333333333333,2025-12-05T12:06:24Z
bQCD,,CE-Multi,95,0.040750751195245,0.0033333333333333,2025-12-05T12:06:24Z
bQCD,,CE-Multi,96,-0.0640099122577821,0.0033333333333333,2025-12-05T12:06:25Z
bQCD,,CE-Multi,97,-4.633703158818392e-05,0.0033333333333333,2025-12-05T12:06:27Z
bQCD,,CE-Multi,98,-0.0004954705251195,0.0033333333333333,2025-12-05T12:06:28Z
bQCD,,CE-Multi,99,-0.0022532491504871,0.0033333333333333,2025-12-05T12:06:29Z
bQCD,,CE-Multi,100,-0.0844857799658296,0.0033333333333333,2025-12-05T12:06:30Z
bQCD,,CE-Multi,101,0.0001357527680906,0.0033333333333333,2025-12-05T12:06:31Z
bQCD,,CE-Multi,102,0.0706019370226835,0.0033333333333333,2025-12-05T12:06:31Z
bQCD,,CE-Multi,103,-0.0018924542929477,0.0033333333333333,2025-12-05T12:06:32Z
bQCD,,CE-Multi,104,0.0001006453997877,0.0033333333333333,2025-12-05T12:06:33Z
bQCD,,CE-Multi,105,-0.0008016656558227,0.0033333333333333,2025-12-05T12:06:34Z
bQCD,,CE-Multi,106,0.0963102326258382,0.0033333333333333,2025-12-05T12:06:35Z
bQCD,,CE-Multi,107,-0.0002409924506442,0.0033333333333333,2025-12-05T12:06:36Z
bQCD,,CE-Multi,108,0.0066291438429879,0.0033333333333333,2025-12-05T12:06:37Z
bQCD,,CE-Multi,109,-0.0004902763596854,0.0033333333333333,2025-12-05T12:06:38Z
bQCD,,CE-Multi,110,0.049710616692416,0.0033333333333333,2025-12-05T12:06:39Z
bQCD,,CE-Multi,111,0.0907349932096728,0.0033333333333333,2025-12-05T12:06:40Z
bQCD,,CE-Multi,112,0.0999134199449014,0.0033333333333333,2025-12-05T12:06:41Z
bQCD,,CE-Multi,113,0.0009724038126117,0.0033333333333333,2025-12-05T12:06:41Z
bQCD,,CE-Multi,114,0.0965076851830764,0.0033333333333333,2025-12-05T12:06:42Z
bQCD,,CE-Multi,115,0.0012236838475992,0.0033333333333333,2025-12-05T12:06:43Z
bQCD,,CE-Multi,116,4.695673646049059e-05,0.0033333333333333,2025-12-05T12:06:44Z
bQCD,,CE-Multi,117,-0.026611598892285,0.0033333333333333,2025-12-05T12:06:45Z
bQCD,,CE-Multi,118,-0.000106834359235,0.0033333333333333,2025-12-05T12:06:46Z
bQCD,,CE-Multi,119,-0.0016644969820197,0.0033333333333333,2025-12-05T12:06:46Z
bQCD,,CE-Multi,120,-0.0070215204389655,0.0033333333333333,2025-12-05T12:06:47Z
bQCD,,CE-Multi,121,0.0201065921617796,0.0033333333333333,2025-12-05T12:06:48Z
bQCD,,CE-Multi,122,0.0039806749205747,0.0033333333333333,2025-12-05T12:06:49Z
bQCD,,CE-Multi,123,-0.1130531608990673,0.0033333333333333,2025-12-05T12:06:49Z
bQCD,,CE-Multi,124,-0.0005220793416782,0.0033333333333333,2025-12-05T12:06:50Z
bQCD,,CE-Multi,125,0.0230979125267669,0.0033333333333333,2025-12-05T12:06:51Z
bQCD,,CE-Multi,126,0.0884965842276295,0.0033333333333333,2025-12-05T12:06:52Z
bQCD,,CE-Multi,127,-0.0165538958475375,0.0033333333333333,2025-12-05T12:06:53Z
bQCD,,CE-Multi,128,-0.0052221077915404,0.0033333333333333,2025-12-05T12:06:53Z
bQCD,,CE-Multi,129,-0.0664480641130053,0.0033333333333333,2025-12-05T12:06:54Z
bQCD,,CE-Multi,130,-0.0108087621030128,0.0033333333333333,2025-12-05T12:06:55Z
bQCD,,CE-Multi,131,0.1462453569904701,0.0033333333333333,2025-12-05T12:06:56Z
bQCD,,CE-Multi,132,-0.0117772187271627,0.0033333333333333,2025-12-05T12:06:56Z
bQCD,,CE-Multi,133,-0.0121198456391229,0.0033333333333333,2025-12-05T12:06:57Z
bQCD,,CE-Multi,134,-0.0016647916671764,0.0033333333333333,2025-12-05T12:06:58Z
bQCD,,CE-Multi,135,-0.0178606414848351,0.0033333333333333,2025-12-05T12:06:59Z
bQCD,,CE-Multi,136,-0.0805515262667818,0.0033333333333333,2025-12-05T12:06:59Z
bQCD,,CE-Multi,137,0.0341037260523783,0.0033333333333333,2025-12-05T12:07:00Z
bQCD,,CE-Multi,138,0.0891100472132292,0.0033333333333333,2025-12-05T12:07:01Z
bQCD,,CE-Multi,139,0.0134488118117233,0.0033333333333333,2025-12-05T12:07:02Z
bQCD,,CE-Multi,140,-0.0129509417837556,0.0033333333333333,2025-12-05T12:07:03Z
bQCD,,CE-Multi,141,1.671893638310884e-06,0.0033333333333333,2025-12-05T12:07:05Z
bQCD,,CE-Multi,142,-0.0015509792838817,0.0033333333333333,2025-12-05T12:07:06Z
bQCD,,CE-Multi,143,0.00024439087571,0.0033333333333333,2025-12-05T12:07:07Z
bQCD,,CE-Multi,144,0.0052533046430891,0.0033333333333333,2025-12-05T12:07:08Z
bQCD,,CE-Multi,145,-0.0100917538409446,0.0033333333333333,2025-12-05T12:07:09Z
bQCD,,CE-Multi,146,0.0001248250676304,0.0033333333333333,2025-12-05T12:07:10Z
bQCD,,CE-Multi,147,0.0255371211229735,0.0033333333333333,2025-12-05T12:07:11Z
bQCD,,CE-Multi,148,-0.0001223067735648,0.0033333333333333,2025-12-05T12:07:13Z
bQCD,,CE-Multi,149,0.009997281922478,0.0033333333333333,2025-12-05T12:07:13Z
bQCD,,CE-Multi,150,0.0710169565349874,0.0033333333333333,2025-12-05T12:07:14Z
bQCD,,CE-Multi,151,-0.0024043427153517,0.0033333333333333,2025-12-05T12:07:15Z
bQCD,,CE-Multi,152,0.0097116232282085,0.0033333333333333,2025-12-05T12:07:16Z
bQCD,,CE-Multi,153,-0.0217622305848266,0.0033333333333333,2025-12-05T12:07:17Z
bQCD,,CE-Multi,154,-0.0565398605794169,0.0033333333333333,2025-12-05T12:07:17Z
bQCD,,CE-Multi,155,-0.0001860790328032,0.0033333333333333,2025-12-05T12:07:18Z
bQCD,,CE-Multi,156,-0.0055978826815136,0.0033333333333333,2025-12-05T12:07:19Z
bQCD,,CE-Multi,157,-0.0012918314161708,0.0033333333333333,2025-12-05T12:07:20Z
bQCD,,CE-Multi,158,-0.0173746756191215,0.0033333333333333,2025-12-05T12:07:21Z
bQCD,,CE-Multi,159,0.0207900395409573,0.0033333333333333,2025-12-05T12:07:21Z
bQCD,,CE-Multi,160,-0.055616060178538,0.0033333333333333,2025-12-05T12:07:22Z
bQCD,,CE-Multi,161,0.0005074680376501,0.0033333333333333,2025-12-05T12:07:23Z
bQCD,,CE-Multi,162,-0.0017260609271111,0.0033333333333333,2025-12-05T12:07:24Z
bQCD,,CE-Multi,163,-0.0252282673550761,0.0033333333333333,2025-12-05T12:07:25Z
bQCD,,CE-Multi,164,0.1346068796857517,0.0033333333333333,2025-12-05T12:07:26Z
bQCD,,CE-Multi,165,0.1660935799744421,0.0033333333333333,2025-12-05T12:07:26Z
bQCD,,CE-Multi,166,0.0001884676582379,0.0033333333333333,2025-12-05T12:07:27Z
bQCD,,CE-Multi,167,-0.0019646679697724,0.0033333333333333,2025-12-05T12:07:28Z
bQCD,,CE-Multi,168,0.0831113264744226,0.0033333333333333,2025-12-05T12:07:29Z
bQCD,,CE-Multi,169,0.0625155725646198,0.0033333333333333,2025-12-05T12:07:30Z
bQCD,,CE-Multi,170,-0.0822676174712481,0.0033333333333333,2025-12-05T12:07:30Z
bQCD,,CE-Multi,171,-0.0068681173029397,0.0033333333333333,2025-12-05T12:07:31Z
bQCD,,CE-Multi,172,-0.0055047416935783,0.0033333333333333,2025-12-05T12:07:32Z
bQCD,,CE-Multi,173,-0.0004612305260588,0.0033333333333333,2025-12-05T12:07:33Z
bQCD,,CE-Multi,174,-0.0803598849599075,0.0033333333333333,2025-12-05T12:07:34Z
bQCD,,CE-Multi,175,-0.0003498194553588,0.0033333333333333,2025-12-05T12:07:35Z
bQCD,,CE-Multi,176,-0.0021846167801664,0.0033333333333333,2025-12-05T12:07:36Z
bQCD,,CE-Multi,177,-0.0155556908600026,0.0033333333333333,2025-12-05T12:07:37Z
bQCD,,CE-Multi,178,0.1437310287458801,0.0033333333333333,2025-12-05T12:07:37Z
bQCD,,CE-Multi,179,0.0132059811539066,0.0033333333333333,2025-12-05T12:07:38Z
bQCD,,CE-Multi,180,0.0026488278347868,0.0033333333333333,2025-12-05T12:07:39Z
bQCD,,CE-Multi,181,0.0010774864478357,0.0033333333333333,2025-12-05T12:07:40Z
bQCD,,CE-Multi,182,0.000426141276082,0.0033333333333333,2025-12-05T12:07:41Z
bQCD,,CE-Multi,183,0.0086986616585847,0.0033333333333333,2025-12-05T12:07:41Z
bQCD,,CE-Multi,184,0.1151975267333612,0.0033333333333333,2025-12-05T12:07:42Z
bQCD,,CE-Multi,185,-0.0002597579540466,0.0033333333333333,2025-12-05T12:07:44Z
bQCD,,CE-Multi,186,-0.017381976509767,0.0033333333333333,2025-12-05T12:07:44Z
bQCD,,CE-Multi,187,0.01651796433355,0.0033333333333333,2025-12-05T12:07:45Z
bQCD,,CE-Multi,188,0.0002110427618396,0.0033333333333333,2025-12-05T12:07:46Z
bQCD,,CE-Multi,189,0.0030021318688249,0.0033333333333333,2025-12-05T12:07:47Z
bQCD,,CE-Multi,190,0.0551975637255557,0.0033333333333333,2025-12-05T12:07:48Z
bQCD,,CE-Multi,191,0.0023115249057691,0.0033333333333333,2025-12-05T12:07:48Z
bQCD,,CE-Multi,192,-0.0252699940144573,0.0033333333333333,2025-12-05T12:07:49Z
bQCD,,CE-Multi,193,0.016039944098919,0.0033333333333333,2025-12-05T12:07:50Z
bQCD,,CE-Multi,194,-0.0537419815468174,0.0033333333333333,2025-12-05T12:07:51Z
bQCD,,CE-Multi,195,0.0012975284262359,0.0033333333333333,2025-12-05T12:07:52Z
bQCD,,CE-Multi,196,0.008474841236072,0.0033333333333333,2025-12-05T12:07:52Z
bQCD,,CE-Multi,197,-0.0468428761900695,0.0033333333333333,2025-12-05T12:07:53Z
bQCD,,CE-Multi,198,-0.0881343942089989,0.0033333333333333,2025-12-05T12:07:54Z
bQCD,,CE-Multi,199,-0.0317789360174832,0.0033333333333333,2025-12-05T12:07:55Z
bQCD,,CE-Multi,200,3.509531336975957e-05,0.0033333333333333,2025-12-05T12:07:57Z
bQCD,,CE-Multi,201,0.0084665962474708,0.0033333333333333,2025-12-05T12:07:58Z
bQCD,,CE-Multi,202,-0.0246799520742949,0.0033333333333333,2025-12-05T12:07:59Z
bQCD,,CE-Multi,203,0.0436647332470271,0.0033333333333333,2025-12-05T12:07:59Z
bQCD,,CE-Multi,204,-0.0057078610441487,0.0033333333333333,2025-12-05T12:08:00Z
bQCD,,CE-Multi,205,0.0134847112837914,0.0033333333333333,2025-12-05T12:08:01Z
bQCD,,CE-Multi,206,0.044864256609971,0.0033333333333333,2025-12-05T12:08:02Z
bQCD,,CE-Multi,207,0.0005987147658557,0.0033333333333333,2025-12-05T12:08:03Z
bQCD,,CE-Multi,208,0.0001795085203508,0.0033333333333333,2025-12-05T12:08:04Z
bQCD,,CE-Multi,209,-0.0114044062493788,0.0033333333333333,2025-12-05T12:08:05Z
bQCD,,CE-Multi,210,-0.0192834115154707,0.0033333333333333,2025-12-05T12:08:05Z
bQCD,,CE-Multi,211,0.0714011280259702,0.0033333333333333,2025-12-05T12:08:06Z
bQCD,,CE-Multi,212,-0.0001767332103025,0.0033333333333333,2025-12-05T12:08:07Z
bQCD,,CE-Multi,213,-0.0069372365242501,0.0033333333333333,2025-12-05T12:08:08Z
bQCD,,CE-Multi,214,-0.0214185249704981,0.0033333333333333,2025-12-05T12:08:09Z
bQCD,,CE-Multi,215,0.1869737062048745,0.0033333333333333,2025-12-05T12:08:09Z
bQCD,,CE-Multi,216,-0.07302504584154,0.0033333333333333,2025-12-05T12:08:10Z
bQCD,,CE-Multi,217,0.0433617976875034,0.0033333333333333,2025-12-05T12:08:10Z
bQCD,,CE-Multi,218,-0.0431583033402727,0.0033333333333333,2025-12-05T12:08:11Z
bQCD,,CE-Multi,219,-0.0028386706356692,0.0033333333333333,2025-12-05T12:08:11Z
bQCD,,CE-Multi,220,-0.0022901244177635,0.0033333333333333,2025-12-05T12:08:12Z
bQCD,,CE-Multi,221,-0.0219045112750114,0.0033333333333333,2025-12-05T12:08:12Z
bQCD,,CE-Multi,222,-0.023040313492692,0.0033333333333333,2025-12-05T12:08:12Z
bQCD,,CE-Multi,223,0.0413257309244702,0.0033333333333333,2025-12-05T12:08:13Z
bQCD,,CE-Multi,224,-0.0143308095825657,0.0033333333333333,2025-12-05T12:08:13Z
bQCD,,CE-Multi,225,0.0132109590675415,0.0033333333333333,2025-12-05T12:08:14Z
bQCD,,CE-Multi,226,-9.878962907750032e-05,0.0033333333333333,2025-12-05T12:08:14Z
bQCD,,CE-Multi,227,0.0826957898532102,0.0033333333333333,2025-12-05T12:08:15Z
bQCD,,CE-Multi,228,0.0052798864936863,0.0033333333333333,2025-12-05T12:08:15Z
bQCD,,CE-Multi,229,-0.0119081783393207,0.0033333333333333,2025-12-05T12:08:16Z
bQCD,,CE-Multi,230,2.839901746243268e-05,0.0033333333333333,2025-12-05T12:08:16Z
bQCD,,CE-Multi,231,0.0021576531626689,0.0033333333333333,2025-12-05T12:08:17Z
bQCD,,CE-Multi,232,-0.0508853753802167,0.0033333333333333,2025-12-05T12:08:17Z
bQCD,,CE-Multi,233,0.010466071769888,0.0033333333333333,2025-12-05T12:08:17Z
bQCD,,CE-Multi,234,-0.0073438164246247,0.0033333333333333,2025-12-05T12:08:18Z
bQCD,,CE-Multi,235,-0.00069879332853,0.0033333333333333,2025-12-05T12:08:18Z
bQCD,,CE-Multi,236,0.040379955211263,0.0033333333333333,2025-12-05T12:08:19Z
bQCD,,CE-Multi,237,-0.0005757077914143,0.0033333333333333,2025-12-05T12:08:19Z
bQCD,,CE-Multi,238,0.0529979584475631,0.0033333333333333,2025-12-05T12:08:20Z
bQCD,,CE-Multi,239,-0.0149893800131862,0.0033333333333333,2025-12-05T12:08:20Z
bQCD,,CE-Multi,240,0.0004530868380071,0.0033333333333333,2025-12-05T12:08:21Z
bQCD,,CE-Multi,241,-0.0014729254357959,0.0033333333333333,2025-12-05T12:08:21Z
bQCD,,CE-Multi,242,-0.0152294408365371,0.0033333333333333,2025-12-05T12:08:22Z
bQCD,,CE-Multi,243,0.0941483613514113,0.0033333333333333,2025-12-05T12:08:22Z
bQCD,,CE-Multi,244,-0.0338034499383055,0.0033333333333333,2025-12-05T12:08:23Z
bQCD,,CE-Multi,245,-0.0291741525426159,0.0033333333333333,2025-12-05T12:08:23Z
bQCD,,CE-Multi,246,0.0318946835509527,0.0033333333333333,2025-12-05T12:08:24Z
bQCD,,CE-Multi,247,0.0132038879578149,0.0033333333333333,2025-12-05T12:08:24Z
bQCD,,CE-Multi,248,0.092469295414754,0.0033333333333333,2025-12-05T12:08:25Z
bQCD,,CE-Multi,249,-0.0813120938959148,0.0033333333333333,2025-12-05T12:08:25Z
bQCD,,CE-Multi,250,-0.0065919450819059,0.0033333333333333,2025-12-05T12:08:26Z
bQCD,,CE-Multi,251,0.1869010173285685,0.0033333333333333,2025-12-05T12:08:26Z
bQCD,,CE-Multi,252,0.0018920944333024,0.0033333333333333,2025-12-05T12:08:27Z
bQCD,,CE-Multi,253,-0.0020864644634491,0.0033333333333333,2025-12-05T12:08:27Z
bQCD,,CE-Multi,254,-0.0235084448389972,0.0033333333333333,2025-12-05T12:08:28Z
bQCD,,CE-Multi,255,-0.0001924237792091,0.0033333333333333,2025-12-05T12:08:28Z
bQCD,,CE-Multi,256,0.0464641302518014,0.0033333333333333,2025-12-05T12:08:28Z
bQCD,,CE-Multi,257,0.0021705389657936,0.0033333333333333,2025-12-05T12:08:29Z
bQCD,,CE-Multi,258,-0.0155061855497871,0.0033333333333333,2025-12-05T12:08:29Z
bQCD,,CE-Multi,259,1.586963254007756e-05,0.0033333333333333,2025-12-05T12:08:30Z
bQCD,,CE-Multi,260,0.0238100908411084,0.0033333333333333,2025-12-05T12:08:30Z
bQCD,,CE-Multi,261,0.0965323157494949,0.0033333333333333,2025-12-05T12:08:31Z
bQCD,,CE-Multi,262,-0.0105602834787447,0.0033333333333333,2025-12-05T12:08:31Z
bQCD,,CE-Multi,263,0.0011680716668646,0.0033333333333333,2025-12-05T12:08:32Z
bQCD,,CE-Multi,264,-0.0121205261997354,0.0033333333333333,2025-12-05T12:08:32Z
bQCD,,CE-Multi,265,-0.0001238818614626,0.0033333333333333,2025-12-05T12:08:33Z
bQCD,,CE-Multi,266,4.21637219591986e-05,0.0033333333333333,2025-12-05T12:08:33Z
bQCD,,CE-Multi,267,-0.0254119639299867,0.0033333333333333,2025-12-05T12:08:34Z
bQCD,,CE-Multi,268,-0.0252103727922414,0.0033333333333333,2025-12-05T12:08:34Z
bQCD,,CE-Multi,269,-8.866400826690324e-05,0.0033333333333333,2025-12-05T12:08:35Z
bQCD,,CE-Multi,270,-0.005269516401112,0.0033333333333333,2025-12-05T12:08:35Z
bQCD,,CE-Multi,271,0.0843975248103301,0.0033333333333333,2025-12-05T12:08:36Z
bQCD,,CE-Multi,272,-0.034937937528833,0.0033333333333333,2025-12-05T12:08:36Z
bQCD,,CE-Multi,273,-0.043182863024105,0.0033333333333333,2025-12-05T12:08:37Z
bQCD,,CE-Multi,274,0.0031948056175072,0.0033333333333333,2025-12-05T12:08:37Z
bQCD,,CE-Multi,275,-0.0004846705715185,0.0033333333333333,2025-12-05T12:08:38Z
bQCD,,CE-Multi,276,0.1323828204014658,0.0033333333333333,2025-12-05T12:08:39Z
bQCD,,CE-Multi,277,-0.0218502985212254,0.0033333333333333,2025-12-05T12:08:39Z
bQCD,,CE-Multi,278,-0.0134178558081291,0.0033333333333333,2025-12-05T12:08:40Z
bQCD,,CE-Multi,279,0.0072864378414453,0.0033333333333333,2025-12-05T12:08:40Z
bQCD,,CE-Multi,280,0.0140019478043009,0.0033333333333333,2025-12-05T12:08:41Z
bQCD,,CE-Multi,281,0.1309810881409163,0.0033333333333333,2025-12-05T12:08:41Z
bQCD,,CE-Multi,282,0.0002005038607312,0.0033333333333333,2025-12-05T12:08:42Z
bQCD,,CE-Multi,283,-0.0356323488265868,0.0033333333333333,2025-12-05T12:08:42Z
bQCD,,CE-Multi,284,0.003459960721852,0.0033333333333333,2025-12-05T12:08:43Z
bQCD,,CE-Multi,285,-0.0241207467583624,0.0033333333333333,2025-12-05T12:08:43Z
bQCD,,CE-Multi,286,0.0972786907798561,0.0033333333333333,2025-12-05T12:08:44Z
bQCD,,CE-Multi,287,0.0093213802078994,0.0033333333333333,2025-12-05T12:08:44Z
bQCD,,CE-Multi,288,0.0501950689713199,0.0033333333333333,2025-12-05T12:08:45Z
bQCD,,CE-Multi,289,0.0021929149049593,0.0033333333333333,2025-12-05T12:08:45Z
bQCD,,CE-Multi,290,0.0854507903533743,0.0033333333333333,2025-12-05T12:08:46Z
bQCD,,CE-Multi,291,0.0067863433405839,0.0033333333333333,2025-12-05T12:08:46Z
bQCD,,CE-Multi,292,0.0922301531148468,0.0033333333333333,2025-12-05T12:08:47Z
bQCD,,CE-Multi,293,0.1323919578398115,0.0033333333333333,2025-12-05T12:08:47Z
bQCD,,CE-Multi,294,-0.0052674069528277,0.0033333333333333,2025-12-05T12:08:48Z
bQCD,,CE-Multi,295,0.1016717724562713,0.0033333333333333,2025-12-05T12:08:48Z
bQCD,,CE-Multi,296,-0.0730440296193882,0.0033333333333333,2025-12-05T12:08:48Z
bQCD,,CE-Multi,297,-0.0022416645014617,0.0033333333333333,2025-12-05T12:08:49Z
bQCD,,CE-Multi,298,-0.027831458524429,0.0033333333333333,2025-12-05T12:08:49Z
bQCD,,CE-Multi,299,-0.0463412411498228,0.0033333333333333,2025-12-05T12:08:50Z
bQCD,,CE-Multi,300,-0.041482805512566,0.0033333333333333,2025-12-05T12:08:50Z
bQCD,,CE-Net,1,0.0002050252839913,0.0033333333333333,2025-12-05T12:08:51Z
bQCD,,CE-Net,2,0.0019242256284672,0.0033333333333333,2025-12-05T12:08:51Z
bQCD,,CE-Net,3,0.0738280627328259,0.0033333333333333,2025-12-05T12:08:52Z
bQCD,,CE-Net,4,0.046655905850672,0.0033333333333333,2025-12-05T12:08:53Z
bQCD,,CE-Net,5,1.683927446971545e-05,0.0033333333333333,2025-12-05T12:08:53Z
bQCD,,CE-Net,6,0.0343827442614481,0.0033333333333333,2025-12-05T12:08:53Z
bQCD,,CE-Net,7,0.0113605602533501,0.0033333333333333,2025-12-05T12:08:54Z
bQCD,,CE-Net,8,0.0078217984812815,0.0033333333333333,2025-12-05T12:08:54Z
bQCD,,CE-Net,9,0.0005612008750291,0.0033333333333333,2025-12-05T12:08:55Z
bQCD,,CE-Net,10,-0.0002452060325395,0.0033333333333333,2025-12-05T12:08:56Z
bQCD,,CE-Net,11,-0.0002742150983806,0.0033333333333333,2025-12-05T12:08:56Z
bQCD,,CE-Net,12,0.0315990780532935,0.0033333333333333,2025-12-05T12:08:57Z
bQCD,,CE-Net,13,0.0033933430374909,0.0033333333333333,2025-12-05T12:08:57Z
bQCD,,CE-Net,14,-0.0009622182305123,0.0033333333333333,2025-12-05T12:08:57Z
bQCD,,CE-Net,15,0.00130812329647,0.0033333333333333,2025-12-05T12:08:58Z
bQCD,,CE-Net,16,0.0034092628372793,0.0033333333333333,2025-12-05T12:08:58Z
bQCD,,CE-Net,17,0.0118797336461941,0.0033333333333333,2025-12-05T12:08:59Z
bQCD,,CE-Net,18,0.0536633632886712,0.0033333333333333,2025-12-05T12:08:59Z
bQCD,,CE-Net,19,0.0071831574627316,0.0033333333333333,2025-12-05T12:09:00Z
bQCD,,CE-Net,20,0.0902990948400848,0.0033333333333333,2025-12-05T12:09:00Z
bQCD,,CE-Net,21,0.0028030825938114,0.0033333333333333,2025-12-05T12:09:01Z
bQCD,,CE-Net,22,0.0043447144340299,0.0033333333333333,2025-12-05T12:09:01Z
bQCD,,CE-Net,23,0.0006905442729298,0.0033333333333333,2025-12-05T12:09:02Z
bQCD,,CE-Net,24,0.0002116628832449,0.0033333333333333,2025-12-05T12:09:02Z
bQCD,,CE-Net,25,0.0596586245694038,0.0033333333333333,2025-12-05T12:09:03Z
bQCD,,CE-Net,26,-0.0016323182444755,0.0033333333333333,2025-12-05T12:09:03Z
bQCD,,CE-Net,27,0.0001777187138968,0.0033333333333333,2025-12-05T12:09:04Z
bQCD,,CE-Net,28,0.0022315080951281,0.0033333333333333,2025-12-05T12:09:04Z
bQCD,,CE-Net,29,0.048711421185279,0.0033333333333333,2025-12-05T12:09:05Z
bQCD,,CE-Net,30,0.0001691207141746,0.0033333333333333,2025-12-05T12:09:05Z
bQCD,,CE-Net,31,0.0727627613399042,0.0033333333333333,2025-12-05T12:09:06Z
bQCD,,CE-Net,32,0.0001122713343328,0.0033333333333333,2025-12-05T12:09:06Z
bQCD,,CE-Net,33,0.009191039128233,0.0033333333333333,2025-12-05T12:09:07Z
bQCD,,CE-Net,34,0.1181676220676015,0.0033333333333333,2025-12-05T12:09:07Z
bQCD,,CE-Net,35,0.0547284654111906,0.0033333333333333,2025-12-05T12:09:08Z
bQCD,,CE-Net,36,0.0030275106862855,0.0033333333333333,2025-12-05T12:09:08Z
bQCD,,CE-Net,37,0.0010338209251274,0.0033333333333333,2025-12-05T12:09:09Z
bQCD,,CE-Net,38,0.0177252784467872,0.0033333333333333,2025-12-05T12:09:09Z
bQCD,,CE-Net,39,0.1265931423672427,0.0033333333333333,2025-12-05T12:09:10Z
bQCD,,CE-Net,40,0.0067124563433081,0.0033333333333333,2025-12-05T12:09:10Z
bQCD,,CE-Net,41,0.1212252185626915,0.0033333333333333,2025-12-05T12:09:11Z
bQCD,,CE-Net,42,-0.000579377951372,0.0033333333333333,2025-12-05T12:09:11Z
bQCD,,CE-Net,43,-0.0004711498706597,0.0033333333333333,2025-12-05T12:09:12Z
bQCD,,CE-Net,44,0.0002619292423765,0.0033333333333333,2025-12-05T12:09:12Z
bQCD,,CE-Net,45,0.1352328314059967,0.0033333333333333,2025-12-05T12:09:13Z
bQCD,,CE-Net,46,0.0048571986815356,0.0033333333333333,2025-12-05T12:09:13Z
bQCD,,CE-Net,47,0.0010951731106195,0.0033333333333333,2025-12-05T12:09:14Z
bQCD,,CE-Net,48,0.001621792480809,0.0033333333333333,2025-12-05T12:09:14Z
bQCD,,CE-Net,49,0.0174978192685868,0.0033333333333333,2025-12-05T12:09:15Z
bQCD,,CE-Net,50,0.0828020074528902,0.0033333333333333,2025-12-05T12:09:15Z
bQCD,,CE-Net,51,0.0710650074247648,0.0033333333333333,2025-12-05T12:09:16Z
bQCD,,CE-Net,52,0.0040667965652703,0.0033333333333333,2025-12-05T12:09:16Z
bQCD,,CE-Net,53,0.0045107887209404,0.0033333333333333,2025-12-05T12:09:17Z
bQCD,,CE-Net,54,0.0011248114419193,0.0033333333333333,2025-12-05T12:09:17Z
bQCD,,CE-Net,55,0.0037555691321503,0.0033333333333333,2025-12-05T12:09:17Z
bQCD,,CE-Net,56,0.0033228799025056,0.0033333333333333,2025-12-05T12:09:18Z
bQCD,,CE-Net,57,0.006886480928686,0.0033333333333333,2025-12-05T12:09:18Z
bQCD,,CE-Net,58,-0.0071066315805985,0.0033333333333333,2025-12-05T12:09:19Z
bQCD,,CE-Net,59,0.0200197909915769,0.0033333333333333,2025-12-05T12:09:19Z
bQCD,,CE-Net,60,0.0300712532262314,0.0033333333333333,2025-12-05T12:09:20Z
bQCD,,CE-Net,61,-0.0019030158528926,0.0033333333333333,2025-12-05T12:09:21Z
bQCD,,CE-Net,62,0.1463280349727445,0.0033333333333333,2025-12-05T12:09:21Z
bQCD,,CE-Net,63,0.1399047084542316,0.0033333333333333,2025-12-05T12:09:22Z
bQCD,,CE-Net,64,0.0115257672379547,0.0033333333333333,2025-12-05T12:09:22Z
bQCD,,CE-Net,65,0.0020278070863739,0.0033333333333333,2025-12-05T12:09:23Z
bQCD,,CE-Net,66,0.0002122998743682,0.0033333333333333,2025-12-05T12:09:23Z
bQCD,,CE-Net,67,0.0003117258332172,0.0033333333333333,2025-12-05T12:09:24Z
bQCD,,CE-Net,68,0.0004326146512756,0.0033333333333333,2025-12-05T12:09:24Z
bQCD,,CE-Net,69,0.0106912597475591,0.0033333333333333,2025-12-05T12:09:25Z
bQCD,,CE-Net,70,-6.917450138610448e-05,0.0033333333333333,2025-12-05T12:09:25Z
bQCD,,CE-Net,71,0.0423148528754712,0.0033333333333333,2025-12-05T12:09:26Z
bQCD,,CE-Net,72,-0.0026027330261585,0.0033333333333333,2025-12-05T12:09:26Z
bQCD,,CE-Net,73,-0.0002562943149071,0.0033333333333333,2025-12-05T12:09:27Z
bQCD,,CE-Net,74,-0.0011164345648446,0.0033333333333333,2025-12-05T12:09:27Z
bQCD,,CE-Net,75,0.0310555528289424,0.0033333333333333,2025-12-05T12:09:28Z
bQCD,,CE-Net,76,0.0703980505361043,0.0033333333333333,2025-12-05T12:09:28Z
bQCD,,CE-Net,77,9.300281649327058e-05,0.0033333333333333,2025-12-05T12:09:29Z
bQCD,,CE-Net,78,0.002414390897408,0.0033333333333333,2025-12-05T12:09:29Z
bQCD,,CE-Net,79,-0.0006572831229357,0.0033333333333333,2025-12-05T12:09:29Z
bQCD,,CE-Net,80,0.0094718175114246,0.0033333333333333,2025-12-05T12:09:30Z
bQCD,,CE-Net,81,0.0002680466796387,0.0033333333333333,2025-12-05T12:09:31Z
bQCD,,CE-Net,82,-0.0001764063790754,0.0033333333333333,2025-12-05T12:09:31Z
bQCD,,CE-Net,83,0.0077371426402259,0.0033333333333333,2025-12-05T12:09:31Z
bQCD,,CE-Net,84,0.0069102432547396,0.0033333333333333,2025-12-05T12:09:32Z
bQCD,,CE-Net,85,0.0061209807789087,0.0033333333333333,2025-12-05T12:09:32Z
bQCD,,CE-Net,86,0.0261945731181884,0.0033333333333333,2025-12-05T12:09:33Z
bQCD,,CE-Net,87,0.0115921562587426,0.0033333333333333,2025-12-05T12:09:33Z
bQCD,,CE-Net,88,0.0797812121296525,0.0033333333333333,2025-12-05T12:09:34Z
bQCD,,CE-Net,89,0.0056653740886812,0.0033333333333333,2025-12-05T12:09:34Z
bQCD,,CE-Net,90,0.0027369340254075,0.0033333333333333,2025-12-05T12:09:35Z
bQCD,,CE-Net,91,0.0029142361387052,0.0033333333333333,2025-12-05T12:09:35Z
bQCD,,CE-Net,92,-1.2962693378471002e-05,0.0033333333333333,2025-12-05T12:09:36Z
bQCD,,CE-Net,93,-0.0007196943962384,0.0033333333333333,2025-12-05T12:09:37Z
bQCD,,CE-Net,94,0.0337567238482071,0.0033333333333333,2025-12-05T12:09:37Z
bQCD,,CE-Net,95,0.0362811348634386,0.0033333333333333,2025-12-05T12:09:38Z
bQCD,,CE-Net,96,0.0001149753997453,0.0033333333333333,2025-12-05T12:09:38Z
bQCD,,CE-Net,97,0.0426309740208866,0.0033333333333333,2025-12-05T12:09:39Z
bQCD,,CE-Net,98,0.028409967031032,0.0033333333333333,2025-12-05T12:09:39Z
bQCD,,CE-Net,99,0.0002930383813144,0.0033333333333333,2025-12-05T12:09:40Z
bQCD,,CE-Net,100,-0.0010594903925771,0.0033333333333333,2025-12-05T12:09:40Z
bQCD,,CE-Net,101,0.0007588484612229,0.0033333333333333,2025-12-05T12:09:41Z
bQCD,,CE-Net,102,7.11807786119012e-05,0.0033333333333333,2025-12-05T12:09:42Z
bQCD,,CE-Net,103,0.0646006367449817,0.0033333333333333,2025-12-05T12:09:42Z
bQCD,,CE-Net,104,0.037107451795659,0.0033333333333333,2025-12-05T12:09:43Z
bQCD,,CE-Net,105,0.164561909800325,0.0033333333333333,2025-12-05T12:09:43Z
bQCD,,CE-Net,106,0.0189855181809527,0.0033333333333333,2025-12-05T12:09:44Z
bQCD,,CE-Net,107,-0.0019866252436048,0.0033333333333333,2025-12-05T12:09:44Z
bQCD,,CE-Net,108,0.0412886821398549,0.0033333333333333,2025-12-05T12:09:45Z
bQCD,,CE-Net,109,0.0019379730464161,0.0033333333333333,2025-12-05T12:09:45Z
bQCD,,CE-Net,110,0.0176031540191925,0.0033333333333333,2025-12-05T12:09:46Z
bQCD,,CE-Net,111,0.0039398573313674,0.0033333333333333,2025-12-05T12:09:46Z
bQCD,,CE-Net,112,-9.51633858450318e-05,0.0033333333333333,2025-12-05T12:09:47Z
bQCD,,CE-Net,113,0.0032259186137976,0.0033333333333333,2025-12-05T12:09:47Z
bQCD,,CE-Net,114,0.025610322532197,0.0033333333333333,2025-12-05T12:09:47Z
bQCD,,CE-Net,115,0.0027021554374979,0.0033333333333333,2025-12-05T12:09:48Z
bQCD,,CE-Net,116,0.0002330986338245,0.0033333333333333,2025-12-05T12:09:49Z
bQCD,,CE-Net,117,0.1560967879786163,0.0033333333333333,2025-12-05T12:09:49Z
bQCD,,CE-Net,118,0.0900081388528197,0.0033333333333333,2025-12-05T12:09:49Z
bQCD,,CE-Net,119,0.0002881798074102,0.0033333333333333,2025-12-05T12:09:50Z
bQCD,,CE-Net,120,0.1910664982298781,0.0033333333333333,2025-12-05T12:09:50Z
bQCD,,CE-Net,121,0.0029447750359534,0.0033333333333333,2025-12-05T12:09:51Z
bQCD,,CE-Net,122,0.0074452254801889,0.0033333333333333,2025-12-05T12:09:51Z
bQCD,,CE-Net,123,-0.0004373501914606,0.0033333333333333,2025-12-05T12:09:52Z
bQCD,,CE-Net,124,0.0342626955296068,0.0033333333333333,2025-12-05T12:09:53Z
bQCD,,CE-Net,125,0.002458509682182,0.0033333333333333,2025-12-05T12:09:53Z
bQCD,,CE-Net,126,0.0002415150516911,0.0033333333333333,2025-12-05T12:09:54Z
bQCD,,CE-Net,127,-0.0027133187440711,0.0033333333333333,2025-12-05T12:09:54Z
bQCD,,CE-Net,128,0.0078847492417383,0.0033333333333333,2025-12-05T12:09:55Z
bQCD,,CE-Net,129,0.0014020821108374,0.0033333333333333,2025-12-05T12:09:55Z
bQCD,,CE-Net,130,0.0076978662323194,0.0033333333333333,2025-12-05T12:09:55Z
bQCD,,CE-Net,131,1.954329325881688e-05,0.0033333333333333,2025-12-05T12:09:56Z
bQCD,,CE-Net,132,0.0104487508237801,0.0033333333333333,2025-12-05T12:09:56Z
bQCD,,CE-Net,133,0.0006254182921532,0.0033333333333333,2025-12-05T12:09:57Z
bQCD,,CE-Net,134,0.0020189031088651,0.0033333333333333,2025-12-05T12:09:58Z
bQCD,,CE-Net,135,0.0013927070534142,0.0033333333333333,2025-12-05T12:09:58Z
bQCD,,CE-Net,136,0.1997183387247575,0.0033333333333333,2025-12-05T12:09:58Z
bQCD,,CE-Net,137,0.0003304743958236,0.0033333333333333,2025-12-05T12:09:59Z
bQCD,,CE-Net,138,0.0018076208662766,0.0033333333333333,2025-12-05T12:09:59Z
bQCD,,CE-Net,139,0.0362713394418344,0.0033333333333333,2025-12-05T12:10:00Z
bQCD,,CE-Net,140,0.0023548955490977,0.0033333333333333,2025-12-05T12:10:00Z
bQCD,,CE-Net,141,0.032430467950595,0.0033333333333333,2025-12-05T12:10:01Z
bQCD,,CE-Net,142,0.0044757119929944,0.0033333333333333,2025-12-05T12:10:01Z
bQCD,,CE-Net,143,-0.0001035420309677,0.0033333333333333,2025-12-05T12:10:02Z
bQCD,,CE-Net,144,0.0102270149240404,0.0033333333333333,2025-12-05T12:10:02Z
bQCD,,CE-Net,145,0.0072170890956667,0.0033333333333333,2025-12-05T12:10:03Z
bQCD,,CE-Net,146,-0.000451401487124,0.0033333333333333,2025-12-05T12:10:03Z
bQCD,,CE-Net,147,9.031912747470285e-05,0.0033333333333333,2025-12-05T12:10:04Z
bQCD,,CE-Net,148,0.0531973986313367,0.0033333333333333,2025-12-05T12:10:04Z
bQCD,,CE-Net,149,0.0829637391264817,0.0033333333333333,2025-12-05T12:10:04Z
bQCD,,CE-Net,150,0.0100330670245905,0.0033333333333333,2025-12-05T12:10:05Z
bQCD,,CE-Net,151,-0.0005997040163968,0.0033333333333333,2025-12-05T12:10:05Z
bQCD,,CE-Net,152,0.0002769541937714,0.0033333333333333,2025-12-05T12:10:06Z
bQCD,,CE-Net,153,0.1182257438235974,0.0033333333333333,2025-12-05T12:10:06Z
bQCD,,CE-Net,154,0.0062134590743461,0.0033333333333333,2025-12-05T12:10:07Z
bQCD,,CE-Net,155,0.1048642638670694,0.0033333333333333,2025-12-05T12:10:07Z
bQCD,,CE-Net,156,-0.000236143910347,0.0033333333333333,2025-12-05T12:10:08Z
bQCD,,CE-Net,157,0.0034325246100964,0.0033333333333333,2025-12-05T12:10:08Z
bQCD,,CE-Net,158,0.0013233828693142,0.0033333333333333,2025-12-05T12:10:09Z
bQCD,,CE-Net,159,-0.0027836907302932,0.0033333333333333,2025-12-05T12:10:09Z
bQCD,,CE-Net,160,0.0097843355147605,0.0033333333333333,2025-12-05T12:10:10Z
bQCD,,CE-Net,161,0.0034684097698584,0.0033333333333333,2025-12-05T12:10:10Z
bQCD,,CE-Net,162,0.0548929807996684,0.0033333333333333,2025-12-05T12:10:11Z
bQCD,,CE-Net,163,0.000123093784358,0.0033333333333333,2025-12-05T12:10:11Z
bQCD,,CE-Net,164,0.0001984841763484,0.0033333333333333,2025-12-05T12:10:12Z
bQCD,,CE-Net,165,0.0019502537037396,0.0033333333333333,2025-12-05T12:10:12Z
bQCD,,CE-Net,166,0.0140798180956931,0.0033333333333333,2025-12-05T12:10:13Z
bQCD,,CE-Net,167,-0.0042468361146131,0.0033333333333333,2025-12-05T12:10:13Z
bQCD,,CE-Net,168,0.0001012628836507,0.0033333333333333,2025-12-05T12:10:14Z
bQCD,,CE-Net,169,0.0092860290815831,0.0033333333333333,2025-12-05T12:10:14Z
bQCD,,CE-Net,170,-0.000123853080688,0.0033333333333333,2025-12-05T12:10:15Z
bQCD,,CE-Net,171,0.1337697287688046,0.0033333333333333,2025-12-05T12:10:15Z
bQCD,,CE-Net,172,0.0008494083266352,0.0033333333333333,2025-12-05T12:10:16Z
bQCD,,CE-Net,173,0.0708778566232399,0.0033333333333333,2025-12-05T12:10:16Z
bQCD,,CE-Net,174,0.0100846416056418,0.0033333333333333,2025-12-05T12:10:17Z
bQCD,,CE-Net,175,-0.0011657297384938,0.0033333333333333,2025-12-05T12:10:17Z
bQCD,,CE-Net,176,0.1500724017334925,0.0033333333333333,2025-12-05T12:10:18Z
bQCD,,CE-Net,177,0.0192870810572942,0.0033333333333333,2025-12-05T12:10:18Z
bQCD,,CE-Net,178,0.0023932488801589,0.0033333333333333,2025-12-05T12:10:19Z
bQCD,,CE-Net,179,0.0761779873994897,0.0033333333333333,2025-12-05T12:10:19Z
bQCD,,CE-Net,180,0.0072942437783094,0.0033333333333333,2025-12-05T12:10:20Z
bQCD,,CE-Net,181,0.0018517452877458,0.0033333333333333,2025-12-05T12:10:20Z
bQCD,,CE-Net,182,0.008791517296836,0.0033333333333333,2025-12-05T12:10:21Z
bQCD,,CE-Net,183,0.0511647343461774,0.0033333333333333,2025-12-05T12:10:21Z
bQCD,,CE-Net,184,-0.0128984971258689,0.0033333333333333,2025-12-05T12:10:21Z
bQCD,,CE-Net,185,0.0032519883824249,0.0033333333333333,2025-12-05T12:10:22Z
bQCD,,CE-Net,186,0.0041357574609852,0.0033333333333333,2025-12-05T12:10:22Z
bQCD,,CE-Net,187,0.0031941849938187,0.0033333333333333,2025-12-05T12:10:23Z
bQCD,,CE-Net,188,-0.0030123958046089,0.0033333333333333,2025-12-05T12:10:23Z
bQCD,,CE-Net,189,0.0047689529661122,0.0033333333333333,2025-12-05T12:10:24Z
bQCD,,CE-Net,190,0.0723577174355202,0.0033333333333333,2025-12-05T12:10:24Z
bQCD,,CE-Net,191,0.0011275693821706,0.0033333333333333,2025-12-05T12:10:25Z
bQCD,,CE-Net,192,0.0176379724587166,0.0033333333333333,2025-12-05T12:10:25Z
bQCD,,CE-Net,193,0.0097611802694229,0.0033333333333333,2025-12-05T12:10:26Z
bQCD,,CE-Net,194,0.0321623636323222,0.0033333333333333,2025-12-05T12:10:26Z
bQCD,,CE-Net,195,0.0016126275093454,0.0033333333333333,2025-12-05T12:10:27Z
bQCD,,CE-Net,196,0.2113445998405355,0.0033333333333333,2025-12-05T12:10:27Z
bQCD,,CE-Net,197,6.130407266780047e-05,0.0033333333333333,2025-12-05T12:10:28Z
bQCD,,CE-Net,198,-0.0003652118424304,0.0033333333333333,2025-12-05T12:10:29Z
bQCD,,CE-Net,199,0.0041937977167091,0.0033333333333333,2025-12-05T12:10:29Z
bQCD,,CE-Net,200,-0.0001593650733533,0.0033333333333333,2025-12-05T12:10:30Z
bQCD,,CE-Net,201,0.0038237208840062,0.0033333333333333,2025-12-05T12:10:30Z
bQCD,,CE-Net,202,0.0008643138936292,0.0033333333333333,2025-12-05T12:10:31Z
bQCD,,CE-Net,203,0.0005756557948766,0.0033333333333333,2025-12-05T12:10:31Z
bQCD,,CE-Net,204,0.0064029221591335,0.0033333333333333,2025-12-05T12:10:32Z
bQCD,,CE-Net,205,0.1163566489394654,0.0033333333333333,2025-12-05T12:10:32Z
bQCD,,CE-Net,206,0.0011070075826438,0.0033333333333333,2025-12-05T12:10:33Z
bQCD,,CE-Net,207,0.0495763853896946,0.0033333333333333,2025-12-05T12:10:33Z
bQCD,,CE-Net,208,0.001005761100198,0.0033333333333333,2025-12-05T12:10:34Z
bQCD,,CE-Net,209,0.0321498139636476,0.0033333333333333,2025-12-05T12:10:34Z
bQCD,,CE-Net,210,0.0068829795015575,0.0033333333333333,2025-12-05T12:10:35Z
bQCD,,CE-Net,211,0.0046562510452705,0.0033333333333333,2025-12-05T12:10:35Z
bQCD,,CE-Net,212,0.003906825331691,0.0033333333333333,2025-12-05T12:10:36Z
bQCD,,CE-Net,213,0.0015029545573134,0.0033333333333333,2025-12-05T12:10:36Z
bQCD,,CE-Net,214,-0.0001221374810387,0.0033333333333333,2025-12-05T12:10:37Z
bQCD,,CE-Net,215,-0.0393339283119185,0.0033333333333333,2025-12-05T12:10:37Z
bQCD,,CE-Net,216,0.0300693635014932,0.0033333333333333,2025-12-05T12:10:38Z
bQCD,,CE-Net,217,0.0003636337301593,0.0033333333333333,2025-12-05T12:10:38Z
bQCD,,CE-Net,218,-0.0012002256777364,0.0033333333333333,2025-12-05T12:10:39Z
bQCD,,CE-Net,219,0.1241906484095848,0.0033333333333333,2025-12-05T12:10:39Z
bQCD,,CE-Net,220,-0.0005773522555385,0.0033333333333333,2025-12-05T12:10:40Z
bQCD,,CE-Net,221,-0.0005099370856256,0.0033333333333333,2025-12-05T12:10:40Z
bQCD,,CE-Net,222,0.0268113135095053,0.0033333333333333,2025-12-05T12:10:41Z
bQCD,,CE-Net,223,-0.0004280797077805,0.0033333333333333,2025-12-05T12:10:41Z
bQCD,,CE-Net,224,0.005697317755924,0.0033333333333333,2025-12-05T12:10:42Z
bQCD,,CE-Net,225,0.060635507922617,0.0033333333333333,2025-12-05T12:10:42Z
bQCD,,CE-Net,226,0.0048505090993776,0.0033333333333333,2025-12-05T12:10:43Z
bQCD,,CE-Net,227,0.0292714235570638,0.0033333333333333,2025-12-05T12:10:43Z
bQCD,,CE-Net,228,0.0073946048280422,0.0033333333333333,2025-12-05T12:10:44Z
bQCD,,CE-Net,229,0.0731196098674223,0.0033333333333333,2025-12-05T12:10:44Z
bQCD,,CE-Net,230,0.0114489372166831,0.0033333333333333,2025-12-05T12:10:44Z
bQCD,,CE-Net,231,0.0236489779793582,0.0033333333333333,2025-12-05T12:10:45Z
bQCD,,CE-Net,232,0.0078436719677801,0.0033333333333333,2025-12-05T12:10:45Z
bQCD,,CE-Net,233,0.0028048069162835,0.0033333333333333,2025-12-05T12:10:46Z
bQCD,,CE-Net,234,-0.0026228067227396,0.0033333333333333,2025-12-05T12:10:47Z
bQCD,,CE-Net,235,8.445615882279878e-05,0.0033333333333333,2025-12-05T12:10:47Z
bQCD,,CE-Net,236,0.0697918483417293,0.0033333333333333,2025-12-05T12:10:48Z
bQCD,,CE-Net,237,-0.0002444713482986,0.0033333333333333,2025-12-05T12:10:48Z
bQCD,,CE-Net,238,0.03946565134658,0.0033333333333333,2025-12-05T12:10:48Z
bQCD,,CE-Net,239,0.0464214896251946,0.0033333333333333,2025-12-05T12:10:49Z
bQCD,,CE-Net,240,0.0030382259518217,0.0033333333333333,2025-12-05T12:10:49Z
bQCD,,CE-Net,241,0.0425982972739098,0.0033333333333333,2025-12-05T12:10:50Z
bQCD,,CE-Net,242,-0.00188494611838,0.0033333333333333,2025-12-05T12:10:50Z
bQCD,,CE-Net,243,0.0761602516265388,0.0033333333333333,2025-12-05T12:10:51Z
bQCD,,CE-Net,244,0.037799317611897,0.0033333333333333,2025-12-05T12:10:51Z
bQCD,,CE-Net,245,-0.0002791703727228,0.0033333333333333,2025-12-05T12:10:52Z
bQCD,,CE-Net,246,0.0050991138057622,0.0033333333333333,2025-12-05T12:10:52Z
bQCD,,CE-Net,247,0.0014986324692694,0.0033333333333333,2025-12-05T12:10:53Z
bQCD,,CE-Net,248,0.0137479097234025,0.0033333333333333,2025-12-05T12:10:53Z
bQCD,,CE-Net,249,0.0776873847826213,0.0033333333333333,2025-12-05T12:10:54Z
bQCD,,CE-Net,250,0.0249407861606013,0.0033333333333333,2025-12-05T12:10:54Z
bQCD,,CE-Net,251,0.0933978490865374,0.0033333333333333,2025-12-05T12:10:55Z
bQCD,,CE-Net,252,0.0019598382376295,0.0033333333333333,2025-12-05T12:10:55Z
bQCD,,CE-Net,253,-0.001643076992719,0.0033333333333333,2025-12-05T12:10:56Z
bQCD,,CE-Net,254,0.0002000635890597,0.0033333333333333,2025-12-05T12:10:56Z
bQCD,,CE-Net,255,0.0321072916486109,0.0033333333333333,2025-12-05T12:10:57Z
bQCD,,CE-Net,256,0.0177169152877428,0.0033333333333333,2025-12-05T12:10:57Z
bQCD,,CE-Net,257,0.0002266705298802,0.0033333333333333,2025-12-05T12:10:58Z
bQCD,,CE-Net,258,0.0501698024676056,0.0033333333333333,2025-12-05T12:10:58Z
bQCD,,CE-Net,259,0.001260397869807,0.0033333333333333,2025-12-05T12:10:59Z
bQCD,,CE-Net,260,-1.2439583307655155e-05,0.0033333333333333,2025-12-05T12:10:59Z
bQCD,,CE-Net,261,0.031964549909482,0.0033333333333333,2025-12-05T12:11:00Z
bQCD,,CE-Net,262,-0.0001819311356462,0.0033333333333333,2025-12-05T12:11:01Z
bQCD,,CE-Net,263,0.0120247259569207,0.0033333333333333,2025-12-05T12:11:01Z
bQCD,,CE-Net,264,0.0034886348180154,0.0033333333333333,2025-12-05T12:11:02Z
bQCD,,CE-Net,265,0.002138930456349,0.0033333333333333,2025-12-05T12:11:02Z
bQCD,,CE-Net,266,0.0037274163718452,0.0033333333333333,2025-12-05T12:11:03Z
bQCD,,CE-Net,267,0.000812855580958,0.0033333333333333,2025-12-05T12:11:03Z
bQCD,,CE-Net,268,0.0100080980046357,0.0033333333333333,2025-12-05T12:11:04Z
bQCD,,CE-Net,269,0.0026263274348744,0.0033333333333333,2025-12-05T12:11:04Z
bQCD,,CE-Net,270,0.1077715076066658,0.0033333333333333,2025-12-05T12:11:05Z
bQCD,,CE-Net,271,-1.7664819250917674e-05,0.0033333333333333,2025-12-05T12:11:06Z
bQCD,,CE-Net,272,3.778309252944201e-05,0.0033333333333333,2025-12-05T12:11:06Z
bQCD,,CE-Net,273,0.0004192252304996,0.0033333333333333,2025-12-05T12:11:07Z
bQCD,,CE-Net,274,0.0078132032026581,0.0033333333333333,2025-12-05T12:11:07Z
bQCD,,CE-Net,275,0.0001283913434307,0.0033333333333333,2025-12-05T12:11:08Z
bQCD,,CE-Net,276,0.0905558873482812,0.0033333333333333,2025-12-05T12:11:08Z
bQCD,,CE-Net,277,0.0060846405292294,0.0033333333333333,2025-12-05T12:11:09Z
bQCD,,CE-Net,278,0.0021230524326506,0.0033333333333333,2025-12-05T12:11:09Z
bQCD,,CE-Net,279,-0.0010384080174489,0.0033333333333333,2025-12-05T12:11:10Z
bQCD,,CE-Net,280,-0.0047626943490275,0.0033333333333333,2025-12-05T12:11:10Z
bQCD,,CE-Net,281,0.0055984867095856,0.0033333333333333,2025-12-05T12:11:11Z
bQCD,,CE-Net,282,-0.0022495778053841,0.0033333333333333,2025-12-05T12:11:11Z
bQCD,,CE-Net,283,-0.0003606107133354,0.0033333333333333,2025-12-05T12:11:12Z
bQCD,,CE-Net,284,-0.0002222158658887,0.0033333333333333,2025-12-05T12:11:12Z
bQCD,,CE-Net,285,-0.0001540435677563,0.0033333333333333,2025-12-05T12:11:13Z
bQCD,,CE-Net,286,0.0234480686473202,0.0033333333333333,2025-12-05T12:11:13Z
bQCD,,CE-Net,287,0.0030432862508917,0.0033333333333333,2025-12-05T12:11:14Z
bQCD,,CE-Net,288,0.0527144861877327,0.0033333333333333,2025-12-05T12:11:14Z
bQCD,,CE-Net,289,0.0555746332627001,0.0033333333333333,2025-12-05T12:11:15Z
bQCD,,CE-Net,290,0.0001123648979732,0.0033333333333333,2025-12-05T12:11:15Z
bQCD,,CE-Net,291,-0.0037548551663978,0.0033333333333333,2025-12-05T12:11:16Z
bQCD,,CE-Net,292,3.622405742531587e-05,0.0033333333333333,2025-12-05T12:11:17Z
bQCD,,CE-Net,293,0.0030843359075179,0.0033333333333333,2025-12-05T12:11:17Z
bQCD,,CE-Net,294,0.0064989178236838,0.0033333333333333,2025-12-05T12:11:18Z
bQCD,,CE-Net,295,-5.170663579234791e-05,0.0033333333333333,2025-12-05T12:11:18Z
bQCD,,CE-Net,296,0.000111591266578,0.0033333333333333,2025-12-05T12:11:19Z
bQCD,,CE-Net,297,0.0001774260001997,0.0033333333333333,2025-12-05T12:11:20Z
bQCD,,CE-Net,298,-0.0006725493226794,0.0033333333333333,2025-12-05T12:11:20Z
bQCD,,CE-Net,299,0.0577515635252104,0.0033333333333333,2025-12-05T12:11:21Z
bQCD,,CE-Net,300,0.0582322868080377,0.0033333333333333,2025-12-05T12:11:21Z
ANM,,CE-Cha,1,-3.552713678800501e-15,0.0033333333333333,2025-12-05 13:36:01
ANM,,CE-Cha,2,1.7763568394002505e-15,0.0033333333333333,2025-12-05 13:36:01
ANM,,CE-Cha,3,-1.4210854715202004e-14,0.0033333333333333,2025-12-05 13:36:02
ANM,,CE-Cha,4,-4.255638736516687e-05,0.0033333333333333,2025-12-05 13:36:02
ANM,,CE-Cha,5,NA,0.0033333333333333,2025-12-05 13:36:02
ANM,,CE-Cha,6,1.3322676295501878e-15,0.0033333333333333,2025-12-05 13:36:03
ANM,,CE-Cha,7,0.0001094481257499,0.0033333333333333,2025-12-05 13:36:03
ANM,,CE-Cha,8,-4.7098244934762334e-05,0.0033333333333333,2025-12-05 13:36:03
ANM,,CE-Cha,9,-8.881784197001252e-16,0.0033333333333333,2025-12-05 13:36:04
ANM,,CE-Cha,10,-0.971334620142958,0.0033333333333333,2025-12-05 13:36:04
ANM,,CE-Cha,11,NA,0.0033333333333333,2025-12-05 13:36:04
ANM,,CE-Cha,12,0.0001306784867765,0.0033333333333333,2025-12-05 13:36:05
ANM,,CE-Cha,13,NA,0.0033333333333333,2025-12-05 13:36:05
ANM,,CE-Cha,14,NA,0.0033333333333333,2025-12-05 13:36:05
ANM,,CE-Cha,15,8.881784197001252e-16,0.0033333333333333,2025-12-05 13:36:06
ANM,,CE-Cha,16,-3.552713678800501e-15,0.0033333333333333,2025-12-05 13:36:06
ANM,,CE-Cha,17,NA,0.0033333333333333,2025-12-05 13:36:07
ANM,,CE-Cha,18,NA,0.0033333333333333,2025-12-05 13:36:07
ANM,,CE-Cha,19,-8.881784197001252e-16,0.0033333333333333,2025-12-05 13:36:08
ANM,,CE-Cha,20,-5.510798997843125e-05,0.0033333333333333,2025-12-05 13:36:08
ANM,,CE-Cha,21,-5.3290705182007506e-15,0.0033333333333333,2025-12-05 13:36:09
ANM,,CE-Cha,22,NA,0.0033333333333333,2025-12-05 13:36:10
ANM,,CE-Cha,23,NA,0.0033333333333333,2025-12-05 13:36:10
ANM,,CE-Cha,24,-0.0002489231703135,0.0033333333333333,2025-12-05 13:36:11
ANM,,CE-Cha,25,NA,0.0033333333333333,2025-12-05 13:36:11
ANM,,CE-Cha,26,8.881784197001252e-16,0.0033333333333333,2025-12-05 13:36:12
ANM,,CE-Cha,27,-0.0006478116565551,0.0033333333333333,2025-12-05 13:36:12
ANM,,CE-Cha,28,-7.882354047250573e-05,0.0033333333333333,2025-12-05 13:36:13
ANM,,CE-Cha,29,-1.7763568394002505e-15,0.0033333333333333,2025-12-05 13:36:13
ANM,,CE-Cha,30,8.881784197001252e-16,0.0033333333333333,2025-12-05 13:36:14
ANM,,CE-Cha,31,0.0008982752824397,0.0033333333333333,2025-12-05 13:36:14
ANM,,CE-Cha,32,-0.0004733421211717,0.0033333333333333,2025-12-05 13:36:15
ANM,,CE-Cha,33,NA,0.0033333333333333,2025-12-05 13:36:15
ANM,,CE-Cha,34,-0.0174849864240034,0.0033333333333333,2025-12-05 13:36:16
ANM,,CE-Cha,35,-5.3290705182007506e-15,0.0033333333333333,2025-12-05 13:36:16
ANM,,CE-Cha,36,NA,0.0033333333333333,2025-12-05 13:36:16
ANM,,CE-Cha,37,-0.033266185959055,0.0033333333333333,2025-12-05 13:36:17
ANM,,CE-Cha,38,-8.177651555030252e-05,0.0033333333333333,2025-12-05 13:36:17
ANM,,CE-Cha,39,-3.1338063164021435e-05,0.0033333333333333,2025-12-05 13:36:18
ANM,,CE-Cha,40,NA,0.0033333333333333,2025-12-05 13:36:18
ANM,,CE-Cha,41,NA,0.0033333333333333,2025-12-05 13:36:19
ANM,,CE-Cha,42,NA,0.0033333333333333,2025-12-05 13:36:19
ANM,,CE-Cha,43,NA,0.0033333333333333,2025-12-05 13:36:20
ANM,,CE-Cha,44,NA,0.0033333333333333,2025-12-05 13:36:20
ANM,,CE-Cha,45,NA,0.0033333333333333,2025-12-05 13:36:21
ANM,,CE-Cha,46,-5.861977570020829e-14,0.0033333333333333,2025-12-05 13:36:21
ANM,,CE-Cha,47,-1.7763568394002505e-15,0.0033333333333333,2025-12-05 13:36:22
ANM,,CE-Cha,48,0.0003117313846061,0.0033333333333333,2025-12-05 13:36:22
ANM,,CE-Cha,49,NA,0.0033333333333333,2025-12-05 13:36:22
ANM,,CE-Cha,50,6.575623629245797e-05,0.0033333333333333,2025-12-05 13:36:23
ANM,,CE-Cha,51,0.0001087882060335,0.0033333333333333,2025-12-05 13:36:23
ANM,,CE-Cha,52,-1.7763568394002505e-15,0.0033333333333333,2025-12-05 13:36:24
ANM,,CE-Cha,53,-0.0015209313437773,0.0033333333333333,2025-12-05 13:36:24
ANM,,CE-Cha,54,-2.777530790609717e-05,0.0033333333333333,2025-12-05 13:36:25
ANM,,CE-Cha,55,-1.7763568394002505e-15,0.0033333333333333,2025-12-05 13:36:25
ANM,,CE-Cha,56,NA,0.0033333333333333,2025-12-05 13:36:26
ANM,,CE-Cha,57,NA,0.0033333333333333,2025-12-05 13:36:26
ANM,,CE-Cha,58,NA,0.0033333333333333,2025-12-05 13:36:27
ANM,,CE-Cha,59,NA,0.0033333333333333,2025-12-05 13:36:27
ANM,,CE-Cha,60,-1.7763568394002505e-15,0.0033333333333333,2025-12-05 13:36:28
ANM,,CE-Cha,61,NA,0.0033333333333333,2025-12-05 13:36:28
ANM,,CE-Cha,62,-4.440892098500626e-15,0.0033333333333333,2025-12-05 13:36:29
ANM,,CE-Cha,63,NA,0.0033333333333333,2025-12-05 13:36:29
ANM,,CE-Cha,64,-0.0010860492810937,0.0033333333333333,2025-12-05 13:36:29
ANM,,CE-Cha,65,NA,0.0033333333333333,2025-12-05 13:36:30
ANM,,CE-Cha,66,0.001628089773515,0.0033333333333333,2025-12-05 13:36:30
ANM,,CE-Cha,67,-0.0112598349933286,0.0033333333333333,2025-12-05 13:36:31
ANM,,CE-Cha,68,1.5581530214969774e-05,0.0033333333333333,2025-12-05 13:36:31
ANM,,CE-Cha,69,NA,0.0033333333333333,2025-12-05 13:36:32
ANM,,CE-Cha,70,-0.0006114034605797,0.0033333333333333,2025-12-05 13:36:32
ANM,,CE-Cha,71,7.65147627141971e-05,0.0033333333333333,2025-12-05 13:36:33
ANM,,CE-Cha,72,NA,0.0033333333333333,2025-12-05 13:36:33
ANM,,CE-Cha,73,NA,0.0033333333333333,2025-12-05 13:36:34
ANM,,CE-Cha,74,NA,0.0033333333333333,2025-12-05 13:36:34
ANM,,CE-Cha,75,-1.7763568394002505e-15,0.0033333333333333,2025-12-05 13:36:35
ANM,,CE-Cha,76,NA,0.0033333333333333,2025-12-05 13:36:35
ANM,,CE-Cha,77,-1.7763568394002505e-15,0.0033333333333333,2025-12-05 13:36:36
ANM,,CE-Cha,78,NA,0.0033333333333333,2025-12-05 13:36:36
ANM,,CE-Cha,79,8.881784197001252e-16,0.0033333333333333,2025-12-05 13:36:36
ANM,,CE-Cha,80,5.655315740682454e-05,0.0033333333333333,2025-12-05 13:36:37
ANM,,CE-Cha,81,-0.0001508950669721,0.0033333333333333,2025-12-05 13:36:37
ANM,,CE-Cha,82,NA,0.0033333333333333,2025-12-05 13:36:38
ANM,,CE-Cha,83,1.7763568394002505e-15,0.0033333333333333,2025-12-05 13:36:38
ANM,,CE-Cha,84,-0.000187977337311,0.0033333333333333,2025-12-05 13:36:39
ANM,,CE-Cha,85,NA,0.0033333333333333,2025-12-05 13:36:39
ANM,,CE-Cha,86,NA,0.0033333333333333,2025-12-05 13:36:40
ANM,,CE-Cha,87,-0.1783984819900412,0.0033333333333333,2025-12-05 13:36:40
ANM,,CE-Cha,88,0.0001297089560519,0.0033333333333333,2025-12-05 13:36:41
ANM,,CE-Cha,89,-0.1819627126839105,0.0033333333333333,2025-12-05 13:36:41
ANM,,CE-Cha,90,NA,0.0033333333333333,2025-12-05 13:36:42
ANM,,CE-Cha,91,-1.9974132193567584e-05,0.0033333333333333,2025-12-05 13:36:42
ANM,,CE-Cha,92,NA,0.0033333333333333,2025-12-05 13:36:43
ANM,,CE-Cha,93,-4.0552109314973e-06,0.0033333333333333,2025-12-05 13:36:43
ANM,,CE-Cha,94,1.7763568394002505e-15,0.0033333333333333,2025-12-05 13:36:43
ANM,,CE-Cha,95,-0.0003320341537742,0.0033333333333333,2025-12-05 13:36:44
ANM,,CE-Cha,96,0.008297864722093,0.0033333333333333,2025-12-05 13:36:44
ANM,,CE-Cha,97,-0.0007578260328715,0.0033333333333333,2025-12-05 13:36:45
ANM,,CE-Cha,98,2.220446049250313e-16,0.0033333333333333,2025-12-05 13:36:45
ANM,,CE-Cha,99,-8.881784197001252e-16,0.0033333333333333,2025-12-05 13:36:46
ANM,,CE-Cha,100,NA,0.0033333333333333,2025-12-05 13:36:46
ANM,,CE-Cha,101,8.881784197001252e-16,0.0033333333333333,2025-12-05 13:36:47
ANM,,CE-Cha,102,2.3879918905400643e-05,0.0033333333333333,2025-12-05 13:36:47
ANM,,CE-Cha,103,NA,0.0033333333333333,2025-12-05 13:36:48
ANM,,CE-Cha,104,-4.440892098500626e-16,0.0033333333333333,2025-12-05 13:36:48
ANM,,CE-Cha,105,-4.440892098500626e-16,0.0033333333333333,2025-12-05 13:36:49
ANM,,CE-Cha,106,-0.0010213394884619,0.0033333333333333,2025-12-05 13:36:49
ANM,,CE-Cha,107,4.440892098500626e-16,0.0033333333333333,2025-12-05 13:36:50
ANM,,CE-Cha,108,-0.006051723577606,0.0033333333333333,2025-12-05 13:36:50
ANM,,CE-Cha,109,8.881784197001252e-16,0.0033333333333333,2025-12-05 13:36:50
ANM,,CE-Cha,110,-3.552713678800501e-15,0.0033333333333333,2025-12-05 13:36:51
ANM,,CE-Cha,111,8.087519122845777e-05,0.0033333333333333,2025-12-05 13:36:51
ANM,,CE-Cha,112,1.7763568394002505e-15,0.0033333333333333,2025-12-05 13:36:52
ANM,,CE-Cha,113,-3.552713678800501e-15,0.0033333333333333,2025-12-05 13:36:52
ANM,,CE-Cha,114,2.3486697347863128e-05,0.0033333333333333,2025-12-05 13:36:53
ANM,,CE-Cha,115,5.54458780450684e-05,0.0033333333333333,2025-12-05 13:36:53
ANM,,CE-Cha,116,NA,0.0033333333333333,2025-12-05 13:36:54
ANM,,CE-Cha,117,NA,0.0033333333333333,2025-12-05 13:36:54
ANM,,CE-Cha,118,0.000398523531464,0.0033333333333333,2025-12-05 13:36:55
ANM,,CE-Cha,119,-0.0005055812149201,0.0033333333333333,2025-12-05 13:36:55
ANM,,CE-Cha,120,NA,0.0033333333333333,2025-12-05 13:36:56
ANM,,CE-Cha,121,-0.0001095903177201,0.0033333333333333,2025-12-05 13:36:56
ANM,,CE-Cha,122,-0.0002085897548842,0.0033333333333333,2025-12-05 13:36:56
ANM,,CE-Cha,123,NA,0.0033333333333333,2025-12-05 13:36:57
ANM,,CE-Cha,124,-3.395435710595862e-05,0.0033333333333333,2025-12-05 13:36:57
ANM,,CE-Cha,125,-0.0009602904063932,0.0033333333333333,2025-12-05 13:36:58
ANM,,CE-Cha,126,1.3322676295501878e-15,0.0033333333333333,2025-12-05 13:36:58
ANM,,CE-Cha,127,-8.881784197001252e-16,0.0033333333333333,2025-12-05 13:36:59
ANM,,CE-Cha,128,-3.911729837113853e-05,0.0033333333333333,2025-12-05 13:36:59
ANM,,CE-Cha,129,NA,0.0033333333333333,2025-12-05 13:37:00
ANM,,CE-Cha,130,NA,0.0033333333333333,2025-12-05 13:37:00
ANM,,CE-Cha,131,6.661338147750939e-16,0.0033333333333333,2025-12-05 13:37:01
ANM,,CE-Cha,132,1.7763568394002505e-15,0.0033333333333333,2025-12-05 13:37:01
ANM,,CE-Cha,133,0.0003463808720489,0.0033333333333333,2025-12-05 13:37:02
ANM,,CE-Cha,134,NA,0.0033333333333333,2025-12-05 13:37:02
ANM,,CE-Cha,135,-2.220446049250313e-16,0.0033333333333333,2025-12-05 13:37:03
ANM,,CE-Cha,136,-0.0001469913713538,0.0033333333333333,2025-12-05 13:37:03
ANM,,CE-Cha,137,4.440892098500626e-16,0.0033333333333333,2025-12-05 13:37:04
ANM,,CE-Cha,138,NA,0.0033333333333333,2025-12-05 13:37:04
ANM,,CE-Cha,139,-0.0001164729210216,0.0033333333333333,2025-12-05 13:37:04
ANM,,CE-Cha,140,NA,0.0033333333333333,2025-12-05 13:37:05
ANM,,CE-Cha,141,NA,0.0033333333333333,2025-12-05 13:37:05
ANM,,CE-Cha,142,NA,0.0033333333333333,2025-12-05 13:37:06
ANM,,CE-Cha,143,NA,0.0033333333333333,2025-12-05 13:37:06
ANM,,CE-Cha,144,-4.4815453401625405e-05,0.0033333333333333,2025-12-05 13:37:07
ANM,,CE-Cha,145,-3.108624468950439e-15,0.0033333333333333,2025-12-05 13:37:07
ANM,,CE-Cha,146,1.9113354259303605e-05,0.0033333333333333,2025-12-05 13:37:08
ANM,,CE-Cha,147,2.2647214056537024e-05,0.0033333333333333,2025-12-05 13:37:08
ANM,,CE-Cha,148,-1.7763568394002505e-15,0.0033333333333333,2025-12-05 13:37:09
ANM,,CE-Cha,149,1.7763568394002505e-15,0.0033333333333333,2025-12-05 13:37:09
ANM,,CE-Cha,150,NA,0.0033333333333333,2025-12-05 13:37:10
ANM,,CE-Cha,151,-6.661338147750939e-16,0.0033333333333333,2025-12-05 13:37:10
ANM,,CE-Cha,152,NA,0.0033333333333333,2025-12-05 13:37:10
ANM,,CE-Cha,153,-1.5454304502782184e-13,0.0033333333333333,2025-12-05 13:37:11
ANM,,CE-Cha,154,-0.0004489340369797,0.0033333333333333,2025-12-05 13:37:11
ANM,,CE-Cha,155,-0.0001851325161679,0.0033333333333333,2025-12-05 13:37:12
ANM,,CE-Cha,156,-2.220446049250313e-15,0.0033333333333333,2025-12-05 13:37:12
ANM,,CE-Cha,157,8.881784197001252e-16,0.0033333333333333,2025-12-05 13:37:13
ANM,,CE-Cha,158,8.881784197001252e-16,0.0033333333333333,2025-12-05 13:37:13
ANM,,CE-Cha,159,-1.3322676295501878e-15,0.0033333333333333,2025-12-05 13:37:14
ANM,,CE-Cha,160,-0.0004353768587477,0.0033333333333333,2025-12-05 13:37:14
ANM,,CE-Cha,161,-8.521308103581761e-09,0.0033333333333333,2025-12-05 13:37:15
ANM,,CE-Cha,162,NA,0.0033333333333333,2025-12-05 13:37:15
ANM,,CE-Cha,163,-4.8849813083506894e-14,0.0033333333333333,2025-12-05 13:37:16
ANM,,CE-Cha,164,-0.0001700827965382,0.0033333333333333,2025-12-05 13:37:16
ANM,,CE-Cha,165,-0.0001275794696731,0.0033333333333333,2025-12-05 13:37:17
ANM,,CE-Cha,166,-1.9984014443252818e-15,0.0033333333333333,2025-12-05 13:37:17
ANM,,CE-Cha,167,-1.7763568394002505e-15,0.0033333333333333,2025-12-05 13:37:17
ANM,,CE-Cha,168,-3.552713678800501e-15,0.0033333333333333,2025-12-05 13:37:18
ANM,,CE-Cha,169,-1.3813221717562383e-05,0.0033333333333333,2025-12-05 13:37:18
ANM,,CE-Cha,170,NA,0.0033333333333333,2025-12-05 13:37:19
ANM,,CE-Cha,171,5.202753818878136e-05,0.0033333333333333,2025-12-05 13:37:19
ANM,,CE-Cha,172,-1.851993813239972e-05,0.0033333333333333,2025-12-05 13:37:20
ANM,,CE-Cha,173,3.552713678800501e-15,0.0033333333333333,2025-12-05 13:37:20
ANM,,CE-Cha,174,NA,0.0033333333333333,2025-12-05 13:37:21
ANM,,CE-Cha,175,8.881784197001252e-16,0.0033333333333333,2025-12-05 13:37:21
ANM,,CE-Cha,176,1.7763568394002505e-15,0.0033333333333333,2025-12-05 13:37:22
ANM,,CE-Cha,177,NA,0.0033333333333333,2025-12-05 13:37:22
ANM,,CE-Cha,178,NA,0.0033333333333333,2025-12-05 13:37:23
ANM,,CE-Cha,179,NA,0.0033333333333333,2025-12-05 13:37:23
ANM,,CE-Cha,180,-0.000494139768449,0.0033333333333333,2025-12-05 13:37:24
ANM,,CE-Cha,181,-1.937861253775708e-05,0.0033333333333333,2025-12-05 13:37:24
ANM,,CE-Cha,182,NA,0.0033333333333333,2025-12-05 13:37:25
ANM,,CE-Cha,183,1.4536476706794588e-06,0.0033333333333333,2025-12-05 13:37:25
ANM,,CE-Cha,184,-0.0005155008872326,0.0033333333333333,2025-12-05 13:37:26
ANM,,CE-Cha,185,-3.552713678800501e-15,0.0033333333333333,2025-12-05 13:37:26
ANM,,CE-Cha,186,-0.0006250822894369,0.0033333333333333,2025-12-05 13:37:26
ANM,,CE-Cha,187,2.97601575720563e-05,0.0033333333333333,2025-12-05 13:37:27
ANM,,CE-Cha,188,NA,0.0033333333333333,2025-12-05 13:37:27
ANM,,CE-Cha,189,NA,0.0033333333333333,2025-12-05 13:37:28
ANM,,CE-Cha,190,NA,0.0033333333333333,2025-12-05 13:37:28
ANM,,CE-Cha,191,5.3290705182007506e-15,0.0033333333333333,2025-12-05 13:37:29
ANM,,CE-Cha,192,9.758523743919056e-05,0.0033333333333333,2025-12-05 13:37:29
ANM,,CE-Cha,193,NA,0.0033333333333333,2025-12-05 13:37:30
ANM,,CE-Cha,194,NA,0.0033333333333333,2025-12-05 13:37:30
ANM,,CE-Cha,195,NA,0.0033333333333333,2025-12-05 13:37:31
ANM,,CE-Cha,196,1.7763568394002505e-15,0.0033333333333333,2025-12-05 13:37:31
ANM,,CE-Cha,197,NA,0.0033333333333333,2025-12-05 13:37:32
ANM,,CE-Cha,198,-4.7422027488863705e-05,0.0033333333333333,2025-12-05 13:37:32
ANM,,CE-Cha,199,2.0872192862952943e-14,0.0033333333333333,2025-12-05 13:37:32
ANM,,CE-Cha,200,NA,0.0033333333333333,2025-12-05 13:37:33
ANM,,CE-Cha,201,-7.1808761781255726e-06,0.0033333333333333,2025-12-05 13:37:33
ANM,,CE-Cha,202,-6.921222791778092e-05,0.0033333333333333,2025-12-05 13:37:34
ANM,,CE-Cha,203,NA,0.0033333333333333,2025-12-05 13:37:34
ANM,,CE-Cha,204,0.000141362736274,0.0033333333333333,2025-12-05 13:37:35
ANM,,CE-Cha,205,-2.799594366020841e-05,0.0033333333333333,2025-12-05 13:37:35
ANM,,CE-Cha,206,NA,0.0033333333333333,2025-12-05 13:37:36
ANM,,CE-Cha,207,8.881784197001252e-16,0.0033333333333333,2025-12-05 13:37:36
ANM,,CE-Cha,208,3.552713678800501e-15,0.0033333333333333,2025-12-05 13:37:37
ANM,,CE-Cha,209,5.44791804522049e-05,0.0033333333333333,2025-12-05 13:37:37
ANM,,CE-Cha,210,NA,0.0033333333333333,2025-12-05 13:37:38
ANM,,CE-Cha,211,NA,0.0033333333333333,2025-12-05 13:37:38
ANM,,CE-Cha,212,-4.996592503303532e-06,0.0033333333333333,2025-12-05 13:37:39
ANM,,CE-Cha,213,6.023972407653844e-05,0.0033333333333333,2025-12-05 13:37:39
ANM,,CE-Cha,214,4.440892098500626e-15,0.0033333333333333,2025-12-05 13:37:39
ANM,,CE-Cha,215,NA,0.0033333333333333,2025-12-05 13:37:40
ANM,,CE-Cha,216,8.881784197001252e-16,0.0033333333333333,2025-12-05 13:37:40
ANM,,CE-Cha,217,-4.440892098500626e-16,0.0033333333333333,2025-12-05 13:37:41
ANM,,CE-Cha,218,8.881784197001252e-16,0.0033333333333333,2025-12-05 13:37:41
ANM,,CE-Cha,219,-1.1546319456101628e-14,0.0033333333333333,2025-12-05 13:37:42
ANM,,CE-Cha,220,-7.271094673555467e-05,0.0033333333333333,2025-12-05 13:37:42
ANM,,CE-Cha,221,-0.0006249102298703,0.0033333333333333,2025-12-05 13:37:43
ANM,,CE-Cha,222,-0.0001058167808425,0.0033333333333333,2025-12-05 13:37:43
ANM,,CE-Cha,223,2.622642090610583e-05,0.0033333333333333,2025-12-05 13:37:44
ANM,,CE-Cha,224,-8.881784197001252e-16,0.0033333333333333,2025-12-05 13:37:44
ANM,,CE-Cha,225,8.881784197001252e-16,0.0033333333333333,2025-12-05 13:37:45
ANM,,CE-Cha,226,4.1977901300782605e-05,0.0033333333333333,2025-12-05 13:37:45
ANM,,CE-Cha,227,-2.664535259100376e-15,0.0033333333333333,2025-12-05 13:37:46
ANM,,CE-Cha,228,0.0007359988105815,0.0033333333333333,2025-12-05 13:37:46
ANM,,CE-Cha,229,NA,0.0033333333333333,2025-12-05 13:37:47
ANM,,CE-Cha,230,-6.552436908391357e-05,0.0033333333333333,2025-12-05 13:37:47
ANM,,CE-Cha,231,-1.0658141036401504e-14,0.0033333333333333,2025-12-05 13:37:48
ANM,,CE-Cha,232,8.881784197001252e-16,0.0033333333333333,2025-12-05 13:37:48
ANM,,CE-Cha,233,9.053620984755816e-05,0.0033333333333333,2025-12-05 13:37:48
ANM,,CE-Cha,234,8.881784197001252e-16,0.0033333333333333,2025-12-05 13:37:49
ANM,,CE-Cha,235,0.0005160466669593,0.0033333333333333,2025-12-05 13:37:49
ANM,,CE-Cha,236,8.881784197001252e-16,0.0033333333333333,2025-12-05 13:37:50
ANM,,CE-Cha,237,NA,0.0033333333333333,2025-12-05 13:37:50
ANM,,CE-Cha,238,-0.0009904599663965,0.0033333333333333,2025-12-05 13:37:51
ANM,,CE-Cha,239,-0.0001956050550369,0.0033333333333333,2025-12-05 13:37:51
ANM,,CE-Cha,240,-8.881784197001252e-16,0.0033333333333333,2025-12-05 13:37:52
ANM,,CE-Cha,241,-0.0070786445911357,0.0033333333333333,2025-12-05 13:37:52
ANM,,CE-Cha,242,-8.881784197001252e-16,0.0033333333333333,2025-12-05 13:37:53
ANM,,CE-Cha,243,-5.826068464642731e-05,0.0033333333333333,2025-12-05 13:37:53
ANM,,CE-Cha,244,NA,0.0033333333333333,2025-12-05 13:37:54
ANM,,CE-Cha,245,-2.261990092833344e-05,0.0033333333333333,2025-12-05 13:37:54
ANM,,CE-Cha,246,8.775023809803884e-06,0.0033333333333333,2025-12-05 13:37:54
ANM,,CE-Cha,247,-8.367576671997057e-05,0.0033333333333333,2025-12-05 13:37:55
ANM,,CE-Cha,248,NA,0.0033333333333333,2025-12-05 13:37:55
ANM,,CE-Cha,249,NA,0.0033333333333333,2025-12-05 13:37:56
ANM,,CE-Cha,250,-0.0001921496393839,0.0033333333333333,2025-12-05 13:37:56
ANM,,CE-Cha,251,NA,0.0033333333333333,2025-12-05 13:37:57
ANM,,CE-Cha,252,NA,0.0033333333333333,2025-12-05 13:37:57
ANM,,CE-Cha,253,NA,0.0033333333333333,2025-12-05 13:37:58
ANM,,CE-Cha,254,-3.0894869054165497e-06,0.0033333333333333,2025-12-05 13:37:58
ANM,,CE-Cha,255,-8.881784197001252e-16,0.0033333333333333,2025-12-05 13:37:59
ANM,,CE-Cha,256,-4.480820208740965e-05,0.0033333333333333,2025-12-05 13:37:59
ANM,,CE-Cha,257,0.0004104362788677,0.0033333333333333,2025-12-05 13:38:00
ANM,,CE-Cha,258,8.881784197001252e-16,0.0033333333333333,2025-12-05 13:38:00
ANM,,CE-Cha,259,-8.979122450014643e-06,0.0033333333333333,2025-12-05 13:38:00
ANM,,CE-Cha,260,-3.47359285006732e-05,0.0033333333333333,2025-12-05 13:38:01
ANM,,CE-Cha,261,NA,0.0033333333333333,2025-12-05 13:38:01
ANM,,CE-Cha,262,0.0001479639104697,0.0033333333333333,2025-12-05 13:38:02
ANM,,CE-Cha,263,NA,0.0033333333333333,2025-12-05 13:38:02
ANM,,CE-Cha,264,4.440892098500626e-16,0.0033333333333333,2025-12-05 13:38:03
ANM,,CE-Cha,265,3.016472837735762e-05,0.0033333333333333,2025-12-05 13:38:03
ANM,,CE-Cha,266,NA,0.0033333333333333,2025-12-05 13:38:04
ANM,,CE-Cha,267,8.981857337975185e-05,0.0033333333333333,2025-12-05 13:38:04
ANM,,CE-Cha,268,3.552713678800501e-15,0.0033333333333333,2025-12-05 13:38:05
ANM,,CE-Cha,269,-4.440892098500626e-16,0.0033333333333333,2025-12-05 13:38:05
ANM,,CE-Cha,270,1.5543122344752197e-15,0.0033333333333333,2025-12-05 13:38:06
ANM,,CE-Cha,271,NA,0.0033333333333333,2025-12-05 13:38:06
ANM,,CE-Cha,272,NA,0.0033333333333333,2025-12-05 13:38:06
ANM,,CE-Cha,273,NA,0.0033333333333333,2025-12-05 13:38:07
ANM,,CE-Cha,274,-0.0001572280738461,0.0033333333333333,2025-12-05 13:38:07
ANM,,CE-Cha,275,-4.440892098500626e-16,0.0033333333333333,2025-12-05 13:38:08
ANM,,CE-Cha,276,-1.9360452936156847e-05,0.0033333333333333,2025-12-05 13:38:08
ANM,,CE-Cha,277,1.7763568394002505e-15,0.0033333333333333,2025-12-05 13:38:09
ANM,,CE-Cha,278,2.3976404184722355e-05,0.0033333333333333,2025-12-05 13:38:09
ANM,,CE-Cha,279,NA,0.0033333333333333,2025-12-05 13:38:10
ANM,,CE-Cha,280,-4.440892098500626e-16,0.0033333333333333,2025-12-05 13:38:10
ANM,,CE-Cha,281,-2.1424789691248947e-05,0.0033333333333333,2025-12-05 13:38:11
ANM,,CE-Cha,282,3.552713678800501e-15,0.0033333333333333,2025-12-05 13:38:11
ANM,,CE-Cha,283,-0.0019055716892983,0.0033333333333333,2025-12-05 13:38:12
ANM,,CE-Cha,284,-0.0664626943982279,0.0033333333333333,2025-12-05 13:38:12
ANM,,CE-Cha,285,-6.998946896596969e-05,0.0033333333333333,2025-12-05 13:38:13
ANM,,CE-Cha,286,-3.552713678800501e-15,0.0033333333333333,2025-12-05 13:38:13
ANM,,CE-Cha,287,NA,0.0033333333333333,2025-12-05 13:38:13
ANM,,CE-Cha,288,NA,0.0033333333333333,2025-12-05 13:38:14
ANM,,CE-Cha,289,1.5951432197347515e-05,0.0033333333333333,2025-12-05 13:38:14
ANM,,CE-Cha,290,-0.0030290442802711,0.0033333333333333,2025-12-05 13:38:15
ANM,,CE-Cha,291,8.685559639953766e-05,0.0033333333333333,2025-12-05 13:38:15
ANM,,CE-Cha,292,NA,0.0033333333333333,2025-12-05 13:38:16
ANM,,CE-Cha,293,0.000376408396109,0.0033333333333333,2025-12-05 13:38:16
ANM,,CE-Cha,294,-0.0057427973212118,0.0033333333333333,2025-12-05 13:38:17
ANM,,CE-Cha,295,NA,0.0033333333333333,2025-12-05 13:38:17
ANM,,CE-Cha,296,NA,0.0033333333333333,2025-12-05 13:38:18
ANM,,CE-Cha,297,-0.0002041502489529,0.0033333333333333,2025-12-05 13:38:18
ANM,,CE-Cha,298,NA,0.0033333333333333,2025-12-05 13:38:19
ANM,,CE-Cha,299,NA,0.0033333333333333,2025-12-05 13:38:19
ANM,,CE-Cha,300,NA,0.0033333333333333,2025-12-05 13:38:20
ANM,,CE-Gauss,1,3.552713678800501e-15,0.0033333333333333,2025-12-05 13:38:20
ANM,,CE-Gauss,2,8.881784197001252e-16,0.0033333333333333,2025-12-05 13:38:21
ANM,,CE-Gauss,3,-3.552713678800501e-15,0.0033333333333333,2025-12-05 13:38:21
ANM,,CE-Gauss,4,1.7763568394002505e-15,0.0033333333333333,2025-12-05 13:38:22
ANM,,CE-Gauss,5,NA,0.0033333333333333,2025-12-05 13:38:22
ANM,,CE-Gauss,6,-7.105427357601002e-15,0.0033333333333333,2025-12-05 13:38:22
ANM,,CE-Gauss,7,5.3290705182007506e-15,0.0033333333333333,2025-12-05 13:38:23
ANM,,CE-Gauss,8,8.881784197001252e-16,0.0033333333333333,2025-12-05 13:38:23
ANM,,CE-Gauss,9,-1.7763568394002505e-15,0.0033333333333333,2025-12-05 13:38:24
ANM,,CE-Gauss,10,NA,0.0033333333333333,2025-12-05 13:38:24
ANM,,CE-Gauss,11,NA,0.0033333333333333,2025-12-05 13:38:25
ANM,,CE-Gauss,12,1.7763568394002505e-15,0.0033333333333333,2025-12-05 13:38:25
ANM,,CE-Gauss,13,1.7763568394002505e-15,0.0033333333333333,2025-12-05 13:38:26
ANM,,CE-Gauss,14,NA,0.0033333333333333,2025-12-05 13:38:26
ANM,,CE-Gauss,15,-8.881784197001252e-16,0.0033333333333333,2025-12-05 13:38:27
ANM,,CE-Gauss,16,NA,0.0033333333333333,2025-12-05 13:38:27
ANM,,CE-Gauss,17,NA,0.0033333333333333,2025-12-05 13:38:28
ANM,,CE-Gauss,18,-1.7763568394002505e-15,0.0033333333333333,2025-12-05 13:38:28
ANM,,CE-Gauss,19,-1.7763568394002505e-15,0.0033333333333333,2025-12-05 13:38:28
ANM,,CE-Gauss,20,3.552713678800501e-15,0.0033333333333333,2025-12-05 13:38:29
ANM,,CE-Gauss,21,NA,0.0033333333333333,2025-12-05 13:38:29
ANM,,CE-Gauss,22,4.440892098500626e-16,0.0033333333333333,2025-12-05 13:38:30
ANM,,CE-Gauss,23,-8.881784197001252e-16,0.0033333333333333,2025-12-05 13:38:30
ANM,,CE-Gauss,24,-1.7763568394002505e-15,0.0033333333333333,2025-12-05 13:38:31
ANM,,CE-Gauss,25,NA,0.0033333333333333,2025-12-05 13:38:31
ANM,,CE-Gauss,26,NA,0.0033333333333333,2025-12-05 13:38:32
ANM,,CE-Gauss,27,NA,0.0033333333333333,2025-12-05 13:38:32
ANM,,CE-Gauss,28,8.881784197001252e-16,0.0033333333333333,2025-12-05 13:38:33
ANM,,CE-Gauss,29,4.440892098500626e-16,0.0033333333333333,2025-12-05 13:38:33
ANM,,CE-Gauss,30,-3.552713678800501e-15,0.0033333333333333,2025-12-05 13:38:34
ANM,,CE-Gauss,31,NA,0.0033333333333333,2025-12-05 13:38:34
ANM,,CE-Gauss,32,NA,0.0033333333333333,2025-12-05 13:38:35
ANM,,CE-Gauss,33,NA,0.0033333333333333,2025-12-05 13:38:35
ANM,,CE-Gauss,34,7.105427357601002e-15,0.0033333333333333,2025-12-05 13:38:35
ANM,,CE-Gauss,35,NA,0.0033333333333333,2025-12-05 13:38:36
ANM,,CE-Gauss,36,NA,0.0033333333333333,2025-12-05 13:38:36
ANM,,CE-Gauss,37,NA,0.0033333333333333,2025-12-05 13:38:37
ANM,,CE-Gauss,38,-8.881784197001252e-16,0.0033333333333333,2025-12-05 13:38:37
ANM,,CE-Gauss,39,3.552713678800501e-15,0.0033333333333333,2025-12-05 13:38:38
ANM,,CE-Gauss,40,-3.552713678800501e-15,0.0033333333333333,2025-12-05 13:38:38
ANM,,CE-Gauss,41,NA,0.0033333333333333,2025-12-05 13:38:39
ANM,,CE-Gauss,42,-8.881784197001252e-16,0.0033333333333333,2025-12-05 13:38:39
ANM,,CE-Gauss,43,8.881784197001252e-16,0.0033333333333333,2025-12-05 13:38:40
ANM,,CE-Gauss,44,NA,0.0033333333333333,2025-12-05 13:38:40
ANM,,CE-Gauss,45,NA,0.0033333333333333,2025-12-05 13:38:41
ANM,,CE-Gauss,46,NA,0.0033333333333333,2025-12-05 13:38:41
ANM,,CE-Gauss,47,NA,0.0033333333333333,2025-12-05 13:38:42
ANM,,CE-Gauss,48,-1.3322676295501878e-15,0.0033333333333333,2025-12-05 13:38:42
ANM,,CE-Gauss,49,-7.105427357601002e-15,0.0033333333333333,2025-12-05 13:38:43
ANM,,CE-Gauss,50,3.552713678800501e-15,0.0033333333333333,2025-12-05 13:38:43
ANM,,CE-Gauss,51,-8.881784197001252e-16,0.0033333333333333,2025-12-05 13:38:43
ANM,,CE-Gauss,52,-3.774758283725532e-15,0.0033333333333333,2025-12-05 13:38:44
ANM,,CE-Gauss,53,NA,0.0033333333333333,2025-12-05 13:38:44
ANM,,CE-Gauss,54,NA,0.0033333333333333,2025-12-05 13:38:45
ANM,,CE-Gauss,55,NA,0.0033333333333333,2025-12-05 13:38:45
ANM,,CE-Gauss,56,NA,0.0033333333333333,2025-12-05 13:38:46
ANM,,CE-Gauss,57,4.440892098500626e-16,0.0033333333333333,2025-12-05 13:38:46
ANM,,CE-Gauss,58,NA,0.0033333333333333,2025-12-05 13:38:47
ANM,,CE-Gauss,59,4.440892098500626e-16,0.0033333333333333,2025-12-05 13:38:47
ANM,,CE-Gauss,60,NA,0.0033333333333333,2025-12-05 13:38:48
ANM,,CE-Gauss,61,NA,0.0033333333333333,2025-12-05 13:38:48
ANM,,CE-Gauss,62,2.220446049250313e-15,0.0033333333333333,2025-12-05 13:38:49
ANM,,CE-Gauss,63,NA,0.0033333333333333,2025-12-05 13:38:49
ANM,,CE-Gauss,64,8.881784197001252e-16,0.0033333333333333,2025-12-05 13:38:49
ANM,,CE-Gauss,65,NA,0.0033333333333333,2025-12-05 13:38:50
ANM,,CE-Gauss,66,NA,0.0033333333333333,2025-12-05 13:38:50
ANM,,CE-Gauss,67,NA,0.0033333333333333,2025-12-05 13:38:51
ANM,,CE-Gauss,68,NA,0.0033333333333333,2025-12-05 13:38:51
ANM,,CE-Gauss,69,NA,0.0033333333333333,2025-12-05 13:38:52
ANM,,CE-Gauss,70,NA,0.0033333333333333,2025-12-05 13:38:52
ANM,,CE-Gauss,71,-1.7763568394002505e-15,0.0033333333333333,2025-12-05 13:38:53
ANM,,CE-Gauss,72,-3.552713678800501e-15,0.0033333333333333,2025-12-05 13:38:53
ANM,,CE-Gauss,73,4.6629367034256575e-15,0.0033333333333333,2025-12-05 13:38:54
ANM,,CE-Gauss,74,NA,0.0033333333333333,2025-12-05 13:38:54
ANM,,CE-Gauss,75,NA,0.0033333333333333,2025-12-05 13:38:54
ANM,,CE-Gauss,76,-2.664535259100376e-15,0.0033333333333333,2025-12-05 13:38:55
ANM,,CE-Gauss,77,NA,0.0033333333333333,2025-12-05 13:38:55
ANM,,CE-Gauss,78,NA,0.0033333333333333,2025-12-05 13:38:56
ANM,,CE-Gauss,79,3.552713678800501e-15,0.0033333333333333,2025-12-05 13:38:56
ANM,,CE-Gauss,80,3.552713678800501e-15,0.0033333333333333,2025-12-05 13:38:57
ANM,,CE-Gauss,81,NA,0.0033333333333333,2025-12-05 13:38:57
ANM,,CE-Gauss,82,1.3322676295501878e-15,0.0033333333333333,2025-12-05 13:38:58
ANM,,CE-Gauss,83,NA,0.0033333333333333,2025-12-05 13:38:58
ANM,,CE-Gauss,84,NA,0.0033333333333333,2025-12-05 13:38:59
ANM,,CE-Gauss,85,-3.552713678800501e-15,0.0033333333333333,2025-12-05 13:38:59
ANM,,CE-Gauss,86,NA,0.0033333333333333,2025-12-05 13:39:00
ANM,,CE-Gauss,87,-3.552713678800501e-15,0.0033333333333333,2025-12-05 13:39:00
ANM,,CE-Gauss,88,NA,0.0033333333333333,2025-12-05 13:39:01
ANM,,CE-Gauss,89,3.552713678800501e-15,0.0033333333333333,2025-12-05 13:39:01
ANM,,CE-Gauss,90,8.881784197001252e-16,0.0033333333333333,2025-12-05 13:39:01
ANM,,CE-Gauss,91,-1.7763568394002505e-15,0.0033333333333333,2025-12-05 13:39:02
ANM,,CE-Gauss,92,NA,0.0033333333333333,2025-12-05 13:39:02
ANM,,CE-Gauss,93,NA,0.0033333333333333,2025-12-05 13:39:03
ANM,,CE-Gauss,94,8.881784197001252e-16,0.0033333333333333,2025-12-05 13:39:03
ANM,,CE-Gauss,95,NA,0.0033333333333333,2025-12-05 13:39:04
ANM,,CE-Gauss,96,1.3322676295501878e-15,0.0033333333333333,2025-12-05 13:39:04
ANM,,CE-Gauss,97,NA,0.0033333333333333,2025-12-05 13:39:05
ANM,,CE-Gauss,98,NA,0.0033333333333333,2025-12-05 13:39:05
ANM,,CE-Gauss,99,3.552713678800501e-15,0.0033333333333333,2025-12-05 13:39:06
ANM,,CE-Gauss,100,1.7763568394002505e-15,0.0033333333333333,2025-12-05 13:39:06
ANM,,CE-Gauss,101,3.552713678800501e-15,0.0033333333333333,2025-12-05 13:39:07
ANM,,CE-Gauss,102,-1.7763568394002505e-15,0.0033333333333333,2025-12-05 13:39:07
ANM,,CE-Gauss,103,-3.552713678800501e-15,0.0033333333333333,2025-12-05 13:39:08
ANM,,CE-Gauss,104,NA,0.0033333333333333,2025-12-05 13:39:08
ANM,,CE-Gauss,105,NA,0.0033333333333333,2025-12-05 13:39:09
ANM,,CE-Gauss,106,1.3322676295501878e-15,0.0033333333333333,2025-12-05 13:39:09
ANM,,CE-Gauss,107,-8.881784197001252e-16,0.0033333333333333,2025-12-05 13:39:09
ANM,,CE-Gauss,108,4.440892098500626e-16,0.0033333333333333,2025-12-05 13:39:10
ANM,,CE-Gauss,109,NA,0.0033333333333333,2025-12-05 13:39:10
ANM,,CE-Gauss,110,2.664535259100376e-15,0.0033333333333333,2025-12-05 13:39:11
ANM,,CE-Gauss,111,-7.993605777301127e-15,0.0033333333333333,2025-12-05 13:39:11
ANM,,CE-Gauss,112,-8.881784197001252e-16,0.0033333333333333,2025-12-05 13:39:12
ANM,,CE-Gauss,113,NA,0.0033333333333333,2025-12-05 13:39:12
ANM,,CE-Gauss,114,-8.881784197001252e-16,0.0033333333333333,2025-12-05 13:39:13
ANM,,CE-Gauss,115,NA,0.0033333333333333,2025-12-05 13:39:13
ANM,,CE-Gauss,116,-4.440892098500626e-16,0.0033333333333333,2025-12-05 13:39:14
ANM,,CE-Gauss,117,NA,0.0033333333333333,2025-12-05 13:39:14
ANM,,CE-Gauss,118,-1.7763568394002505e-15,0.0033333333333333,2025-12-05 13:39:15
ANM,,CE-Gauss,119,NA,0.0033333333333333,2025-12-05 13:39:15
ANM,,CE-Gauss,120,-8.881784197001252e-16,0.0033333333333333,2025-12-05 13:39:16
ANM,,CE-Gauss,121,-8.881784197001252e-16,0.0033333333333333,2025-12-05 13:39:16
ANM,,CE-Gauss,122,NA,0.0033333333333333,2025-12-05 13:39:17
ANM,,CE-Gauss,123,NA,0.0033333333333333,2025-12-05 13:39:17
ANM,,CE-Gauss,124,NA,0.0033333333333333,2025-12-05 13:39:17
ANM,,CE-Gauss,125,NA,0.0033333333333333,2025-12-05 13:39:18
ANM,,CE-Gauss,126,4.440892098500626e-16,0.0033333333333333,2025-12-05 13:39:18
ANM,,CE-Gauss,127,-6.661338147750939e-16,0.0033333333333333,2025-12-05 13:39:19
ANM,,CE-Gauss,128,NA,0.0033333333333333,2025-12-05 13:39:19
ANM,,CE-Gauss,129,NA,0.0033333333333333,2025-12-05 13:39:20
ANM,,CE-Gauss,130,-1.7763568394002505e-15,0.0033333333333333,2025-12-05 13:39:20
ANM,,CE-Gauss,131,NA,0.0033333333333333,2025-12-05 13:39:21
ANM,,CE-Gauss,132,NA,0.0033333333333333,2025-12-05 13:39:21
ANM,,CE-Gauss,133,-5.3290705182007506e-15,0.0033333333333333,2025-12-05 13:39:22
ANM,,CE-Gauss,134,-1.7763568394002505e-15,0.0033333333333333,2025-12-05 13:39:22
ANM,,CE-Gauss,135,NA,0.0033333333333333,2025-12-05 13:39:23
ANM,,CE-Gauss,136,1.7763568394002505e-15,0.0033333333333333,2025-12-05 13:39:23
ANM,,CE-Gauss,137,NA,0.0033333333333333,2025-12-05 13:39:24
ANM,,CE-Gauss,138,NA,0.0033333333333333,2025-12-05 13:39:24
ANM,,CE-Gauss,139,NA,0.0033333333333333,2025-12-05 13:39:25
ANM,,CE-Gauss,140,NA,0.0033333333333333,2025-12-05 13:39:25
ANM,,CE-Gauss,141,-3.552713678800501e-15,0.0033333333333333,2025-12-05 13:39:25
ANM,,CE-Gauss,142,NA,0.0033333333333333,2025-12-05 13:39:26
ANM,,CE-Gauss,143,-1.1102230246251563e-16,0.0033333333333333,2025-12-05 13:39:26
ANM,,CE-Gauss,144,NA,0.0033333333333333,2025-12-05 13:39:27
ANM,,CE-Gauss,145,NA,0.0033333333333333,2025-12-05 13:39:27
ANM,,CE-Gauss,146,NA,0.0033333333333333,2025-12-05 13:39:28
ANM,,CE-Gauss,147,8.881784197001252e-16,0.0033333333333333,2025-12-05 13:39:28
ANM,,CE-Gauss,148,NA,0.0033333333333333,2025-12-05 13:39:29
ANM,,CE-Gauss,149,-8.881784197001252e-16,0.0033333333333333,2025-12-05 13:39:29
ANM,,CE-Gauss,150,-1.7763568394002505e-15,0.0033333333333333,2025-12-05 13:39:30
ANM,,CE-Gauss,151,NA,0.0033333333333333,2025-12-05 13:39:30
ANM,,CE-Gauss,152,NA,0.0033333333333333,2025-12-05 13:39:31
ANM,,CE-Gauss,153,NA,0.0033333333333333,2025-12-05 13:39:31
ANM,,CE-Gauss,154,-3.996802888650564e-15,0.0033333333333333,2025-12-05 13:39:32
ANM,,CE-Gauss,155,8.881784197001252e-16,0.0033333333333333,2025-12-05 13:39:32
ANM,,CE-Gauss,156,NA,0.0033333333333333,2025-12-05 13:39:33
ANM,,CE-Gauss,157,NA,0.0033333333333333,2025-12-05 13:39:33
ANM,,CE-Gauss,158,-8.881784197001252e-16,0.0033333333333333,2025-12-05 13:39:33
ANM,,CE-Gauss,159,NA,0.0033333333333333,2025-12-05 13:39:34
ANM,,CE-Gauss,160,8.881784197001252e-16,0.0033333333333333,2025-12-05 13:39:34
ANM,,CE-Gauss,161,8.881784197001252e-16,0.0033333333333333,2025-12-05 13:39:35
ANM,,CE-Gauss,162,NA,0.0033333333333333,2025-12-05 13:39:35
ANM,,CE-Gauss,163,NA,0.0033333333333333,2025-12-05 13:39:36
ANM,,CE-Gauss,164,NA,0.0033333333333333,2025-12-05 13:39:36
ANM,,CE-Gauss,165,NA,0.0033333333333333,2025-12-05 13:39:37
ANM,,CE-Gauss,166,-2.664535259100376e-15,0.0033333333333333,2025-12-05 13:39:37
ANM,,CE-Gauss,167,-7.105427357601002e-15,0.0033333333333333,2025-12-05 13:39:38
ANM,,CE-Gauss,168,NA,0.0033333333333333,2025-12-05 13:39:38
ANM,,CE-Gauss,169,NA,0.0033333333333333,2025-12-05 13:39:39
ANM,,CE-Gauss,170,-9.769962616701378e-15,0.0033333333333333,2025-12-05 13:39:39
ANM,,CE-Gauss,171,6.661338147750939e-16,0.0033333333333333,2025-12-05 13:39:39
ANM,,CE-Gauss,172,-7.105427357601002e-15,0.0033333333333333,2025-12-05 13:39:40
ANM,,CE-Gauss,173,NA,0.0033333333333333,2025-12-05 13:39:40
ANM,,CE-Gauss,174,-8.881784197001252e-16,0.0033333333333333,2025-12-05 13:39:41
ANM,,CE-Gauss,175,4.440892098500626e-15,0.0033333333333333,2025-12-05 13:39:41
ANM,,CE-Gauss,176,NA,0.0033333333333333,2025-12-05 13:39:42
ANM,,CE-Gauss,177,5.3290705182007506e-15,0.0033333333333333,2025-12-05 13:39:42
ANM,,CE-Gauss,178,NA,0.0033333333333333,2025-12-05 13:39:43
ANM,,CE-Gauss,179,NA,0.0033333333333333,2025-12-05 13:39:43
ANM,,CE-Gauss,180,1.7763568394002505e-15,0.0033333333333333,2025-12-05 13:39:44
ANM,,CE-Gauss,181,NA,0.0033333333333333,2025-12-05 13:39:44
ANM,,CE-Gauss,182,-8.881784197001252e-16,0.0033333333333333,2025-12-05 13:39:45
ANM,,CE-Gauss,183,3.552713678800501e-15,0.0033333333333333,2025-12-05 13:39:45
ANM,,CE-Gauss,184,NA,0.0033333333333333,2025-12-05 13:39:46
ANM,,CE-Gauss,185,NA,0.0033333333333333,2025-12-05 13:39:46
ANM,,CE-Gauss,186,8.881784197001252e-16,0.0033333333333333,2025-12-05 13:39:47
ANM,,CE-Gauss,187,4.440892098500626e-16,0.0033333333333333,2025-12-05 13:39:47
ANM,,CE-Gauss,188,NA,0.0033333333333333,2025-12-05 13:39:48
ANM,,CE-Gauss,189,8.881784197001252e-16,0.0033333333333333,2025-12-05 13:39:48
ANM,,CE-Gauss,190,1.3322676295501878e-15,0.0033333333333333,2025-12-05 13:39:48
ANM,,CE-Gauss,191,-3.552713678800501e-15,0.0033333333333333,2025-12-05 13:39:49
ANM,,CE-Gauss,192,NA,0.0033333333333333,2025-12-05 13:39:49
ANM,,CE-Gauss,193,-1.7763568394002505e-15,0.0033333333333333,2025-12-05 13:39:50
ANM,,CE-Gauss,194,1.7763568394002505e-15,0.0033333333333333,2025-12-05 13:39:50
ANM,,CE-Gauss,195,NA,0.0033333333333333,2025-12-05 13:39:51
ANM,,CE-Gauss,196,-4.440892098500626e-16,0.0033333333333333,2025-12-05 13:39:51
ANM,,CE-Gauss,197,NA,0.0033333333333333,2025-12-05 13:39:52
ANM,,CE-Gauss,198,1.7763568394002505e-15,0.0033333333333333,2025-12-05 13:39:52
ANM,,CE-Gauss,199,NA,0.0033333333333333,2025-12-05 13:39:53
ANM,,CE-Gauss,200,-3.552713678800501e-15,0.0033333333333333,2025-12-05 13:39:53
ANM,,CE-Gauss,201,NA,0.0033333333333333,2025-12-05 13:39:54
ANM,,CE-Gauss,202,5.3290705182007506e-15,0.0033333333333333,2025-12-05 13:39:54
ANM,,CE-Gauss,203,-8.881784197001252e-16,0.0033333333333333,2025-12-05 13:39:55
ANM,,CE-Gauss,204,NA,0.0033333333333333,2025-12-05 13:39:55
ANM,,CE-Gauss,205,NA,0.0033333333333333,2025-12-05 13:39:56
ANM,,CE-Gauss,206,-5.3290705182007506e-15,0.0033333333333333,2025-12-05 13:39:56
ANM,,CE-Gauss,207,-2.886579864025407e-15,0.0033333333333333,2025-12-05 13:39:56
ANM,,CE-Gauss,208,NA,0.0033333333333333,2025-12-05 13:39:57
ANM,,CE-Gauss,209,NA,0.0033333333333333,2025-12-05 13:39:57
ANM,,CE-Gauss,210,NA,0.0033333333333333,2025-12-05 13:39:58
ANM,,CE-Gauss,211,-1.1102230246251563e-15,0.0033333333333333,2025-12-05 13:39:58
ANM,,CE-Gauss,212,NA,0.0033333333333333,2025-12-05 13:39:59
ANM,,CE-Gauss,213,NA,0.0033333333333333,2025-12-05 13:39:59
ANM,,CE-Gauss,214,-1.7763568394002505e-15,0.0033333333333333,2025-12-05 13:40:00
ANM,,CE-Gauss,215,NA,0.0033333333333333,2025-12-05 13:40:00
ANM,,CE-Gauss,216,NA,0.0033333333333333,2025-12-05 13:40:01
ANM,,CE-Gauss,217,NA,0.0033333333333333,2025-12-05 13:40:01
ANM,,CE-Gauss,218,-3.552713678800501e-15,0.0033333333333333,2025-12-05 13:40:02
ANM,,CE-Gauss,219,-8.881784197001252e-16,0.0033333333333333,2025-12-05 13:40:02
ANM,,CE-Gauss,220,-8.881784197001252e-16,0.0033333333333333,2025-12-05 13:40:03
ANM,,CE-Gauss,221,NA,0.0033333333333333,2025-12-05 13:40:03
ANM,,CE-Gauss,222,NA,0.0033333333333333,2025-12-05 13:40:04
ANM,,CE-Gauss,223,NA,0.0033333333333333,2025-12-05 13:40:04
ANM,,CE-Gauss,224,-1.7763568394002505e-15,0.0033333333333333,2025-12-05 13:40:04
ANM,,CE-Gauss,225,-1.7763568394002505e-15,0.0033333333333333,2025-12-05 13:40:05
ANM,,CE-Gauss,226,-4.440892098500626e-16,0.0033333333333333,2025-12-05 13:40:05
ANM,,CE-Gauss,227,NA,0.0033333333333333,2025-12-05 13:40:06
ANM,,CE-Gauss,228,-3.552713678800501e-15,0.0033333333333333,2025-12-05 13:40:06
ANM,,CE-Gauss,229,NA,0.0033333333333333,2025-12-05 13:40:07
ANM,,CE-Gauss,230,NA,0.0033333333333333,2025-12-05 13:40:07
ANM,,CE-Gauss,231,NA,0.0033333333333333,2025-12-05 13:40:08
ANM,,CE-Gauss,232,NA,0.0033333333333333,2025-12-05 13:40:08
ANM,,CE-Gauss,233,-1.3322676295501878e-15,0.0033333333333333,2025-12-05 13:40:09
ANM,,CE-Gauss,234,-1.7763568394002505e-15,0.0033333333333333,2025-12-05 13:40:09
ANM,,CE-Gauss,235,NA,0.0033333333333333,2025-12-05 13:40:10
ANM,,CE-Gauss,236,-8.881784197001252e-16,0.0033333333333333,2025-12-05 13:40:10
ANM,,CE-Gauss,237,NA,0.0033333333333333,2025-12-05 13:40:11
ANM,,CE-Gauss,238,NA,0.0033333333333333,2025-12-05 13:40:11
ANM,,CE-Gauss,239,-3.552713678800501e-15,0.0033333333333333,2025-12-05 13:40:11
ANM,,CE-Gauss,240,1.7763568394002505e-15,0.0033333333333333,2025-12-05 13:40:12
ANM,,CE-Gauss,241,NA,0.0033333333333333,2025-12-05 13:40:12
ANM,,CE-Gauss,242,NA,0.0033333333333333,2025-12-05 13:40:13
ANM,,CE-Gauss,243,NA,0.0033333333333333,2025-12-05 13:40:13
ANM,,CE-Gauss,244,NA,0.0033333333333333,2025-12-05 13:40:14
ANM,,CE-Gauss,245,NA,0.0033333333333333,2025-12-05 13:40:14
ANM,,CE-Gauss,246,NA,0.0033333333333333,2025-12-05 13:40:15
ANM,,CE-Gauss,247,NA,0.0033333333333333,2025-12-05 13:40:15
ANM,,CE-Gauss,248,-4.440892098500626e-16,0.0033333333333333,2025-12-05 13:40:16
ANM,,CE-Gauss,249,NA,0.0033333333333333,2025-12-05 13:40:16
ANM,,CE-Gauss,250,3.552713678800501e-15,0.0033333333333333,2025-12-05 13:40:17
ANM,,CE-Gauss,251,NA,0.0033333333333333,2025-12-05 13:40:17
ANM,,CE-Gauss,252,-4.440892098500626e-16,0.0033333333333333,2025-12-05 13:40:18
ANM,,CE-Gauss,253,NA,0.0033333333333333,2025-12-05 13:40:18
ANM,,CE-Gauss,254,-8.881784197001252e-16,0.0033333333333333,2025-12-05 13:40:18
ANM,,CE-Gauss,255,NA,0.0033333333333333,2025-12-05 13:40:19
ANM,,CE-Gauss,256,-8.881784197001252e-16,0.0033333333333333,2025-12-05 13:40:19
ANM,,CE-Gauss,257,NA,0.0033333333333333,2025-12-05 13:40:20
ANM,,CE-Gauss,258,NA,0.0033333333333333,2025-12-05 13:40:20
ANM,,CE-Gauss,259,-2.220446049250313e-16,0.0033333333333333,2025-12-05 13:40:21
ANM,,CE-Gauss,260,NA,0.0033333333333333,2025-12-05 13:40:21
ANM,,CE-Gauss,261,NA,0.0033333333333333,2025-12-05 13:40:22
ANM,,CE-Gauss,262,3.552713678800501e-15,0.0033333333333333,2025-12-05 13:40:22
ANM,,CE-Gauss,263,1.7763568394002505e-15,0.0033333333333333,2025-12-05 13:40:23
ANM,,CE-Gauss,264,4.440892098500626e-16,0.0033333333333333,2025-12-05 13:40:23
ANM,,CE-Gauss,265,NA,0.0033333333333333,2025-12-05 13:40:24
ANM,,CE-Gauss,266,NA,0.0033333333333333,2025-12-05 13:40:24
ANM,,CE-Gauss,267,NA,0.0033333333333333,2025-12-05 13:40:25
ANM,,CE-Gauss,268,8.881784197001252e-16,0.0033333333333333,2025-12-05 13:40:25
ANM,,CE-Gauss,269,-6.661338147750939e-16,0.0033333333333333,2025-12-05 13:40:26
ANM,,CE-Gauss,270,2.1094237467877974e-15,0.0033333333333333,2025-12-05 13:40:26
ANM,,CE-Gauss,271,NA,0.0033333333333333,2025-12-05 13:40:26
ANM,,CE-Gauss,272,6.661338147750939e-16,0.0033333333333333,2025-12-05 13:40:27
ANM,,CE-Gauss,273,NA,0.0033333333333333,2025-12-05 13:40:27
ANM,,CE-Gauss,274,NA,0.0033333333333333,2025-12-05 13:40:28
ANM,,CE-Gauss,275,8.881784197001252e-16,0.0033333333333333,2025-12-05 13:40:28
ANM,,CE-Gauss,276,NA,0.0033333333333333,2025-12-05 13:40:29
ANM,,CE-Gauss,277,NA,0.0033333333333333,2025-12-05 13:40:29
ANM,,CE-Gauss,278,NA,0.0033333333333333,2025-12-05 13:40:30
ANM,,CE-Gauss,279,NA,0.0033333333333333,2025-12-05 13:40:30
ANM,,CE-Gauss,280,-8.881784197001252e-16,0.0033333333333333,2025-12-05 13:40:31
ANM,,CE-Gauss,281,-3.552713678800501e-15,0.0033333333333333,2025-12-05 13:40:31
ANM,,CE-Gauss,282,NA,0.0033333333333333,2025-12-05 13:40:31
ANM,,CE-Gauss,283,NA,0.0033333333333333,2025-12-05 13:40:32
ANM,,CE-Gauss,284,-4.440892098500626e-16,0.0033333333333333,2025-12-05 13:40:32
ANM,,CE-Gauss,285,NA,0.0033333333333333,2025-12-05 13:40:33
ANM,,CE-Gauss,286,1.7763568394002505e-15,0.0033333333333333,2025-12-05 13:40:33
ANM,,CE-Gauss,287,NA,0.0033333333333333,2025-12-05 13:40:34
ANM,,CE-Gauss,288,-3.552713678800501e-15,0.0033333333333333,2025-12-05 13:40:34
ANM,,CE-Gauss,289,-2.1094237467877974e-15,0.0033333333333333,2025-12-05 13:40:35
ANM,,CE-Gauss,290,-8.881784197001252e-16,0.0033333333333333,2025-12-05 13:40:35
ANM,,CE-Gauss,291,2.664535259100376e-15,0.0033333333333333,2025-12-05 13:40:36
ANM,,CE-Gauss,292,NA,0.0033333333333333,2025-12-05 13:40:36
ANM,,CE-Gauss,293,4.440892098500626e-16,0.0033333333333333,2025-12-05 13:40:37
ANM,,CE-Gauss,294,NA,0.0033333333333333,2025-12-05 13:40:37
ANM,,CE-Gauss,295,NA,0.0033333333333333,2025-12-05 13:40:38
ANM,,CE-Gauss,296,-1.7763568394002505e-15,0.0033333333333333,2025-12-05 13:40:38
ANM,,CE-Gauss,297,4.440892098500626e-16,0.0033333333333333,2025-12-05 13:40:38
ANM,,CE-Gauss,298,8.881784197001252e-16,0.0033333333333333,2025-12-05 13:40:39
ANM,,CE-Gauss,299,8.881784197001252e-16,0.0033333333333333,2025-12-05 13:40:39
ANM,,CE-Gauss,300,3.552713678800501e-15,0.0033333333333333,2025-12-05 13:40:40
ANM,,CE-Multi,1,-8.881784197001252e-16,0.0033333333333333,2025-12-05 13:40:41
ANM,,CE-Multi,2,-3.552713678800501e-15,0.0033333333333333,2025-12-05 13:40:41
ANM,,CE-Multi,3,1.7763568394002505e-15,0.0033333333333333,2025-12-05 13:40:41
ANM,,CE-Multi,4,NA,0.0033333333333333,2025-12-05 13:40:42
ANM,,CE-Multi,5,NA,0.0033333333333333,2025-12-05 13:40:42
ANM,,CE-Multi,6,NA,0.0033333333333333,2025-12-05 13:40:43
ANM,,CE-Multi,7,-3.552713678800501e-15,0.0033333333333333,2025-12-05 13:40:43
ANM,,CE-Multi,8,NA,0.0033333333333333,2025-12-05 13:40:44
ANM,,CE-Multi,9,NA,0.0033333333333333,2025-12-05 13:40:44
ANM,,CE-Multi,10,NA,0.0033333333333333,2025-12-05 13:40:45
ANM,,CE-Multi,11,NA,0.0033333333333333,2025-12-05 13:40:45
ANM,,CE-Multi,12,-4.440892098500626e-16,0.0033333333333333,2025-12-05 13:40:46
ANM,,CE-Multi,13,4.440892098500626e-16,0.0033333333333333,2025-12-05 13:40:46
ANM,,CE-Multi,14,NA,0.0033333333333333,2025-12-05 13:40:47
ANM,,CE-Multi,15,NA,0.0033333333333333,2025-12-05 13:40:47
ANM,,CE-Multi,16,NA,0.0033333333333333,2025-12-05 13:40:48
ANM,,CE-Multi,17,NA,0.0033333333333333,2025-12-05 13:40:48
ANM,,CE-Multi,18,NA,0.0033333333333333,2025-12-05 13:40:48
ANM,,CE-Multi,19,NA,0.0033333333333333,2025-12-05 13:40:49
ANM,,CE-Multi,20,-2.220446049250313e-15,0.0033333333333333,2025-12-05 13:40:49
ANM,,CE-Multi,21,3.552713678800501e-15,0.0033333333333333,2025-12-05 13:40:50
ANM,,CE-Multi,22,NA,0.0033333333333333,2025-12-05 13:40:50
ANM,,CE-Multi,23,-1.7763568394002505e-15,0.0033333333333333,2025-12-05 13:40:51
ANM,,CE-Multi,24,-8.881784197001252e-16,0.0033333333333333,2025-12-05 13:40:51
ANM,,CE-Multi,25,NA,0.0033333333333333,2025-12-05 13:40:52
ANM,,CE-Multi,26,NA,0.0033333333333333,2025-12-05 13:40:52
ANM,,CE-Multi,27,NA,0.0033333333333333,2025-12-05 13:40:53
ANM,,CE-Multi,28,NA,0.0033333333333333,2025-12-05 13:40:53
ANM,,CE-Multi,29,NA,0.0033333333333333,2025-12-05 13:40:53
ANM,,CE-Multi,30,-8.881784197001252e-16,0.0033333333333333,2025-12-05 13:40:54
ANM,,CE-Multi,31,NA,0.0033333333333333,2025-12-05 13:40:54
ANM,,CE-Multi,32,NA,0.0033333333333333,2025-12-05 13:40:55
ANM,,CE-Multi,33,1.7763568394002505e-15,0.0033333333333333,2025-12-05 13:40:55
ANM,,CE-Multi,34,NA,0.0033333333333333,2025-12-05 13:40:56
ANM,,CE-Multi,35,8.881784197001252e-16,0.0033333333333333,2025-12-05 13:40:56
ANM,,CE-Multi,36,NA,0.0033333333333333,2025-12-05 13:40:57
ANM,,CE-Multi,37,7.105427357601002e-15,0.0033333333333333,2025-12-05 13:40:57
ANM,,CE-Multi,38,NA,0.0033333333333333,2025-12-05 13:40:58
ANM,,CE-Multi,39,NA,0.0033333333333333,2025-12-05 13:40:58
ANM,,CE-Multi,40,NA,0.0033333333333333,2025-12-05 13:40:59
ANM,,CE-Multi,41,-1.7763568394002505e-15,0.0033333333333333,2025-12-05 13:40:59
ANM,,CE-Multi,42,NA,0.0033333333333333,2025-12-05 13:41:00
ANM,,CE-Multi,43,1.7763568394002505e-15,0.0033333333333333,2025-12-05 13:41:00
ANM,,CE-Multi,44,NA,0.0033333333333333,2025-12-05 13:41:00
ANM,,CE-Multi,45,-4.440892098500626e-16,0.0033333333333333,2025-12-05 13:41:01
ANM,,CE-Multi,46,2.220446049250313e-15,0.0033333333333333,2025-12-05 13:41:01
ANM,,CE-Multi,47,-2.664535259100376e-15,0.0033333333333333,2025-12-05 13:41:02
ANM,,CE-Multi,48,NA,0.0033333333333333,2025-12-05 13:41:02
ANM,,CE-Multi,49,1.5099033134902132e-14,0.0033333333333333,2025-12-05 13:41:03
ANM,,CE-Multi,50,NA,0.0033333333333333,2025-12-05 13:41:03
ANM,,CE-Multi,51,-6.661338147750939e-15,0.0033333333333333,2025-12-05 13:41:04
ANM,,CE-Multi,52,NA,0.0033333333333333,2025-12-05 13:41:04
ANM,,CE-Multi,53,1.7763568394002505e-15,0.0033333333333333,2025-12-05 13:41:05
ANM,,CE-Multi,54,NA,0.0033333333333333,2025-12-05 13:41:05
ANM,,CE-Multi,55,NA,0.0033333333333333,2025-12-05 13:41:06
ANM,,CE-Multi,56,NA,0.0033333333333333,2025-12-05 13:41:06
ANM,,CE-Multi,57,NA,0.0033333333333333,2025-12-05 13:41:07
ANM,,CE-Multi,58,4.440892098500626e-16,0.0033333333333333,2025-12-05 13:41:07
ANM,,CE-Multi,59,NA,0.0033333333333333,2025-12-05 13:41:07
ANM,,CE-Multi,60,-8.881784197001252e-16,0.0033333333333333,2025-12-05 13:41:08
ANM,,CE-Multi,61,NA,0.0033333333333333,2025-12-05 13:41:08
ANM,,CE-Multi,62,5.3290705182007506e-15,0.0033333333333333,2025-12-05 13:41:09
ANM,,CE-Multi,63,NA,0.0033333333333333,2025-12-05 13:41:09
ANM,,CE-Multi,64,-8.881784197001252e-16,0.0033333333333333,2025-12-05 13:41:10
ANM,,CE-Multi,65,NA,0.0033333333333333,2025-12-05 13:41:10
ANM,,CE-Multi,66,NA,0.0033333333333333,2025-12-05 13:41:11
ANM,,CE-Multi,67,NA,0.0033333333333333,2025-12-05 13:41:11
ANM,,CE-Multi,68,-7.105427357601002e-15,0.0033333333333333,2025-12-05 13:41:12
ANM,,CE-Multi,69,NA,0.0033333333333333,2025-12-05 13:41:12
ANM,,CE-Multi,70,8.881784197001252e-16,0.0033333333333333,2025-12-05 13:41:13
ANM,,CE-Multi,71,1.7763568394002505e-15,0.0033333333333333,2025-12-05 13:41:13
ANM,,CE-Multi,72,-8.881784197001252e-16,0.0033333333333333,2025-12-05 13:41:14
ANM,,CE-Multi,73,NA,0.0033333333333333,2025-12-05 13:41:14
ANM,,CE-Multi,74,NA,0.0033333333333333,2025-12-05 13:41:15
ANM,,CE-Multi,75,NA,0.0033333333333333,2025-12-05 13:41:15
ANM,,CE-Multi,76,NA,0.0033333333333333,2025-12-05 13:41:15
ANM,,CE-Multi,77,NA,0.0033333333333333,2025-12-05 13:41:16
ANM,,CE-Multi,78,NA,0.0033333333333333,2025-12-05 13:41:16
ANM,,CE-Multi,79,NA,0.0033333333333333,2025-12-05 13:41:17
ANM,,CE-Multi,80,NA,0.0033333333333333,2025-12-05 13:41:17
ANM,,CE-Multi,81,-3.552713678800501e-15,0.0033333333333333,2025-12-05 13:41:18
ANM,,CE-Multi,82,NA,0.0033333333333333,2025-12-05 13:41:18
ANM,,CE-Multi,83,-1.7763568394002505e-15,0.0033333333333333,2025-12-05 13:41:19
ANM,,CE-Multi,84,NA,0.0033333333333333,2025-12-05 13:41:19
ANM,,CE-Multi,85,-1.7763568394002505e-15,0.0033333333333333,2025-12-05 13:41:20
ANM,,CE-Multi,86,-3.552713678800501e-15,0.0033333333333333,2025-12-05 13:41:20
ANM,,CE-Multi,87,-3.552713678800501e-15,0.0033333333333333,2025-12-05 13:41:21
ANM,,CE-Multi,88,-1.7763568394002505e-15,0.0033333333333333,2025-12-05 13:41:21
ANM,,CE-Multi,89,NA,0.0033333333333333,2025-12-05 13:41:22
ANM,,CE-Multi,90,NA,0.0033333333333333,2025-12-05 13:41:22
ANM,,CE-Multi,91,NA,0.0033333333333333,2025-12-05 13:41:23
ANM,,CE-Multi,92,NA,0.0033333333333333,2025-12-05 13:41:23
ANM,,CE-Multi,93,NA,0.0033333333333333,2025-12-05 13:41:23
ANM,,CE-Multi,94,3.552713678800501e-15,0.0033333333333333,2025-12-05 13:41:24
ANM,,CE-Multi,95,1.7763568394002505e-15,0.0033333333333333,2025-12-05 13:41:24
ANM,,CE-Multi,96,-8.881784197001252e-16,0.0033333333333333,2025-12-05 13:41:25
ANM,,CE-Multi,97,NA,0.0033333333333333,2025-12-05 13:41:25
ANM,,CE-Multi,98,NA,0.0033333333333333,2025-12-05 13:41:26
ANM,,CE-Multi,99,NA,0.0033333333333333,2025-12-05 13:41:26
ANM,,CE-Multi,100,8.881784197001252e-16,0.0033333333333333,2025-12-05 13:41:27
ANM,,CE-Multi,101,NA,0.0033333333333333,2025-12-05 13:41:27
ANM,,CE-Multi,102,8.881784197001252e-16,0.0033333333333333,2025-12-05 13:41:28
ANM,,CE-Multi,103,NA,0.0033333333333333,2025-12-05 13:41:28
ANM,,CE-Multi,104,-3.552713678800501e-15,0.0033333333333333,2025-12-05 13:41:29
ANM,,CE-Multi,105,-1.7763568394002505e-15,0.0033333333333333,2025-12-05 13:41:29
ANM,,CE-Multi,106,8.881784197001252e-16,0.0033333333333333,2025-12-05 13:41:30
ANM,,CE-Multi,107,NA,0.0033333333333333,2025-12-05 13:41:30
ANM,,CE-Multi,108,NA,0.0033333333333333,2025-12-05 13:41:30
ANM,,CE-Multi,109,NA,0.0033333333333333,2025-12-05 13:41:31
ANM,,CE-Multi,110,7.105427357601002e-15,0.0033333333333333,2025-12-05 13:41:31
ANM,,CE-Multi,111,NA,0.0033333333333333,2025-12-05 13:41:32
ANM,,CE-Multi,112,-1.7763568394002505e-15,0.0033333333333333,2025-12-05 13:41:32
ANM,,CE-Multi,113,-4.440892098500626e-16,0.0033333333333333,2025-12-05 13:41:33
ANM,,CE-Multi,114,1.7763568394002505e-15,0.0033333333333333,2025-12-05 13:41:33
ANM,,CE-Multi,115,NA,0.0033333333333333,2025-12-05 13:41:34
ANM,,CE-Multi,116,-3.552713678800501e-15,0.0033333333333333,2025-12-05 13:41:34
ANM,,CE-Multi,117,NA,0.0033333333333333,2025-12-05 13:41:35
ANM,,CE-Multi,118,NA,0.0033333333333333,2025-12-05 13:41:35
ANM,,CE-Multi,119,NA,0.0033333333333333,2025-12-05 13:41:36
ANM,,CE-Multi,120,NA,0.0033333333333333,2025-12-05 13:41:36
ANM,,CE-Multi,121,-1.7763568394002505e-15,0.0033333333333333,2025-12-05 13:41:37
ANM,,CE-Multi,122,-1.7763568394002505e-15,0.0033333333333333,2025-12-05 13:41:37
ANM,,CE-Multi,123,NA,0.0033333333333333,2025-12-05 13:41:38
ANM,,CE-Multi,124,NA,0.0033333333333333,2025-12-05 13:41:38
ANM,,CE-Multi,125,NA,0.0033333333333333,2025-12-05 13:41:39
ANM,,CE-Multi,126,NA,0.0033333333333333,2025-12-05 13:41:39
ANM,,CE-Multi,127,NA,0.0033333333333333,2025-12-05 13:41:39
ANM,,CE-Multi,128,NA,0.0033333333333333,2025-12-05 13:41:40
ANM,,CE-Multi,129,-4.440892098500626e-16,0.0033333333333333,2025-12-05 13:41:40
ANM,,CE-Multi,130,NA,0.0033333333333333,2025-12-05 13:41:41
ANM,,CE-Multi,131,-1.7763568394002505e-15,0.0033333333333333,2025-12-05 13:41:41
ANM,,CE-Multi,132,8.881784197001252e-16,0.0033333333333333,2025-12-05 13:41:42
ANM,,CE-Multi,133,NA,0.0033333333333333,2025-12-05 13:41:42
ANM,,CE-Multi,134,-8.881784197001252e-16,0.0033333333333333,2025-12-05 13:41:43
ANM,,CE-Multi,135,4.440892098500626e-16,0.0033333333333333,2025-12-05 13:41:43
ANM,,CE-Multi,136,8.881784197001252e-16,0.0033333333333333,2025-12-05 13:41:44
ANM,,CE-Multi,137,NA,0.0033333333333333,2025-12-05 13:41:44
ANM,,CE-Multi,138,2.664535259100376e-15,0.0033333333333333,2025-12-05 13:41:45
ANM,,CE-Multi,139,NA,0.0033333333333333,2025-12-05 13:41:45
ANM,,CE-Multi,140,8.881784197001252e-16,0.0033333333333333,2025-12-05 13:41:46
ANM,,CE-Multi,141,7.105427357601002e-15,0.0033333333333333,2025-12-05 13:41:46
ANM,,CE-Multi,142,1.7763568394002505e-15,0.0033333333333333,2025-12-05 13:41:46
ANM,,CE-Multi,143,NA,0.0033333333333333,2025-12-05 13:41:47
ANM,,CE-Multi,144,NA,0.0033333333333333,2025-12-05 13:41:47
ANM,,CE-Multi,145,NA,0.0033333333333333,2025-12-05 13:41:48
ANM,,CE-Multi,146,-3.552713678800501e-15,0.0033333333333333,2025-12-05 13:41:48
ANM,,CE-Multi,147,NA,0.0033333333333333,2025-12-05 13:41:49
ANM,,CE-Multi,148,NA,0.0033333333333333,2025-12-05 13:41:49
ANM,,CE-Multi,149,NA,0.0033333333333333,2025-12-05 13:41:50
ANM,,CE-Multi,150,-1.7763568394002505e-15,0.0033333333333333,2025-12-05 13:41:50
ANM,,CE-Multi,151,-3.552713678800501e-15,0.0033333333333333,2025-12-05 13:41:51
ANM,,CE-Multi,152,NA,0.0033333333333333,2025-12-05 13:41:51
ANM,,CE-Multi,153,4.440892098500626e-16,0.0033333333333333,2025-12-05 13:41:52
ANM,,CE-Multi,154,NA,0.0033333333333333,2025-12-05 13:41:52
ANM,,CE-Multi,155,NA,0.0033333333333333,2025-12-05 13:41:53
ANM,,CE-Multi,156,8.881784197001252e-16,0.0033333333333333,2025-12-05 13:41:53
ANM,,CE-Multi,157,NA,0.0033333333333333,2025-12-05 13:41:53
ANM,,CE-Multi,158,1.3322676295501878e-15,0.0033333333333333,2025-12-05 13:41:54
ANM,,CE-Multi,159,8.881784197001252e-16,0.0033333333333333,2025-12-05 13:41:54
ANM,,CE-Multi,160,-1.3322676295501878e-15,0.0033333333333333,2025-12-05 13:41:55
ANM,,CE-Multi,161,-7.105427357601002e-15,0.0033333333333333,2025-12-05 13:41:55
ANM,,CE-Multi,162,3.552713678800501e-15,0.0033333333333333,2025-12-05 13:41:56
ANM,,CE-Multi,163,NA,0.0033333333333333,2025-12-05 13:41:56
ANM,,CE-Multi,164,-8.881784197001252e-16,0.0033333333333333,2025-12-05 13:41:57
ANM,,CE-Multi,165,NA,0.0033333333333333,2025-12-05 13:41:57
ANM,,CE-Multi,166,NA,0.0033333333333333,2025-12-05 13:41:58
ANM,,CE-Multi,167,NA,0.0033333333333333,2025-12-05 13:41:58
ANM,,CE-Multi,168,8.881784197001252e-16,0.0033333333333333,2025-12-05 13:41:59
ANM,,CE-Multi,169,1.7763568394002505e-15,0.0033333333333333,2025-12-05 13:41:59
ANM,,CE-Multi,170,-1.7763568394002505e-15,0.0033333333333333,2025-12-05 13:42:00
ANM,,CE-Multi,171,NA,0.0033333333333333,2025-12-05 13:42:00
ANM,,CE-Multi,172,NA,0.0033333333333333,2025-12-05 13:42:01
ANM,,CE-Multi,173,NA,0.0033333333333333,2025-12-05 13:42:01
ANM,,CE-Multi,174,-8.881784197001252e-16,0.0033333333333333,2025-12-05 13:42:01
ANM,,CE-Multi,175,NA,0.0033333333333333,2025-12-05 13:42:02
ANM,,CE-Multi,176,8.881784197001252e-16,0.0033333333333333,2025-12-05 13:42:02
ANM,,CE-Multi,177,NA,0.0033333333333333,2025-12-05 13:42:03
ANM,,CE-Multi,178,NA,0.0033333333333333,2025-12-05 13:42:03
ANM,,CE-Multi,179,NA,0.0033333333333333,2025-12-05 13:42:04
ANM,,CE-Multi,180,NA,0.0033333333333333,2025-12-05 13:42:04
ANM,,CE-Multi,181,8.881784197001252e-16,0.0033333333333333,2025-12-05 13:42:05
ANM,,CE-Multi,182,NA,0.0033333333333333,2025-12-05 13:42:05
ANM,,CE-Multi,183,NA,0.0033333333333333,2025-12-05 13:42:06
ANM,,CE-Multi,184,-1.7763568394002505e-15,0.0033333333333333,2025-12-05 13:42:06
ANM,,CE-Multi,185,NA,0.0033333333333333,2025-12-05 13:42:07
ANM,,CE-Multi,186,4.440892098500626e-16,0.0033333333333333,2025-12-05 13:42:07
ANM,,CE-Multi,187,NA,0.0033333333333333,2025-12-05 13:42:08
ANM,,CE-Multi,188,NA,0.0033333333333333,2025-12-05 13:42:08
ANM,,CE-Multi,189,-1.7763568394002505e-15,0.0033333333333333,2025-12-05 13:42:09
ANM,,CE-Multi,190,1.7763568394002505e-15,0.0033333333333333,2025-12-05 13:42:09
ANM,,CE-Multi,191,NA,0.0033333333333333,2025-12-05 13:42:09
ANM,,CE-Multi,192,NA,0.0033333333333333,2025-12-05 13:42:10
ANM,,CE-Multi,193,3.552713678800501e-15,0.0033333333333333,2025-12-05 13:42:10
ANM,,CE-Multi,194,NA,0.0033333333333333,2025-12-05 13:42:11
ANM,,CE-Multi,195,-1.7763568394002505e-15,0.0033333333333333,2025-12-05 13:42:11
ANM,,CE-Multi,196,-1.7763568394002505e-15,0.0033333333333333,2025-12-05 13:42:12
ANM,,CE-Multi,197,NA,0.0033333333333333,2025-12-05 13:42:12
ANM,,CE-Multi,198,4.440892098500626e-16,0.0033333333333333,2025-12-05 13:42:13
ANM,,CE-Multi,199,NA,0.0033333333333333,2025-12-05 13:42:13
ANM,,CE-Multi,200,NA,0.0033333333333333,2025-12-05 13:42:14
ANM,,CE-Multi,201,3.3306690738754696e-16,0.0033333333333333,2025-12-05 13:42:14
ANM,,CE-Multi,202,4.440892098500626e-16,0.0033333333333333,2025-12-05 13:42:15
ANM,,CE-Multi,203,4.440892098500626e-16,0.0033333333333333,2025-12-05 13:42:15
ANM,,CE-Multi,204,-8.881784197001252e-16,0.0033333333333333,2025-12-05 13:42:16
ANM,,CE-Multi,205,-8.881784197001252e-16,0.0033333333333333,2025-12-05 13:42:16
ANM,,CE-Multi,206,-8.881784197001252e-16,0.0033333333333333,2025-12-05 13:42:17
ANM,,CE-Multi,207,NA,0.0033333333333333,2025-12-05 13:42:17
ANM,,CE-Multi,208,NA,0.0033333333333333,2025-12-05 13:42:17
ANM,,CE-Multi,209,4.440892098500626e-16,0.0033333333333333,2025-12-05 13:42:18
ANM,,CE-Multi,210,NA,0.0033333333333333,2025-12-05 13:42:18
ANM,,CE-Multi,211,-1.7763568394002505e-15,0.0033333333333333,2025-12-05 13:42:19
ANM,,CE-Multi,212,NA,0.0033333333333333,2025-12-05 13:42:19
ANM,,CE-Multi,213,NA,0.0033333333333333,2025-12-05 13:42:20
ANM,,CE-Multi,214,NA,0.0033333333333333,2025-12-05 13:42:20
ANM,,CE-Multi,215,-2.664535259100376e-15,0.0033333333333333,2025-12-05 13:42:21
ANM,,CE-Multi,216,1.7763568394002505e-15,0.0033333333333333,2025-12-05 13:42:21
ANM,,CE-Multi,217,NA,0.0033333333333333,2025-12-05 13:42:22
ANM,,CE-Multi,218,NA,0.0033333333333333,2025-12-05 13:42:22
ANM,,CE-Multi,219,NA,0.0033333333333333,2025-12-05 13:42:23
ANM,,CE-Multi,220,-3.552713678800501e-15,0.0033333333333333,2025-12-05 13:42:23
ANM,,CE-Multi,221,NA,0.0033333333333333,2025-12-05 13:42:24
ANM,,CE-Multi,222,-2.220446049250313e-16,0.0033333333333333,2025-12-05 13:42:24
ANM,,CE-Multi,223,NA,0.0033333333333333,2025-12-05 13:42:25
ANM,,CE-Multi,224,8.881784197001252e-16,0.0033333333333333,2025-12-05 13:42:25
ANM,,CE-Multi,225,1.7763568394002505e-15,0.0033333333333333,2025-12-05 13:42:26
ANM,,CE-Multi,226,-3.552713678800501e-15,0.0033333333333333,2025-12-05 13:42:26
ANM,,CE-Multi,227,-1.3322676295501878e-15,0.0033333333333333,2025-12-05 13:42:26
ANM,,CE-Multi,228,2.664535259100376e-15,0.0033333333333333,2025-12-05 13:42:27
ANM,,CE-Multi,229,NA,0.0033333333333333,2025-12-05 13:42:27
ANM,,CE-Multi,230,-8.881784197001252e-16,0.0033333333333333,2025-12-05 13:42:28
ANM,,CE-Multi,231,NA,0.0033333333333333,2025-12-05 13:42:28
ANM,,CE-Multi,232,NA,0.0033333333333333,2025-12-05 13:42:29
ANM,,CE-Multi,233,-3.552713678800501e-15,0.0033333333333333,2025-12-05 13:42:29
ANM,,CE-Multi,234,-8.881784197001252e-16,0.0033333333333333,2025-12-05 13:42:30
ANM,,CE-Multi,235,NA,0.0033333333333333,2025-12-05 13:42:30
ANM,,CE-Multi,236,1.7763568394002505e-15,0.0033333333333333,2025-12-05 13:42:31
ANM,,CE-Multi,237,3.552713678800501e-15,0.0033333333333333,2025-12-05 13:42:31
ANM,,CE-Multi,238,-3.108624468950439e-15,0.0033333333333333,2025-12-05 13:42:32
ANM,,CE-Multi,239,-1.7763568394002505e-15,0.0033333333333333,2025-12-05 13:42:32
ANM,,CE-Multi,240,NA,0.0033333333333333,2025-12-05 13:42:33
ANM,,CE-Multi,241,8.881784197001252e-16,0.0033333333333333,2025-12-05 13:42:33
ANM,,CE-Multi,242,4.440892098500626e-16,0.0033333333333333,2025-12-05 13:42:34
ANM,,CE-Multi,243,3.552713678800501e-15,0.0033333333333333,2025-12-05 13:42:34
ANM,,CE-Multi,244,-1.7763568394002505e-15,0.0033333333333333,2025-12-05 13:42:35
ANM,,CE-Multi,245,-8.881784197001252e-16,0.0033333333333333,2025-12-05 13:42:35
ANM,,CE-Multi,246,3.552713678800501e-15,0.0033333333333333,2025-12-05 13:42:36
ANM,,CE-Multi,247,NA,0.0033333333333333,2025-12-05 13:42:36
ANM,,CE-Multi,248,7.771561172376096e-15,0.0033333333333333,2025-12-05 13:42:36
ANM,,CE-Multi,249,NA,0.0033333333333333,2025-12-05 13:42:37
ANM,,CE-Multi,250,-8.881784197001252e-16,0.0033333333333333,2025-12-05 13:42:37
ANM,,CE-Multi,251,NA,0.0033333333333333,2025-12-05 13:42:38
ANM,,CE-Multi,252,1.7763568394002505e-15,0.0033333333333333,2025-12-05 13:42:38
ANM,,CE-Multi,253,NA,0.0033333333333333,2025-12-05 13:42:39
ANM,,CE-Multi,254,2.220446049250313e-16,0.0033333333333333,2025-12-05 13:42:39
ANM,,CE-Multi,255,NA,0.0033333333333333,2025-12-05 13:42:40
ANM,,CE-Multi,256,1.7763568394002505e-15,0.0033333333333333,2025-12-05 13:42:40
ANM,,CE-Multi,257,NA,0.0033333333333333,2025-12-05 13:42:41
ANM,,CE-Multi,258,8.881784197001252e-16,0.0033333333333333,2025-12-05 13:42:41
ANM,,CE-Multi,259,3.552713678800501e-15,0.0033333333333333,2025-12-05 13:42:42
ANM,,CE-Multi,260,NA,0.0033333333333333,2025-12-05 13:42:42
ANM,,CE-Multi,261,-3.552713678800501e-15,0.0033333333333333,2025-12-05 13:42:43
ANM,,CE-Multi,262,NA,0.0033333333333333,2025-12-05 13:42:43
ANM,,CE-Multi,263,NA,0.0033333333333333,2025-12-05 13:42:44
ANM,,CE-Multi,264,1.7763568394002505e-15,0.0033333333333333,2025-12-05 13:42:44
ANM,,CE-Multi,265,NA,0.0033333333333333,2025-12-05 13:42:44
ANM,,CE-Multi,266,3.552713678800501e-15,0.0033333333333333,2025-12-05 13:42:45
ANM,,CE-Multi,267,1.3322676295501878e-15,0.0033333333333333,2025-12-05 13:42:45
ANM,,CE-Multi,268,NA,0.0033333333333333,2025-12-05 13:42:46
ANM,,CE-Multi,269,3.552713678800501e-15,0.0033333333333333,2025-12-05 13:42:46
ANM,,CE-Multi,270,NA,0.0033333333333333,2025-12-05 13:42:47
ANM,,CE-Multi,271,-4.440892098500626e-16,0.0033333333333333,2025-12-05 13:42:47
ANM,,CE-Multi,272,-4.440892098500626e-16,0.0033333333333333,2025-12-05 13:42:48
ANM,,CE-Multi,273,1.7763568394002505e-15,0.0033333333333333,2025-12-05 13:42:48
ANM,,CE-Multi,274,1.7763568394002505e-15,0.0033333333333333,2025-12-05 13:42:49
ANM,,CE-Multi,275,NA,0.0033333333333333,2025-12-05 13:42:49
ANM,,CE-Multi,276,4.440892098500626e-16,0.0033333333333333,2025-12-05 13:42:50
ANM,,CE-Multi,277,NA,0.0033333333333333,2025-12-05 13:42:50
ANM,,CE-Multi,278,NA,0.0033333333333333,2025-12-05 13:42:51
ANM,,CE-Multi,279,-1.7763568394002505e-15,0.0033333333333333,2025-12-05 13:42:51
ANM,,CE-Multi,280,NA,0.0033333333333333,2025-12-05 13:42:52
ANM,,CE-Multi,281,NA,0.0033333333333333,2025-12-05 13:42:52
ANM,,CE-Multi,282,NA,0.0033333333333333,2025-12-05 13:42:52
ANM,,CE-Multi,283,NA,0.0033333333333333,2025-12-05 13:42:53
ANM,,CE-Multi,284,-2.220446049250313e-16,0.0033333333333333,2025-12-05 13:42:53
ANM,,CE-Multi,285,2.220446049250313e-16,0.0033333333333333,2025-12-05 13:42:54
ANM,,CE-Multi,286,1.7763568394002505e-15,0.0033333333333333,2025-12-05 13:42:54
ANM,,CE-Multi,287,4.440892098500626e-16,0.0033333333333333,2025-12-05 13:42:55
ANM,,CE-Multi,288,NA,0.0033333333333333,2025-12-05 13:42:55
ANM,,CE-Multi,289,-3.552713678800501e-15,0.0033333333333333,2025-12-05 13:42:56
ANM,,CE-Multi,290,7.993605777301127e-15,0.0033333333333333,2025-12-05 13:42:56
ANM,,CE-Multi,291,-2.664535259100376e-15,0.0033333333333333,2025-12-05 13:42:57
ANM,,CE-Multi,292,-3.996802888650564e-15,0.0033333333333333,2025-12-05 13:42:57
ANM,,CE-Multi,293,-4.440892098500626e-16,0.0033333333333333,2025-12-05 13:42:58
ANM,,CE-Multi,294,1.7763568394002505e-15,0.0033333333333333,2025-12-05 13:42:58
ANM,,CE-Multi,295,-5.3290705182007506e-15,0.0033333333333333,2025-12-05 13:42:59
ANM,,CE-Multi,296,8.881784197001252e-16,0.0033333333333333,2025-12-05 13:42:59
ANM,,CE-Multi,297,NA,0.0033333333333333,2025-12-05 13:43:00
ANM,,CE-Multi,298,8.881784197001252e-16,0.0033333333333333,2025-12-05 13:43:00
ANM,,CE-Multi,299,NA,0.0033333333333333,2025-12-05 13:43:01
ANM,,CE-Multi,300,NA,0.0033333333333333,2025-12-05 13:43:01
ANM,,CE-Net,1,NA,0.0033333333333333,2025-12-05 13:43:02
ANM,,CE-Net,2,NA,0.0033333333333333,2025-12-05 13:43:02
ANM,,CE-Net,3,NA,0.0033333333333333,2025-12-05 13:43:03
ANM,,CE-Net,4,-4.440892098500626e-16,0.0033333333333333,2025-12-05 13:43:03
ANM,,CE-Net,5,NA,0.0033333333333333,2025-12-05 13:43:03
ANM,,CE-Net,6,NA,0.0033333333333333,2025-12-05 13:43:04
ANM,,CE-Net,7,NA,0.0033333333333333,2025-12-05 13:43:04
ANM,,CE-Net,8,1.7763568394002505e-15,0.0033333333333333,2025-12-05 13:43:05
ANM,,CE-Net,9,-3.552713678800501e-15,0.0033333333333333,2025-12-05 13:43:05
ANM,,CE-Net,10,NA,0.0033333333333333,2025-12-05 13:43:06
ANM,,CE-Net,11,8.881784197001252e-16,0.0033333333333333,2025-12-05 13:43:06
ANM,,CE-Net,12,8.881784197001252e-16,0.0033333333333333,2025-12-05 13:43:07
ANM,,CE-Net,13,NA,0.0033333333333333,2025-12-05 13:43:07
ANM,,CE-Net,14,4.440892098500626e-16,0.0033333333333333,2025-12-05 13:43:08
ANM,,CE-Net,15,-3.552713678800501e-15,0.0033333333333333,2025-12-05 13:43:08
ANM,,CE-Net,16,NA,0.0033333333333333,2025-12-05 13:43:09
ANM,,CE-Net,17,NA,0.0033333333333333,2025-12-05 13:43:09
ANM,,CE-Net,18,4.440892098500626e-16,0.0033333333333333,2025-12-05 13:43:10
ANM,,CE-Net,19,3.552713678800501e-15,0.0033333333333333,2025-12-05 13:43:10
ANM,,CE-Net,20,NA,0.0033333333333333,2025-12-05 13:43:10
ANM,,CE-Net,21,-1.7763568394002505e-15,0.0033333333333333,2025-12-05 13:43:11
ANM,,CE-Net,22,NA,0.0033333333333333,2025-12-05 13:43:11
ANM,,CE-Net,23,NA,0.0033333333333333,2025-12-05 13:43:12
ANM,,CE-Net,24,NA,0.0033333333333333,2025-12-05 13:43:12
ANM,,CE-Net,25,NA,0.0033333333333333,2025-12-05 13:43:13
ANM,,CE-Net,26,NA,0.0033333333333333,2025-12-05 13:43:13
ANM,,CE-Net,27,NA,0.0033333333333333,2025-12-05 13:43:14
ANM,,CE-Net,28,NA,0.0033333333333333,2025-12-05 13:43:14
ANM,,CE-Net,29,NA,0.0033333333333333,2025-12-05 13:43:15
ANM,,CE-Net,30,-3.552713678800501e-15,0.0033333333333333,2025-12-05 13:43:15
ANM,,CE-Net,31,-5.3290705182007506e-15,0.0033333333333333,2025-12-05 13:43:16
ANM,,CE-Net,32,7.105427357601002e-15,0.0033333333333333,2025-12-05 13:43:16
ANM,,CE-Net,33,NA,0.0033333333333333,2025-12-05 13:43:16
ANM,,CE-Net,34,-1.7763568394002505e-15,0.0033333333333333,2025-12-05 13:43:17
ANM,,CE-Net,35,-2.664535259100376e-15,0.0033333333333333,2025-12-05 13:43:17
ANM,,CE-Net,36,8.881784197001252e-16,0.0033333333333333,2025-12-05 13:43:18
ANM,,CE-Net,37,NA,0.0033333333333333,2025-12-05 13:43:18
ANM,,CE-Net,38,-4.440892098500626e-16,0.0033333333333333,2025-12-05 13:43:19
ANM,,CE-Net,39,NA,0.0033333333333333,2025-12-05 13:43:19
ANM,,CE-Net,40,-8.881784197001252e-16,0.0033333333333333,2025-12-05 13:43:20
ANM,,CE-Net,41,NA,0.0033333333333333,2025-12-05 13:43:20
ANM,,CE-Net,42,-3.552713678800501e-15,0.0033333333333333,2025-12-05 13:43:21
ANM,,CE-Net,43,NA,0.0033333333333333,2025-12-05 13:43:21
ANM,,CE-Net,44,1.7763568394002505e-15,0.0033333333333333,2025-12-05 13:43:22
ANM,,CE-Net,45,1.7763568394002505e-15,0.0033333333333333,2025-12-05 13:43:22
ANM,,CE-Net,46,-1.7763568394002505e-15,0.0033333333333333,2025-12-05 13:43:23
ANM,,CE-Net,47,NA,0.0033333333333333,2025-12-05 13:43:23
ANM,,CE-Net,48,8.881784197001252e-16,0.0033333333333333,2025-12-05 13:43:23
ANM,,CE-Net,49,1.3322676295501878e-15,0.0033333333333333,2025-12-05 13:43:24
ANM,,CE-Net,50,-8.881784197001252e-16,0.0033333333333333,2025-12-05 13:43:24
ANM,,CE-Net,51,NA,0.0033333333333333,2025-12-05 13:43:25
ANM,,CE-Net,52,NA,0.0033333333333333,2025-12-05 13:43:25
ANM,,CE-Net,53,-4.440892098500626e-16,0.0033333333333333,2025-12-05 13:43:26
ANM,,CE-Net,54,NA,0.0033333333333333,2025-12-05 13:43:26
ANM,,CE-Net,55,NA,0.0033333333333333,2025-12-05 13:43:27
ANM,,CE-Net,56,NA,0.0033333333333333,2025-12-05 13:43:27
ANM,,CE-Net,57,NA,0.0033333333333333,2025-12-05 13:43:28
ANM,,CE-Net,58,NA,0.0033333333333333,2025-12-05 13:43:28
ANM,,CE-Net,59,NA,0.0033333333333333,2025-12-05 13:43:29
ANM,,CE-Net,60,7.105427357601002e-15,0.0033333333333333,2025-12-05 13:43:29
ANM,,CE-Net,61,NA,0.0033333333333333,2025-12-05 13:43:30
ANM,,CE-Net,62,NA,0.0033333333333333,2025-12-05 13:43:30
ANM,,CE-Net,63,1.7763568394002505e-15,0.0033333333333333,2025-12-05 13:43:31
ANM,,CE-Net,64,NA,0.0033333333333333,2025-12-05 13:43:31
ANM,,CE-Net,65,NA,0.0033333333333333,2025-12-05 13:43:31
ANM,,CE-Net,66,-3.552713678800501e-15,0.0033333333333333,2025-12-05 13:43:32
ANM,,CE-Net,67,NA,0.0033333333333333,2025-12-05 13:43:32
ANM,,CE-Net,68,-1.7763568394002505e-15,0.0033333333333333,2025-12-05 13:43:33
ANM,,CE-Net,69,1.7763568394002505e-15,0.0033333333333333,2025-12-05 13:43:33
ANM,,CE-Net,70,NA,0.0033333333333333,2025-12-05 13:43:34
ANM,,CE-Net,71,1.7763568394002505e-15,0.0033333333333333,2025-12-05 13:43:34
ANM,,CE-Net,72,1.7763568394002505e-15,0.0033333333333333,2025-12-05 13:43:35
ANM,,CE-Net,73,NA,0.0033333333333333,2025-12-05 13:43:35
ANM,,CE-Net,74,-2.220446049250313e-16,0.0033333333333333,2025-12-05 13:43:36
ANM,,CE-Net,75,-8.881784197001252e-16,0.0033333333333333,2025-12-05 13:43:36
ANM,,CE-Net,76,-3.552713678800501e-15,0.0033333333333333,2025-12-05 13:43:37
ANM,,CE-Net,77,NA,0.0033333333333333,2025-12-05 13:43:37
ANM,,CE-Net,78,NA,0.0033333333333333,2025-12-05 13:43:38
ANM,,CE-Net,79,NA,0.0033333333333333,2025-12-05 13:43:38
ANM,,CE-Net,80,8.881784197001252e-16,0.0033333333333333,2025-12-05 13:43:38
ANM,,CE-Net,81,5.3290705182007506e-15,0.0033333333333333,2025-12-05 13:43:39
ANM,,CE-Net,82,-1.7763568394002505e-15,0.0033333333333333,2025-12-05 13:43:39
ANM,,CE-Net,83,NA,0.0033333333333333,2025-12-05 13:43:40
ANM,,CE-Net,84,NA,0.0033333333333333,2025-12-05 13:43:40
ANM,,CE-Net,85,8.881784197001252e-16,0.0033333333333333,2025-12-05 13:43:41
ANM,,CE-Net,86,NA,0.0033333333333333,2025-12-05 13:43:41
ANM,,CE-Net,87,NA,0.0033333333333333,2025-12-05 13:43:42
ANM,,CE-Net,88,-1.7763568394002505e-15,0.0033333333333333,2025-12-05 13:43:42
ANM,,CE-Net,89,NA,0.0033333333333333,2025-12-05 13:43:43
ANM,,CE-Net,90,NA,0.0033333333333333,2025-12-05 13:43:43
ANM,,CE-Net,91,3.552713678800501e-15,0.0033333333333333,2025-12-05 13:43:44
ANM,,CE-Net,92,NA,0.0033333333333333,2025-12-05 13:43:44
ANM,,CE-Net,93,NA,0.0033333333333333,2025-12-05 13:43:45
ANM,,CE-Net,94,-8.881784197001252e-16,0.0033333333333333,2025-12-05 13:43:45
ANM,,CE-Net,95,3.552713678800501e-15,0.0033333333333333,2025-12-05 13:43:46
ANM,,CE-Net,96,7.105427357601002e-15,0.0033333333333333,2025-12-05 13:43:46
ANM,,CE-Net,97,-4.440892098500626e-16,0.0033333333333333,2025-12-05 13:43:46
ANM,,CE-Net,98,NA,0.0033333333333333,2025-12-05 13:43:47
ANM,,CE-Net,99,NA,0.0033333333333333,2025-12-05 13:43:47
ANM,,CE-Net,100,NA,0.0033333333333333,2025-12-05 13:43:48
ANM,,CE-Net,101,NA,0.0033333333333333,2025-12-05 13:43:48
ANM,,CE-Net,102,NA,0.0033333333333333,2025-12-05 13:43:49
ANM,,CE-Net,103,NA,0.0033333333333333,2025-12-05 13:43:49
ANM,,CE-Net,104,NA,0.0033333333333333,2025-12-05 13:43:50
ANM,,CE-Net,105,NA,0.0033333333333333,2025-12-05 13:43:50
ANM,,CE-Net,106,NA,0.0033333333333333,2025-12-05 13:43:51
ANM,,CE-Net,107,NA,0.0033333333333333,2025-12-05 13:43:51
ANM,,CE-Net,108,4.440892098500626e-16,0.0033333333333333,2025-12-05 13:43:52
ANM,,CE-Net,109,3.552713678800501e-15,0.0033333333333333,2025-12-05 13:43:52
ANM,,CE-Net,110,NA,0.0033333333333333,2025-12-05 13:43:53
ANM,,CE-Net,111,2.664535259100376e-15,0.0033333333333333,2025-12-05 13:43:53
ANM,,CE-Net,112,-5.3290705182007506e-15,0.0033333333333333,2025-12-05 13:43:54
ANM,,CE-Net,113,1.7763568394002505e-15,0.0033333333333333,2025-12-05 13:43:54
ANM,,CE-Net,114,NA,0.0033333333333333,2025-12-05 13:43:55
ANM,,CE-Net,115,-3.552713678800501e-15,0.0033333333333333,2025-12-05 13:43:55
ANM,,CE-Net,116,NA,0.0033333333333333,2025-12-05 13:43:55
ANM,,CE-Net,117,NA,0.0033333333333333,2025-12-05 13:43:56
ANM,,CE-Net,118,NA,0.0033333333333333,2025-12-05 13:43:56
ANM,,CE-Net,119,NA,0.0033333333333333,2025-12-05 13:43:57
ANM,,CE-Net,120,-3.552713678800501e-15,0.0033333333333333,2025-12-05 13:43:57
ANM,,CE-Net,121,NA,0.0033333333333333,2025-12-05 13:43:58
ANM,,CE-Net,122,NA,0.0033333333333333,2025-12-05 13:43:58
ANM,,CE-Net,123,NA,0.0033333333333333,2025-12-05 13:43:59
ANM,,CE-Net,124,4.440892098500626e-16,0.0033333333333333,2025-12-05 13:43:59
ANM,,CE-Net,125,NA,0.0033333333333333,2025-12-05 13:44:00
ANM,,CE-Net,126,-7.105427357601002e-15,0.0033333333333333,2025-12-05 13:44:00
ANM,,CE-Net,127,1.7763568394002505e-15,0.0033333333333333,2025-12-05 13:44:01
ANM,,CE-Net,128,8.881784197001252e-16,0.0033333333333333,2025-12-05 13:44:01
ANM,,CE-Net,129,1.7763568394002505e-15,0.0033333333333333,2025-12-05 13:44:01
ANM,,CE-Net,130,1.7763568394002505e-15,0.0033333333333333,2025-12-05 13:44:02
ANM,,CE-Net,131,NA,0.0033333333333333,2025-12-05 13:44:02
ANM,,CE-Net,132,-7.105427357601002e-15,0.0033333333333333,2025-12-05 13:44:03
ANM,,CE-Net,133,NA,0.0033333333333333,2025-12-05 13:44:03
ANM,,CE-Net,134,-3.552713678800501e-15,0.0033333333333333,2025-12-05 13:44:04
ANM,,CE-Net,135,-3.552713678800501e-15,0.0033333333333333,2025-12-05 13:44:04
ANM,,CE-Net,136,NA,0.0033333333333333,2025-12-05 13:44:05
ANM,,CE-Net,137,-1.7763568394002505e-15,0.0033333333333333,2025-12-05 13:44:05
ANM,,CE-Net,138,1.7763568394002505e-15,0.0033333333333333,2025-12-05 13:44:06
ANM,,CE-Net,139,2.220446049250313e-16,0.0033333333333333,2025-12-05 13:44:06
ANM,,CE-Net,140,NA,0.0033333333333333,2025-12-05 13:44:07
ANM,,CE-Net,141,-8.881784197001252e-16,0.0033333333333333,2025-12-05 13:44:07
ANM,,CE-Net,142,-4.440892098500626e-16,0.0033333333333333,2025-12-05 13:44:08
ANM,,CE-Net,143,-3.552713678800501e-15,0.0033333333333333,2025-12-05 13:44:08
ANM,,CE-Net,144,4.440892098500626e-16,0.0033333333333333,2025-12-05 13:44:09
ANM,,CE-Net,145,NA,0.0033333333333333,2025-12-05 13:44:09
ANM,,CE-Net,146,8.881784197001252e-16,0.0033333333333333,2025-12-05 13:44:09
ANM,,CE-Net,147,-1.7763568394002505e-15,0.0033333333333333,2025-12-05 13:44:10
ANM,,CE-Net,148,NA,0.0033333333333333,2025-12-05 13:44:10
ANM,,CE-Net,149,NA,0.0033333333333333,2025-12-05 13:44:11
ANM,,CE-Net,150,NA,0.0033333333333333,2025-12-05 13:44:11
ANM,,CE-Net,151,NA,0.0033333333333333,2025-12-05 13:44:12
ANM,,CE-Net,152,NA,0.0033333333333333,2025-12-05 13:44:12
ANM,,CE-Net,153,1.7763568394002505e-15,0.0033333333333333,2025-12-05 13:44:13
ANM,,CE-Net,154,1.7763568394002505e-15,0.0033333333333333,2025-12-05 13:44:13
ANM,,CE-Net,155,1.7763568394002505e-15,0.0033333333333333,2025-12-05 13:44:14
ANM,,CE-Net,156,NA,0.0033333333333333,2025-12-05 13:44:14
ANM,,CE-Net,157,1.7763568394002505e-15,0.0033333333333333,2025-12-05 13:44:15
ANM,,CE-Net,158,NA,0.0033333333333333,2025-12-05 13:44:15
ANM,,CE-Net,159,NA,0.0033333333333333,2025-12-05 13:44:16
ANM,,CE-Net,160,2.793321129956895e-13,0.0033333333333333,2025-12-05 13:44:16
ANM,,CE-Net,161,3.552713678800501e-15,0.0033333333333333,2025-12-05 13:44:16
ANM,,CE-Net,162,NA,0.0033333333333333,2025-12-05 13:44:17
ANM,,CE-Net,163,NA,0.0033333333333333,2025-12-05 13:44:17
ANM,,CE-Net,164,NA,0.0033333333333333,2025-12-05 13:44:18
ANM,,CE-Net,165,NA,0.0033333333333333,2025-12-05 13:44:18
ANM,,CE-Net,166,NA,0.0033333333333333,2025-12-05 13:44:19
ANM,,CE-Net,167,-1.7763568394002505e-15,0.0033333333333333,2025-12-05 13:44:19
ANM,,CE-Net,168,NA,0.0033333333333333,2025-12-05 13:44:20
ANM,,CE-Net,169,-1.3322676295501878e-15,0.0033333333333333,2025-12-05 13:44:20
ANM,,CE-Net,170,NA,0.0033333333333333,2025-12-05 13:44:21
ANM,,CE-Net,171,8.881784197001252e-16,0.0033333333333333,2025-12-05 13:44:21
ANM,,CE-Net,172,3.552713678800501e-15,0.0033333333333333,2025-12-05 13:44:22
ANM,,CE-Net,173,NA,0.0033333333333333,2025-12-05 13:44:22
ANM,,CE-Net,174,NA,0.0033333333333333,2025-12-05 13:44:23
ANM,,CE-Net,175,1.7763568394002505e-15,0.0033333333333333,2025-12-05 13:44:23
ANM,,CE-Net,176,-1.7763568394002505e-15,0.0033333333333333,2025-12-05 13:44:24
ANM,,CE-Net,177,NA,0.0033333333333333,2025-12-05 13:44:24
ANM,,CE-Net,178,NA,0.0033333333333333,2025-12-05 13:44:25
ANM,,CE-Net,179,3.552713678800501e-15,0.0033333333333333,2025-12-05 13:44:25
ANM,,CE-Net,180,NA,0.0033333333333333,2025-12-05 13:44:25
ANM,,CE-Net,181,NA,0.0033333333333333,2025-12-05 13:44:26
ANM,,CE-Net,182,-8.881784197001252e-16,0.0033333333333333,2025-12-05 13:44:26
ANM,,CE-Net,183,-1.7763568394002505e-15,0.0033333333333333,2025-12-05 13:44:27
ANM,,CE-Net,184,1.7763568394002505e-15,0.0033333333333333,2025-12-05 13:44:27
ANM,,CE-Net,185,NA,0.0033333333333333,2025-12-05 13:44:28
ANM,,CE-Net,186,2.664535259100376e-15,0.0033333333333333,2025-12-05 13:44:28
ANM,,CE-Net,187,NA,0.0033333333333333,2025-12-05 13:44:29
ANM,,CE-Net,188,4.440892098500626e-16,0.0033333333333333,2025-12-05 13:44:29
ANM,,CE-Net,189,-2.220446049250313e-16,0.0033333333333333,2025-12-05 13:44:30
ANM,,CE-Net,190,8.881784197001252e-16,0.0033333333333333,2025-12-05 13:44:30
ANM,,CE-Net,191,3.552713678800501e-15,0.0033333333333333,2025-12-05 13:44:31
ANM,,CE-Net,192,NA,0.0033333333333333,2025-12-05 13:44:31
ANM,,CE-Net,193,3.552713678800501e-15,0.0033333333333333,2025-12-05 13:44:32
ANM,,CE-Net,194,NA,0.0033333333333333,2025-12-05 13:44:32
ANM,,CE-Net,195,NA,0.0033333333333333,2025-12-05 13:44:32
ANM,,CE-Net,196,NA,0.0033333333333333,2025-12-05 13:44:33
ANM,,CE-Net,197,-3.552713678800501e-15,0.0033333333333333,2025-12-05 13:44:33
ANM,,CE-Net,198,3.552713678800501e-15,0.0033333333333333,2025-12-05 13:44:34
ANM,,CE-Net,199,4.440892098500626e-16,0.0033333333333333,2025-12-05 13:44:34
ANM,,CE-Net,200,3.552713678800501e-15,0.0033333333333333,2025-12-05 13:44:35
ANM,,CE-Net,201,NA,0.0033333333333333,2025-12-05 13:44:35
ANM,,CE-Net,202,NA,0.0033333333333333,2025-12-05 13:44:36
ANM,,CE-Net,203,NA,0.0033333333333333,2025-12-05 13:44:36
ANM,,CE-Net,204,NA,0.0033333333333333,2025-12-05 13:44:37
ANM,,CE-Net,205,8.881784197001252e-16,0.0033333333333333,2025-12-05 13:44:37
ANM,,CE-Net,206,NA,0.0033333333333333,2025-12-05 13:44:38
ANM,,CE-Net,207,NA,0.0033333333333333,2025-12-05 13:44:38
ANM,,CE-Net,208,8.881784197001252e-16,0.0033333333333333,2025-12-05 13:44:39
ANM,,CE-Net,209,NA,0.0033333333333333,2025-12-05 13:44:39
ANM,,CE-Net,210,NA,0.0033333333333333,2025-12-05 13:44:40
ANM,,CE-Net,211,NA,0.0033333333333333,2025-12-05 13:44:40
ANM,,CE-Net,212,-8.881784197001252e-16,0.0033333333333333,2025-12-05 13:44:40
ANM,,CE-Net,213,NA,0.0033333333333333,2025-12-05 13:44:41
ANM,,CE-Net,214,NA,0.0033333333333333,2025-12-05 13:44:41
ANM,,CE-Net,215,NA,0.0033333333333333,2025-12-05 13:44:42
ANM,,CE-Net,216,4.440892098500626e-16,0.0033333333333333,2025-12-05 13:44:42
ANM,,CE-Net,217,NA,0.0033333333333333,2025-12-05 13:44:43
ANM,,CE-Net,218,8.881784197001252e-16,0.0033333333333333,2025-12-05 13:44:43
ANM,,CE-Net,219,NA,0.0033333333333333,2025-12-05 13:44:44
ANM,,CE-Net,220,NA,0.0033333333333333,2025-12-05 13:44:44
ANM,,CE-Net,221,2.220446049250313e-16,0.0033333333333333,2025-12-05 13:44:45
ANM,,CE-Net,222,NA,0.0033333333333333,2025-12-05 13:44:45
ANM,,CE-Net,223,NA,0.0033333333333333,2025-12-05 13:44:46
ANM,,CE-Net,224,8.881784197001252e-16,0.0033333333333333,2025-12-05 13:44:46
ANM,,CE-Net,225,1.7763568394002505e-15,0.0033333333333333,2025-12-05 13:44:47
ANM,,CE-Net,226,6.661338147750939e-16,0.0033333333333333,2025-12-05 13:44:47
ANM,,CE-Net,227,-1.7763568394002505e-15,0.0033333333333333,2025-12-05 13:44:48
ANM,,CE-Net,228,NA,0.0033333333333333,2025-12-05 13:44:48
ANM,,CE-Net,229,1.3322676295501878e-15,0.0033333333333333,2025-12-05 13:44:49
ANM,,CE-Net,230,NA,0.0033333333333333,2025-12-05 13:44:49
ANM,,CE-Net,231,NA,0.0033333333333333,2025-12-05 13:44:49
ANM,,CE-Net,232,NA,0.0033333333333333,2025-12-05 13:44:50
ANM,,CE-Net,233,NA,0.0033333333333333,2025-12-05 13:44:50
ANM,,CE-Net,234,NA,0.0033333333333333,2025-12-05 13:44:51
ANM,,CE-Net,235,-3.552713678800501e-15,0.0033333333333333,2025-12-05 13:44:51
ANM,,CE-Net,236,NA,0.0033333333333333,2025-12-05 13:44:52
ANM,,CE-Net,237,3.552713678800501e-15,0.0033333333333333,2025-12-05 13:44:52
ANM,,CE-Net,238,4.440892098500626e-16,0.0033333333333333,2025-12-05 13:44:53
ANM,,CE-Net,239,8.881784197001252e-16,0.0033333333333333,2025-12-05 13:44:53
ANM,,CE-Net,240,NA,0.0033333333333333,2025-12-05 13:44:54
ANM,,CE-Net,241,NA,0.0033333333333333,2025-12-05 13:44:54
ANM,,CE-Net,242,-8.881784197001252e-16,0.0033333333333333,2025-12-05 13:44:55
ANM,,CE-Net,243,NA,0.0033333333333333,2025-12-05 13:44:55
ANM,,CE-Net,244,-8.881784197001252e-16,0.0033333333333333,2025-12-05 13:44:56
ANM,,CE-Net,245,NA,0.0033333333333333,2025-12-05 13:44:56
ANM,,CE-Net,246,-4.440892098500626e-16,0.0033333333333333,2025-12-05 13:44:57
ANM,,CE-Net,247,3.552713678800501e-15,0.0033333333333333,2025-12-05 13:44:57
ANM,,CE-Net,248,8.881784197001252e-16,0.0033333333333333,2025-12-05 13:44:57
ANM,,CE-Net,249,1.7763568394002505e-15,0.0033333333333333,2025-12-05 13:44:58
ANM,,CE-Net,250,-1.7763568394002505e-15,0.0033333333333333,2025-12-05 13:44:58
ANM,,CE-Net,251,3.552713678800501e-15,0.0033333333333333,2025-12-05 13:44:59
ANM,,CE-Net,252,NA,0.0033333333333333,2025-12-05 13:44:59
ANM,,CE-Net,253,NA,0.0033333333333333,2025-12-05 13:45:00
ANM,,CE-Net,254,3.552713678800501e-15,0.0033333333333333,2025-12-05 13:45:00
ANM,,CE-Net,255,1.7763568394002505e-15,0.0033333333333333,2025-12-05 13:45:01
ANM,,CE-Net,256,NA,0.0033333333333333,2025-12-05 13:45:01
ANM,,CE-Net,257,NA,0.0033333333333333,2025-12-05 13:45:02
ANM,,CE-Net,258,3.552713678800501e-15,0.0033333333333333,2025-12-05 13:45:02
ANM,,CE-Net,259,NA,0.0033333333333333,2025-12-05 13:45:03
ANM,,CE-Net,260,-3.552713678800501e-15,0.0033333333333333,2025-12-05 13:45:03
ANM,,CE-Net,261,1.3322676295501878e-15,0.0033333333333333,2025-12-05 13:45:04
ANM,,CE-Net,262,NA,0.0033333333333333,2025-12-05 13:45:04
ANM,,CE-Net,263,4.440892098500626e-16,0.0033333333333333,2025-12-05 13:45:05
ANM,,CE-Net,264,1.7763568394002505e-15,0.0033333333333333,2025-12-05 13:45:05
ANM,,CE-Net,265,-1.7763568394002505e-15,0.0033333333333333,2025-12-05 13:45:05
ANM,,CE-Net,266,NA,0.0033333333333333,2025-12-05 13:45:06
ANM,,CE-Net,267,-3.552713678800501e-15,0.0033333333333333,2025-12-05 13:45:06
ANM,,CE-Net,268,4.440892098500626e-16,0.0033333333333333,2025-12-05 13:45:07
ANM,,CE-Net,269,NA,0.0033333333333333,2025-12-05 13:45:07
ANM,,CE-Net,270,NA,0.0033333333333333,2025-12-05 13:45:08
ANM,,CE-Net,271,NA,0.0033333333333333,2025-12-05 13:45:08
ANM,,CE-Net,272,-3.552713678800501e-15,0.0033333333333333,2025-12-05 13:45:09
ANM,,CE-Net,273,NA,0.0033333333333333,2025-12-05 13:45:09
ANM,,CE-Net,274,8.881784197001252e-16,0.0033333333333333,2025-12-05 13:45:10
ANM,,CE-Net,275,7.105427357601002e-15,0.0033333333333333,2025-12-05 13:45:10
ANM,,CE-Net,276,1.7763568394002505e-15,0.0033333333333333,2025-12-05 13:45:11
ANM,,CE-Net,277,-2.664535259100376e-15,0.0033333333333333,2025-12-05 13:45:11
ANM,,CE-Net,278,NA,0.0033333333333333,2025-12-05 13:45:12
ANM,,CE-Net,279,NA,0.0033333333333333,2025-12-05 13:45:12
ANM,,CE-Net,280,NA,0.0033333333333333,2025-12-05 13:45:12
ANM,,CE-Net,281,NA,0.0033333333333333,2025-12-05 13:45:13
ANM,,CE-Net,282,NA,0.0033333333333333,2025-12-05 13:45:13
ANM,,CE-Net,283,NA,0.0033333333333333,2025-12-05 13:45:14
ANM,,CE-Net,284,NA,0.0033333333333333,2025-12-05 13:45:14
ANM,,CE-Net,285,NA,0.0033333333333333,2025-12-05 13:45:15
ANM,,CE-Net,286,NA,0.0033333333333333,2025-12-05 13:45:15
ANM,,CE-Net,287,-8.881784197001252e-16,0.0033333333333333,2025-12-05 13:45:16
ANM,,CE-Net,288,4.440892098500626e-16,0.0033333333333333,2025-12-05 13:45:16
ANM,,CE-Net,289,-1.7763568394002505e-15,0.0033333333333333,2025-12-05 13:45:17
ANM,,CE-Net,290,-3.552713678800501e-15,0.0033333333333333,2025-12-05 13:45:17
ANM,,CE-Net,291,1.3322676295501878e-15,0.0033333333333333,2025-12-05 13:45:18
ANM,,CE-Net,292,NA,0.0033333333333333,2025-12-05 13:45:18
ANM,,CE-Net,293,-8.881784197001252e-16,0.0033333333333333,2025-12-05 13:45:19
ANM,,CE-Net,294,NA,0.0033333333333333,2025-12-05 13:45:19
ANM,,CE-Net,295,-3.552713678800501e-15,0.0033333333333333,2025-12-05 13:45:19
ANM,,CE-Net,296,NA,0.0033333333333333,2025-12-05 13:45:20
ANM,,CE-Net,297,NA,0.0033333333333333,2025-12-05 13:45:20
ANM,,CE-Net,298,4.440892098500626e-16,0.0033333333333333,2025-12-05 13:45:21
ANM,,CE-Net,299,NA,0.0033333333333333,2025-12-05 13:45:21
ANM,,CE-Net,300,1.7763568394002505e-15,0.0033333333333333,2025-12-05 13:45:22
CDCI,,CE-Cha,1,0.1571928180964976,0.0033333333333333,2025-12-05 13:45:22
CDCI,,CE-Cha,2,0.1285009893534413,0.0033333333333333,2025-12-05 13:45:22
CDCI,,CE-Cha,3,0.1675418412409009,0.0033333333333333,2025-12-05 13:45:22
CDCI,,CE-Cha,4,0.0416339188510447,0.0033333333333333,2025-12-05 13:45:22
CDCI,,CE-Cha,5,0.0203070486787754,0.0033333333333333,2025-12-05 13:45:22
CDCI,,CE-Cha,6,0.1004896064823044,0.0033333333333333,2025-12-05 13:45:22
CDCI,,CE-Cha,7,-0.0105872079180748,0.0033333333333333,2025-12-05 13:45:22
CDCI,,CE-Cha,8,-0.2036832678716294,0.0033333333333333,2025-12-05 13:45:22
CDCI,,CE-Cha,9,0.053672769968732,0.0033333333333333,2025-12-05 13:45:22
CDCI,,CE-Cha,10,0.1869265005692171,0.0033333333333333,2025-12-05 13:45:22
CDCI,,CE-Cha,11,-0.0189575356035624,0.0033333333333333,2025-12-05 13:45:22
CDCI,,CE-Cha,12,0.0067910152972923,0.0033333333333333,2025-12-05 13:45:22
CDCI,,CE-Cha,13,0.1064015853125215,0.0033333333333333,2025-12-05 13:45:22
CDCI,,CE-Cha,14,-0.002279135523564,0.0033333333333333,2025-12-05 13:45:22
CDCI,,CE-Cha,15,0.0463533051136325,0.0033333333333333,2025-12-05 13:45:22
CDCI,,CE-Cha,16,0.0451655821034101,0.0033333333333333,2025-12-05 13:45:22
CDCI,,CE-Cha,17,0.0054221224451066,0.0033333333333333,2025-12-05 13:45:22
CDCI,,CE-Cha,18,0.0026024519514455,0.0033333333333333,2025-12-05 13:45:22
CDCI,,CE-Cha,19,0.0503522245656699,0.0033333333333333,2025-12-05 13:45:22
CDCI,,CE-Cha,20,0.0333664135912135,0.0033333333333333,2025-12-05 13:45:22
CDCI,,CE-Cha,21,0.1352762562655469,0.0033333333333333,2025-12-05 13:45:22
CDCI,,CE-Cha,22,0.0801452345756165,0.0033333333333333,2025-12-05 13:45:22
CDCI,,CE-Cha,23,-0.0028401770858517,0.0033333333333333,2025-12-05 13:45:22
CDCI,,CE-Cha,24,0.0063538487173213,0.0033333333333333,2025-12-05 13:45:22
CDCI,,CE-Cha,25,0.0004301194346169,0.0033333333333333,2025-12-05 13:45:22
CDCI,,CE-Cha,26,-0.0037416228414829,0.0033333333333333,2025-12-05 13:45:22
CDCI,,CE-Cha,27,0.0812937624619446,0.0033333333333333,2025-12-05 13:45:22
CDCI,,CE-Cha,28,-0.0213434745652849,0.0033333333333333,2025-12-05 13:45:22
CDCI,,CE-Cha,29,0.1475128233815389,0.0033333333333333,2025-12-05 13:45:22
CDCI,,CE-Cha,30,0.0678838162676751,0.0033333333333333,2025-12-05 13:45:23
CDCI,,CE-Cha,31,0.2728029934815409,0.0033333333333333,2025-12-05 13:45:23
CDCI,,CE-Cha,32,0.001059197184815,0.0033333333333333,2025-12-05 13:45:23
CDCI,,CE-Cha,33,-0.0463542966213052,0.0033333333333333,2025-12-05 13:45:23
CDCI,,CE-Cha,34,0.0882146342852591,0.0033333333333333,2025-12-05 13:45:23
CDCI,,CE-Cha,35,0.0358086440641453,0.0033333333333333,2025-12-05 13:45:23
CDCI,,CE-Cha,36,0.026478460984036,0.0033333333333333,2025-12-05 13:45:23
CDCI,,CE-Cha,37,0.1558945836581944,0.0033333333333333,2025-12-05 13:45:23
CDCI,,CE-Cha,38,-0.0119968683036633,0.0033333333333333,2025-12-05 13:45:23
CDCI,,CE-Cha,39,0.0396358310839529,0.0033333333333333,2025-12-05 13:45:23
CDCI,,CE-Cha,40,0.0460633590237872,0.0033333333333333,2025-12-05 13:45:23
CDCI,,CE-Cha,41,-0.0009631493178251,0.0033333333333333,2025-12-05 13:45:23
CDCI,,CE-Cha,42,-0.0445804777310319,0.0033333333333333,2025-12-05 13:45:23
CDCI,,CE-Cha,43,0.183533497263503,0.0033333333333333,2025-12-05 13:45:23
CDCI,,CE-Cha,44,0.0990657460476453,0.0033333333333333,2025-12-05 13:45:23
CDCI,,CE-Cha,45,-0.0206608413399677,0.0033333333333333,2025-12-05 13:45:23
CDCI,,CE-Cha,46,0.0592238531889094,0.0033333333333333,2025-12-05 13:45:23
CDCI,,CE-Cha,47,0.0478377422689941,0.0033333333333333,2025-12-05 13:45:23
CDCI,,CE-Cha,48,0.0687112507359892,0.0033333333333333,2025-12-05 13:45:23
CDCI,,CE-Cha,49,0.0230008627569949,0.0033333333333333,2025-12-05 13:45:23
CDCI,,CE-Cha,50,0.0344288290455455,0.0033333333333333,2025-12-05 13:45:23
CDCI,,CE-Cha,51,0.087640269663016,0.0033333333333333,2025-12-05 13:45:23
CDCI,,CE-Cha,52,0.1246515792607024,0.0033333333333333,2025-12-05 13:45:23
CDCI,,CE-Cha,53,-0.1697943220800893,0.0033333333333333,2025-12-05 13:45:23
CDCI,,CE-Cha,54,0.0006254112557915,0.0033333333333333,2025-12-05 13:45:23
CDCI,,CE-Cha,55,0.047107867078801,0.0033333333333333,2025-12-05 13:45:23
CDCI,,CE-Cha,56,-0.030157797397514,0.0033333333333333,2025-12-05 13:45:23
CDCI,,CE-Cha,57,0.059478214918499,0.0033333333333333,2025-12-05 13:45:23
CDCI,,CE-Cha,58,0.1589522050199295,0.0033333333333333,2025-12-05 13:45:23
CDCI,,CE-Cha,59,0.1959239252424714,0.0033333333333333,2025-12-05 13:45:23
CDCI,,CE-Cha,60,0.1245614381796891,0.0033333333333333,2025-12-05 13:45:23
CDCI,,CE-Cha,61,-0.0259020064309459,0.0033333333333333,2025-12-05 13:45:23
CDCI,,CE-Cha,62,0.0574324483192949,0.0033333333333333,2025-12-05 13:45:23
CDCI,,CE-Cha,63,0.153486492307426,0.0033333333333333,2025-12-05 13:45:23
CDCI,,CE-Cha,64,0.1613223724319714,0.0033333333333333,2025-12-05 13:45:23
CDCI,,CE-Cha,65,0.019082108265567,0.0033333333333333,2025-12-05 13:45:23
CDCI,,CE-Cha,66,-0.082334009689931,0.0033333333333333,2025-12-05 13:45:23
CDCI,,CE-Cha,67,-0.005412841286156,0.0033333333333333,2025-12-05 13:45:23
CDCI,,CE-Cha,68,0.0368538497831806,0.0033333333333333,2025-12-05 13:45:23
CDCI,,CE-Cha,69,0.0910597600298881,0.0033333333333333,2025-12-05 13:45:23
CDCI,,CE-Cha,70,0.1590758112886759,0.0033333333333333,2025-12-05 13:45:23
CDCI,,CE-Cha,71,0.0324350245074207,0.0033333333333333,2025-12-05 13:45:23
CDCI,,CE-Cha,72,0.0071021543835565,0.0033333333333333,2025-12-05 13:45:23
CDCI,,CE-Cha,73,-0.0173526329418819,0.0033333333333333,2025-12-05 13:45:23
CDCI,,CE-Cha,74,-0.015248394699896,0.0033333333333333,2025-12-05 13:45:24
CDCI,,CE-Cha,75,0.1541267525502633,0.0033333333333333,2025-12-05 13:45:24
CDCI,,CE-Cha,76,-0.033066979699335,0.0033333333333333,2025-12-05 13:45:24
CDCI,,CE-Cha,77,0.1620845500151499,0.0033333333333333,2025-12-05 13:45:24
CDCI,,CE-Cha,78,0.0133612625207119,0.0033333333333333,2025-12-05 13:45:24
CDCI,,CE-Cha,79,0.1031222084119513,0.0033333333333333,2025-12-05 13:45:24
CDCI,,CE-Cha,80,0.1054557741316446,0.0033333333333333,2025-12-05 13:45:24
CDCI,,CE-Cha,81,-0.0441987633370531,0.0033333333333333,2025-12-05 13:45:24
CDCI,,CE-Cha,82,-0.0052747052926305,0.0033333333333333,2025-12-05 13:45:24
CDCI,,CE-Cha,83,-0.0139586275442699,0.0033333333333333,2025-12-05 13:45:24
CDCI,,CE-Cha,84,-0.0597008492741356,0.0033333333333333,2025-12-05 13:45:24
CDCI,,CE-Cha,85,-0.0002829705376289,0.0033333333333333,2025-12-05 13:45:24
CDCI,,CE-Cha,86,-0.2812227697168382,0.0033333333333333,2025-12-05 13:45:24
CDCI,,CE-Cha,87,0.0669454670501901,0.0033333333333333,2025-12-05 13:45:24
CDCI,,CE-Cha,88,0.2669186364007844,0.0033333333333333,2025-12-05 13:45:24
CDCI,,CE-Cha,89,0.0383370523765466,0.0033333333333333,2025-12-05 13:45:24
CDCI,,CE-Cha,90,-0.0176787623321048,0.0033333333333333,2025-12-05 13:45:24
CDCI,,CE-Cha,91,-0.0091936661895135,0.0033333333333333,2025-12-05 13:45:24
CDCI,,CE-Cha,92,-0.0344908592168353,0.0033333333333333,2025-12-05 13:45:24
CDCI,,CE-Cha,93,-0.0976333260453727,0.0033333333333333,2025-12-05 13:45:24
CDCI,,CE-Cha,94,0.0741779428679897,0.0033333333333333,2025-12-05 13:45:24
CDCI,,CE-Cha,95,0.1833478009236774,0.0033333333333333,2025-12-05 13:45:24
CDCI,,CE-Cha,96,0.0553442216370659,0.0033333333333333,2025-12-05 13:45:24
CDCI,,CE-Cha,97,0.1279698397819148,0.0033333333333333,2025-12-05 13:45:24
CDCI,,CE-Cha,98,0.1704067282389069,0.0033333333333333,2025-12-05 13:45:24
CDCI,,CE-Cha,99,0.0343654874449775,0.0033333333333333,2025-12-05 13:45:24
CDCI,,CE-Cha,100,0.0748642202378374,0.0033333333333333,2025-12-05 13:45:24
CDCI,,CE-Cha,101,0.0813156018464007,0.0033333333333333,2025-12-05 13:45:24
CDCI,,CE-Cha,102,0.1719478344548674,0.0033333333333333,2025-12-05 13:45:24
CDCI,,CE-Cha,103,0.0222302839703762,0.0033333333333333,2025-12-05 13:45:24
CDCI,,CE-Cha,104,0.2590617126820872,0.0033333333333333,2025-12-05 13:45:24
CDCI,,CE-Cha,105,0.0460849706849713,0.0033333333333333,2025-12-05 13:45:24
CDCI,,CE-Cha,106,0.166090947441613,0.0033333333333333,2025-12-05 13:45:24
CDCI,,CE-Cha,107,0.0269651692976966,0.0033333333333333,2025-12-05 13:45:24
CDCI,,CE-Cha,108,0.0465871151785402,0.0033333333333333,2025-12-05 13:45:24
CDCI,,CE-Cha,109,0.0615079167132321,0.0033333333333333,2025-12-05 13:45:24
CDCI,,CE-Cha,110,0.0311519162080394,0.0033333333333333,2025-12-05 13:45:24
CDCI,,CE-Cha,111,-0.0501247410237387,0.0033333333333333,2025-12-05 13:45:24
CDCI,,CE-Cha,112,0.0336976791080034,0.0033333333333333,2025-12-05 13:45:24
CDCI,,CE-Cha,113,-0.0155375424657181,0.0033333333333333,2025-12-05 13:45:24
CDCI,,CE-Cha,114,-0.0195536454702238,0.0033333333333333,2025-12-05 13:45:24
CDCI,,CE-Cha,115,0.1768424658869374,0.0033333333333333,2025-12-05 13:45:24
CDCI,,CE-Cha,116,0.0005875480188139,0.0033333333333333,2025-12-05 13:45:24
CDCI,,CE-Cha,117,0.0503381758586883,0.0033333333333333,2025-12-05 13:45:25
CDCI,,CE-Cha,118,-0.2542216444051039,0.0033333333333333,2025-12-05 13:45:25
CDCI,,CE-Cha,119,0.0629303156740879,0.0033333333333333,2025-12-05 13:45:25
CDCI,,CE-Cha,120,-0.0146706860525754,0.0033333333333333,2025-12-05 13:45:25
CDCI,,CE-Cha,121,-0.0154537617448986,0.0033333333333333,2025-12-05 13:45:25
CDCI,,CE-Cha,122,0.1284270207103302,0.0033333333333333,2025-12-05 13:45:25
CDCI,,CE-Cha,123,0.0045068859374066,0.0033333333333333,2025-12-05 13:45:25
CDCI,,CE-Cha,124,-0.0574989034800318,0.0033333333333333,2025-12-05 13:45:25
CDCI,,CE-Cha,125,-0.232757052791809,0.0033333333333333,2025-12-05 13:45:25
CDCI,,CE-Cha,126,0.0240228575925918,0.0033333333333333,2025-12-05 13:45:25
CDCI,,CE-Cha,127,0.0282508474485541,0.0033333333333333,2025-12-05 13:45:25
CDCI,,CE-Cha,128,0.0122658309665751,0.0033333333333333,2025-12-05 13:45:25
CDCI,,CE-Cha,129,0.0652508217537888,0.0033333333333333,2025-12-05 13:45:25
CDCI,,CE-Cha,130,-0.0233607663947216,0.0033333333333333,2025-12-05 13:45:25
CDCI,,CE-Cha,131,-0.0454471678094196,0.0033333333333333,2025-12-05 13:45:25
CDCI,,CE-Cha,132,0.1262848100297099,0.0033333333333333,2025-12-05 13:45:25
CDCI,,CE-Cha,133,0.0733466259710285,0.0033333333333333,2025-12-05 13:45:25
CDCI,,CE-Cha,134,-0.0032348180898085,0.0033333333333333,2025-12-05 13:45:25
CDCI,,CE-Cha,135,0.040865410804342,0.0033333333333333,2025-12-05 13:45:25
CDCI,,CE-Cha,136,0.0176156765218881,0.0033333333333333,2025-12-05 13:45:25
CDCI,,CE-Cha,137,0.164287397166572,0.0033333333333333,2025-12-05 13:45:25
CDCI,,CE-Cha,138,0.0770530119974431,0.0033333333333333,2025-12-05 13:45:25
CDCI,,CE-Cha,139,0.0191216098607059,0.0033333333333333,2025-12-05 13:45:25
CDCI,,CE-Cha,140,-0.0229061882153781,0.0033333333333333,2025-12-05 13:45:25
CDCI,,CE-Cha,141,-0.0372348715880059,0.0033333333333333,2025-12-05 13:45:25
CDCI,,CE-Cha,142,-0.0305037145782212,0.0033333333333333,2025-12-05 13:45:25
CDCI,,CE-Cha,143,0.0173120038645686,0.0033333333333333,2025-12-05 13:45:25
CDCI,,CE-Cha,144,0.0211667011321541,0.0033333333333333,2025-12-05 13:45:25
CDCI,,CE-Cha,145,0.0017073670650586,0.0033333333333333,2025-12-05 13:45:25
CDCI,,CE-Cha,146,0.1356654093942987,0.0033333333333333,2025-12-05 13:45:25
CDCI,,CE-Cha,147,0.1416817800709742,0.0033333333333333,2025-12-05 13:45:25
CDCI,,CE-Cha,148,0.0021515763412028,0.0033333333333333,2025-12-05 13:45:25
CDCI,,CE-Cha,149,0.0723071405189691,0.0033333333333333,2025-12-05 13:45:25
CDCI,,CE-Cha,150,-0.0123266340285869,0.0033333333333333,2025-12-05 13:45:25
CDCI,,CE-Cha,151,-0.1825238044085838,0.0033333333333333,2025-12-05 13:45:25
CDCI,,CE-Cha,152,-0.0895657971011016,0.0033333333333333,2025-12-05 13:45:25
CDCI,,CE-Cha,153,-0.1911852615093135,0.0033333333333333,2025-12-05 13:45:25
CDCI,,CE-Cha,154,-0.4516460732372391,0.0033333333333333,2025-12-05 13:45:25
CDCI,,CE-Cha,155,-0.0969899361210211,0.0033333333333333,2025-12-05 13:45:25
CDCI,,CE-Cha,156,0.0290422342345856,0.0033333333333333,2025-12-05 13:45:25
CDCI,,CE-Cha,157,0.013302225975332,0.0033333333333333,2025-12-05 13:45:25
CDCI,,CE-Cha,158,-0.0304475896606946,0.0033333333333333,2025-12-05 13:45:25
CDCI,,CE-Cha,159,0.0706116679794515,0.0033333333333333,2025-12-05 13:45:26
CDCI,,CE-Cha,160,0.0204595805735817,0.0033333333333333,2025-12-05 13:45:26
CDCI,,CE-Cha,161,-0.1837392934577217,0.0033333333333333,2025-12-05 13:45:26
CDCI,,CE-Cha,162,0.1113709861749886,0.0033333333333333,2025-12-05 13:45:26
CDCI,,CE-Cha,163,0.0081534949263834,0.0033333333333333,2025-12-05 13:45:26
CDCI,,CE-Cha,164,0.0138226828082227,0.0033333333333333,2025-12-05 13:45:26
CDCI,,CE-Cha,165,-0.0648858127906744,0.0033333333333333,2025-12-05 13:45:26
CDCI,,CE-Cha,166,-0.0284147577681308,0.0033333333333333,2025-12-05 13:45:26
CDCI,,CE-Cha,167,0.0231867082111057,0.0033333333333333,2025-12-05 13:45:26
CDCI,,CE-Cha,168,0.133359438780671,0.0033333333333333,2025-12-05 13:45:26
CDCI,,CE-Cha,169,0.2334982537966996,0.0033333333333333,2025-12-05 13:45:26
CDCI,,CE-Cha,170,0.0079841400931425,0.0033333333333333,2025-12-05 13:45:26
CDCI,,CE-Cha,171,0.0859956024271147,0.0033333333333333,2025-12-05 13:45:26
CDCI,,CE-Cha,172,-0.2813058480434994,0.0033333333333333,2025-12-05 13:45:26
CDCI,,CE-Cha,173,-0.0666645319554787,0.0033333333333333,2025-12-05 13:45:26
CDCI,,CE-Cha,174,0.022567164173593,0.0033333333333333,2025-12-05 13:45:26
CDCI,,CE-Cha,175,0.0331806220161037,0.0033333333333333,2025-12-05 13:45:26
CDCI,,CE-Cha,176,0.0609968781659302,0.0033333333333333,2025-12-05 13:45:26
CDCI,,CE-Cha,177,0.0323299389512816,0.0033333333333333,2025-12-05 13:45:26
CDCI,,CE-Cha,178,-0.0135320224197152,0.0033333333333333,2025-12-05 13:45:26
CDCI,,CE-Cha,179,0.012096781481723,0.0033333333333333,2025-12-05 13:45:26
CDCI,,CE-Cha,180,-0.069666991099857,0.0033333333333333,2025-12-05 13:45:26
CDCI,,CE-Cha,181,0.0650836603848603,0.0033333333333333,2025-12-05 13:45:26
CDCI,,CE-Cha,182,-0.0186752463647811,0.0033333333333333,2025-12-05 13:45:26
CDCI,,CE-Cha,183,0.0460274063969734,0.0033333333333333,2025-12-05 13:45:26
CDCI,,CE-Cha,184,-0.1895018976374944,0.0033333333333333,2025-12-05 13:45:26
CDCI,,CE-Cha,185,-0.0088230269778498,0.0033333333333333,2025-12-05 13:45:26
CDCI,,CE-Cha,186,0.1283322797203335,0.0033333333333333,2025-12-05 13:45:26
CDCI,,CE-Cha,187,-0.074844343109915,0.0033333333333333,2025-12-05 13:45:26
CDCI,,CE-Cha,188,0.2141024767926068,0.0033333333333333,2025-12-05 13:45:26
CDCI,,CE-Cha,189,0.2520791442183405,0.0033333333333333,2025-12-05 13:45:26
CDCI,,CE-Cha,190,0.0182856796615251,0.0033333333333333,2025-12-05 13:45:26
CDCI,,CE-Cha,191,0.0981396192228903,0.0033333333333333,2025-12-05 13:45:26
CDCI,,CE-Cha,192,-8.582095618468732e-05,0.0033333333333333,2025-12-05 13:45:26
CDCI,,CE-Cha,193,-0.0115396187001671,0.0033333333333333,2025-12-05 13:45:26
CDCI,,CE-Cha,194,-0.0146625476433528,0.0033333333333333,2025-12-05 13:45:26
CDCI,,CE-Cha,195,0.0073685306304421,0.0033333333333333,2025-12-05 13:45:26
CDCI,,CE-Cha,196,0.1536376927992616,0.0033333333333333,2025-12-05 13:45:26
CDCI,,CE-Cha,197,-0.0091260686243747,0.0033333333333333,2025-12-05 13:45:26
CDCI,,CE-Cha,198,0.0264770022629382,0.0033333333333333,2025-12-05 13:45:26
CDCI,,CE-Cha,199,0.0676002388461939,0.0033333333333333,2025-12-05 13:45:26
CDCI,,CE-Cha,200,-0.0429574656356032,0.0033333333333333,2025-12-05 13:45:26
CDCI,,CE-Cha,201,0.0791216077731976,0.0033333333333333,2025-12-05 13:45:26
CDCI,,CE-Cha,202,-0.0162702396991054,0.0033333333333333,2025-12-05 13:45:26
CDCI,,CE-Cha,203,0.0587429660651956,0.0033333333333333,2025-12-05 13:45:27
CDCI,,CE-Cha,204,0.0857928349270672,0.0033333333333333,2025-12-05 13:45:27
CDCI,,CE-Cha,205,0.0839477533627635,0.0033333333333333,2025-12-05 13:45:27
CDCI,,CE-Cha,206,0.0398016648638893,0.0033333333333333,2025-12-05 13:45:27
CDCI,,CE-Cha,207,-0.1072732140586469,0.0033333333333333,2025-12-05 13:45:27
CDCI,,CE-Cha,208,0.0264309919968422,0.0033333333333333,2025-12-05 13:45:27
CDCI,,CE-Cha,209,0.0730622825511879,0.0033333333333333,2025-12-05 13:45:27
CDCI,,CE-Cha,210,0.0442003391899216,0.0033333333333333,2025-12-05 13:45:27
CDCI,,CE-Cha,211,0.0076542198377377,0.0033333333333333,2025-12-05 13:45:27
CDCI,,CE-Cha,212,0.0528693343177508,0.0033333333333333,2025-12-05 13:45:27
CDCI,,CE-Cha,213,0.142743244131197,0.0033333333333333,2025-12-05 13:45:27
CDCI,,CE-Cha,214,0.3250659211016389,0.0033333333333333,2025-12-05 13:45:27
CDCI,,CE-Cha,215,-0.0005219020177308,0.0033333333333333,2025-12-05 13:45:27
CDCI,,CE-Cha,216,0.0512939557123073,0.0033333333333333,2025-12-05 13:45:27
CDCI,,CE-Cha,217,-0.0026437505475435,0.0033333333333333,2025-12-05 13:45:27
CDCI,,CE-Cha,218,-0.040524787940855,0.0033333333333333,2025-12-05 13:45:27
CDCI,,CE-Cha,219,-0.0041388249884003,0.0033333333333333,2025-12-05 13:45:27
CDCI,,CE-Cha,220,-0.0034949455905634,0.0033333333333333,2025-12-05 13:45:27
CDCI,,CE-Cha,221,0.1037605423024629,0.0033333333333333,2025-12-05 13:45:27
CDCI,,CE-Cha,222,-0.0125027786235524,0.0033333333333333,2025-12-05 13:45:27
CDCI,,CE-Cha,223,0.0370107237287053,0.0033333333333333,2025-12-05 13:45:27
CDCI,,CE-Cha,224,0.0200046846399261,0.0033333333333333,2025-12-05 13:45:27
CDCI,,CE-Cha,225,-0.1196606597000332,0.0033333333333333,2025-12-05 13:45:27
CDCI,,CE-Cha,226,-0.1565339124502145,0.0033333333333333,2025-12-05 13:45:27
CDCI,,CE-Cha,227,0.0339939825692537,0.0033333333333333,2025-12-05 13:45:27
CDCI,,CE-Cha,228,0.2601671494910639,0.0033333333333333,2025-12-05 13:45:27
CDCI,,CE-Cha,229,0.0030507893195441,0.0033333333333333,2025-12-05 13:45:27
CDCI,,CE-Cha,230,0.0244826264514735,0.0033333333333333,2025-12-05 13:45:27
CDCI,,CE-Cha,231,-0.054148825365884,0.0033333333333333,2025-12-05 13:45:27
CDCI,,CE-Cha,232,-0.0056956437902788,0.0033333333333333,2025-12-05 13:45:27
CDCI,,CE-Cha,233,-0.151335305996212,0.0033333333333333,2025-12-05 13:45:27
CDCI,,CE-Cha,234,0.0031227087987746,0.0033333333333333,2025-12-05 13:45:27
CDCI,,CE-Cha,235,0.1102093965262156,0.0033333333333333,2025-12-05 13:45:27
CDCI,,CE-Cha,236,0.1349155850590182,0.0033333333333333,2025-12-05 13:45:27
CDCI,,CE-Cha,237,0.0019533362242094,0.0033333333333333,2025-12-05 13:45:27
CDCI,,CE-Cha,238,0.0477655060724803,0.0033333333333333,2025-12-05 13:45:27
CDCI,,CE-Cha,239,-0.0490958485399796,0.0033333333333333,2025-12-05 13:45:27
CDCI,,CE-Cha,240,-0.1254975630856894,0.0033333333333333,2025-12-05 13:45:27
CDCI,,CE-Cha,241,0.2195058360786815,0.0033333333333333,2025-12-05 13:45:27
CDCI,,CE-Cha,242,-0.029920196210743,0.0033333333333333,2025-12-05 13:45:27
CDCI,,CE-Cha,243,0.3309864475601908,0.0033333333333333,2025-12-05 13:45:27
CDCI,,CE-Cha,244,0.0275861498240359,0.0033333333333333,2025-12-05 13:45:27
CDCI,,CE-Cha,245,-0.018885395402513,0.0033333333333333,2025-12-05 13:45:27
CDCI,,CE-Cha,246,-0.0011579589693038,0.0033333333333333,2025-12-05 13:45:27
CDCI,,CE-Cha,247,0.0233796560060519,0.0033333333333333,2025-12-05 13:45:27
CDCI,,CE-Cha,248,-0.0255192388858178,0.0033333333333333,2025-12-05 13:45:27
CDCI,,CE-Cha,249,0.0311277938426103,0.0033333333333333,2025-12-05 13:45:28
CDCI,,CE-Cha,250,0.3264176326233436,0.0033333333333333,2025-12-05 13:45:28
CDCI,,CE-Cha,251,0.0172823645830816,0.0033333333333333,2025-12-05 13:45:28
CDCI,,CE-Cha,252,-0.0109643162549517,0.0033333333333333,2025-12-05 13:45:28
CDCI,,CE-Cha,253,0.0869512139950889,0.0033333333333333,2025-12-05 13:45:28
CDCI,,CE-Cha,254,0.0586636297522376,0.0033333333333333,2025-12-05 13:45:28
CDCI,,CE-Cha,255,-0.1248766934475467,0.0033333333333333,2025-12-05 13:45:28
CDCI,,CE-Cha,256,0.109504919474498,0.0033333333333333,2025-12-05 13:45:28
CDCI,,CE-Cha,257,0.1823670813433809,0.0033333333333333,2025-12-05 13:45:28
CDCI,,CE-Cha,258,0.1303771487075731,0.0033333333333333,2025-12-05 13:45:28
CDCI,,CE-Cha,259,-0.0066767460763473,0.0033333333333333,2025-12-05 13:45:28
CDCI,,CE-Cha,260,0.111359007231955,0.0033333333333333,2025-12-05 13:45:28
CDCI,,CE-Cha,261,0.1068566123170507,0.0033333333333333,2025-12-05 13:45:28
CDCI,,CE-Cha,262,0.0255955964320247,0.0033333333333333,2025-12-05 13:45:28
CDCI,,CE-Cha,263,0.0944270501380044,0.0033333333333333,2025-12-05 13:45:28
CDCI,,CE-Cha,264,-0.1116833169458882,0.0033333333333333,2025-12-05 13:45:28
CDCI,,CE-Cha,265,-0.088711604143444,0.0033333333333333,2025-12-05 13:45:28
CDCI,,CE-Cha,266,-0.0179573139301194,0.0033333333333333,2025-12-05 13:45:28
CDCI,,CE-Cha,267,0.0891354065709068,0.0033333333333333,2025-12-05 13:45:28
CDCI,,CE-Cha,268,0.0030813051721503,0.0033333333333333,2025-12-05 13:45:28
CDCI,,CE-Cha,269,0.0402558917254644,0.0033333333333333,2025-12-05 13:45:28
CDCI,,CE-Cha,270,0.1813561176212647,0.0033333333333333,2025-12-05 13:45:28
CDCI,,CE-Cha,271,0.0894445927141208,0.0033333333333333,2025-12-05 13:45:28
CDCI,,CE-Cha,272,-0.0015350978120915,0.0033333333333333,2025-12-05 13:45:28
CDCI,,CE-Cha,273,0.1659963410752649,0.0033333333333333,2025-12-05 13:45:28
CDCI,,CE-Cha,274,0.1328899426232059,0.0033333333333333,2025-12-05 13:45:28
CDCI,,CE-Cha,275,-0.0313292925128161,0.0033333333333333,2025-12-05 13:45:28
CDCI,,CE-Cha,276,0.0373570191218141,0.0033333333333333,2025-12-05 13:45:28
CDCI,,CE-Cha,277,-0.2187065415960625,0.0033333333333333,2025-12-05 13:45:28
CDCI,,CE-Cha,278,0.0206788851915058,0.0033333333333333,2025-12-05 13:45:28
CDCI,,CE-Cha,279,0.0157710433965904,0.0033333333333333,2025-12-05 13:45:28
CDCI,,CE-Cha,280,-0.0070043783794517,0.0033333333333333,2025-12-05 13:45:28
CDCI,,CE-Cha,281,0.1129348343167245,0.0033333333333333,2025-12-05 13:45:28
CDCI,,CE-Cha,282,0.0554527495232987,0.0033333333333333,2025-12-05 13:45:28
CDCI,,CE-Cha,283,-0.1856122156724171,0.0033333333333333,2025-12-05 13:45:28
CDCI,,CE-Cha,284,0.2316503990391598,0.0033333333333333,2025-12-05 13:45:28
CDCI,,CE-Cha,285,0.1687580100997408,0.0033333333333333,2025-12-05 13:45:28
CDCI,,CE-Cha,286,0.1059094721326817,0.0033333333333333,2025-12-05 13:45:28
CDCI,,CE-Cha,287,0.0040524699754268,0.0033333333333333,2025-12-05 13:45:28
CDCI,,CE-Cha,288,0.0639933306001386,0.0033333333333333,2025-12-05 13:45:28
CDCI,,CE-Cha,289,0.0755109711650712,0.0033333333333333,2025-12-05 13:45:28
CDCI,,CE-Cha,290,-0.0391615783873636,0.0033333333333333,2025-12-05 13:45:28
CDCI,,CE-Cha,291,-0.0805808214021758,0.0033333333333333,2025-12-05 13:45:28
CDCI,,CE-Cha,292,0.0102820956026122,0.0033333333333333,2025-12-05 13:45:28
CDCI,,CE-Cha,293,0.1581241874890207,0.0033333333333333,2025-12-05 13:45:28
CDCI,,CE-Cha,294,0.2319173096198371,0.0033333333333333,2025-12-05 13:45:29
CDCI,,CE-Cha,295,0.0255702808647085,0.0033333333333333,2025-12-05 13:45:29
CDCI,,CE-Cha,296,0.0019000250735994,0.0033333333333333,2025-12-05 13:45:29
CDCI,,CE-Cha,297,0.000973725983531,0.0033333333333333,2025-12-05 13:45:29
CDCI,,CE-Cha,298,0.002253027545404,0.0033333333333333,2025-12-05 13:45:29
CDCI,,CE-Cha,299,0.0126433049270235,0.0033333333333333,2025-12-05 13:45:29
CDCI,,CE-Cha,300,-0.010077780755706,0.0033333333333333,2025-12-05 13:45:29
CDCI,,CE-Gauss,1,-0.0158640424233915,0.0033333333333333,2025-12-05 13:45:29
CDCI,,CE-Gauss,2,0.2706368618247212,0.0033333333333333,2025-12-05 13:45:29
CDCI,,CE-Gauss,3,0.1488286984112709,0.0033333333333333,2025-12-05 13:45:29
CDCI,,CE-Gauss,4,0.0077641131001051,0.0033333333333333,2025-12-05 13:45:29
CDCI,,CE-Gauss,5,0.0118825773087519,0.0033333333333333,2025-12-05 13:45:29
CDCI,,CE-Gauss,6,0.1573725556479746,0.0033333333333333,2025-12-05 13:45:29
CDCI,,CE-Gauss,7,0.0519972382903499,0.0033333333333333,2025-12-05 13:45:29
CDCI,,CE-Gauss,8,-0.0321169965038023,0.0033333333333333,2025-12-05 13:45:29
CDCI,,CE-Gauss,9,0.0536630335281888,0.0033333333333333,2025-12-05 13:45:29
CDCI,,CE-Gauss,10,-0.0166522266678942,0.0033333333333333,2025-12-05 13:45:29
CDCI,,CE-Gauss,11,0.1049252976561326,0.0033333333333333,2025-12-05 13:45:29
CDCI,,CE-Gauss,12,0.0847081952559144,0.0033333333333333,2025-12-05 13:45:29
CDCI,,CE-Gauss,13,-0.0236675801406732,0.0033333333333333,2025-12-05 13:45:29
CDCI,,CE-Gauss,14,0.0983425518282383,0.0033333333333333,2025-12-05 13:45:29
CDCI,,CE-Gauss,15,0.0913318157656932,0.0033333333333333,2025-12-05 13:45:29
CDCI,,CE-Gauss,16,0.008238385927648,0.0033333333333333,2025-12-05 13:45:29
CDCI,,CE-Gauss,17,0.1963730308974081,0.0033333333333333,2025-12-05 13:45:29
CDCI,,CE-Gauss,18,0.1892142833380642,0.0033333333333333,2025-12-05 13:45:29
CDCI,,CE-Gauss,19,0.0179615233808439,0.0033333333333333,2025-12-05 13:45:29
CDCI,,CE-Gauss,20,0.1205989165600604,0.0033333333333333,2025-12-05 13:45:29
CDCI,,CE-Gauss,21,0.0221053557962244,0.0033333333333333,2025-12-05 13:45:29
CDCI,,CE-Gauss,22,0.0318083194887316,0.0033333333333333,2025-12-05 13:45:29
CDCI,,CE-Gauss,23,0.0421356924751771,0.0033333333333333,2025-12-05 13:45:29
CDCI,,CE-Gauss,24,-0.0275011397297661,0.0033333333333333,2025-12-05 13:45:29
CDCI,,CE-Gauss,25,-0.0033384902726574,0.0033333333333333,2025-12-05 13:45:29
CDCI,,CE-Gauss,26,0.1080456460661428,0.0033333333333333,2025-12-05 13:45:29
CDCI,,CE-Gauss,27,0.0799117408779996,0.0033333333333333,2025-12-05 13:45:29
CDCI,,CE-Gauss,28,0.1000608470758782,0.0033333333333333,2025-12-05 13:45:29
CDCI,,CE-Gauss,29,0.0310632492305657,0.0033333333333333,2025-12-05 13:45:29
CDCI,,CE-Gauss,30,0.1448915591704258,0.0033333333333333,2025-12-05 13:45:29
CDCI,,CE-Gauss,31,-0.0059500884813916,0.0033333333333333,2025-12-05 13:45:29
CDCI,,CE-Gauss,32,0.2091165111776828,0.0033333333333333,2025-12-05 13:45:29
CDCI,,CE-Gauss,33,0.0740734300909286,0.0033333333333333,2025-12-05 13:45:29
CDCI,,CE-Gauss,34,0.0164100466024346,0.0033333333333333,2025-12-05 13:45:29
CDCI,,CE-Gauss,35,0.0452714620801524,0.0033333333333333,2025-12-05 13:45:29
CDCI,,CE-Gauss,36,0.0099745887881218,0.0033333333333333,2025-12-05 13:45:29
CDCI,,CE-Gauss,37,0.11428059938788,0.0033333333333333,2025-12-05 13:45:30
CDCI,,CE-Gauss,38,0.0508238022793322,0.0033333333333333,2025-12-05 13:45:30
CDCI,,CE-Gauss,39,0.1155164758429791,0.0033333333333333,2025-12-05 13:45:30
CDCI,,CE-Gauss,40,-0.0316753162017678,0.0033333333333333,2025-12-05 13:45:30
CDCI,,CE-Gauss,41,0.1791221975260203,0.0033333333333333,2025-12-05 13:45:30
CDCI,,CE-Gauss,42,0.0277488508593202,0.0033333333333333,2025-12-05 13:45:30
CDCI,,CE-Gauss,43,0.0852867544860148,0.0033333333333333,2025-12-05 13:45:30
CDCI,,CE-Gauss,44,-0.0360571495704849,0.0033333333333333,2025-12-05 13:45:30
CDCI,,CE-Gauss,45,0.1228726341814086,0.0033333333333333,2025-12-05 13:45:30
CDCI,,CE-Gauss,46,0.094305757535185,0.0033333333333333,2025-12-05 13:45:30
CDCI,,CE-Gauss,47,0.1175021708667792,0.0033333333333333,2025-12-05 13:45:30
CDCI,,CE-Gauss,48,0.0599101057787158,0.0033333333333333,2025-12-05 13:45:30
CDCI,,CE-Gauss,49,-0.0069683458864301,0.0033333333333333,2025-12-05 13:45:30
CDCI,,CE-Gauss,50,-0.0125521907458961,0.0033333333333333,2025-12-05 13:45:30
CDCI,,CE-Gauss,51,0.0673509979058955,0.0033333333333333,2025-12-05 13:45:30
CDCI,,CE-Gauss,52,0.0465704539330411,0.0033333333333333,2025-12-05 13:45:30
CDCI,,CE-Gauss,53,-0.0141010155932254,0.0033333333333333,2025-12-05 13:45:30
CDCI,,CE-Gauss,54,0.067981965220186,0.0033333333333333,2025-12-05 13:45:30
CDCI,,CE-Gauss,55,0.1818897605166008,0.0033333333333333,2025-12-05 13:45:30
CDCI,,CE-Gauss,56,-0.0130673939673798,0.0033333333333333,2025-12-05 13:45:30
CDCI,,CE-Gauss,57,0.0247829451579686,0.0033333333333333,2025-12-05 13:45:30
CDCI,,CE-Gauss,58,0.0340170238511409,0.0033333333333333,2025-12-05 13:45:30
CDCI,,CE-Gauss,59,0.1496683532802236,0.0033333333333333,2025-12-05 13:45:30
CDCI,,CE-Gauss,60,-0.0142604253506538,0.0033333333333333,2025-12-05 13:45:30
CDCI,,CE-Gauss,61,-0.0015375328208608,0.0033333333333333,2025-12-05 13:45:30
CDCI,,CE-Gauss,62,0.0873409596214017,0.0033333333333333,2025-12-05 13:45:30
CDCI,,CE-Gauss,63,0.0169507877845342,0.0033333333333333,2025-12-05 13:45:30
CDCI,,CE-Gauss,64,0.0519717022644037,0.0033333333333333,2025-12-05 13:45:30
CDCI,,CE-Gauss,65,0.0673404744773189,0.0033333333333333,2025-12-05 13:45:30
CDCI,,CE-Gauss,66,0.0069544953105969,0.0033333333333333,2025-12-05 13:45:30
CDCI,,CE-Gauss,67,0.0634478354161467,0.0033333333333333,2025-12-05 13:45:30
CDCI,,CE-Gauss,68,-0.0226692583193708,0.0033333333333333,2025-12-05 13:45:30
CDCI,,CE-Gauss,69,-0.0176485035625585,0.0033333333333333,2025-12-05 13:45:30
CDCI,,CE-Gauss,70,0.0725582971961733,0.0033333333333333,2025-12-05 13:45:30
CDCI,,CE-Gauss,71,0.0226264783612957,0.0033333333333333,2025-12-05 13:45:30
CDCI,,CE-Gauss,72,0.181101873487745,0.0033333333333333,2025-12-05 13:45:30
CDCI,,CE-Gauss,73,0.0608704242915974,0.0033333333333333,2025-12-05 13:45:30
CDCI,,CE-Gauss,74,0.1585083565798767,0.0033333333333333,2025-12-05 13:45:30
CDCI,,CE-Gauss,75,0.1087416952859515,0.0033333333333333,2025-12-05 13:45:30
CDCI,,CE-Gauss,76,0.0578832124645153,0.0033333333333333,2025-12-05 13:45:30
CDCI,,CE-Gauss,77,0.0195480887438373,0.0033333333333333,2025-12-05 13:45:30
CDCI,,CE-Gauss,78,-0.0231866010736731,0.0033333333333333,2025-12-05 13:45:30
CDCI,,CE-Gauss,79,0.0366703540906006,0.0033333333333333,2025-12-05 13:45:30
CDCI,,CE-Gauss,80,0.0065236994985732,0.0033333333333333,2025-12-05 13:45:30
CDCI,,CE-Gauss,81,0.1457493878011978,0.0033333333333333,2025-12-05 13:45:30
CDCI,,CE-Gauss,82,0.1619183182831758,0.0033333333333333,2025-12-05 13:45:30
CDCI,,CE-Gauss,83,0.2400170770689206,0.0033333333333333,2025-12-05 13:45:30
CDCI,,CE-Gauss,84,-0.0039793466910197,0.0033333333333333,2025-12-05 13:45:31
CDCI,,CE-Gauss,85,-0.0337552210698123,0.0033333333333333,2025-12-05 13:45:31
CDCI,,CE-Gauss,86,0.1478646459342345,0.0033333333333333,2025-12-05 13:45:31
CDCI,,CE-Gauss,87,0.0704992282804958,0.0033333333333333,2025-12-05 13:45:31
CDCI,,CE-Gauss,88,0.0444430866628258,0.0033333333333333,2025-12-05 13:45:31
CDCI,,CE-Gauss,89,0.0391218357304595,0.0033333333333333,2025-12-05 13:45:31
CDCI,,CE-Gauss,90,0.177766765507089,0.0033333333333333,2025-12-05 13:45:31
CDCI,,CE-Gauss,91,0.2161419438382542,0.0033333333333333,2025-12-05 13:45:31
CDCI,,CE-Gauss,92,0.021963200084074,0.0033333333333333,2025-12-05 13:45:31
CDCI,,CE-Gauss,93,0.1141851245543212,0.0033333333333333,2025-12-05 13:45:31
CDCI,,CE-Gauss,94,0.0604395338867894,0.0033333333333333,2025-12-05 13:45:31
CDCI,,CE-Gauss,95,0.0205842714195352,0.0033333333333333,2025-12-05 13:45:31
CDCI,,CE-Gauss,96,0.0935736440827443,0.0033333333333333,2025-12-05 13:45:31
CDCI,,CE-Gauss,97,0.0951766823908628,0.0033333333333333,2025-12-05 13:45:31
CDCI,,CE-Gauss,98,0.0182140885555197,0.0033333333333333,2025-12-05 13:45:31
CDCI,,CE-Gauss,99,0.0953041516660484,0.0033333333333333,2025-12-05 13:45:31
CDCI,,CE-Gauss,100,-0.0111038649049539,0.0033333333333333,2025-12-05 13:45:31
CDCI,,CE-Gauss,101,0.0036837771353044,0.0033333333333333,2025-12-05 13:45:31
CDCI,,CE-Gauss,102,0.050724724374113,0.0033333333333333,2025-12-05 13:45:31
CDCI,,CE-Gauss,103,0.0920652184041935,0.0033333333333333,2025-12-05 13:45:31
CDCI,,CE-Gauss,104,0.1065701281995279,0.0033333333333333,2025-12-05 13:45:31
CDCI,,CE-Gauss,105,-0.0075106207406182,0.0033333333333333,2025-12-05 13:45:31
CDCI,,CE-Gauss,106,0.1234302795119802,0.0033333333333333,2025-12-05 13:45:31
CDCI,,CE-Gauss,107,0.1662049463404215,0.0033333333333333,2025-12-05 13:45:31
CDCI,,CE-Gauss,108,0.101948301578714,0.0033333333333333,2025-12-05 13:45:31
CDCI,,CE-Gauss,109,0.0510980076741253,0.0033333333333333,2025-12-05 13:45:31
CDCI,,CE-Gauss,110,0.0715367970963891,0.0033333333333333,2025-12-05 13:45:31
CDCI,,CE-Gauss,111,-0.0050426756573839,0.0033333333333333,2025-12-05 13:45:31
CDCI,,CE-Gauss,112,0.0830248281249064,0.0033333333333333,2025-12-05 13:45:31
CDCI,,CE-Gauss,113,0.0059017917561594,0.0033333333333333,2025-12-05 13:45:31
CDCI,,CE-Gauss,114,0.1113615374903561,0.0033333333333333,2025-12-05 13:45:31
CDCI,,CE-Gauss,115,0.0925241231804163,0.0033333333333333,2025-12-05 13:45:31
CDCI,,CE-Gauss,116,0.0122264572074518,0.0033333333333333,2025-12-05 13:45:31
CDCI,,CE-Gauss,117,0.2049406242421114,0.0033333333333333,2025-12-05 13:45:31
CDCI,,CE-Gauss,118,-0.0238905968312949,0.0033333333333333,2025-12-05 13:45:31
CDCI,,CE-Gauss,119,0.0267997395633006,0.0033333333333333,2025-12-05 13:45:31
CDCI,,CE-Gauss,120,0.1447580446993106,0.0033333333333333,2025-12-05 13:45:31
CDCI,,CE-Gauss,121,0.1065499019283587,0.0033333333333333,2025-12-05 13:45:31
CDCI,,CE-Gauss,122,0.0423702918208175,0.0033333333333333,2025-12-05 13:45:31
CDCI,,CE-Gauss,123,0.0060229541834094,0.0033333333333333,2025-12-05 13:45:31
CDCI,,CE-Gauss,124,0.0641419360617669,0.0033333333333333,2025-12-05 13:45:31
CDCI,,CE-Gauss,125,0.0399459302975634,0.0033333333333333,2025-12-05 13:45:31
CDCI,,CE-Gauss,126,-0.0021551622224455,0.0033333333333333,2025-12-05 13:45:31
CDCI,,CE-Gauss,127,0.0901193928583436,0.0033333333333333,2025-12-05 13:45:31
CDCI,,CE-Gauss,128,0.0140454560188506,0.0033333333333333,2025-12-05 13:45:31
CDCI,,CE-Gauss,129,0.022244267792227,0.0033333333333333,2025-12-05 13:45:32
CDCI,,CE-Gauss,130,0.0203661807019264,0.0033333333333333,2025-12-05 13:45:32
CDCI,,CE-Gauss,131,0.0163880142645409,0.0033333333333333,2025-12-05 13:45:32
CDCI,,CE-Gauss,132,0.118843225122149,0.0033333333333333,2025-12-05 13:45:32
CDCI,,CE-Gauss,133,0.1060578393333022,0.0033333333333333,2025-12-05 13:45:32
CDCI,,CE-Gauss,134,0.081415110880297,0.0033333333333333,2025-12-05 13:45:32
CDCI,,CE-Gauss,135,0.0722252828456414,0.0033333333333333,2025-12-05 13:45:32
CDCI,,CE-Gauss,136,0.0224365256778835,0.0033333333333333,2025-12-05 13:45:32
CDCI,,CE-Gauss,137,0.1836874562558562,0.0033333333333333,2025-12-05 13:45:32
CDCI,,CE-Gauss,138,0.0276577845583139,0.0033333333333333,2025-12-05 13:45:32
CDCI,,CE-Gauss,139,0.0282245782667435,0.0033333333333333,2025-12-05 13:45:32
CDCI,,CE-Gauss,140,0.0450069453659831,0.0033333333333333,2025-12-05 13:45:32
CDCI,,CE-Gauss,141,0.0813791156578786,0.0033333333333333,2025-12-05 13:45:32
CDCI,,CE-Gauss,142,0.071410350567947,0.0033333333333333,2025-12-05 13:45:32
CDCI,,CE-Gauss,143,-0.0152661322952228,0.0033333333333333,2025-12-05 13:45:32
CDCI,,CE-Gauss,144,0.087282673143152,0.0033333333333333,2025-12-05 13:45:32
CDCI,,CE-Gauss,145,0.0991699720396862,0.0033333333333333,2025-12-05 13:45:32
CDCI,,CE-Gauss,146,0.0347613417004936,0.0033333333333333,2025-12-05 13:45:32
CDCI,,CE-Gauss,147,0.0239302764462953,0.0033333333333333,2025-12-05 13:45:32
CDCI,,CE-Gauss,148,0.0972402245067029,0.0033333333333333,2025-12-05 13:45:32
CDCI,,CE-Gauss,149,0.0162987051036967,0.0033333333333333,2025-12-05 13:45:32
CDCI,,CE-Gauss,150,0.024038211405181,0.0033333333333333,2025-12-05 13:45:32
CDCI,,CE-Gauss,151,0.014597274753287,0.0033333333333333,2025-12-05 13:45:32
CDCI,,CE-Gauss,152,0.0194337580522532,0.0033333333333333,2025-12-05 13:45:32
CDCI,,CE-Gauss,153,0.0858628975724698,0.0033333333333333,2025-12-05 13:45:32
CDCI,,CE-Gauss,154,0.1397440677729398,0.0033333333333333,2025-12-05 13:45:32
CDCI,,CE-Gauss,155,0.0497325942413583,0.0033333333333333,2025-12-05 13:45:32
CDCI,,CE-Gauss,156,0.0172723781985796,0.0033333333333333,2025-12-05 13:45:32
CDCI,,CE-Gauss,157,0.0114706622671684,0.0033333333333333,2025-12-05 13:45:32
CDCI,,CE-Gauss,158,0.0862117432357764,0.0033333333333333,2025-12-05 13:45:32
CDCI,,CE-Gauss,159,0.020956608637036,0.0033333333333333,2025-12-05 13:45:32
CDCI,,CE-Gauss,160,0.1025348541675596,0.0033333333333333,2025-12-05 13:45:32
CDCI,,CE-Gauss,161,0.0497714216113584,0.0033333333333333,2025-12-05 13:45:32
CDCI,,CE-Gauss,162,-0.0194289486791188,0.0033333333333333,2025-12-05 13:45:32
CDCI,,CE-Gauss,163,0.0383145697681225,0.0033333333333333,2025-12-05 13:45:32
CDCI,,CE-Gauss,164,0.1840974878247875,0.0033333333333333,2025-12-05 13:45:32
CDCI,,CE-Gauss,165,0.1428942954420727,0.0033333333333333,2025-12-05 13:45:32
CDCI,,CE-Gauss,166,-0.0451966347728575,0.0033333333333333,2025-12-05 13:45:32
CDCI,,CE-Gauss,167,0.0775779974729755,0.0033333333333333,2025-12-05 13:45:32
CDCI,,CE-Gauss,168,0.0209791630879259,0.0033333333333333,2025-12-05 13:45:32
CDCI,,CE-Gauss,169,0.2143253469445132,0.0033333333333333,2025-12-05 13:45:32
CDCI,,CE-Gauss,170,-0.0651623517108119,0.0033333333333333,2025-12-05 13:45:32
CDCI,,CE-Gauss,171,0.0083445868992586,0.0033333333333333,2025-12-05 13:45:32
CDCI,,CE-Gauss,172,0.0128002354181712,0.0033333333333333,2025-12-05 13:45:32
CDCI,,CE-Gauss,173,0.1411770920141822,0.0033333333333333,2025-12-05 13:45:32
CDCI,,CE-Gauss,174,0.101386276417893,0.0033333333333333,2025-12-05 13:45:33
CDCI,,CE-Gauss,175,0.0161879409287417,0.0033333333333333,2025-12-05 13:45:33
CDCI,,CE-Gauss,176,0.1240287959495963,0.0033333333333333,2025-12-05 13:45:33
CDCI,,CE-Gauss,177,0.034388163169798,0.0033333333333333,2025-12-05 13:45:33
CDCI,,CE-Gauss,178,0.1373388052992477,0.0033333333333333,2025-12-05 13:45:33
CDCI,,CE-Gauss,179,0.0381725727957774,0.0033333333333333,2025-12-05 13:45:33
CDCI,,CE-Gauss,180,-0.0373792619953316,0.0033333333333333,2025-12-05 13:45:33
CDCI,,CE-Gauss,181,0.1120992577717624,0.0033333333333333,2025-12-05 13:45:33
CDCI,,CE-Gauss,182,0.0769974012870071,0.0033333333333333,2025-12-05 13:45:33
CDCI,,CE-Gauss,183,0.0468929274731538,0.0033333333333333,2025-12-05 13:45:33
CDCI,,CE-Gauss,184,0.085469342473258,0.0033333333333333,2025-12-05 13:45:33
CDCI,,CE-Gauss,185,0.0025215629871552,0.0033333333333333,2025-12-05 13:45:33
CDCI,,CE-Gauss,186,0.0912920999924847,0.0033333333333333,2025-12-05 13:45:33
CDCI,,CE-Gauss,187,0.1280526180645796,0.0033333333333333,2025-12-05 13:45:33
CDCI,,CE-Gauss,188,0.1020073498657465,0.0033333333333333,2025-12-05 13:45:33
CDCI,,CE-Gauss,189,-0.0535567379107701,0.0033333333333333,2025-12-05 13:45:33
CDCI,,CE-Gauss,190,-0.0051911257783492,0.0033333333333333,2025-12-05 13:45:33
CDCI,,CE-Gauss,191,0.1026942626073501,0.0033333333333333,2025-12-05 13:45:33
CDCI,,CE-Gauss,192,0.1060526161906639,0.0033333333333333,2025-12-05 13:45:33
CDCI,,CE-Gauss,193,0.0254081724750289,0.0033333333333333,2025-12-05 13:45:33
CDCI,,CE-Gauss,194,0.0237664784392742,0.0033333333333333,2025-12-05 13:45:33
CDCI,,CE-Gauss,195,-0.0188805847818616,0.0033333333333333,2025-12-05 13:45:33
CDCI,,CE-Gauss,196,0.1569257856210179,0.0033333333333333,2025-12-05 13:45:33
CDCI,,CE-Gauss,197,0.1503852000352241,0.0033333333333333,2025-12-05 13:45:33
CDCI,,CE-Gauss,198,0.1311086696133115,0.0033333333333333,2025-12-05 13:45:33
CDCI,,CE-Gauss,199,0.0986067456935757,0.0033333333333333,2025-12-05 13:45:33
CDCI,,CE-Gauss,200,0.0978961920130014,0.0033333333333333,2025-12-05 13:45:33
CDCI,,CE-Gauss,201,-0.0374608590885789,0.0033333333333333,2025-12-05 13:45:33
CDCI,,CE-Gauss,202,-0.0342458847105128,0.0033333333333333,2025-12-05 13:45:33
CDCI,,CE-Gauss,203,0.0933852926037222,0.0033333333333333,2025-12-05 13:45:33
CDCI,,CE-Gauss,204,-0.0683445668074968,0.0033333333333333,2025-12-05 13:45:33
CDCI,,CE-Gauss,205,-0.0161630758517143,0.0033333333333333,2025-12-05 13:45:33
CDCI,,CE-Gauss,206,0.0419004263875549,0.0033333333333333,2025-12-05 13:45:33
CDCI,,CE-Gauss,207,0.0265723599988309,0.0033333333333333,2025-12-05 13:45:33
CDCI,,CE-Gauss,208,0.0184915898921329,0.0033333333333333,2025-12-05 13:45:33
CDCI,,CE-Gauss,209,0.0973673458285038,0.0033333333333333,2025-12-05 13:45:33
CDCI,,CE-Gauss,210,-0.0302644190017723,0.0033333333333333,2025-12-05 13:45:33
CDCI,,CE-Gauss,211,0.1855327651718604,0.0033333333333333,2025-12-05 13:45:33
CDCI,,CE-Gauss,212,0.0417825012491514,0.0033333333333333,2025-12-05 13:45:33
CDCI,,CE-Gauss,213,0.1466804919644636,0.0033333333333333,2025-12-05 13:45:33
CDCI,,CE-Gauss,214,0.1016242947983528,0.0033333333333333,2025-12-05 13:45:33
CDCI,,CE-Gauss,215,0.0771012135208888,0.0033333333333333,2025-12-05 13:45:33
CDCI,,CE-Gauss,216,0.1954041096534002,0.0033333333333333,2025-12-05 13:45:33
CDCI,,CE-Gauss,217,0.0715631183618326,0.0033333333333333,2025-12-05 13:45:33
CDCI,,CE-Gauss,218,-0.0174766288211543,0.0033333333333333,2025-12-05 13:45:34
CDCI,,CE-Gauss,219,-0.0104707206833204,0.0033333333333333,2025-12-05 13:45:34
CDCI,,CE-Gauss,220,0.0249179192775967,0.0033333333333333,2025-12-05 13:45:34
CDCI,,CE-Gauss,221,0.1326432287090121,0.0033333333333333,2025-12-05 13:45:34
CDCI,,CE-Gauss,222,0.0544561519688578,0.0033333333333333,2025-12-05 13:45:34
CDCI,,CE-Gauss,223,0.085356694118954,0.0033333333333333,2025-12-05 13:45:34
CDCI,,CE-Gauss,224,-0.0350642533250144,0.0033333333333333,2025-12-05 13:45:34
CDCI,,CE-Gauss,225,-0.0394445541114764,0.0033333333333333,2025-12-05 13:45:34
CDCI,,CE-Gauss,226,0.0603602456307074,0.0033333333333333,2025-12-05 13:45:34
CDCI,,CE-Gauss,227,0.0390492172110443,0.0033333333333333,2025-12-05 13:45:34
CDCI,,CE-Gauss,228,0.0011719190216307,0.0033333333333333,2025-12-05 13:45:34
CDCI,,CE-Gauss,229,0.0582893487424844,0.0033333333333333,2025-12-05 13:45:34
CDCI,,CE-Gauss,230,0.0869642570151248,0.0033333333333333,2025-12-05 13:45:34
CDCI,,CE-Gauss,231,0.0557086122638074,0.0033333333333333,2025-12-05 13:45:34
CDCI,,CE-Gauss,232,0.0090040015508472,0.0033333333333333,2025-12-05 13:45:34
CDCI,,CE-Gauss,233,0.0555063097593463,0.0033333333333333,2025-12-05 13:45:34
CDCI,,CE-Gauss,234,0.2038320577691816,0.0033333333333333,2025-12-05 13:45:34
CDCI,,CE-Gauss,235,0.0649132850918329,0.0033333333333333,2025-12-05 13:45:34
CDCI,,CE-Gauss,236,0.0087848051161202,0.0033333333333333,2025-12-05 13:45:34
CDCI,,CE-Gauss,237,0.0826907832528142,0.0033333333333333,2025-12-05 13:45:34
CDCI,,CE-Gauss,238,-0.0907718870524685,0.0033333333333333,2025-12-05 13:45:34
CDCI,,CE-Gauss,239,0.1779456103544889,0.0033333333333333,2025-12-05 13:45:34
CDCI,,CE-Gauss,240,0.1282894378337168,0.0033333333333333,2025-12-05 13:45:34
CDCI,,CE-Gauss,241,0.0088174225111023,0.0033333333333333,2025-12-05 13:45:34
CDCI,,CE-Gauss,242,0.0782978151304934,0.0033333333333333,2025-12-05 13:45:34
CDCI,,CE-Gauss,243,0.0270439837838435,0.0033333333333333,2025-12-05 13:45:34
CDCI,,CE-Gauss,244,0.1101006932094914,0.0033333333333333,2025-12-05 13:45:34
CDCI,,CE-Gauss,245,-0.0798864766044893,0.0033333333333333,2025-12-05 13:45:34
CDCI,,CE-Gauss,246,0.0752695608715742,0.0033333333333333,2025-12-05 13:45:34
CDCI,,CE-Gauss,247,0.1905634234100298,0.0033333333333333,2025-12-05 13:45:34
CDCI,,CE-Gauss,248,-0.0018568937052256,0.0033333333333333,2025-12-05 13:45:34
CDCI,,CE-Gauss,249,0.0691681403281267,0.0033333333333333,2025-12-05 13:45:34
CDCI,,CE-Gauss,250,0.0233463012731238,0.0033333333333333,2025-12-05 13:45:34
CDCI,,CE-Gauss,251,0.194803831147164,0.0033333333333333,2025-12-05 13:45:34
CDCI,,CE-Gauss,252,0.0377678609318209,0.0033333333333333,2025-12-05 13:45:34
CDCI,,CE-Gauss,253,0.0277846122898244,0.0033333333333333,2025-12-05 13:45:34
CDCI,,CE-Gauss,254,-0.0256786499495389,0.0033333333333333,2025-12-05 13:45:34
CDCI,,CE-Gauss,255,-0.0303051214438192,0.0033333333333333,2025-12-05 13:45:34
CDCI,,CE-Gauss,256,0.1013537691132721,0.0033333333333333,2025-12-05 13:45:34
CDCI,,CE-Gauss,257,0.0155958001897709,0.0033333333333333,2025-12-05 13:45:34
CDCI,,CE-Gauss,258,-0.0101150580163439,0.0033333333333333,2025-12-05 13:45:34
CDCI,,CE-Gauss,259,0.2618189285652962,0.0033333333333333,2025-12-05 13:45:35
CDCI,,CE-Gauss,260,0.2864515118309156,0.0033333333333333,2025-12-05 13:45:35
CDCI,,CE-Gauss,261,-0.0549888055237868,0.0033333333333333,2025-12-05 13:45:35
CDCI,,CE-Gauss,262,0.0889476466589461,0.0033333333333333,2025-12-05 13:45:35
CDCI,,CE-Gauss,263,0.0435769600064971,0.0033333333333333,2025-12-05 13:45:35
CDCI,,CE-Gauss,264,0.1521013200380284,0.0033333333333333,2025-12-05 13:45:35
CDCI,,CE-Gauss,265,0.1721149757819714,0.0033333333333333,2025-12-05 13:45:35
CDCI,,CE-Gauss,266,0.0237184656876463,0.0033333333333333,2025-12-05 13:45:35
CDCI,,CE-Gauss,267,0.0043818977195234,0.0033333333333333,2025-12-05 13:45:35
CDCI,,CE-Gauss,268,0.0782637873671579,0.0033333333333333,2025-12-05 13:45:35
CDCI,,CE-Gauss,269,0.0804491399520086,0.0033333333333333,2025-12-05 13:45:35
CDCI,,CE-Gauss,270,0.0135383211181491,0.0033333333333333,2025-12-05 13:45:35
CDCI,,CE-Gauss,271,0.0168408366211135,0.0033333333333333,2025-12-05 13:45:35
CDCI,,CE-Gauss,272,0.1306258371580629,0.0033333333333333,2025-12-05 13:45:35
CDCI,,CE-Gauss,273,0.1622413499928669,0.0033333333333333,2025-12-05 13:45:35
CDCI,,CE-Gauss,274,0.1397179715015692,0.0033333333333333,2025-12-05 13:45:35
CDCI,,CE-Gauss,275,-0.0049604007562894,0.0033333333333333,2025-12-05 13:45:35
CDCI,,CE-Gauss,276,0.1828659379790047,0.0033333333333333,2025-12-05 13:45:35
CDCI,,CE-Gauss,277,0.1408292294122074,0.0033333333333333,2025-12-05 13:45:35
CDCI,,CE-Gauss,278,0.1123422797631555,0.0033333333333333,2025-12-05 13:45:35
CDCI,,CE-Gauss,279,0.0109735745539967,0.0033333333333333,2025-12-05 13:45:35
CDCI,,CE-Gauss,280,0.0942839439067972,0.0033333333333333,2025-12-05 13:45:35
CDCI,,CE-Gauss,281,0.0801005795814792,0.0033333333333333,2025-12-05 13:45:35
CDCI,,CE-Gauss,282,0.0436869916827851,0.0033333333333333,2025-12-05 13:45:35
CDCI,,CE-Gauss,283,0.0925277839955676,0.0033333333333333,2025-12-05 13:45:35
CDCI,,CE-Gauss,284,0.0440751991172012,0.0033333333333333,2025-12-05 13:45:35
CDCI,,CE-Gauss,285,0.0262168165809704,0.0033333333333333,2025-12-05 13:45:35
CDCI,,CE-Gauss,286,0.0112196817115031,0.0033333333333333,2025-12-05 13:45:35
CDCI,,CE-Gauss,287,0.0321882831450278,0.0033333333333333,2025-12-05 13:45:35
CDCI,,CE-Gauss,288,0.0058082371799568,0.0033333333333333,2025-12-05 13:45:35
CDCI,,CE-Gauss,289,0.0039536454132088,0.0033333333333333,2025-12-05 13:45:35
CDCI,,CE-Gauss,290,0.0620221636724952,0.0033333333333333,2025-12-05 13:45:35
CDCI,,CE-Gauss,291,0.1321292556249584,0.0033333333333333,2025-12-05 13:45:35
CDCI,,CE-Gauss,292,0.023050456757944,0.0033333333333333,2025-12-05 13:45:35
CDCI,,CE-Gauss,293,0.035867825415914,0.0033333333333333,2025-12-05 13:45:35
CDCI,,CE-Gauss,294,0.1036058994432951,0.0033333333333333,2025-12-05 13:45:35
CDCI,,CE-Gauss,295,0.1213321448224721,0.0033333333333333,2025-12-05 13:45:35
CDCI,,CE-Gauss,296,0.1097500009004301,0.0033333333333333,2025-12-05 13:45:35
CDCI,,CE-Gauss,297,0.1421676800683735,0.0033333333333333,2025-12-05 13:45:35
CDCI,,CE-Gauss,298,0.1085434609110856,0.0033333333333333,2025-12-05 13:45:35
CDCI,,CE-Gauss,299,0.0274338488680918,0.0033333333333333,2025-12-05 13:45:35
CDCI,,CE-Gauss,300,-0.0364854219458425,0.0033333333333333,2025-12-05 13:45:35
CDCI,,CE-Multi,1,-0.0080412479960184,0.0033333333333333,2025-12-05 13:45:36
CDCI,,CE-Multi,2,0.0614360911723383,0.0033333333333333,2025-12-05 13:45:36
CDCI,,CE-Multi,3,-0.0250963949769127,0.0033333333333333,2025-12-05 13:45:36
CDCI,,CE-Multi,4,0.2106878458548871,0.0033333333333333,2025-12-05 13:45:36
CDCI,,CE-Multi,5,0.0446646716088326,0.0033333333333333,2025-12-05 13:45:36
CDCI,,CE-Multi,6,-0.0114896912842711,0.0033333333333333,2025-12-05 13:45:36
CDCI,,CE-Multi,7,0.0127712791692081,0.0033333333333333,2025-12-05 13:45:36
CDCI,,CE-Multi,8,0.0653604720177507,0.0033333333333333,2025-12-05 13:45:36
CDCI,,CE-Multi,9,0.0441488650104448,0.0033333333333333,2025-12-05 13:45:36
CDCI,,CE-Multi,10,0.0548890667253201,0.0033333333333333,2025-12-05 13:45:36
CDCI,,CE-Multi,11,0.0538950541882995,0.0033333333333333,2025-12-05 13:45:36
CDCI,,CE-Multi,12,0.1126260453466883,0.0033333333333333,2025-12-05 13:45:36
CDCI,,CE-Multi,13,0.0959769832607556,0.0033333333333333,2025-12-05 13:45:36
CDCI,,CE-Multi,14,0.0524663934640691,0.0033333333333333,2025-12-05 13:45:36
CDCI,,CE-Multi,15,0.0074252309116676,0.0033333333333333,2025-12-05 13:45:36
CDCI,,CE-Multi,16,0.0702740104443289,0.0033333333333333,2025-12-05 13:45:36
CDCI,,CE-Multi,17,0.2069293288167416,0.0033333333333333,2025-12-05 13:45:36
CDCI,,CE-Multi,18,0.1278035748309651,0.0033333333333333,2025-12-05 13:45:36
CDCI,,CE-Multi,19,0.0641074642920623,0.0033333333333333,2025-12-05 13:45:36
CDCI,,CE-Multi,20,0.0787860747088649,0.0033333333333333,2025-12-05 13:45:36
CDCI,,CE-Multi,21,0.1608945620948539,0.0033333333333333,2025-12-05 13:45:36
CDCI,,CE-Multi,22,0.045297090154273,0.0033333333333333,2025-12-05 13:45:36
CDCI,,CE-Multi,23,0.0239598791881719,0.0033333333333333,2025-12-05 13:45:36
CDCI,,CE-Multi,24,0.0658868092823287,0.0033333333333333,2025-12-05 13:45:36
CDCI,,CE-Multi,25,0.0924753301648644,0.0033333333333333,2025-12-05 13:45:36
CDCI,,CE-Multi,26,0.1178975780798606,0.0033333333333333,2025-12-05 13:45:36
CDCI,,CE-Multi,27,0.1308996150815743,0.0033333333333333,2025-12-05 13:45:36
CDCI,,CE-Multi,28,0.0799914775440752,0.0033333333333333,2025-12-05 13:45:36
CDCI,,CE-Multi,29,-0.0309493395211212,0.0033333333333333,2025-12-05 13:45:36
CDCI,,CE-Multi,30,0.1140638775562969,0.0033333333333333,2025-12-05 13:45:36
CDCI,,CE-Multi,31,-0.004714710487299,0.0033333333333333,2025-12-05 13:45:36
CDCI,,CE-Multi,32,0.0179299089589467,0.0033333333333333,2025-12-05 13:45:36
CDCI,,CE-Multi,33,0.0862569355443856,0.0033333333333333,2025-12-05 13:45:36
CDCI,,CE-Multi,34,0.0230511801772045,0.0033333333333333,2025-12-05 13:45:36
CDCI,,CE-Multi,35,0.1707900612543045,0.0033333333333333,2025-12-05 13:45:36
CDCI,,CE-Multi,36,0.2458289821071557,0.0033333333333333,2025-12-05 13:45:36
CDCI,,CE-Multi,37,0.0028119694730461,0.0033333333333333,2025-12-05 13:45:36
CDCI,,CE-Multi,38,0.1222913514582038,0.0033333333333333,2025-12-05 13:45:36
CDCI,,CE-Multi,39,0.119387424772358,0.0033333333333333,2025-12-05 13:45:36
CDCI,,CE-Multi,40,0.1144409970023837,0.0033333333333333,2025-12-05 13:45:37
CDCI,,CE-Multi,41,0.0707340762062854,0.0033333333333333,2025-12-05 13:45:37
CDCI,,CE-Multi,42,0.0452238062505201,0.0033333333333333,2025-12-05 13:45:37
CDCI,,CE-Multi,43,0.0026468794588177,0.0033333333333333,2025-12-05 13:45:37
CDCI,,CE-Multi,44,-0.0237262931516023,0.0033333333333333,2025-12-05 13:45:37
CDCI,,CE-Multi,45,0.0460971555541406,0.0033333333333333,2025-12-05 13:45:37
CDCI,,CE-Multi,46,0.2323891929441651,0.0033333333333333,2025-12-05 13:45:37
CDCI,,CE-Multi,47,0.1380003098658446,0.0033333333333333,2025-12-05 13:45:37
CDCI,,CE-Multi,48,0.0258638998455576,0.0033333333333333,2025-12-05 13:45:37
CDCI,,CE-Multi,49,0.0353961648468571,0.0033333333333333,2025-12-05 13:45:37
CDCI,,CE-Multi,50,0.0482842787740993,0.0033333333333333,2025-12-05 13:45:37
CDCI,,CE-Multi,51,0.0937399207588205,0.0033333333333333,2025-12-05 13:45:37
CDCI,,CE-Multi,52,0.0615656271723873,0.0033333333333333,2025-12-05 13:45:37
CDCI,,CE-Multi,53,0.1779069479858769,0.0033333333333333,2025-12-05 13:45:37
CDCI,,CE-Multi,54,0.061146591489467,0.0033333333333333,2025-12-05 13:45:37
CDCI,,CE-Multi,55,0.0699812364588049,0.0033333333333333,2025-12-05 13:45:37
CDCI,,CE-Multi,56,0.047173586060861,0.0033333333333333,2025-12-05 13:45:37
CDCI,,CE-Multi,57,0.0983129920803718,0.0033333333333333,2025-12-05 13:45:37
CDCI,,CE-Multi,58,0.2299426522233554,0.0033333333333333,2025-12-05 13:45:37
CDCI,,CE-Multi,59,0.004376469594646,0.0033333333333333,2025-12-05 13:45:37
CDCI,,CE-Multi,60,0.1527652367992071,0.0033333333333333,2025-12-05 13:45:37
CDCI,,CE-Multi,61,0.0812220338934641,0.0033333333333333,2025-12-05 13:45:37
CDCI,,CE-Multi,62,0.0167178854799555,0.0033333333333333,2025-12-05 13:45:37
CDCI,,CE-Multi,63,0.0396727070722183,0.0033333333333333,2025-12-05 13:45:37
CDCI,,CE-Multi,64,0.1351005158637167,0.0033333333333333,2025-12-05 13:45:37
CDCI,,CE-Multi,65,0.0223303391104778,0.0033333333333333,2025-12-05 13:45:37
CDCI,,CE-Multi,66,0.0297272567824655,0.0033333333333333,2025-12-05 13:45:37
CDCI,,CE-Multi,67,0.0726011731850737,0.0033333333333333,2025-12-05 13:45:37
CDCI,,CE-Multi,68,0.0124312284032794,0.0033333333333333,2025-12-05 13:45:37
CDCI,,CE-Multi,69,0.0835309510875225,0.0033333333333333,2025-12-05 13:45:37
CDCI,,CE-Multi,70,0.1822091732678628,0.0033333333333333,2025-12-05 13:45:37
CDCI,,CE-Multi,71,0.2462407428384151,0.0033333333333333,2025-12-05 13:45:37
CDCI,,CE-Multi,72,0.0665815232796041,0.0033333333333333,2025-12-05 13:45:37
CDCI,,CE-Multi,73,0.2209286990219787,0.0033333333333333,2025-12-05 13:45:37
CDCI,,CE-Multi,74,0.0375763576357419,0.0033333333333333,2025-12-05 13:45:37
CDCI,,CE-Multi,75,0.1055992995277819,0.0033333333333333,2025-12-05 13:45:37
CDCI,,CE-Multi,76,0.1074210605751485,0.0033333333333333,2025-12-05 13:45:37
CDCI,,CE-Multi,77,0.128931792848304,0.0033333333333333,2025-12-05 13:45:37
CDCI,,CE-Multi,78,0.0388332812403858,0.0033333333333333,2025-12-05 13:45:37
CDCI,,CE-Multi,79,0.099817499536418,0.0033333333333333,2025-12-05 13:45:37
CDCI,,CE-Multi,80,0.2588976350829527,0.0033333333333333,2025-12-05 13:45:37
CDCI,,CE-Multi,81,0.0237705832512828,0.0033333333333333,2025-12-05 13:45:37
CDCI,,CE-Multi,82,0.0762429236283666,0.0033333333333333,2025-12-05 13:45:37
CDCI,,CE-Multi,83,-0.0164325711833688,0.0033333333333333,2025-12-05 13:45:38
CDCI,,CE-Multi,84,0.0437119683984673,0.0033333333333333,2025-12-05 13:45:38
CDCI,,CE-Multi,85,0.0086785832455902,0.0033333333333333,2025-12-05 13:45:38
CDCI,,CE-Multi,86,0.005405356914796,0.0033333333333333,2025-12-05 13:45:38
CDCI,,CE-Multi,87,0.0540620004475706,0.0033333333333333,2025-12-05 13:45:38
CDCI,,CE-Multi,88,0.0651015974007975,0.0033333333333333,2025-12-05 13:45:38
CDCI,,CE-Multi,89,0.1527901686758281,0.0033333333333333,2025-12-05 13:45:38
CDCI,,CE-Multi,90,0.013021557521225,0.0033333333333333,2025-12-05 13:45:38
CDCI,,CE-Multi,91,0.0225612299671735,0.0033333333333333,2025-12-05 13:45:38
CDCI,,CE-Multi,92,0.0604678948026136,0.0033333333333333,2025-12-05 13:45:38
CDCI,,CE-Multi,93,0.036249764024055,0.0033333333333333,2025-12-05 13:45:38
CDCI,,CE-Multi,94,0.0414185424869464,0.0033333333333333,2025-12-05 13:45:38
CDCI,,CE-Multi,95,0.1574437744593607,0.0033333333333333,2025-12-05 13:45:38
CDCI,,CE-Multi,96,0.1316956754773025,0.0033333333333333,2025-12-05 13:45:38
CDCI,,CE-Multi,97,0.0015305277042411,0.0033333333333333,2025-12-05 13:45:38
CDCI,,CE-Multi,98,0.0317899785454022,0.0033333333333333,2025-12-05 13:45:38
CDCI,,CE-Multi,99,-0.0577908174663687,0.0033333333333333,2025-12-05 13:45:38
CDCI,,CE-Multi,100,0.0725950121232384,0.0033333333333333,2025-12-05 13:45:38
CDCI,,CE-Multi,101,0.0364812970535764,0.0033333333333333,2025-12-05 13:45:38
CDCI,,CE-Multi,102,0.1421759405832412,0.0033333333333333,2025-12-05 13:45:38
CDCI,,CE-Multi,103,0.0572328083919085,0.0033333333333333,2025-12-05 13:45:38
CDCI,,CE-Multi,104,0.0229617033649026,0.0033333333333333,2025-12-05 13:45:38
CDCI,,CE-Multi,105,0.090738294464477,0.0033333333333333,2025-12-05 13:45:38
CDCI,,CE-Multi,106,0.1846179353676206,0.0033333333333333,2025-12-05 13:45:38
CDCI,,CE-Multi,107,0.0460498144762475,0.0033333333333333,2025-12-05 13:45:38
CDCI,,CE-Multi,108,0.1781626130669462,0.0033333333333333,2025-12-05 13:45:38
CDCI,,CE-Multi,109,0.1002101013652028,0.0033333333333333,2025-12-05 13:45:38
CDCI,,CE-Multi,110,0.1060779540393066,0.0033333333333333,2025-12-05 13:45:38
CDCI,,CE-Multi,111,0.2560872195916213,0.0033333333333333,2025-12-05 13:45:38
CDCI,,CE-Multi,112,0.1504598396442681,0.0033333333333333,2025-12-05 13:45:38
CDCI,,CE-Multi,113,0.2365487870776859,0.0033333333333333,2025-12-05 13:45:38
CDCI,,CE-Multi,114,0.1601719549461914,0.0033333333333333,2025-12-05 13:45:38
CDCI,,CE-Multi,115,-0.0310042880849751,0.0033333333333333,2025-12-05 13:45:38
CDCI,,CE-Multi,116,0.010633701464821,0.0033333333333333,2025-12-05 13:45:38
CDCI,,CE-Multi,117,0.0092366238389813,0.0033333333333333,2025-12-05 13:45:38
CDCI,,CE-Multi,118,-0.0248805740911519,0.0033333333333333,2025-12-05 13:45:38
CDCI,,CE-Multi,119,0.0323060633838047,0.0033333333333333,2025-12-05 13:45:38
CDCI,,CE-Multi,120,0.0295479716254083,0.0033333333333333,2025-12-05 13:45:38
CDCI,,CE-Multi,121,0.0183901986684611,0.0033333333333333,2025-12-05 13:45:38
CDCI,,CE-Multi,122,0.0748413840336881,0.0033333333333333,2025-12-05 13:45:38
CDCI,,CE-Multi,123,0.0582191726763864,0.0033333333333333,2025-12-05 13:45:38
CDCI,,CE-Multi,124,0.1002036379249778,0.0033333333333333,2025-12-05 13:45:38
CDCI,,CE-Multi,125,0.1947895499212825,0.0033333333333333,2025-12-05 13:45:39
CDCI,,CE-Multi,126,0.1150603712354345,0.0033333333333333,2025-12-05 13:45:39
CDCI,,CE-Multi,127,0.1123959399046638,0.0033333333333333,2025-12-05 13:45:39
CDCI,,CE-Multi,128,0.0383815444584946,0.0033333333333333,2025-12-05 13:45:39
CDCI,,CE-Multi,129,0.0065828105770215,0.0033333333333333,2025-12-05 13:45:39
CDCI,,CE-Multi,130,0.0398463430581925,0.0033333333333333,2025-12-05 13:45:39
CDCI,,CE-Multi,131,0.2183678795954292,0.0033333333333333,2025-12-05 13:45:39
CDCI,,CE-Multi,132,0.0769128730700785,0.0033333333333333,2025-12-05 13:45:39
CDCI,,CE-Multi,133,-0.0025298947264176,0.0033333333333333,2025-12-05 13:45:39
CDCI,,CE-Multi,134,-0.0405899166127969,0.0033333333333333,2025-12-05 13:45:39
CDCI,,CE-Multi,135,-0.0053757193356586,0.0033333333333333,2025-12-05 13:45:39
CDCI,,CE-Multi,136,0.0169087563235207,0.0033333333333333,2025-12-05 13:45:39
CDCI,,CE-Multi,137,-0.0136306008813269,0.0033333333333333,2025-12-05 13:45:39
CDCI,,CE-Multi,138,0.0471983316208091,0.0033333333333333,2025-12-05 13:45:39
CDCI,,CE-Multi,139,0.0775958563529834,0.0033333333333333,2025-12-05 13:45:39
CDCI,,CE-Multi,140,0.0482989968000735,0.0033333333333333,2025-12-05 13:45:39
CDCI,,CE-Multi,141,0.0090363284536153,0.0033333333333333,2025-12-05 13:45:39
CDCI,,CE-Multi,142,0.0708944032097892,0.0033333333333333,2025-12-05 13:45:39
CDCI,,CE-Multi,143,0.0070428375592132,0.0033333333333333,2025-12-05 13:45:39
CDCI,,CE-Multi,144,0.1756304543520432,0.0033333333333333,2025-12-05 13:45:39
CDCI,,CE-Multi,145,0.067132731852963,0.0033333333333333,2025-12-05 13:45:39
CDCI,,CE-Multi,146,0.03470456426014,0.0033333333333333,2025-12-05 13:45:39
CDCI,,CE-Multi,147,0.0745497700533639,0.0033333333333333,2025-12-05 13:45:39
CDCI,,CE-Multi,148,0.017912471358671,0.0033333333333333,2025-12-05 13:45:39
CDCI,,CE-Multi,149,0.0935123423038071,0.0033333333333333,2025-12-05 13:45:39
CDCI,,CE-Multi,150,0.1072092701376092,0.0033333333333333,2025-12-05 13:45:39
CDCI,,CE-Multi,151,0.0466027379670639,0.0033333333333333,2025-12-05 13:45:39
CDCI,,CE-Multi,152,0.0155863755764936,0.0033333333333333,2025-12-05 13:45:39
CDCI,,CE-Multi,153,0.0035830854422829,0.0033333333333333,2025-12-05 13:45:39
CDCI,,CE-Multi,154,0.155408153902943,0.0033333333333333,2025-12-05 13:45:39
CDCI,,CE-Multi,155,0.0099178833676194,0.0033333333333333,2025-12-05 13:45:39
CDCI,,CE-Multi,156,0.1518428852067221,0.0033333333333333,2025-12-05 13:45:39
CDCI,,CE-Multi,157,-0.100489010912653,0.0033333333333333,2025-12-05 13:45:39
CDCI,,CE-Multi,158,0.0705603817484515,0.0033333333333333,2025-12-05 13:45:39
CDCI,,CE-Multi,159,-0.0264021085154733,0.0033333333333333,2025-12-05 13:45:39
CDCI,,CE-Multi,160,0.1695832757606081,0.0033333333333333,2025-12-05 13:45:39
CDCI,,CE-Multi,161,0.0691844473390126,0.0033333333333333,2025-12-05 13:45:39
CDCI,,CE-Multi,162,0.0287920379356206,0.0033333333333333,2025-12-05 13:45:39
CDCI,,CE-Multi,163,0.0051444561872486,0.0033333333333333,2025-12-05 13:45:39
CDCI,,CE-Multi,164,0.2460178183809032,0.0033333333333333,2025-12-05 13:45:39
CDCI,,CE-Multi,165,0.1869772962732123,0.0033333333333333,2025-12-05 13:45:39
CDCI,,CE-Multi,166,0.033432084293985,0.0033333333333333,2025-12-05 13:45:39
CDCI,,CE-Multi,167,0.028190798431405,0.0033333333333333,2025-12-05 13:45:40
CDCI,,CE-Multi,168,0.1196399427842198,0.0033333333333333,2025-12-05 13:45:40
CDCI,,CE-Multi,169,0.0584245301625457,0.0033333333333333,2025-12-05 13:45:40
CDCI,,CE-Multi,170,0.0882397475466924,0.0033333333333333,2025-12-05 13:45:40
CDCI,,CE-Multi,171,0.234903332806798,0.0033333333333333,2025-12-05 13:45:40
CDCI,,CE-Multi,172,0.0458270577644683,0.0033333333333333,2025-12-05 13:45:40
CDCI,,CE-Multi,173,0.0457776784611341,0.0033333333333333,2025-12-05 13:45:40
CDCI,,CE-Multi,174,0.1417973013417398,0.0033333333333333,2025-12-05 13:45:40
CDCI,,CE-Multi,175,0.0746596036774764,0.0033333333333333,2025-12-05 13:45:40
CDCI,,CE-Multi,176,0.0859942490540759,0.0033333333333333,2025-12-05 13:45:40
CDCI,,CE-Multi,177,0.2178132845234149,0.0033333333333333,2025-12-05 13:45:40
CDCI,,CE-Multi,178,0.1929773007398158,0.0033333333333333,2025-12-05 13:45:40
CDCI,,CE-Multi,179,-0.0168934130753818,0.0033333333333333,2025-12-05 13:45:40
CDCI,,CE-Multi,180,0.0644077152920733,0.0033333333333333,2025-12-05 13:45:40
CDCI,,CE-Multi,181,0.1014317889979506,0.0033333333333333,2025-12-05 13:45:40
CDCI,,CE-Multi,182,0.1153867460239794,0.0033333333333333,2025-12-05 13:45:40
CDCI,,CE-Multi,183,-0.0206818331341895,0.0033333333333333,2025-12-05 13:45:40
CDCI,,CE-Multi,184,0.225571002563493,0.0033333333333333,2025-12-05 13:45:40
CDCI,,CE-Multi,185,-0.0062715123802286,0.0033333333333333,2025-12-05 13:45:40
CDCI,,CE-Multi,186,0.0450716681512236,0.0033333333333333,2025-12-05 13:45:40
CDCI,,CE-Multi,187,0.0606875593176415,0.0033333333333333,2025-12-05 13:45:40
CDCI,,CE-Multi,188,0.074511798479789,0.0033333333333333,2025-12-05 13:45:40
CDCI,,CE-Multi,189,-0.0569768661096977,0.0033333333333333,2025-12-05 13:45:40
CDCI,,CE-Multi,190,0.1079311151942291,0.0033333333333333,2025-12-05 13:45:40
CDCI,,CE-Multi,191,0.0922337971604662,0.0033333333333333,2025-12-05 13:45:40
CDCI,,CE-Multi,192,0.0224443477368936,0.0033333333333333,2025-12-05 13:45:40
CDCI,,CE-Multi,193,0.0405950020604668,0.0033333333333333,2025-12-05 13:45:40
CDCI,,CE-Multi,194,0.1639842478743767,0.0033333333333333,2025-12-05 13:45:40
CDCI,,CE-Multi,195,0.0327104237853001,0.0033333333333333,2025-12-05 13:45:40
CDCI,,CE-Multi,196,0.1103338776355143,0.0033333333333333,2025-12-05 13:45:40
CDCI,,CE-Multi,197,0.1422771119213311,0.0033333333333333,2025-12-05 13:45:40
CDCI,,CE-Multi,198,0.0181576685022067,0.0033333333333333,2025-12-05 13:45:40
CDCI,,CE-Multi,199,0.1863347167073045,0.0033333333333333,2025-12-05 13:45:40
CDCI,,CE-Multi,200,-0.0024301430517754,0.0033333333333333,2025-12-05 13:45:40
CDCI,,CE-Multi,201,0.1492849431533254,0.0033333333333333,2025-12-05 13:45:40
CDCI,,CE-Multi,202,0.0186984504028138,0.0033333333333333,2025-12-05 13:45:40
CDCI,,CE-Multi,203,0.0638382995504787,0.0033333333333333,2025-12-05 13:45:40
CDCI,,CE-Multi,204,0.2317053236354742,0.0033333333333333,2025-12-05 13:45:40
CDCI,,CE-Multi,205,0.0937875761941747,0.0033333333333333,2025-12-05 13:45:40
CDCI,,CE-Multi,206,0.0364823222222137,0.0033333333333333,2025-12-05 13:45:40
CDCI,,CE-Multi,207,0.1060587791607012,0.0033333333333333,2025-12-05 13:45:40
CDCI,,CE-Multi,208,0.0445002215098707,0.0033333333333333,2025-12-05 13:45:41
CDCI,,CE-Multi,209,0.0062024397583909,0.0033333333333333,2025-12-05 13:45:41
CDCI,,CE-Multi,210,0.1562288614451321,0.0033333333333333,2025-12-05 13:45:41
CDCI,,CE-Multi,211,0.082548143401552,0.0033333333333333,2025-12-05 13:45:41
CDCI,,CE-Multi,212,0.0902411808040809,0.0033333333333333,2025-12-05 13:45:41
CDCI,,CE-Multi,213,0.110585097373278,0.0033333333333333,2025-12-05 13:45:41
CDCI,,CE-Multi,214,0.0478367673119035,0.0033333333333333,2025-12-05 13:45:41
CDCI,,CE-Multi,215,0.0701398434388384,0.0033333333333333,2025-12-05 13:45:41
CDCI,,CE-Multi,216,0.0535536496429029,0.0033333333333333,2025-12-05 13:45:41
CDCI,,CE-Multi,217,0.0529227667023924,0.0033333333333333,2025-12-05 13:45:41
CDCI,,CE-Multi,218,0.0979609740701438,0.0033333333333333,2025-12-05 13:45:41
CDCI,,CE-Multi,219,0.0397946178628892,0.0033333333333333,2025-12-05 13:45:41
CDCI,,CE-Multi,220,0.0303237627441101,0.0033333333333333,2025-12-05 13:45:41
CDCI,,CE-Multi,221,0.1667822033685608,0.0033333333333333,2025-12-05 13:45:41
CDCI,,CE-Multi,222,-0.0071549042248568,0.0033333333333333,2025-12-05 13:45:41
CDCI,,CE-Multi,223,0.0646467073185749,0.0033333333333333,2025-12-05 13:45:41
CDCI,,CE-Multi,224,0.0349379662579692,0.0033333333333333,2025-12-05 13:45:41
CDCI,,CE-Multi,225,-0.0678885140310733,0.0033333333333333,2025-12-05 13:45:41
CDCI,,CE-Multi,226,0.0408049176661144,0.0033333333333333,2025-12-05 13:45:41
CDCI,,CE-Multi,227,0.1693251357393028,0.0033333333333333,2025-12-05 13:45:41
CDCI,,CE-Multi,228,0.0390796993491393,0.0033333333333333,2025-12-05 13:45:41
CDCI,,CE-Multi,229,0.049936150397616,0.0033333333333333,2025-12-05 13:45:41
CDCI,,CE-Multi,230,0.1036931324459358,0.0033333333333333,2025-12-05 13:45:41
CDCI,,CE-Multi,231,-0.0363312270828648,0.0033333333333333,2025-12-05 13:45:41
CDCI,,CE-Multi,232,0.1286783934164838,0.0033333333333333,2025-12-05 13:45:41
CDCI,,CE-Multi,233,0.0385824850879935,0.0033333333333333,2025-12-05 13:45:41
CDCI,,CE-Multi,234,0.00881759379983,0.0033333333333333,2025-12-05 13:45:41
CDCI,,CE-Multi,235,0.0632824656398883,0.0033333333333333,2025-12-05 13:45:41
CDCI,,CE-Multi,236,0.0579351437163918,0.0033333333333333,2025-12-05 13:45:41
CDCI,,CE-Multi,237,0.0231658324950024,0.0033333333333333,2025-12-05 13:45:41
CDCI,,CE-Multi,238,0.1943143651610423,0.0033333333333333,2025-12-05 13:45:41
CDCI,,CE-Multi,239,0.0336881239951394,0.0033333333333333,2025-12-05 13:45:41
CDCI,,CE-Multi,240,0.0140958479184294,0.0033333333333333,2025-12-05 13:45:41
CDCI,,CE-Multi,241,0.1462320814630014,0.0033333333333333,2025-12-05 13:45:41
CDCI,,CE-Multi,242,0.0682784013372694,0.0033333333333333,2025-12-05 13:45:41
CDCI,,CE-Multi,243,0.2116284969171839,0.0033333333333333,2025-12-05 13:45:41
CDCI,,CE-Multi,244,0.0803362247921658,0.0033333333333333,2025-12-05 13:45:41
CDCI,,CE-Multi,245,0.1485509223141498,0.0033333333333333,2025-12-05 13:45:41
CDCI,,CE-Multi,246,0.026403547317834,0.0033333333333333,2025-12-05 13:45:41
CDCI,,CE-Multi,247,0.0119073128722866,0.0033333333333333,2025-12-05 13:45:41
CDCI,,CE-Multi,248,0.0039841223413003,0.0033333333333333,2025-12-05 13:45:42
CDCI,,CE-Multi,249,0.0033338826717345,0.0033333333333333,2025-12-05 13:45:42
CDCI,,CE-Multi,250,0.0141683864424086,0.0033333333333333,2025-12-05 13:45:42
CDCI,,CE-Multi,251,0.0860853190590089,0.0033333333333333,2025-12-05 13:45:42
CDCI,,CE-Multi,252,0.0591555454375548,0.0033333333333333,2025-12-05 13:45:42
CDCI,,CE-Multi,253,0.0671104590223825,0.0033333333333333,2025-12-05 13:45:42
CDCI,,CE-Multi,254,0.2052001962442029,0.0033333333333333,2025-12-05 13:45:42
CDCI,,CE-Multi,255,0.1141804017253314,0.0033333333333333,2025-12-05 13:45:42
CDCI,,CE-Multi,256,-0.0197512815030765,0.0033333333333333,2025-12-05 13:45:42
CDCI,,CE-Multi,257,0.0268206810591858,0.0033333333333333,2025-12-05 13:45:42
CDCI,,CE-Multi,258,0.0930185312310402,0.0033333333333333,2025-12-05 13:45:42
CDCI,,CE-Multi,259,0.0435874534937825,0.0033333333333333,2025-12-05 13:45:42
CDCI,,CE-Multi,260,0.0567169011482594,0.0033333333333333,2025-12-05 13:45:42
CDCI,,CE-Multi,261,-0.0016418449760085,0.0033333333333333,2025-12-05 13:45:42
CDCI,,CE-Multi,262,0.1499807938763616,0.0033333333333333,2025-12-05 13:45:42
CDCI,,CE-Multi,263,0.0365522844372977,0.0033333333333333,2025-12-05 13:45:42
CDCI,,CE-Multi,264,0.0623627760347719,0.0033333333333333,2025-12-05 13:45:42
CDCI,,CE-Multi,265,0.0357288307778038,0.0033333333333333,2025-12-05 13:45:42
CDCI,,CE-Multi,266,0.0907263998866047,0.0033333333333333,2025-12-05 13:45:42
CDCI,,CE-Multi,267,0.0097096928599725,0.0033333333333333,2025-12-05 13:45:42
CDCI,,CE-Multi,268,0.07292484238005,0.0033333333333333,2025-12-05 13:45:42
CDCI,,CE-Multi,269,0.0246398832395189,0.0033333333333333,2025-12-05 13:45:42
CDCI,,CE-Multi,270,0.0576015686875797,0.0033333333333333,2025-12-05 13:45:42
CDCI,,CE-Multi,271,0.0481727539386909,0.0033333333333333,2025-12-05 13:45:42
CDCI,,CE-Multi,272,0.1552845935824397,0.0033333333333333,2025-12-05 13:45:42
CDCI,,CE-Multi,273,0.0572956295823597,0.0033333333333333,2025-12-05 13:45:42
CDCI,,CE-Multi,274,0.138517345727489,0.0033333333333333,2025-12-05 13:45:42
CDCI,,CE-Multi,275,0.0239634879655816,0.0033333333333333,2025-12-05 13:45:42
CDCI,,CE-Multi,276,0.14933032766898,0.0033333333333333,2025-12-05 13:45:42
CDCI,,CE-Multi,277,0.0817103892196604,0.0033333333333333,2025-12-05 13:45:42
CDCI,,CE-Multi,278,0.0991139996449704,0.0033333333333333,2025-12-05 13:45:42
CDCI,,CE-Multi,279,-0.0377557651699833,0.0033333333333333,2025-12-05 13:45:42
CDCI,,CE-Multi,280,0.0482338896636717,0.0033333333333333,2025-12-05 13:45:42
CDCI,,CE-Multi,281,0.2035807672895132,0.0033333333333333,2025-12-05 13:45:42
CDCI,,CE-Multi,282,0.0404622662994284,0.0033333333333333,2025-12-05 13:45:42
CDCI,,CE-Multi,283,0.0351561199687446,0.0033333333333333,2025-12-05 13:45:42
CDCI,,CE-Multi,284,0.0044446550195957,0.0033333333333333,2025-12-05 13:45:42
CDCI,,CE-Multi,285,0.0124654117743845,0.0033333333333333,2025-12-05 13:45:42
CDCI,,CE-Multi,286,0.0982030218147656,0.0033333333333333,2025-12-05 13:45:42
CDCI,,CE-Multi,287,-0.0032621166264919,0.0033333333333333,2025-12-05 13:45:42
CDCI,,CE-Multi,288,0.1097360271123147,0.0033333333333333,2025-12-05 13:45:42
CDCI,,CE-Multi,289,0.0253324580754165,0.0033333333333333,2025-12-05 13:45:42
CDCI,,CE-Multi,290,0.0478424207584795,0.0033333333333333,2025-12-05 13:45:43
CDCI,,CE-Multi,291,-0.0449854363912601,0.0033333333333333,2025-12-05 13:45:43
CDCI,,CE-Multi,292,0.0806140554913689,0.0033333333333333,2025-12-05 13:45:43
CDCI,,CE-Multi,293,0.1291731499997574,0.0033333333333333,2025-12-05 13:45:43
CDCI,,CE-Multi,294,0.020895900428308,0.0033333333333333,2025-12-05 13:45:43
CDCI,,CE-Multi,295,0.1012424980269708,0.0033333333333333,2025-12-05 13:45:43
CDCI,,CE-Multi,296,-0.0347398576416698,0.0033333333333333,2025-12-05 13:45:43
CDCI,,CE-Multi,297,0.047112492035603,0.0033333333333333,2025-12-05 13:45:43
CDCI,,CE-Multi,298,0.0886570287287078,0.0033333333333333,2025-12-05 13:45:43
CDCI,,CE-Multi,299,0.0256845433306917,0.0033333333333333,2025-12-05 13:45:43
CDCI,,CE-Multi,300,0.0449730283561173,0.0033333333333333,2025-12-05 13:45:43
CDCI,,CE-Net,1,-0.042073207217756,0.0033333333333333,2025-12-05 13:45:43
CDCI,,CE-Net,2,-0.004250014927123,0.0033333333333333,2025-12-05 13:45:43
CDCI,,CE-Net,3,0.2508409971243011,0.0033333333333333,2025-12-05 13:45:43
CDCI,,CE-Net,4,0.1036317984577041,0.0033333333333333,2025-12-05 13:45:43
CDCI,,CE-Net,5,-0.017371490481608,0.0033333333333333,2025-12-05 13:45:43
CDCI,,CE-Net,6,0.1409521106203426,0.0033333333333333,2025-12-05 13:45:43
CDCI,,CE-Net,7,0.1332183852636711,0.0033333333333333,2025-12-05 13:45:43
CDCI,,CE-Net,8,0.065704661917172,0.0033333333333333,2025-12-05 13:45:43
CDCI,,CE-Net,9,0.0047519572183254,0.0033333333333333,2025-12-05 13:45:43
CDCI,,CE-Net,10,0.0732994377499136,0.0033333333333333,2025-12-05 13:45:43
CDCI,,CE-Net,11,0.0139266019318166,0.0033333333333333,2025-12-05 13:45:43
CDCI,,CE-Net,12,0.2691225766328131,0.0033333333333333,2025-12-05 13:45:43
CDCI,,CE-Net,13,0.0134334449057419,0.0033333333333333,2025-12-05 13:45:43
CDCI,,CE-Net,14,0.0343980665894185,0.0033333333333333,2025-12-05 13:45:43
CDCI,,CE-Net,15,0.0050094126390997,0.0033333333333333,2025-12-05 13:45:43
CDCI,,CE-Net,16,0.0147441890882775,0.0033333333333333,2025-12-05 13:45:43
CDCI,,CE-Net,17,0.0566027753538247,0.0033333333333333,2025-12-05 13:45:43
CDCI,,CE-Net,18,0.1291552482407184,0.0033333333333333,2025-12-05 13:45:43
CDCI,,CE-Net,19,0.10340439106856,0.0033333333333333,2025-12-05 13:45:43
CDCI,,CE-Net,20,0.1977170323435715,0.0033333333333333,2025-12-05 13:45:43
CDCI,,CE-Net,21,0.0246925087230734,0.0033333333333333,2025-12-05 13:45:43
CDCI,,CE-Net,22,0.0326071990294961,0.0033333333333333,2025-12-05 13:45:43
CDCI,,CE-Net,23,0.0433003722031377,0.0033333333333333,2025-12-05 13:45:43
CDCI,,CE-Net,24,-0.0064245032014224,0.0033333333333333,2025-12-05 13:45:43
CDCI,,CE-Net,25,0.0797912002476688,0.0033333333333333,2025-12-05 13:45:43
CDCI,,CE-Net,26,0.0076285930131745,0.0033333333333333,2025-12-05 13:45:43
CDCI,,CE-Net,27,-0.0157299561541194,0.0033333333333333,2025-12-05 13:45:44
CDCI,,CE-Net,28,0.1848286551895247,0.0033333333333333,2025-12-05 13:45:44
CDCI,,CE-Net,29,0.1280543590118816,0.0033333333333333,2025-12-05 13:45:44
CDCI,,CE-Net,30,0.0297579624834192,0.0033333333333333,2025-12-05 13:45:44
CDCI,,CE-Net,31,0.3187689484608856,0.0033333333333333,2025-12-05 13:45:44
CDCI,,CE-Net,32,-0.0199114713092351,0.0033333333333333,2025-12-05 13:45:44
CDCI,,CE-Net,33,0.0507445213255146,0.0033333333333333,2025-12-05 13:45:44
CDCI,,CE-Net,34,0.2612918375533574,0.0033333333333333,2025-12-05 13:45:44
CDCI,,CE-Net,35,0.1176168795992369,0.0033333333333333,2025-12-05 13:45:44
CDCI,,CE-Net,36,0.023850894148101,0.0033333333333333,2025-12-05 13:45:44
CDCI,,CE-Net,37,0.0269289155135783,0.0033333333333333,2025-12-05 13:45:44
CDCI,,CE-Net,38,0.057287969269521,0.0033333333333333,2025-12-05 13:45:44
CDCI,,CE-Net,39,0.3910067207421281,0.0033333333333333,2025-12-05 13:45:44
CDCI,,CE-Net,40,0.2469559309379699,0.0033333333333333,2025-12-05 13:45:44
CDCI,,CE-Net,41,0.3095342621992428,0.0033333333333333,2025-12-05 13:45:44
CDCI,,CE-Net,42,-0.0315600076082728,0.0033333333333333,2025-12-05 13:45:44
CDCI,,CE-Net,43,-0.0071864215092032,0.0033333333333333,2025-12-05 13:45:44
CDCI,,CE-Net,44,-0.0001431439528041,0.0033333333333333,2025-12-05 13:45:44
CDCI,,CE-Net,45,0.2242999569724328,0.0033333333333333,2025-12-05 13:45:44
CDCI,,CE-Net,46,0.00507924524062,0.0033333333333333,2025-12-05 13:45:44
CDCI,,CE-Net,47,-0.0264870269892763,0.0033333333333333,2025-12-05 13:45:44
CDCI,,CE-Net,48,0.0657296167030754,0.0033333333333333,2025-12-05 13:45:44
CDCI,,CE-Net,49,0.0661349966295441,0.0033333333333333,2025-12-05 13:45:44
CDCI,,CE-Net,50,0.1461991176048374,0.0033333333333333,2025-12-05 13:45:44
CDCI,,CE-Net,51,0.1417199444871074,0.0033333333333333,2025-12-05 13:45:44
CDCI,,CE-Net,52,0.0752775550875567,0.0033333333333333,2025-12-05 13:45:44
CDCI,,CE-Net,53,-0.0053044344588529,0.0033333333333333,2025-12-05 13:45:44
CDCI,,CE-Net,54,0.0996610200515483,0.0033333333333333,2025-12-05 13:45:44
CDCI,,CE-Net,55,0.1065246210634426,0.0033333333333333,2025-12-05 13:45:44
CDCI,,CE-Net,56,0.027945425889291,0.0033333333333333,2025-12-05 13:45:44
CDCI,,CE-Net,57,0.1018407445899942,0.0033333333333333,2025-12-05 13:45:44
CDCI,,CE-Net,58,0.0793724621227415,0.0033333333333333,2025-12-05 13:45:44
CDCI,,CE-Net,59,0.0295023640705167,0.0033333333333333,2025-12-05 13:45:44
CDCI,,CE-Net,60,0.088529521688469,0.0033333333333333,2025-12-05 13:45:44
CDCI,,CE-Net,61,-0.0366184553768723,0.0033333333333333,2025-12-05 13:45:44
CDCI,,CE-Net,62,0.1817276619916932,0.0033333333333333,2025-12-05 13:45:44
CDCI,,CE-Net,63,0.388691571459998,0.0033333333333333,2025-12-05 13:45:44
CDCI,,CE-Net,64,0.1268582313789613,0.0033333333333333,2025-12-05 13:45:44
CDCI,,CE-Net,65,0.0162709799180386,0.0033333333333333,2025-12-05 13:45:44
CDCI,,CE-Net,66,0.1155229816656259,0.0033333333333333,2025-12-05 13:45:44
CDCI,,CE-Net,67,-0.0122510515709596,0.0033333333333333,2025-12-05 13:45:45
CDCI,,CE-Net,68,0.000295189857391,0.0033333333333333,2025-12-05 13:45:45
CDCI,,CE-Net,69,0.0297829274079558,0.0033333333333333,2025-12-05 13:45:45
CDCI,,CE-Net,70,0.0027689276543874,0.0033333333333333,2025-12-05 13:45:45
CDCI,,CE-Net,71,0.1465834776048164,0.0033333333333333,2025-12-05 13:45:45
CDCI,,CE-Net,72,0.0080366683387745,0.0033333333333333,2025-12-05 13:45:45
CDCI,,CE-Net,73,-0.0207763668263943,0.0033333333333333,2025-12-05 13:45:45
CDCI,,CE-Net,74,0.0191422697981016,0.0033333333333333,2025-12-05 13:45:45
CDCI,,CE-Net,75,0.1007897710055805,0.0033333333333333,2025-12-05 13:45:45
CDCI,,CE-Net,76,0.1137573778328625,0.0033333333333333,2025-12-05 13:45:45
CDCI,,CE-Net,77,0.0184100912699942,0.0033333333333333,2025-12-05 13:45:45
CDCI,,CE-Net,78,0.0837093071874345,0.0033333333333333,2025-12-05 13:45:45
CDCI,,CE-Net,79,0.0191227101477319,0.0033333333333333,2025-12-05 13:45:45
CDCI,,CE-Net,80,-0.0187067394493641,0.0033333333333333,2025-12-05 13:45:45
CDCI,,CE-Net,81,-0.0111144732590872,0.0033333333333333,2025-12-05 13:45:45
CDCI,,CE-Net,82,0.0148348305167833,0.0033333333333333,2025-12-05 13:45:45
CDCI,,CE-Net,83,0.0723782398003859,0.0033333333333333,2025-12-05 13:45:45
CDCI,,CE-Net,84,0.0150716887201501,0.0033333333333333,2025-12-05 13:45:45
CDCI,,CE-Net,85,-0.0084949410419936,0.0033333333333333,2025-12-05 13:45:45
CDCI,,CE-Net,86,0.0772835385462305,0.0033333333333333,2025-12-05 13:45:45
CDCI,,CE-Net,87,0.1103508281216147,0.0033333333333333,2025-12-05 13:45:45
CDCI,,CE-Net,88,0.2135313253618826,0.0033333333333333,2025-12-05 13:45:45
CDCI,,CE-Net,89,0.1892932247390173,0.0033333333333333,2025-12-05 13:45:45
CDCI,,CE-Net,90,0.0413191174413138,0.0033333333333333,2025-12-05 13:45:45
CDCI,,CE-Net,91,0.0744154610771955,0.0033333333333333,2025-12-05 13:45:45
CDCI,,CE-Net,92,-0.040180721312619,0.0033333333333333,2025-12-05 13:45:45
CDCI,,CE-Net,93,-0.0140393449704487,0.0033333333333333,2025-12-05 13:45:45
CDCI,,CE-Net,94,0.0566686892215957,0.0033333333333333,2025-12-05 13:45:45
CDCI,,CE-Net,95,0.1407231131691563,0.0033333333333333,2025-12-05 13:45:45
CDCI,,CE-Net,96,-0.0177031898334538,0.0033333333333333,2025-12-05 13:45:45
CDCI,,CE-Net,97,0.0993775135287363,0.0033333333333333,2025-12-05 13:45:45
CDCI,,CE-Net,98,0.0801056636504986,0.0033333333333333,2025-12-05 13:45:45
CDCI,,CE-Net,99,0.0215692247033357,0.0033333333333333,2025-12-05 13:45:45
CDCI,,CE-Net,100,0.0250689157620141,0.0033333333333333,2025-12-05 13:45:45
CDCI,,CE-Net,101,-0.0049722606086259,0.0033333333333333,2025-12-05 13:45:45
CDCI,,CE-Net,102,-0.0098808454530013,0.0033333333333333,2025-12-05 13:45:45
CDCI,,CE-Net,103,0.1249967403027953,0.0033333333333333,2025-12-05 13:45:45
CDCI,,CE-Net,104,0.1684245521989785,0.0033333333333333,2025-12-05 13:45:45
CDCI,,CE-Net,105,0.2616158258644883,0.0033333333333333,2025-12-05 13:45:45
CDCI,,CE-Net,106,0.0209638370600022,0.0033333333333333,2025-12-05 13:45:45
CDCI,,CE-Net,107,-0.0077763096911956,0.0033333333333333,2025-12-05 13:45:45
CDCI,,CE-Net,108,0.0980331287351112,0.0033333333333333,2025-12-05 13:45:46
CDCI,,CE-Net,109,0.0532936134244483,0.0033333333333333,2025-12-05 13:45:46
CDCI,,CE-Net,110,0.0220167769961188,0.0033333333333333,2025-12-05 13:45:46
CDCI,,CE-Net,111,0.0661257882790854,0.0033333333333333,2025-12-05 13:45:46
CDCI,,CE-Net,112,0.0580481537058317,0.0033333333333333,2025-12-05 13:45:46
CDCI,,CE-Net,113,-0.0271880731032042,0.0033333333333333,2025-12-05 13:45:46
CDCI,,CE-Net,114,0.0907129654628746,0.0033333333333333,2025-12-05 13:45:46
CDCI,,CE-Net,115,0.0067577739727572,0.0033333333333333,2025-12-05 13:45:46
CDCI,,CE-Net,116,-0.0119821996140661,0.0033333333333333,2025-12-05 13:45:46
CDCI,,CE-Net,117,0.382334840703356,0.0033333333333333,2025-12-05 13:45:46
CDCI,,CE-Net,118,0.2819571802876485,0.0033333333333333,2025-12-05 13:45:46
CDCI,,CE-Net,119,-0.014352413183509,0.0033333333333333,2025-12-05 13:45:46
CDCI,,CE-Net,120,0.2907559486090252,0.0033333333333333,2025-12-05 13:45:46
CDCI,,CE-Net,121,0.0511156562109334,0.0033333333333333,2025-12-05 13:45:46
CDCI,,CE-Net,122,0.0751637549614494,0.0033333333333333,2025-12-05 13:45:46
CDCI,,CE-Net,123,0.015856030986372,0.0033333333333333,2025-12-05 13:45:46
CDCI,,CE-Net,124,0.0771888311385102,0.0033333333333333,2025-12-05 13:45:46
CDCI,,CE-Net,125,0.0030723915857632,0.0033333333333333,2025-12-05 13:45:46
CDCI,,CE-Net,126,-0.0308646374882218,0.0033333333333333,2025-12-05 13:45:46
CDCI,,CE-Net,127,-0.0121404881580137,0.0033333333333333,2025-12-05 13:45:46
CDCI,,CE-Net,128,0.0404328611923393,0.0033333333333333,2025-12-05 13:45:46
CDCI,,CE-Net,129,0.0220641591220785,0.0033333333333333,2025-12-05 13:45:46
CDCI,,CE-Net,130,-0.0065169720176682,0.0033333333333333,2025-12-05 13:45:46
CDCI,,CE-Net,131,-0.0199304270620868,0.0033333333333333,2025-12-05 13:45:46
CDCI,,CE-Net,132,0.2114564252055542,0.0033333333333333,2025-12-05 13:45:46
CDCI,,CE-Net,133,0.0167300210541355,0.0033333333333333,2025-12-05 13:45:46
CDCI,,CE-Net,134,0.0332573153614549,0.0033333333333333,2025-12-05 13:45:46
CDCI,,CE-Net,135,-0.0071837978076622,0.0033333333333333,2025-12-05 13:45:46
CDCI,,CE-Net,136,0.205638012471305,0.0033333333333333,2025-12-05 13:45:46
CDCI,,CE-Net,137,0.0131297069530421,0.0033333333333333,2025-12-05 13:45:46
CDCI,,CE-Net,138,-0.0148645566363014,0.0033333333333333,2025-12-05 13:45:46
CDCI,,CE-Net,139,0.0958049998797738,0.0033333333333333,2025-12-05 13:45:46
CDCI,,CE-Net,140,0.0393609637434257,0.0033333333333333,2025-12-05 13:45:46
CDCI,,CE-Net,141,0.1506662614997174,0.0033333333333333,2025-12-05 13:45:46
CDCI,,CE-Net,142,-0.0181075971195443,0.0033333333333333,2025-12-05 13:45:46
CDCI,,CE-Net,143,0.0233689427868516,0.0033333333333333,2025-12-05 13:45:46
CDCI,,CE-Net,144,0.0368493545276531,0.0033333333333333,2025-12-05 13:45:46
CDCI,,CE-Net,145,-0.0041648486822017,0.0033333333333333,2025-12-05 13:45:46
CDCI,,CE-Net,146,0.0091638932611047,0.0033333333333333,2025-12-05 13:45:46
CDCI,,CE-Net,147,-0.013378925402378,0.0033333333333333,2025-12-05 13:45:46
CDCI,,CE-Net,148,0.0281412975516375,0.0033333333333333,2025-12-05 13:45:47
CDCI,,CE-Net,149,0.1271437189375846,0.0033333333333333,2025-12-05 13:45:47
CDCI,,CE-Net,150,0.0452526561204244,0.0033333333333333,2025-12-05 13:45:47
CDCI,,CE-Net,151,0.0339815853128456,0.0033333333333333,2025-12-05 13:45:47
CDCI,,CE-Net,152,0.0102121330188312,0.0033333333333333,2025-12-05 13:45:47
CDCI,,CE-Net,153,0.2177980189225387,0.0033333333333333,2025-12-05 13:45:47
CDCI,,CE-Net,154,0.0181597471691581,0.0033333333333333,2025-12-05 13:45:47
CDCI,,CE-Net,155,0.2837585903960258,0.0033333333333333,2025-12-05 13:45:47
CDCI,,CE-Net,156,0.0259280249636308,0.0033333333333333,2025-12-05 13:45:47
CDCI,,CE-Net,157,0.0464145967668924,0.0033333333333333,2025-12-05 13:45:47
CDCI,,CE-Net,158,-0.000148000612699,0.0033333333333333,2025-12-05 13:45:47
CDCI,,CE-Net,159,0.0575622581721693,0.0033333333333333,2025-12-05 13:45:47
CDCI,,CE-Net,160,0.2325095017478553,0.0033333333333333,2025-12-05 13:45:47
CDCI,,CE-Net,161,0.0319396351468432,0.0033333333333333,2025-12-05 13:45:47
CDCI,,CE-Net,162,0.177562584923787,0.0033333333333333,2025-12-05 13:45:47
CDCI,,CE-Net,163,-0.006868987847913,0.0033333333333333,2025-12-05 13:45:47
CDCI,,CE-Net,164,0.0687893430038181,0.0033333333333333,2025-12-05 13:45:47
CDCI,,CE-Net,165,0.0276805192821243,0.0033333333333333,2025-12-05 13:45:47
CDCI,,CE-Net,166,0.0191879803825206,0.0033333333333333,2025-12-05 13:45:47
CDCI,,CE-Net,167,0.0286991913742887,0.0033333333333333,2025-12-05 13:45:47
CDCI,,CE-Net,168,0.0144931306485885,0.0033333333333333,2025-12-05 13:45:47
CDCI,,CE-Net,169,0.0790820508170632,0.0033333333333333,2025-12-05 13:45:47
CDCI,,CE-Net,170,0.0374475278259648,0.0033333333333333,2025-12-05 13:45:47
CDCI,,CE-Net,171,0.1679534723945533,0.0033333333333333,2025-12-05 13:45:47
CDCI,,CE-Net,172,0.0341268910410531,0.0033333333333333,2025-12-05 13:45:47
CDCI,,CE-Net,173,0.0997178090006085,0.0033333333333333,2025-12-05 13:45:47
CDCI,,CE-Net,174,0.0389970652507659,0.0033333333333333,2025-12-05 13:45:47
CDCI,,CE-Net,175,0.0712566766556619,0.0033333333333333,2025-12-05 13:45:47
CDCI,,CE-Net,176,0.1639756435634219,0.0033333333333333,2025-12-05 13:45:47
CDCI,,CE-Net,177,-0.0227828602660583,0.0033333333333333,2025-12-05 13:45:47
CDCI,,CE-Net,178,0.0089389715339542,0.0033333333333333,2025-12-05 13:45:47
CDCI,,CE-Net,179,0.1786104167150616,0.0033333333333333,2025-12-05 13:45:47
CDCI,,CE-Net,180,0.0418903148123213,0.0033333333333333,2025-12-05 13:45:47
CDCI,,CE-Net,181,0.079456992433136,0.0033333333333333,2025-12-05 13:45:47
CDCI,,CE-Net,182,0.0230792440828427,0.0033333333333333,2025-12-05 13:45:47
CDCI,,CE-Net,183,0.1409924866905004,0.0033333333333333,2025-12-05 13:45:47
CDCI,,CE-Net,184,0.0638990258972993,0.0033333333333333,2025-12-05 13:45:47
CDCI,,CE-Net,185,0.0050696662271095,0.0033333333333333,2025-12-05 13:45:47
CDCI,,CE-Net,186,0.0007696796121766,0.0033333333333333,2025-12-05 13:45:47
CDCI,,CE-Net,187,0.0109709328621411,0.0033333333333333,2025-12-05 13:45:48
CDCI,,CE-Net,188,-0.0033217635429606,0.0033333333333333,2025-12-05 13:45:48
CDCI,,CE-Net,189,0.0152301043861549,0.0033333333333333,2025-12-05 13:45:48
CDCI,,CE-Net,190,0.1329059607321955,0.0033333333333333,2025-12-05 13:45:48
CDCI,,CE-Net,191,0.0200563511778895,0.0033333333333333,2025-12-05 13:45:48
CDCI,,CE-Net,192,0.0732384274430694,0.0033333333333333,2025-12-05 13:45:48
CDCI,,CE-Net,193,0.1452704093825471,0.0033333333333333,2025-12-05 13:45:48
CDCI,,CE-Net,194,0.0538042239646245,0.0033333333333333,2025-12-05 13:45:48
CDCI,,CE-Net,195,-0.0007376905207892,0.0033333333333333,2025-12-05 13:45:48
CDCI,,CE-Net,196,0.2080267284307148,0.0033333333333333,2025-12-05 13:45:48
CDCI,,CE-Net,197,0.004890562591451,0.0033333333333333,2025-12-05 13:45:48
CDCI,,CE-Net,198,0.0345146562500518,0.0033333333333333,2025-12-05 13:45:48
CDCI,,CE-Net,199,0.0532328794653435,0.0033333333333333,2025-12-05 13:45:48
CDCI,,CE-Net,200,0.0122097180588015,0.0033333333333333,2025-12-05 13:45:48
CDCI,,CE-Net,201,0.0085735390381361,0.0033333333333333,2025-12-05 13:45:48
CDCI,,CE-Net,202,-0.015713617997872,0.0033333333333333,2025-12-05 13:45:48
CDCI,,CE-Net,203,0.0004118503735935,0.0033333333333333,2025-12-05 13:45:48
CDCI,,CE-Net,204,0.0357713814273526,0.0033333333333333,2025-12-05 13:45:48
CDCI,,CE-Net,205,0.1304362855481544,0.0033333333333333,2025-12-05 13:45:48
CDCI,,CE-Net,206,0.028148321445699,0.0033333333333333,2025-12-05 13:45:48
CDCI,,CE-Net,207,0.1420388029955024,0.0033333333333333,2025-12-05 13:45:48
CDCI,,CE-Net,208,-0.0240931674834089,0.0033333333333333,2025-12-05 13:45:48
CDCI,,CE-Net,209,0.2132612918000217,0.0033333333333333,2025-12-05 13:45:48
CDCI,,CE-Net,210,0.0126819623794147,0.0033333333333333,2025-12-05 13:45:48
CDCI,,CE-Net,211,0.0199304849651054,0.0033333333333333,2025-12-05 13:45:48
CDCI,,CE-Net,212,0.0618818464798976,0.0033333333333333,2025-12-05 13:45:48
CDCI,,CE-Net,213,-0.0055953983758235,0.0033333333333333,2025-12-05 13:45:48
CDCI,,CE-Net,214,-0.015708651711375,0.0033333333333333,2025-12-05 13:45:48
CDCI,,CE-Net,215,0.1570643353741515,0.0033333333333333,2025-12-05 13:45:48
CDCI,,CE-Net,216,0.0276957225390692,0.0033333333333333,2025-12-05 13:45:48
CDCI,,CE-Net,217,0.0319826537586871,0.0033333333333333,2025-12-05 13:45:48
CDCI,,CE-Net,218,-0.0063167133881031,0.0033333333333333,2025-12-05 13:45:48
CDCI,,CE-Net,219,0.2117122337185078,0.0033333333333333,2025-12-05 13:45:48
CDCI,,CE-Net,220,0.0538469309807562,0.0033333333333333,2025-12-05 13:45:48
CDCI,,CE-Net,221,0.0360839079232358,0.0033333333333333,2025-12-05 13:45:48
CDCI,,CE-Net,222,0.0579243104267603,0.0033333333333333,2025-12-05 13:45:48
CDCI,,CE-Net,223,-0.0151646269429175,0.0033333333333333,2025-12-05 13:45:48
CDCI,,CE-Net,224,0.1940988563155555,0.0033333333333333,2025-12-05 13:45:48
CDCI,,CE-Net,225,0.0738914171298392,0.0033333333333333,2025-12-05 13:45:48
CDCI,,CE-Net,226,0.0236885505391464,0.0033333333333333,2025-12-05 13:45:48
CDCI,,CE-Net,227,0.0899104151110848,0.0033333333333333,2025-12-05 13:45:48
CDCI,,CE-Net,228,-0.012675946429226,0.0033333333333333,2025-12-05 13:45:49
CDCI,,CE-Net,229,0.0610374618622941,0.0033333333333333,2025-12-05 13:45:49
CDCI,,CE-Net,230,0.0723902015157969,0.0033333333333333,2025-12-05 13:45:49
CDCI,,CE-Net,231,0.0376828016043833,0.0033333333333333,2025-12-05 13:45:49
CDCI,,CE-Net,232,0.1071123956256273,0.0033333333333333,2025-12-05 13:45:49
CDCI,,CE-Net,233,0.0084057017211283,0.0033333333333333,2025-12-05 13:45:49
CDCI,,CE-Net,234,0.0231847751874436,0.0033333333333333,2025-12-05 13:45:49
CDCI,,CE-Net,235,0.056834005889624,0.0033333333333333,2025-12-05 13:45:49
CDCI,,CE-Net,236,0.2119941163311308,0.0033333333333333,2025-12-05 13:45:49
CDCI,,CE-Net,237,-0.0312532049097506,0.0033333333333333,2025-12-05 13:45:49
CDCI,,CE-Net,238,0.0445298197666236,0.0033333333333333,2025-12-05 13:45:49
CDCI,,CE-Net,239,0.2470209167341672,0.0033333333333333,2025-12-05 13:45:49
CDCI,,CE-Net,240,0.0133234766830628,0.0033333333333333,2025-12-05 13:45:49
CDCI,,CE-Net,241,0.0731553516848014,0.0033333333333333,2025-12-05 13:45:49
CDCI,,CE-Net,242,0.0311354411361537,0.0033333333333333,2025-12-05 13:45:49
CDCI,,CE-Net,243,0.1831601376140508,0.0033333333333333,2025-12-05 13:45:49
CDCI,,CE-Net,244,0.1305638381111661,0.0033333333333333,2025-12-05 13:45:49
CDCI,,CE-Net,245,0.0224569083818664,0.0033333333333333,2025-12-05 13:45:49
CDCI,,CE-Net,246,0.0889318850685483,0.0033333333333333,2025-12-05 13:45:49
CDCI,,CE-Net,247,0.0214356353315499,0.0033333333333333,2025-12-05 13:45:49
CDCI,,CE-Net,248,0.1679136871407991,0.0033333333333333,2025-12-05 13:45:49
CDCI,,CE-Net,249,0.2122518078373515,0.0033333333333333,2025-12-05 13:45:49
CDCI,,CE-Net,250,0.1167586432282093,0.0033333333333333,2025-12-05 13:45:49
CDCI,,CE-Net,251,0.1791627884388556,0.0033333333333333,2025-12-05 13:45:49
CDCI,,CE-Net,252,0.0413998399247688,0.0033333333333333,2025-12-05 13:45:49
CDCI,,CE-Net,253,0.0178248055864327,0.0033333333333333,2025-12-05 13:45:49
CDCI,,CE-Net,254,-0.0304958222493454,0.0033333333333333,2025-12-05 13:45:49
CDCI,,CE-Net,255,0.1637411984766415,0.0033333333333333,2025-12-05 13:45:49
CDCI,,CE-Net,256,0.1100772033721872,0.0033333333333333,2025-12-05 13:45:49
CDCI,,CE-Net,257,0.0265890611825959,0.0033333333333333,2025-12-05 13:45:49
CDCI,,CE-Net,258,0.1559506141490607,0.0033333333333333,2025-12-05 13:45:49
CDCI,,CE-Net,259,-0.0023802249954564,0.0033333333333333,2025-12-05 13:45:49
CDCI,,CE-Net,260,-0.0037914080677371,0.0033333333333333,2025-12-05 13:45:49
CDCI,,CE-Net,261,0.117524816919405,0.0033333333333333,2025-12-05 13:45:49
CDCI,,CE-Net,262,0.0405827586178191,0.0033333333333333,2025-12-05 13:45:49
CDCI,,CE-Net,263,0.0617400347759738,0.0033333333333333,2025-12-05 13:45:49
CDCI,,CE-Net,264,-0.0055733714484022,0.0033333333333333,2025-12-05 13:45:49
CDCI,,CE-Net,265,0.0326620672589673,0.0033333333333333,2025-12-05 13:45:50
CDCI,,CE-Net,266,0.0377635232409584,0.0033333333333333,2025-12-05 13:45:50
CDCI,,CE-Net,267,0.0096859918033462,0.0033333333333333,2025-12-05 13:45:50
CDCI,,CE-Net,268,0.0912537789080017,0.0033333333333333,2025-12-05 13:45:50
CDCI,,CE-Net,269,0.0236885015219271,0.0033333333333333,2025-12-05 13:45:50
CDCI,,CE-Net,270,0.1582168012882644,0.0033333333333333,2025-12-05 13:45:50
CDCI,,CE-Net,271,0.0110496879440001,0.0033333333333333,2025-12-05 13:45:50
CDCI,,CE-Net,272,0.043465625686069,0.0033333333333333,2025-12-05 13:45:50
CDCI,,CE-Net,273,0.0432806517242783,0.0033333333333333,2025-12-05 13:45:50
CDCI,,CE-Net,274,0.0465080846541954,0.0033333333333333,2025-12-05 13:45:50
CDCI,,CE-Net,275,-0.0184910556257806,0.0033333333333333,2025-12-05 13:45:50
CDCI,,CE-Net,276,0.2281324896434908,0.0033333333333333,2025-12-05 13:45:50
CDCI,,CE-Net,277,0.0815268842894996,0.0033333333333333,2025-12-05 13:45:50
CDCI,,CE-Net,278,-0.0144871459930353,0.0033333333333333,2025-12-05 13:45:50
CDCI,,CE-Net,279,0.0099649505501146,0.0033333333333333,2025-12-05 13:45:50
CDCI,,CE-Net,280,-0.0139025498875409,0.0033333333333333,2025-12-05 13:45:50
CDCI,,CE-Net,281,0.0122323318606429,0.0033333333333333,2025-12-05 13:45:50
CDCI,,CE-Net,282,0.0232852077879242,0.0033333333333333,2025-12-05 13:45:50
CDCI,,CE-Net,283,0.129173184098414,0.0033333333333333,2025-12-05 13:45:50
CDCI,,CE-Net,284,0.0346641735191791,0.0033333333333333,2025-12-05 13:45:50
CDCI,,CE-Net,285,-0.0103413512864497,0.0033333333333333,2025-12-05 13:45:50
CDCI,,CE-Net,286,0.0736201846474714,0.0033333333333333,2025-12-05 13:45:50
CDCI,,CE-Net,287,0.0293954481697827,0.0033333333333333,2025-12-05 13:45:50
CDCI,,CE-Net,288,0.2275285295759826,0.0033333333333333,2025-12-05 13:45:50
CDCI,,CE-Net,289,0.0995749258530472,0.0033333333333333,2025-12-05 13:45:50
CDCI,,CE-Net,290,0.0159392417982213,0.0033333333333333,2025-12-05 13:45:50
CDCI,,CE-Net,291,0.0111015944490863,0.0033333333333333,2025-12-05 13:45:50
CDCI,,CE-Net,292,0.0037902656216785,0.0033333333333333,2025-12-05 13:45:50
CDCI,,CE-Net,293,-0.0166172572255127,0.0033333333333333,2025-12-05 13:45:50
CDCI,,CE-Net,294,0.0278646617280183,0.0033333333333333,2025-12-05 13:45:50
CDCI,,CE-Net,295,-0.0039143659985658,0.0033333333333333,2025-12-05 13:45:50
CDCI,,CE-Net,296,0.065705563924507,0.0033333333333333,2025-12-05 13:45:50
CDCI,,CE-Net,297,0.0016134638896506,0.0033333333333333,2025-12-05 13:45:50
CDCI,,CE-Net,298,0.0033312479382177,0.0033333333333333,2025-12-05 13:45:50
CDCI,,CE-Net,299,0.1251860627626483,0.0033333333333333,2025-12-05 13:45:50
CDCI,,CE-Net,300,0.1556033840986699,0.0033333333333333,2025-12-05 13:45:50
CDS,,CE-Cha,1,0.0599340218738568,0.0033333333333333,2025-12-05 13:45:51
CDS,,CE-Cha,2,0.0173834483455661,0.0033333333333333,2025-12-05 13:45:51
CDS,,CE-Cha,3,0.0436530617797467,0.0033333333333333,2025-12-05 13:45:51
CDS,,CE-Cha,4,0.0261931867715066,0.0033333333333333,2025-12-05 13:45:51
CDS,,CE-Cha,5,0.039938911390462,0.0033333333333333,2025-12-05 13:45:51
CDS,,CE-Cha,6,0.0186588794562155,0.0033333333333333,2025-12-05 13:45:51
CDS,,CE-Cha,7,0.0287499702418143,0.0033333333333333,2025-12-05 13:45:51
CDS,,CE-Cha,8,-0.0329063618763632,0.0033333333333333,2025-12-05 13:45:51
CDS,,CE-Cha,9,0.0312299079645211,0.0033333333333333,2025-12-05 13:45:51
CDS,,CE-Cha,10,0.0527807776406689,0.0033333333333333,2025-12-05 13:45:51
CDS,,CE-Cha,11,0.0090836914007923,0.0033333333333333,2025-12-05 13:45:51
CDS,,CE-Cha,12,0.0045531574529385,0.0033333333333333,2025-12-05 13:45:51
CDS,,CE-Cha,13,0.0132869475581295,0.0033333333333333,2025-12-05 13:45:51
CDS,,CE-Cha,14,0.0240211688714577,0.0033333333333333,2025-12-05 13:45:51
CDS,,CE-Cha,15,0.0142183373240934,0.0033333333333333,2025-12-05 13:45:52
CDS,,CE-Cha,16,0.0501693984674088,0.0033333333333333,2025-12-05 13:45:52
CDS,,CE-Cha,17,-0.0481828884504255,0.0033333333333333,2025-12-05 13:45:52
CDS,,CE-Cha,18,0.0017152745543987,0.0033333333333333,2025-12-05 13:45:52
CDS,,CE-Cha,19,0.0230661020390787,0.0033333333333333,2025-12-05 13:45:52
CDS,,CE-Cha,20,0.0112986491403597,0.0033333333333333,2025-12-05 13:45:52
CDS,,CE-Cha,21,0.0578401304311583,0.0033333333333333,2025-12-05 13:45:52
CDS,,CE-Cha,22,0.018993035337144,0.0033333333333333,2025-12-05 13:45:52
CDS,,CE-Cha,23,-0.0045946788852932,0.0033333333333333,2025-12-05 13:45:52
CDS,,CE-Cha,24,0.0002297618459171,0.0033333333333333,2025-12-05 13:45:52
CDS,,CE-Cha,25,0.0460411014971015,0.0033333333333333,2025-12-05 13:45:52
CDS,,CE-Cha,26,0.0070321964397917,0.0033333333333333,2025-12-05 13:45:52
CDS,,CE-Cha,27,0.008119783831961,0.0033333333333333,2025-12-05 13:45:52
CDS,,CE-Cha,28,-0.0207631562602213,0.0033333333333333,2025-12-05 13:45:53
CDS,,CE-Cha,29,0.065183739997646,0.0033333333333333,2025-12-05 13:45:53
CDS,,CE-Cha,30,0.0405124317183045,0.0033333333333333,2025-12-05 13:45:53
CDS,,CE-Cha,31,0.0732897300809861,0.0033333333333333,2025-12-05 13:45:53
CDS,,CE-Cha,32,0.0107233831267812,0.0033333333333333,2025-12-05 13:45:53
CDS,,CE-Cha,33,-0.0840005515603695,0.0033333333333333,2025-12-05 13:45:53
CDS,,CE-Cha,34,0.022604189267328,0.0033333333333333,2025-12-05 13:45:53
CDS,,CE-Cha,35,0.0256056216850419,0.0033333333333333,2025-12-05 13:45:53
CDS,,CE-Cha,36,0.01204541021525,0.0033333333333333,2025-12-05 13:45:53
CDS,,CE-Cha,37,0.0077950891309219,0.0033333333333333,2025-12-05 13:45:53
CDS,,CE-Cha,38,-0.0004901890361012,0.0033333333333333,2025-12-05 13:45:53
CDS,,CE-Cha,39,0.0087207795576557,0.0033333333333333,2025-12-05 13:45:53
CDS,,CE-Cha,40,0.0305326951629957,0.0033333333333333,2025-12-05 13:45:54
CDS,,CE-Cha,41,0.0048254918731445,0.0033333333333333,2025-12-05 13:45:54
CDS,,CE-Cha,42,-0.0741344256618349,0.0033333333333333,2025-12-05 13:45:54
CDS,,CE-Cha,43,0.0861791907357755,0.0033333333333333,2025-12-05 13:45:54
CDS,,CE-Cha,44,0.0222191918988162,0.0033333333333333,2025-12-05 13:45:54
CDS,,CE-Cha,45,-0.0191060821474898,0.0033333333333333,2025-12-05 13:45:54
CDS,,CE-Cha,46,0.0051412964312469,0.0033333333333333,2025-12-05 13:45:54
CDS,,CE-Cha,47,0.0094850904273357,0.0033333333333333,2025-12-05 13:45:54
CDS,,CE-Cha,48,0.0153593797930935,0.0033333333333333,2025-12-05 13:45:54
CDS,,CE-Cha,49,0.0276694105886725,0.0033333333333333,2025-12-05 13:45:54
CDS,,CE-Cha,50,0.0225888120425172,0.0033333333333333,2025-12-05 13:45:54
CDS,,CE-Cha,51,0.08453991080756,0.0033333333333333,2025-12-05 13:45:54
CDS,,CE-Cha,52,0.0488866717671938,0.0033333333333333,2025-12-05 13:45:54
CDS,,CE-Cha,53,-0.0995382535483367,0.0033333333333333,2025-12-05 13:45:55
CDS,,CE-Cha,54,-0.0177297990555247,0.0033333333333333,2025-12-05 13:45:55
CDS,,CE-Cha,55,0.0087259245689502,0.0033333333333333,2025-12-05 13:45:55
CDS,,CE-Cha,56,-0.0763263100918206,0.0033333333333333,2025-12-05 13:45:55
CDS,,CE-Cha,57,0.0687828247344552,0.0033333333333333,2025-12-05 13:45:55
CDS,,CE-Cha,58,0.0610071286254818,0.0033333333333333,2025-12-05 13:45:55
CDS,,CE-Cha,59,0.0546217097748375,0.0033333333333333,2025-12-05 13:45:55
CDS,,CE-Cha,60,0.0707316197585595,0.0033333333333333,2025-12-05 13:45:55
CDS,,CE-Cha,61,0.0193726431241001,0.0033333333333333,2025-12-05 13:45:55
CDS,,CE-Cha,62,0.0166266481072976,0.0033333333333333,2025-12-05 13:45:55
CDS,,CE-Cha,63,0.0221775997575596,0.0033333333333333,2025-12-05 13:45:55
CDS,,CE-Cha,64,0.0446874408344422,0.0033333333333333,2025-12-05 13:45:55
CDS,,CE-Cha,65,0.0343614490785338,0.0033333333333333,2025-12-05 13:45:56
CDS,,CE-Cha,66,-0.0654072146436518,0.0033333333333333,2025-12-05 13:45:56
CDS,,CE-Cha,67,-0.0386030772504597,0.0033333333333333,2025-12-05 13:45:56
CDS,,CE-Cha,68,0.0314979148357178,0.0033333333333333,2025-12-05 13:45:56
CDS,,CE-Cha,69,0.0175192553889584,0.0033333333333333,2025-12-05 13:45:56
CDS,,CE-Cha,70,0.0655171758182014,0.0033333333333333,2025-12-05 13:45:56
CDS,,CE-Cha,71,0.1019687938849883,0.0033333333333333,2025-12-05 13:45:56
CDS,,CE-Cha,72,0.0333022547094439,0.0033333333333333,2025-12-05 13:45:56
CDS,,CE-Cha,73,-0.0020221086892197,0.0033333333333333,2025-12-05 13:45:56
CDS,,CE-Cha,74,0.0026844108248265,0.0033333333333333,2025-12-05 13:45:56
CDS,,CE-Cha,75,0.0399470474032004,0.0033333333333333,2025-12-05 13:45:56
CDS,,CE-Cha,76,0.0023614962729508,0.0033333333333333,2025-12-05 13:45:56
CDS,,CE-Cha,77,0.0792952698147001,0.0033333333333333,2025-12-05 13:45:56
CDS,,CE-Cha,78,0.0144930511751154,0.0033333333333333,2025-12-05 13:45:56
CDS,,CE-Cha,79,0.0282279310008454,0.0033333333333333,2025-12-05 13:45:57
CDS,,CE-Cha,80,0.0006600483004809,0.0033333333333333,2025-12-05 13:45:57
CDS,,CE-Cha,81,-0.0781498151486694,0.0033333333333333,2025-12-05 13:45:57
CDS,,CE-Cha,82,0.0161156508176317,0.0033333333333333,2025-12-05 13:45:57
CDS,,CE-Cha,83,0.0078374754855392,0.0033333333333333,2025-12-05 13:45:57
CDS,,CE-Cha,84,-0.0237607231771694,0.0033333333333333,2025-12-05 13:45:57
CDS,,CE-Cha,85,0.0155042099388178,0.0033333333333333,2025-12-05 13:45:57
CDS,,CE-Cha,86,-0.0737883235707322,0.0033333333333333,2025-12-05 13:45:57
CDS,,CE-Cha,87,-0.1095247443725696,0.0033333333333333,2025-12-05 13:45:57
CDS,,CE-Cha,88,0.0745966855883502,0.0033333333333333,2025-12-05 13:45:57
CDS,,CE-Cha,89,-0.0344440036227403,0.0033333333333333,2025-12-05 13:45:57
CDS,,CE-Cha,90,0.0173330715235859,0.0033333333333333,2025-12-05 13:45:57
CDS,,CE-Cha,91,-0.0048463504145791,0.0033333333333333,2025-12-05 13:45:58
CDS,,CE-Cha,92,-0.0667458409179481,0.0033333333333333,2025-12-05 13:45:58
CDS,,CE-Cha,93,-0.0477936532605509,0.0033333333333333,2025-12-05 13:45:58
CDS,,CE-Cha,94,0.0466097918566042,0.0033333333333333,2025-12-05 13:45:58
CDS,,CE-Cha,95,0.0971341525939537,0.0033333333333333,2025-12-05 13:45:58
CDS,,CE-Cha,96,-0.0066511064430245,0.0033333333333333,2025-12-05 13:45:58
CDS,,CE-Cha,97,0.0620571998437221,0.0033333333333333,2025-12-05 13:45:58
CDS,,CE-Cha,98,0.0365505176717113,0.0033333333333333,2025-12-05 13:45:58
CDS,,CE-Cha,99,0.0248748711532527,0.0033333333333333,2025-12-05 13:45:58
CDS,,CE-Cha,100,0.0045878865239298,0.0033333333333333,2025-12-05 13:45:58
CDS,,CE-Cha,101,0.0432079778587623,0.0033333333333333,2025-12-05 13:45:58
CDS,,CE-Cha,102,0.0912315413385146,0.0033333333333333,2025-12-05 13:45:58
CDS,,CE-Cha,103,0.0098136144804245,0.0033333333333333,2025-12-05 13:45:58
CDS,,CE-Cha,104,0.0611365185014141,0.0033333333333333,2025-12-05 13:45:58
CDS,,CE-Cha,105,0.0242704196761444,0.0033333333333333,2025-12-05 13:45:59
CDS,,CE-Cha,106,0.061153472710983,0.0033333333333333,2025-12-05 13:45:59
CDS,,CE-Cha,107,0.0144056712725236,0.0033333333333333,2025-12-05 13:45:59
CDS,,CE-Cha,108,-0.0120621538797912,0.0033333333333333,2025-12-05 13:45:59
CDS,,CE-Cha,109,0.0339682270830647,0.0033333333333333,2025-12-05 13:45:59
CDS,,CE-Cha,110,0.0113808743353688,0.0033333333333333,2025-12-05 13:45:59
CDS,,CE-Cha,111,-0.066294847465929,0.0033333333333333,2025-12-05 13:45:59
CDS,,CE-Cha,112,0.032062949619663,0.0033333333333333,2025-12-05 13:45:59
CDS,,CE-Cha,113,0.0014025067614973,0.0033333333333333,2025-12-05 13:45:59
CDS,,CE-Cha,114,0.020919402746967,0.0033333333333333,2025-12-05 13:45:59
CDS,,CE-Cha,115,0.078904271408246,0.0033333333333333,2025-12-05 13:45:59
CDS,,CE-Cha,116,0.0203876448590328,0.0033333333333333,2025-12-05 13:45:59
CDS,,CE-Cha,117,0.0843647325363246,0.0033333333333333,2025-12-05 13:45:59
CDS,,CE-Cha,118,-0.0956502790946785,0.0033333333333333,2025-12-05 13:45:59
CDS,,CE-Cha,119,0.0269554019909218,0.0033333333333333,2025-12-05 13:46:00
CDS,,CE-Cha,120,-0.019287508561191,0.0033333333333333,2025-12-05 13:46:00
CDS,,CE-Cha,121,0.0022025419589848,0.0033333333333333,2025-12-05 13:46:00
CDS,,CE-Cha,122,0.0641065610363831,0.0033333333333333,2025-12-05 13:46:00
CDS,,CE-Cha,123,0.0054509158045587,0.0033333333333333,2025-12-05 13:46:00
CDS,,CE-Cha,124,-0.0116567793366692,0.0033333333333333,2025-12-05 13:46:00
CDS,,CE-Cha,125,-0.0368139099221805,0.0033333333333333,2025-12-05 13:46:00
CDS,,CE-Cha,126,0.0222871172710622,0.0033333333333333,2025-12-05 13:46:00
CDS,,CE-Cha,127,0.0190325792403691,0.0033333333333333,2025-12-05 13:46:00
CDS,,CE-Cha,128,-0.0412580276806296,0.0033333333333333,2025-12-05 13:46:00
CDS,,CE-Cha,129,0.0689754746659166,0.0033333333333333,2025-12-05 13:46:00
CDS,,CE-Cha,130,0.0112997310626584,0.0033333333333333,2025-12-05 13:46:00
CDS,,CE-Cha,131,-0.0332986506427884,0.0033333333333333,2025-12-05 13:46:01
CDS,,CE-Cha,132,0.0217530699473157,0.0033333333333333,2025-12-05 13:46:01
CDS,,CE-Cha,133,0.0564426625261007,0.0033333333333333,2025-12-05 13:46:01
CDS,,CE-Cha,134,0.0068506334167938,0.0033333333333333,2025-12-05 13:46:01
CDS,,CE-Cha,135,-0.0132396301654646,0.0033333333333333,2025-12-05 13:46:01
CDS,,CE-Cha,136,0.0455282832058253,0.0033333333333333,2025-12-05 13:46:01
CDS,,CE-Cha,137,0.0430841632594029,0.0033333333333333,2025-12-05 13:46:01
CDS,,CE-Cha,138,0.0405361178192466,0.0033333333333333,2025-12-05 13:46:01
CDS,,CE-Cha,139,0.0195367356413315,0.0033333333333333,2025-12-05 13:46:01
CDS,,CE-Cha,140,-0.014925360212397,0.0033333333333333,2025-12-05 13:46:01
CDS,,CE-Cha,141,-0.0170623805442494,0.0033333333333333,2025-12-05 13:46:01
CDS,,CE-Cha,142,-0.0331539447077918,0.0033333333333333,2025-12-05 13:46:01
CDS,,CE-Cha,143,-0.0088992020888041,0.0033333333333333,2025-12-05 13:46:01
CDS,,CE-Cha,144,0.0062628571928537,0.0033333333333333,2025-12-05 13:46:02
CDS,,CE-Cha,145,0.0326574618071932,0.0033333333333333,2025-12-05 13:46:02
CDS,,CE-Cha,146,0.0160538279995567,0.0033333333333333,2025-12-05 13:46:02
CDS,,CE-Cha,147,0.0062307900944732,0.0033333333333333,2025-12-05 13:46:02
CDS,,CE-Cha,148,0.0182100028091336,0.0033333333333333,2025-12-05 13:46:02
CDS,,CE-Cha,149,0.0156861463347957,0.0033333333333333,2025-12-05 13:46:02
CDS,,CE-Cha,150,0.0424492036049242,0.0033333333333333,2025-12-05 13:46:02
CDS,,CE-Cha,151,-0.040526326380851,0.0033333333333333,2025-12-05 13:46:02
CDS,,CE-Cha,152,-0.0170490813697243,0.0033333333333333,2025-12-05 13:46:02
CDS,,CE-Cha,153,0.0348921671491931,0.0033333333333333,2025-12-05 13:46:02
CDS,,CE-Cha,154,-0.0981478021547207,0.0033333333333333,2025-12-05 13:46:02
CDS,,CE-Cha,155,-0.0143868430882643,0.0033333333333333,2025-12-05 13:46:02
CDS,,CE-Cha,156,-0.0505436565237112,0.0033333333333333,2025-12-05 13:46:03
CDS,,CE-Cha,157,0.013216454764073,0.0033333333333333,2025-12-05 13:46:03
CDS,,CE-Cha,158,-0.0564369867477822,0.0033333333333333,2025-12-05 13:46:03
CDS,,CE-Cha,159,0.0635641818674594,0.0033333333333333,2025-12-05 13:46:03
CDS,,CE-Cha,160,-0.0923614355557496,0.0033333333333333,2025-12-05 13:46:03
CDS,,CE-Cha,161,-0.0134302308995514,0.0033333333333333,2025-12-05 13:46:03
CDS,,CE-Cha,162,0.025102148307935,0.0033333333333333,2025-12-05 13:46:03
CDS,,CE-Cha,163,0.0019698102561395,0.0033333333333333,2025-12-05 13:46:03
CDS,,CE-Cha,164,0.0553536863576403,0.0033333333333333,2025-12-05 13:46:03
CDS,,CE-Cha,165,-0.0430150485574327,0.0033333333333333,2025-12-05 13:46:03
CDS,,CE-Cha,166,0.0197862949245846,0.0033333333333333,2025-12-05 13:46:03
CDS,,CE-Cha,167,0.0146728460394267,0.0033333333333333,2025-12-05 13:46:03
CDS,,CE-Cha,168,0.0103828158613632,0.0033333333333333,2025-12-05 13:46:03
CDS,,CE-Cha,169,0.0667023768672015,0.0033333333333333,2025-12-05 13:46:04
CDS,,CE-Cha,170,0.001425761928218,0.0033333333333333,2025-12-05 13:46:04
CDS,,CE-Cha,171,0.0703530635272297,0.0033333333333333,2025-12-05 13:46:04
CDS,,CE-Cha,172,-0.0757838068888215,0.0033333333333333,2025-12-05 13:46:04
CDS,,CE-Cha,173,-0.0588148276317863,0.0033333333333333,2025-12-05 13:46:04
CDS,,CE-Cha,174,0.0087982214800617,0.0033333333333333,2025-12-05 13:46:04
CDS,,CE-Cha,175,0.003919826602192,0.0033333333333333,2025-12-05 13:46:04
CDS,,CE-Cha,176,0.0278610561717435,0.0033333333333333,2025-12-05 13:46:04
CDS,,CE-Cha,177,0.039952840519461,0.0033333333333333,2025-12-05 13:46:04
CDS,,CE-Cha,178,0.0126969172864943,0.0033333333333333,2025-12-05 13:46:04
CDS,,CE-Cha,179,0.0032173024702537,0.0033333333333333,2025-12-05 13:46:04
CDS,,CE-Cha,180,0.0165356712922455,0.0033333333333333,2025-12-05 13:46:04
CDS,,CE-Cha,181,0.0247289199525113,0.0033333333333333,2025-12-05 13:46:04
CDS,,CE-Cha,182,0.0008362262967665,0.0033333333333333,2025-12-05 13:46:05
CDS,,CE-Cha,183,0.0466097968649231,0.0033333333333333,2025-12-05 13:46:05
CDS,,CE-Cha,184,0.0274273843888708,0.0033333333333333,2025-12-05 13:46:05
CDS,,CE-Cha,185,-0.0078957037313063,0.0033333333333333,2025-12-05 13:46:05
CDS,,CE-Cha,186,0.0225725914065861,0.0033333333333333,2025-12-05 13:46:05
CDS,,CE-Cha,187,0.0003832581927736,0.0033333333333333,2025-12-05 13:46:05
CDS,,CE-Cha,188,0.0567226902437418,0.0033333333333333,2025-12-05 13:46:05
CDS,,CE-Cha,189,0.0565899325059782,0.0033333333333333,2025-12-05 13:46:05
CDS,,CE-Cha,190,-0.0053747670501563,0.0033333333333333,2025-12-05 13:46:05
CDS,,CE-Cha,191,0.0578714137986071,0.0033333333333333,2025-12-05 13:46:05
CDS,,CE-Cha,192,0.0233985866929314,0.0033333333333333,2025-12-05 13:46:05
CDS,,CE-Cha,193,-0.0231555774258749,0.0033333333333333,2025-12-05 13:46:05
CDS,,CE-Cha,194,-0.0089970867952704,0.0033333333333333,2025-12-05 13:46:05
CDS,,CE-Cha,195,0.0194331057758642,0.0033333333333333,2025-12-05 13:46:05
CDS,,CE-Cha,196,0.0513387918406156,0.0033333333333333,2025-12-05 13:46:06
CDS,,CE-Cha,197,-0.0024151526022055,0.0033333333333333,2025-12-05 13:46:06
CDS,,CE-Cha,198,0.0364884863061935,0.0033333333333333,2025-12-05 13:46:06
CDS,,CE-Cha,199,0.0795339189436792,0.0033333333333333,2025-12-05 13:46:06
CDS,,CE-Cha,200,-0.0027709004941969,0.0033333333333333,2025-12-05 13:46:06
CDS,,CE-Cha,201,0.0436027159614402,0.0033333333333333,2025-12-05 13:46:06
CDS,,CE-Cha,202,-0.0224655200193299,0.0033333333333333,2025-12-05 13:46:06
CDS,,CE-Cha,203,-0.0424945301007328,0.0033333333333333,2025-12-05 13:46:06
CDS,,CE-Cha,204,0.0651060462070088,0.0033333333333333,2025-12-05 13:46:06
CDS,,CE-Cha,205,0.0661295857003566,0.0033333333333333,2025-12-05 13:46:06
CDS,,CE-Cha,206,0.0079369909278501,0.0033333333333333,2025-12-05 13:46:06
CDS,,CE-Cha,207,-0.0107592403699638,0.0033333333333333,2025-12-05 13:46:06
CDS,,CE-Cha,208,-0.0251288122020683,0.0033333333333333,2025-12-05 13:46:06
CDS,,CE-Cha,209,0.020463688537776,0.0033333333333333,2025-12-05 13:46:07
CDS,,CE-Cha,210,-0.0164428447031893,0.0033333333333333,2025-12-05 13:46:07
CDS,,CE-Cha,211,0.0190928909188381,0.0033333333333333,2025-12-05 13:46:07
CDS,,CE-Cha,212,0.0225642556584328,0.0033333333333333,2025-12-05 13:46:07
CDS,,CE-Cha,213,0.0930181988235815,0.0033333333333333,2025-12-05 13:46:07
CDS,,CE-Cha,214,0.1090915250234952,0.0033333333333333,2025-12-05 13:46:07
CDS,,CE-Cha,215,-0.0307185812667275,0.0033333333333333,2025-12-05 13:46:07
CDS,,CE-Cha,216,0.0075605737288299,0.0033333333333333,2025-12-05 13:46:07
CDS,,CE-Cha,217,0.0086533247113405,0.0033333333333333,2025-12-05 13:46:07
CDS,,CE-Cha,218,-0.0804808228256502,0.0033333333333333,2025-12-05 13:46:07
CDS,,CE-Cha,219,0.0210941844636396,0.0033333333333333,2025-12-05 13:46:07
CDS,,CE-Cha,220,0.003474117723541,0.0033333333333333,2025-12-05 13:46:07
CDS,,CE-Cha,221,0.0259456544228074,0.0033333333333333,2025-12-05 13:46:08
CDS,,CE-Cha,222,-0.0606372850190975,0.0033333333333333,2025-12-05 13:46:08
CDS,,CE-Cha,223,0.0235069640064277,0.0033333333333333,2025-12-05 13:46:08
CDS,,CE-Cha,224,0.0233949682418817,0.0033333333333333,2025-12-05 13:46:08
CDS,,CE-Cha,225,-0.0282500314656206,0.0033333333333333,2025-12-05 13:46:08
CDS,,CE-Cha,226,-0.0500627260496147,0.0033333333333333,2025-12-05 13:46:08
CDS,,CE-Cha,227,0.0032544939607949,0.0033333333333333,2025-12-05 13:46:08
CDS,,CE-Cha,228,0.1132818804313439,0.0033333333333333,2025-12-05 13:46:08
CDS,,CE-Cha,229,-0.0134092585932656,0.0033333333333333,2025-12-05 13:46:08
CDS,,CE-Cha,230,0.0364541587935512,0.0033333333333333,2025-12-05 13:46:08
CDS,,CE-Cha,231,-0.0785330326369029,0.0033333333333333,2025-12-05 13:46:08
CDS,,CE-Cha,232,0.0101208637985275,0.0033333333333333,2025-12-05 13:46:08
CDS,,CE-Cha,233,0.0202761881320344,0.0033333333333333,2025-12-05 13:46:08
CDS,,CE-Cha,234,0.0058376104144224,0.0033333333333333,2025-12-05 13:46:08
CDS,,CE-Cha,235,0.0376845052618492,0.0033333333333333,2025-12-05 13:46:09
CDS,,CE-Cha,236,0.0183118143491211,0.0033333333333333,2025-12-05 13:46:09
CDS,,CE-Cha,237,0.0103977183107065,0.0033333333333333,2025-12-05 13:46:09
CDS,,CE-Cha,238,0.0118372081968943,0.0033333333333333,2025-12-05 13:46:09
CDS,,CE-Cha,239,-0.0400636279215414,0.0033333333333333,2025-12-05 13:46:09
CDS,,CE-Cha,240,-0.0303030778848985,0.0033333333333333,2025-12-05 13:46:09
CDS,,CE-Cha,241,-0.0160077574273416,0.0033333333333333,2025-12-05 13:46:09
CDS,,CE-Cha,242,-0.0464529915549756,0.0033333333333333,2025-12-05 13:46:09
CDS,,CE-Cha,243,0.0746839526524006,0.0033333333333333,2025-12-05 13:46:09
CDS,,CE-Cha,244,-0.0183901216192598,0.0033333333333333,2025-12-05 13:46:09
CDS,,CE-Cha,245,-0.0190762100166712,0.0033333333333333,2025-12-05 13:46:09
CDS,,CE-Cha,246,0.0037688079503954,0.0033333333333333,2025-12-05 13:46:09
CDS,,CE-Cha,247,0.0335480016631357,0.0033333333333333,2025-12-05 13:46:09
CDS,,CE-Cha,248,-0.0028275613504829,0.0033333333333333,2025-12-05 13:46:10
CDS,,CE-Cha,249,0.0099999297804734,0.0033333333333333,2025-12-05 13:46:10
CDS,,CE-Cha,250,0.114471963651451,0.0033333333333333,2025-12-05 13:46:10
CDS,,CE-Cha,251,0.0258996522713604,0.0033333333333333,2025-12-05 13:46:10
CDS,,CE-Cha,252,0.0209850069441901,0.0033333333333333,2025-12-05 13:46:10
CDS,,CE-Cha,253,0.0187187847477406,0.0033333333333333,2025-12-05 13:46:10
CDS,,CE-Cha,254,0.0446238550258964,0.0033333333333333,2025-12-05 13:46:10
CDS,,CE-Cha,255,-0.0360186988395246,0.0033333333333333,2025-12-05 13:46:10
CDS,,CE-Cha,256,0.0745346788244259,0.0033333333333333,2025-12-05 13:46:10
CDS,,CE-Cha,257,0.0507077696552811,0.0033333333333333,2025-12-05 13:46:10
CDS,,CE-Cha,258,0.020341624400791,0.0033333333333333,2025-12-05 13:46:10
CDS,,CE-Cha,259,-0.0391046298550242,0.0033333333333333,2025-12-05 13:46:10
CDS,,CE-Cha,260,0.0259495380186899,0.0033333333333333,2025-12-05 13:46:10
CDS,,CE-Cha,261,0.0192986442773107,0.0033333333333333,2025-12-05 13:46:10
CDS,,CE-Cha,262,0.0167087528421546,0.0033333333333333,2025-12-05 13:46:11
CDS,,CE-Cha,263,0.0570614307149775,0.0033333333333333,2025-12-05 13:46:11
CDS,,CE-Cha,264,-0.0558068613902952,0.0033333333333333,2025-12-05 13:46:11
CDS,,CE-Cha,265,-0.047898717345448,0.0033333333333333,2025-12-05 13:46:11
CDS,,CE-Cha,266,-0.0067944246009868,0.0033333333333333,2025-12-05 13:46:11
CDS,,CE-Cha,267,0.0308555386186977,0.0033333333333333,2025-12-05 13:46:11
CDS,,CE-Cha,268,0.0084512230968012,0.0033333333333333,2025-12-05 13:46:11
CDS,,CE-Cha,269,-0.0164266269828432,0.0033333333333333,2025-12-05 13:46:11
CDS,,CE-Cha,270,0.0162106668994268,0.0033333333333333,2025-12-05 13:46:11
CDS,,CE-Cha,271,0.0005567023367597,0.0033333333333333,2025-12-05 13:46:11
CDS,,CE-Cha,272,0.0066131302058364,0.0033333333333333,2025-12-05 13:46:11
CDS,,CE-Cha,273,0.0496131818448407,0.0033333333333333,2025-12-05 13:46:11
CDS,,CE-Cha,274,0.041522578300354,0.0033333333333333,2025-12-05 13:46:11
CDS,,CE-Cha,275,-0.0856799929588965,0.0033333333333333,2025-12-05 13:46:12
CDS,,CE-Cha,276,0.0119893192358178,0.0033333333333333,2025-12-05 13:46:12
CDS,,CE-Cha,277,-0.0607710663832168,0.0033333333333333,2025-12-05 13:46:12
CDS,,CE-Cha,278,0.0015869496934136,0.0033333333333333,2025-12-05 13:46:12
CDS,,CE-Cha,279,0.0567371644347012,0.0033333333333333,2025-12-05 13:46:12
CDS,,CE-Cha,280,0.0749985043634526,0.0033333333333333,2025-12-05 13:46:12
CDS,,CE-Cha,281,-0.0396527052392818,0.0033333333333333,2025-12-05 13:46:12
CDS,,CE-Cha,282,0.0109819309065792,0.0033333333333333,2025-12-05 13:46:12
CDS,,CE-Cha,283,-0.0445447531803349,0.0033333333333333,2025-12-05 13:46:12
CDS,,CE-Cha,284,0.0623496896471778,0.0033333333333333,2025-12-05 13:46:12
CDS,,CE-Cha,285,0.0513174130771049,0.0033333333333333,2025-12-05 13:46:12
CDS,,CE-Cha,286,0.0739509473309493,0.0033333333333333,2025-12-05 13:46:12
CDS,,CE-Cha,287,0.0166912988699108,0.0033333333333333,2025-12-05 13:46:12
CDS,,CE-Cha,288,0.0293572362170525,0.0033333333333333,2025-12-05 13:46:12
CDS,,CE-Cha,289,0.0164803569601604,0.0033333333333333,2025-12-05 13:46:13
CDS,,CE-Cha,290,-0.0724638949573952,0.0033333333333333,2025-12-05 13:46:13
CDS,,CE-Cha,291,-0.0125337878791671,0.0033333333333333,2025-12-05 13:46:13
CDS,,CE-Cha,292,0.0168274535875974,0.0033333333333333,2025-12-05 13:46:13
CDS,,CE-Cha,293,0.0685581743754467,0.0033333333333333,2025-12-05 13:46:13
CDS,,CE-Cha,294,0.0599420706016683,0.0033333333333333,2025-12-05 13:46:13
CDS,,CE-Cha,295,-0.0064911830877872,0.0033333333333333,2025-12-05 13:46:13
CDS,,CE-Cha,296,0.0125832861399877,0.0033333333333333,2025-12-05 13:46:13
CDS,,CE-Cha,297,-0.0011080500706908,0.0033333333333333,2025-12-05 13:46:13
CDS,,CE-Cha,298,-0.0054953177844857,0.0033333333333333,2025-12-05 13:46:13
CDS,,CE-Cha,299,0.0455931694961495,0.0033333333333333,2025-12-05 13:46:13
CDS,,CE-Cha,300,0.0027553462092114,0.0033333333333333,2025-12-05 13:46:13
CDS,,CE-Gauss,1,0.0030378608155227,0.0033333333333333,2025-12-05 13:46:14
CDS,,CE-Gauss,2,0.1061453473953236,0.0033333333333333,2025-12-05 13:46:14
CDS,,CE-Gauss,3,0.0358477581046426,0.0033333333333333,2025-12-05 13:46:14
CDS,,CE-Gauss,4,0.010410834128336,0.0033333333333333,2025-12-05 13:46:14
CDS,,CE-Gauss,5,0.0122219834357236,0.0033333333333333,2025-12-05 13:46:14
CDS,,CE-Gauss,6,0.0531008400692056,0.0033333333333333,2025-12-05 13:46:14
CDS,,CE-Gauss,7,0.0179810032858243,0.0033333333333333,2025-12-05 13:46:14
CDS,,CE-Gauss,8,0.0003550600086253,0.0033333333333333,2025-12-05 13:46:14
CDS,,CE-Gauss,9,0.0358872053284149,0.0033333333333333,2025-12-05 13:46:14
CDS,,CE-Gauss,10,-0.0171433317090414,0.0033333333333333,2025-12-05 13:46:14
CDS,,CE-Gauss,11,0.0291901337666216,0.0033333333333333,2025-12-05 13:46:14
CDS,,CE-Gauss,12,0.0152120562753097,0.0033333333333333,2025-12-05 13:46:14
CDS,,CE-Gauss,13,-0.0138592584081961,0.0033333333333333,2025-12-05 13:46:14
CDS,,CE-Gauss,14,0.054458497245908,0.0033333333333333,2025-12-05 13:46:14
CDS,,CE-Gauss,15,0.0490735384302494,0.0033333333333333,2025-12-05 13:46:15
CDS,,CE-Gauss,16,0.0117886076966811,0.0033333333333333,2025-12-05 13:46:15
CDS,,CE-Gauss,17,0.0608719949696182,0.0033333333333333,2025-12-05 13:46:15
CDS,,CE-Gauss,18,0.060064414185001,0.0033333333333333,2025-12-05 13:46:15
CDS,,CE-Gauss,19,0.0109965760422583,0.0033333333333333,2025-12-05 13:46:15
CDS,,CE-Gauss,20,0.038753341080849,0.0033333333333333,2025-12-05 13:46:15
CDS,,CE-Gauss,21,0.0107208749589199,0.0033333333333333,2025-12-05 13:46:15
CDS,,CE-Gauss,22,0.0150417956915415,0.0033333333333333,2025-12-05 13:46:15
CDS,,CE-Gauss,23,0.0237424442243744,0.0033333333333333,2025-12-05 13:46:15
CDS,,CE-Gauss,24,-0.0366471831339974,0.0033333333333333,2025-12-05 13:46:15
CDS,,CE-Gauss,25,-0.0075627810512666,0.0033333333333333,2025-12-05 13:46:15
CDS,,CE-Gauss,26,0.0414295926279956,0.0033333333333333,2025-12-05 13:46:15
CDS,,CE-Gauss,27,0.0392992761513722,0.0033333333333333,2025-12-05 13:46:15
CDS,,CE-Gauss,28,0.035725536511224,0.0033333333333333,2025-12-05 13:46:16
CDS,,CE-Gauss,29,0.0215095092489877,0.0033333333333333,2025-12-05 13:46:16
CDS,,CE-Gauss,30,0.0537380274893224,0.0033333333333333,2025-12-05 13:46:16
CDS,,CE-Gauss,31,-0.0156078682598867,0.0033333333333333,2025-12-05 13:46:16
CDS,,CE-Gauss,32,0.0737097718271273,0.0033333333333333,2025-12-05 13:46:16
CDS,,CE-Gauss,33,0.0176296394178288,0.0033333333333333,2025-12-05 13:46:16
CDS,,CE-Gauss,34,0.0195629208285697,0.0033333333333333,2025-12-05 13:46:16
CDS,,CE-Gauss,35,0.012586826628958,0.0033333333333333,2025-12-05 13:46:16
CDS,,CE-Gauss,36,0.0013458511675409,0.0033333333333333,2025-12-05 13:46:16
CDS,,CE-Gauss,37,0.0482549403323439,0.0033333333333333,2025-12-05 13:46:16
CDS,,CE-Gauss,38,0.027062673334081,0.0033333333333333,2025-12-05 13:46:16
CDS,,CE-Gauss,39,0.0470297381983645,0.0033333333333333,2025-12-05 13:46:16
CDS,,CE-Gauss,40,-0.0394009418830132,0.0033333333333333,2025-12-05 13:46:17
CDS,,CE-Gauss,41,0.0722603624294679,0.0033333333333333,2025-12-05 13:46:17
CDS,,CE-Gauss,42,-0.0034679719369189,0.0033333333333333,2025-12-05 13:46:17
CDS,,CE-Gauss,43,0.0512109079105509,0.0033333333333333,2025-12-05 13:46:17
CDS,,CE-Gauss,44,-0.0190899807522839,0.0033333333333333,2025-12-05 13:46:17
CDS,,CE-Gauss,45,0.0304531673395988,0.0033333333333333,2025-12-05 13:46:17
CDS,,CE-Gauss,46,0.0445457294824872,0.0033333333333333,2025-12-05 13:46:17
CDS,,CE-Gauss,47,0.0229087829253406,0.0033333333333333,2025-12-05 13:46:17
CDS,,CE-Gauss,48,0.0250972099615824,0.0033333333333333,2025-12-05 13:46:17
CDS,,CE-Gauss,49,0.0009424015529199,0.0033333333333333,2025-12-05 13:46:17
CDS,,CE-Gauss,50,0.009356956802934,0.0033333333333333,2025-12-05 13:46:17
CDS,,CE-Gauss,51,0.038796560999335,0.0033333333333333,2025-12-05 13:46:17
CDS,,CE-Gauss,52,0.0304114013482848,0.0033333333333333,2025-12-05 13:46:18
CDS,,CE-Gauss,53,-0.0038631253736356,0.0033333333333333,2025-12-05 13:46:18
CDS,,CE-Gauss,54,-0.0117649635353417,0.0033333333333333,2025-12-05 13:46:18
CDS,,CE-Gauss,55,0.0538555458376364,0.0033333333333333,2025-12-05 13:46:18
CDS,,CE-Gauss,56,0.0023815532939177,0.0033333333333333,2025-12-05 13:46:18
CDS,,CE-Gauss,57,0.0239578254910323,0.0033333333333333,2025-12-05 13:46:18
CDS,,CE-Gauss,58,0.0050740528379364,0.0033333333333333,2025-12-05 13:46:18
CDS,,CE-Gauss,59,0.0496482511107557,0.0033333333333333,2025-12-05 13:46:18
CDS,,CE-Gauss,60,-0.0220863810437064,0.0033333333333333,2025-12-05 13:46:18
CDS,,CE-Gauss,61,-0.0169783716475641,0.0033333333333333,2025-12-05 13:46:18
CDS,,CE-Gauss,62,0.0848716466289487,0.0033333333333333,2025-12-05 13:46:18
CDS,,CE-Gauss,63,0.0125446931294463,0.0033333333333333,2025-12-05 13:46:18
CDS,,CE-Gauss,64,0.0291154696103333,0.0033333333333333,2025-12-05 13:46:18
CDS,,CE-Gauss,65,0.0170026937586881,0.0033333333333333,2025-12-05 13:46:19
CDS,,CE-Gauss,66,0.0165265542752366,0.0033333333333333,2025-12-05 13:46:19
CDS,,CE-Gauss,67,0.0409486481834868,0.0033333333333333,2025-12-05 13:46:19
CDS,,CE-Gauss,68,-0.012605984068062,0.0033333333333333,2025-12-05 13:46:19
CDS,,CE-Gauss,69,0.0185823291165528,0.0033333333333333,2025-12-05 13:46:19
CDS,,CE-Gauss,70,0.039601258970738,0.0033333333333333,2025-12-05 13:46:19
CDS,,CE-Gauss,71,0.0189503995179536,0.0033333333333333,2025-12-05 13:46:19
CDS,,CE-Gauss,72,0.0397759080707279,0.0033333333333333,2025-12-05 13:46:19
CDS,,CE-Gauss,73,0.0350841323691055,0.0033333333333333,2025-12-05 13:46:19
CDS,,CE-Gauss,74,0.079599250904236,0.0033333333333333,2025-12-05 13:46:19
CDS,,CE-Gauss,75,0.0264315041588342,0.0033333333333333,2025-12-05 13:46:19
CDS,,CE-Gauss,76,0.0172843690104109,0.0033333333333333,2025-12-05 13:46:19
CDS,,CE-Gauss,77,0.0139189176617921,0.0033333333333333,2025-12-05 13:46:19
CDS,,CE-Gauss,78,0.0129415083322337,0.0033333333333333,2025-12-05 13:46:20
CDS,,CE-Gauss,79,-0.0052440749593361,0.0033333333333333,2025-12-05 13:46:20
CDS,,CE-Gauss,80,0.0324310800907078,0.0033333333333333,2025-12-05 13:46:20
CDS,,CE-Gauss,81,0.043014007887095,0.0033333333333333,2025-12-05 13:46:20
CDS,,CE-Gauss,82,0.0284767489720585,0.0033333333333333,2025-12-05 13:46:20
CDS,,CE-Gauss,83,0.0799814041501828,0.0033333333333333,2025-12-05 13:46:20
CDS,,CE-Gauss,84,-0.0068262928137942,0.0033333333333333,2025-12-05 13:46:20
CDS,,CE-Gauss,85,-0.0295126575439232,0.0033333333333333,2025-12-05 13:46:20
CDS,,CE-Gauss,86,0.0677342288089358,0.0033333333333333,2025-12-05 13:46:20
CDS,,CE-Gauss,87,0.0458394094271183,0.0033333333333333,2025-12-05 13:46:20
CDS,,CE-Gauss,88,0.0128342808311149,0.0033333333333333,2025-12-05 13:46:20
CDS,,CE-Gauss,89,0.0127282128273287,0.0033333333333333,2025-12-05 13:46:20
CDS,,CE-Gauss,90,0.0545997837634839,0.0033333333333333,2025-12-05 13:46:20
CDS,,CE-Gauss,91,0.0445816743495761,0.0033333333333333,2025-12-05 13:46:20
CDS,,CE-Gauss,92,0.018953587013798,0.0033333333333333,2025-12-05 13:46:21
CDS,,CE-Gauss,93,0.0441515846984763,0.0033333333333333,2025-12-05 13:46:21
CDS,,CE-Gauss,94,0.0370615322164018,0.0033333333333333,2025-12-05 13:46:21
CDS,,CE-Gauss,95,0.0080463981378822,0.0033333333333333,2025-12-05 13:46:21
CDS,,CE-Gauss,96,0.0384788851580747,0.0033333333333333,2025-12-05 13:46:21
CDS,,CE-Gauss,97,0.0656468325304057,0.0033333333333333,2025-12-05 13:46:21
CDS,,CE-Gauss,98,-0.0017701695457135,0.0033333333333333,2025-12-05 13:46:21
CDS,,CE-Gauss,99,0.0579301305171596,0.0033333333333333,2025-12-05 13:46:21
CDS,,CE-Gauss,100,0.0072715252384106,0.0033333333333333,2025-12-05 13:46:21
CDS,,CE-Gauss,101,0.0090313602872871,0.0033333333333333,2025-12-05 13:46:21
CDS,,CE-Gauss,102,0.0370244710175675,0.0033333333333333,2025-12-05 13:46:21
CDS,,CE-Gauss,103,0.0120844068027093,0.0033333333333333,2025-12-05 13:46:21
CDS,,CE-Gauss,104,0.0369920275108457,0.0033333333333333,2025-12-05 13:46:21
CDS,,CE-Gauss,105,-0.0233761458996176,0.0033333333333333,2025-12-05 13:46:22
CDS,,CE-Gauss,106,0.0356050456532928,0.0033333333333333,2025-12-05 13:46:22
CDS,,CE-Gauss,107,0.0678549220383147,0.0033333333333333,2025-12-05 13:46:22
CDS,,CE-Gauss,108,0.0679373100472622,0.0033333333333333,2025-12-05 13:46:22
CDS,,CE-Gauss,109,-0.0123147871776018,0.0033333333333333,2025-12-05 13:46:22
CDS,,CE-Gauss,110,0.0439352521973159,0.0033333333333333,2025-12-05 13:46:22
CDS,,CE-Gauss,111,0.0567570354498511,0.0033333333333333,2025-12-05 13:46:22
CDS,,CE-Gauss,112,0.0429421602155565,0.0033333333333333,2025-12-05 13:46:22
CDS,,CE-Gauss,113,0.031653415254312,0.0033333333333333,2025-12-05 13:46:22
CDS,,CE-Gauss,114,0.0533313802092349,0.0033333333333333,2025-12-05 13:46:22
CDS,,CE-Gauss,115,0.0435373413372934,0.0033333333333333,2025-12-05 13:46:22
CDS,,CE-Gauss,116,0.0011886487369399,0.0033333333333333,2025-12-05 13:46:22
CDS,,CE-Gauss,117,0.0704560981092021,0.0033333333333333,2025-12-05 13:46:23
CDS,,CE-Gauss,118,0.0116709135493606,0.0033333333333333,2025-12-05 13:46:23
CDS,,CE-Gauss,119,0.0310133956351208,0.0033333333333333,2025-12-05 13:46:23
CDS,,CE-Gauss,120,0.0445152153858935,0.0033333333333333,2025-12-05 13:46:23
CDS,,CE-Gauss,121,0.0569213021004389,0.0033333333333333,2025-12-05 13:46:23
CDS,,CE-Gauss,122,0.0116626118369157,0.0033333333333333,2025-12-05 13:46:23
CDS,,CE-Gauss,123,-0.0092638110985588,0.0033333333333333,2025-12-05 13:46:23
CDS,,CE-Gauss,124,0.0571983858154966,0.0033333333333333,2025-12-05 13:46:23
CDS,,CE-Gauss,125,0.0167634721037248,0.0033333333333333,2025-12-05 13:46:23
CDS,,CE-Gauss,126,0.0018587078143755,0.0033333333333333,2025-12-05 13:46:23
CDS,,CE-Gauss,127,0.02393587509162,0.0033333333333333,2025-12-05 13:46:23
CDS,,CE-Gauss,128,0.0083603266891473,0.0033333333333333,2025-12-05 13:46:23
CDS,,CE-Gauss,129,0.0229760635417306,0.0033333333333333,2025-12-05 13:46:23
CDS,,CE-Gauss,130,0.0225492731420407,0.0033333333333333,2025-12-05 13:46:23
CDS,,CE-Gauss,131,0.0278305271716155,0.0033333333333333,2025-12-05 13:46:24
CDS,,CE-Gauss,132,0.0646577803343544,0.0033333333333333,2025-12-05 13:46:24
CDS,,CE-Gauss,133,0.0428290835820191,0.0033333333333333,2025-12-05 13:46:24
CDS,,CE-Gauss,134,0.0394921016838323,0.0033333333333333,2025-12-05 13:46:24
CDS,,CE-Gauss,135,0.0572631814528618,0.0033333333333333,2025-12-05 13:46:24
CDS,,CE-Gauss,136,0.0274891016595283,0.0033333333333333,2025-12-05 13:46:24
CDS,,CE-Gauss,137,0.0634970221624179,0.0033333333333333,2025-12-05 13:46:24
CDS,,CE-Gauss,138,0.0540160944114293,0.0033333333333333,2025-12-05 13:46:24
CDS,,CE-Gauss,139,0.0111231581910095,0.0033333333333333,2025-12-05 13:46:24
CDS,,CE-Gauss,140,0.0075533059266401,0.0033333333333333,2025-12-05 13:46:24
CDS,,CE-Gauss,141,0.0255755010348474,0.0033333333333333,2025-12-05 13:46:24
CDS,,CE-Gauss,142,0.0394722220762995,0.0033333333333333,2025-12-05 13:46:24
CDS,,CE-Gauss,143,0.0106324104127325,0.0033333333333333,2025-12-05 13:46:24
CDS,,CE-Gauss,144,0.034703272358753,0.0033333333333333,2025-12-05 13:46:25
CDS,,CE-Gauss,145,0.0408735929708842,0.0033333333333333,2025-12-05 13:46:25
CDS,,CE-Gauss,146,0.0097501512683604,0.0033333333333333,2025-12-05 13:46:25
CDS,,CE-Gauss,147,0.0020402548871018,0.0033333333333333,2025-12-05 13:46:25
CDS,,CE-Gauss,148,0.0318825908582206,0.0033333333333333,2025-12-05 13:46:25
CDS,,CE-Gauss,149,0.0100530044197459,0.0033333333333333,2025-12-05 13:46:25
CDS,,CE-Gauss,150,8.052284428560624e-05,0.0033333333333333,2025-12-05 13:46:25
CDS,,CE-Gauss,151,0.0080942243302302,0.0033333333333333,2025-12-05 13:46:25
CDS,,CE-Gauss,152,0.0016626595402308,0.0033333333333333,2025-12-05 13:46:25
CDS,,CE-Gauss,153,0.0554571977582098,0.0033333333333333,2025-12-05 13:46:25
CDS,,CE-Gauss,154,0.049703837277113,0.0033333333333333,2025-12-05 13:46:25
CDS,,CE-Gauss,155,0.0378709279556307,0.0033333333333333,2025-12-05 13:46:25
CDS,,CE-Gauss,156,0.0112803825020827,0.0033333333333333,2025-12-05 13:46:25
CDS,,CE-Gauss,157,0.0020375427092437,0.0033333333333333,2025-12-05 13:46:26
CDS,,CE-Gauss,158,0.0437263765536656,0.0033333333333333,2025-12-05 13:46:26
CDS,,CE-Gauss,159,0.0021244441187159,0.0033333333333333,2025-12-05 13:46:26
CDS,,CE-Gauss,160,0.0444205322963847,0.0033333333333333,2025-12-05 13:46:26
CDS,,CE-Gauss,161,0.0335459974090551,0.0033333333333333,2025-12-05 13:46:26
CDS,,CE-Gauss,162,-0.0098030133344485,0.0033333333333333,2025-12-05 13:46:26
CDS,,CE-Gauss,163,0.0195353061024782,0.0033333333333333,2025-12-05 13:46:26
CDS,,CE-Gauss,164,0.0494718575447781,0.0033333333333333,2025-12-05 13:46:26
CDS,,CE-Gauss,165,0.0443302592349305,0.0033333333333333,2025-12-05 13:46:26
CDS,,CE-Gauss,166,-0.0161836142405313,0.0033333333333333,2025-12-05 13:46:26
CDS,,CE-Gauss,167,0.0542547334570658,0.0033333333333333,2025-12-05 13:46:26
CDS,,CE-Gauss,168,0.0371627881232905,0.0033333333333333,2025-12-05 13:46:27
CDS,,CE-Gauss,169,0.0986342696242684,0.0033333333333333,2025-12-05 13:46:27
CDS,,CE-Gauss,170,-0.0433923903908307,0.0033333333333333,2025-12-05 13:46:27
CDS,,CE-Gauss,171,-0.0153429419630201,0.0033333333333333,2025-12-05 13:46:27
CDS,,CE-Gauss,172,0.0363315801665471,0.0033333333333333,2025-12-05 13:46:27
CDS,,CE-Gauss,173,0.0570637532090092,0.0033333333333333,2025-12-05 13:46:27
CDS,,CE-Gauss,174,0.0623621315387389,0.0033333333333333,2025-12-05 13:46:27
CDS,,CE-Gauss,175,0.0045624897438791,0.0033333333333333,2025-12-05 13:46:27
CDS,,CE-Gauss,176,0.0291748032048783,0.0033333333333333,2025-12-05 13:46:27
CDS,,CE-Gauss,177,0.0187045563881516,0.0033333333333333,2025-12-05 13:46:27
CDS,,CE-Gauss,178,0.0628413935653789,0.0033333333333333,2025-12-05 13:46:27
CDS,,CE-Gauss,179,0.0202710975726655,0.0033333333333333,2025-12-05 13:46:27
CDS,,CE-Gauss,180,-0.0040676887365797,0.0033333333333333,2025-12-05 13:46:27
CDS,,CE-Gauss,181,-0.0138965462600496,0.0033333333333333,2025-12-05 13:46:27
CDS,,CE-Gauss,182,0.054946607367136,0.0033333333333333,2025-12-05 13:46:28
CDS,,CE-Gauss,183,0.0162067693458333,0.0033333333333333,2025-12-05 13:46:28
CDS,,CE-Gauss,184,0.0171801943346898,0.0033333333333333,2025-12-05 13:46:28
CDS,,CE-Gauss,185,-0.0174544522105235,0.0033333333333333,2025-12-05 13:46:28
CDS,,CE-Gauss,186,0.0644822626092952,0.0033333333333333,2025-12-05 13:46:28
CDS,,CE-Gauss,187,0.0542680118188184,0.0033333333333333,2025-12-05 13:46:28
CDS,,CE-Gauss,188,0.0332172345979591,0.0033333333333333,2025-12-05 13:46:28
CDS,,CE-Gauss,189,-0.0115295904985677,0.0033333333333333,2025-12-05 13:46:28
CDS,,CE-Gauss,190,0.0212831337949027,0.0033333333333333,2025-12-05 13:46:28
CDS,,CE-Gauss,191,0.0517514704342628,0.0033333333333333,2025-12-05 13:46:28
CDS,,CE-Gauss,192,0.0373423926604318,0.0033333333333333,2025-12-05 13:46:28
CDS,,CE-Gauss,193,0.0157182742564462,0.0033333333333333,2025-12-05 13:46:28
CDS,,CE-Gauss,194,0.0169364724041887,0.0033333333333333,2025-12-05 13:46:29
CDS,,CE-Gauss,195,-0.0314796026466513,0.0033333333333333,2025-12-05 13:46:29
CDS,,CE-Gauss,196,-0.0054558028215778,0.0033333333333333,2025-12-05 13:46:29
CDS,,CE-Gauss,197,0.0726571316323928,0.0033333333333333,2025-12-05 13:46:29
CDS,,CE-Gauss,198,0.0198360614082924,0.0033333333333333,2025-12-05 13:46:29
CDS,,CE-Gauss,199,0.0790317271926407,0.0033333333333333,2025-12-05 13:46:29
CDS,,CE-Gauss,200,0.0763519832330065,0.0033333333333333,2025-12-05 13:46:29
CDS,,CE-Gauss,201,-0.0520439653757202,0.0033333333333333,2025-12-05 13:46:29
CDS,,CE-Gauss,202,0.0140033085271143,0.0033333333333333,2025-12-05 13:46:29
CDS,,CE-Gauss,203,0.0386112015930993,0.0033333333333333,2025-12-05 13:46:29
CDS,,CE-Gauss,204,-0.0487201440286677,0.0033333333333333,2025-12-05 13:46:29
CDS,,CE-Gauss,205,-0.0038704626295364,0.0033333333333333,2025-12-05 13:46:29
CDS,,CE-Gauss,206,0.0216903962872543,0.0033333333333333,2025-12-05 13:46:29
CDS,,CE-Gauss,207,0.0288398792231547,0.0033333333333333,2025-12-05 13:46:30
CDS,,CE-Gauss,208,0.0123708946624219,0.0033333333333333,2025-12-05 13:46:30
CDS,,CE-Gauss,209,0.0310496001832727,0.0033333333333333,2025-12-05 13:46:30
CDS,,CE-Gauss,210,-0.0380556392101229,0.0033333333333333,2025-12-05 13:46:30
CDS,,CE-Gauss,211,0.0474485268823531,0.0033333333333333,2025-12-05 13:46:30
CDS,,CE-Gauss,212,0.0201445638066799,0.0033333333333333,2025-12-05 13:46:30
CDS,,CE-Gauss,213,0.0620845906154612,0.0033333333333333,2025-12-05 13:46:30
CDS,,CE-Gauss,214,0.004186520225257,0.0033333333333333,2025-12-05 13:46:30
CDS,,CE-Gauss,215,0.0575203571893368,0.0033333333333333,2025-12-05 13:46:30
CDS,,CE-Gauss,216,0.0370915222032017,0.0033333333333333,2025-12-05 13:46:30
CDS,,CE-Gauss,217,0.0368285370607576,0.0033333333333333,2025-12-05 13:46:30
CDS,,CE-Gauss,218,-0.0389948024850625,0.0033333333333333,2025-12-05 13:46:30
CDS,,CE-Gauss,219,-0.0055470215750851,0.0033333333333333,2025-12-05 13:46:31
CDS,,CE-Gauss,220,0.0104543698474841,0.0033333333333333,2025-12-05 13:46:31
CDS,,CE-Gauss,221,0.0346007573605317,0.0033333333333333,2025-12-05 13:46:31
CDS,,CE-Gauss,222,0.0235695162499178,0.0033333333333333,2025-12-05 13:46:31
CDS,,CE-Gauss,223,0.0263512448693263,0.0033333333333333,2025-12-05 13:46:31
CDS,,CE-Gauss,224,-0.0088759275461644,0.0033333333333333,2025-12-05 13:46:31
CDS,,CE-Gauss,225,-0.0091191641132932,0.0033333333333333,2025-12-05 13:46:31
CDS,,CE-Gauss,226,0.0289083729309868,0.0033333333333333,2025-12-05 13:46:31
CDS,,CE-Gauss,227,0.0137396411350154,0.0033333333333333,2025-12-05 13:46:31
CDS,,CE-Gauss,228,-0.0225484481889074,0.0033333333333333,2025-12-05 13:46:31
CDS,,CE-Gauss,229,0.0561175048253732,0.0033333333333333,2025-12-05 13:46:31
CDS,,CE-Gauss,230,0.0285157478565403,0.0033333333333333,2025-12-05 13:46:31
CDS,,CE-Gauss,231,0.0315686878807923,0.0033333333333333,2025-12-05 13:46:31
CDS,,CE-Gauss,232,0.0297183935253583,0.0033333333333333,2025-12-05 13:46:32
CDS,,CE-Gauss,233,0.0160580024320063,0.0033333333333333,2025-12-05 13:46:32
CDS,,CE-Gauss,234,0.040341224270229,0.0033333333333333,2025-12-05 13:46:32
CDS,,CE-Gauss,235,0.0205076030900707,0.0033333333333333,2025-12-05 13:46:32
CDS,,CE-Gauss,236,0.0135471781983467,0.0033333333333333,2025-12-05 13:46:32
CDS,,CE-Gauss,237,0.0166347006460908,0.0033333333333333,2025-12-05 13:46:32
CDS,,CE-Gauss,238,-0.0047556833002419,0.0033333333333333,2025-12-05 13:46:32
CDS,,CE-Gauss,239,0.0418624492032903,0.0033333333333333,2025-12-05 13:46:32
CDS,,CE-Gauss,240,0.0605722843091679,0.0033333333333333,2025-12-05 13:46:32
CDS,,CE-Gauss,241,0.0103196240737276,0.0033333333333333,2025-12-05 13:46:32
CDS,,CE-Gauss,242,0.0315097762341042,0.0033333333333333,2025-12-05 13:46:32
CDS,,CE-Gauss,243,0.0054342224619243,0.0033333333333333,2025-12-05 13:46:32
CDS,,CE-Gauss,244,0.0357174149135166,0.0033333333333333,2025-12-05 13:46:33
CDS,,CE-Gauss,245,-0.0185646174591863,0.0033333333333333,2025-12-05 13:46:33
CDS,,CE-Gauss,246,0.0318830106191229,0.0033333333333333,2025-12-05 13:46:33
CDS,,CE-Gauss,247,0.0615232989896884,0.0033333333333333,2025-12-05 13:46:33
CDS,,CE-Gauss,248,-0.0150301016393877,0.0033333333333333,2025-12-05 13:46:33
CDS,,CE-Gauss,249,0.0397899423590348,0.0033333333333333,2025-12-05 13:46:33
CDS,,CE-Gauss,250,0.0182460158420754,0.0033333333333333,2025-12-05 13:46:33
CDS,,CE-Gauss,251,0.0611571891257351,0.0033333333333333,2025-12-05 13:46:33
CDS,,CE-Gauss,252,0.0026383059058669,0.0033333333333333,2025-12-05 13:46:33
CDS,,CE-Gauss,253,0.0186355421313177,0.0033333333333333,2025-12-05 13:46:33
CDS,,CE-Gauss,254,-0.0152419173819744,0.0033333333333333,2025-12-05 13:46:33
CDS,,CE-Gauss,255,-0.0043286593949446,0.0033333333333333,2025-12-05 13:46:33
CDS,,CE-Gauss,256,0.0143717046922997,0.0033333333333333,2025-12-05 13:46:33
CDS,,CE-Gauss,257,-0.0005968647184339,0.0033333333333333,2025-12-05 13:46:34
CDS,,CE-Gauss,258,0.0001801881748605,0.0033333333333333,2025-12-05 13:46:34
CDS,,CE-Gauss,259,0.0746039597166241,0.0033333333333333,2025-12-05 13:46:34
CDS,,CE-Gauss,260,0.0845268685885832,0.0033333333333333,2025-12-05 13:46:34
CDS,,CE-Gauss,261,0.0083043275792321,0.0033333333333333,2025-12-05 13:46:34
CDS,,CE-Gauss,262,0.0323866760868171,0.0033333333333333,2025-12-05 13:46:34
CDS,,CE-Gauss,263,0.0400625059947733,0.0033333333333333,2025-12-05 13:46:34
CDS,,CE-Gauss,264,0.0524753837055473,0.0033333333333333,2025-12-05 13:46:34
CDS,,CE-Gauss,265,0.0760893875573129,0.0033333333333333,2025-12-05 13:46:34
CDS,,CE-Gauss,266,0.0275603715013285,0.0033333333333333,2025-12-05 13:46:34
CDS,,CE-Gauss,267,0.0165904209231859,0.0033333333333333,2025-12-05 13:46:34
CDS,,CE-Gauss,268,0.0372253071168772,0.0033333333333333,2025-12-05 13:46:34
CDS,,CE-Gauss,269,0.0517685137873243,0.0033333333333333,2025-12-05 13:46:35
CDS,,CE-Gauss,270,0.0098483883580854,0.0033333333333333,2025-12-05 13:46:35
CDS,,CE-Gauss,271,0.0105672000187128,0.0033333333333333,2025-12-05 13:46:35
CDS,,CE-Gauss,272,0.042499332090756,0.0033333333333333,2025-12-05 13:46:35
CDS,,CE-Gauss,273,0.0592129153348439,0.0033333333333333,2025-12-05 13:46:35
CDS,,CE-Gauss,274,0.0326944857353953,0.0033333333333333,2025-12-05 13:46:35
CDS,,CE-Gauss,275,-0.0096709149404542,0.0033333333333333,2025-12-05 13:46:35
CDS,,CE-Gauss,276,0.0447324076525121,0.0033333333333333,2025-12-05 13:46:35
CDS,,CE-Gauss,277,0.0631883825763713,0.0033333333333333,2025-12-05 13:46:35
CDS,,CE-Gauss,278,0.0838159626048085,0.0033333333333333,2025-12-05 13:46:35
CDS,,CE-Gauss,279,0.0058761042593045,0.0033333333333333,2025-12-05 13:46:35
CDS,,CE-Gauss,280,0.0627935291103156,0.0033333333333333,2025-12-05 13:46:35
CDS,,CE-Gauss,281,0.0383694914261895,0.0033333333333333,2025-12-05 13:46:35
CDS,,CE-Gauss,282,0.0197550070943927,0.0033333333333333,2025-12-05 13:46:36
CDS,,CE-Gauss,283,0.0426007227945454,0.0033333333333333,2025-12-05 13:46:36
CDS,,CE-Gauss,284,0.019390658767513,0.0033333333333333,2025-12-05 13:46:36
CDS,,CE-Gauss,285,0.0231668398263484,0.0033333333333333,2025-12-05 13:46:36
CDS,,CE-Gauss,286,-0.0202830224576236,0.0033333333333333,2025-12-05 13:46:36
CDS,,CE-Gauss,287,0.0141416739446391,0.0033333333333333,2025-12-05 13:46:36
CDS,,CE-Gauss,288,0.0019470901911422,0.0033333333333333,2025-12-05 13:46:36
CDS,,CE-Gauss,289,0.0148595380275128,0.0033333333333333,2025-12-05 13:46:36
CDS,,CE-Gauss,290,0.046142326690935,0.0033333333333333,2025-12-05 13:46:36
CDS,,CE-Gauss,291,0.0658369920506468,0.0033333333333333,2025-12-05 13:46:36
CDS,,CE-Gauss,292,0.0134847622810706,0.0033333333333333,2025-12-05 13:46:36
CDS,,CE-Gauss,293,0.0175847319119436,0.0033333333333333,2025-12-05 13:46:36
CDS,,CE-Gauss,294,0.0412421832425721,0.0033333333333333,2025-12-05 13:46:36
CDS,,CE-Gauss,295,0.0323505812347024,0.0033333333333333,2025-12-05 13:46:37
CDS,,CE-Gauss,296,0.0350897007810642,0.0033333333333333,2025-12-05 13:46:37
CDS,,CE-Gauss,297,0.0681059957627927,0.0033333333333333,2025-12-05 13:46:37
CDS,,CE-Gauss,298,0.0595358094234627,0.0033333333333333,2025-12-05 13:46:37
CDS,,CE-Gauss,299,0.0498950472959057,0.0033333333333333,2025-12-05 13:46:37
CDS,,CE-Gauss,300,-0.006777814529397,0.0033333333333333,2025-12-05 13:46:37
CDS,,CE-Multi,1,-0.0063013020956407,0.0033333333333333,2025-12-05 13:46:37
CDS,,CE-Multi,2,0.037540568240075,0.0033333333333333,2025-12-05 13:46:37
CDS,,CE-Multi,3,-0.0678518148545012,0.0033333333333333,2025-12-05 13:46:37
CDS,,CE-Multi,4,-0.0083372663198659,0.0033333333333333,2025-12-05 13:46:37
CDS,,CE-Multi,5,-0.0740558286969599,0.0033333333333333,2025-12-05 13:46:37
CDS,,CE-Multi,6,-0.0013789218935375,0.0033333333333333,2025-12-05 13:46:37
CDS,,CE-Multi,7,0.0505138259092587,0.0033333333333333,2025-12-05 13:46:38
CDS,,CE-Multi,8,-0.032352263869206,0.0033333333333333,2025-12-05 13:46:38
CDS,,CE-Multi,9,0.0570687392498534,0.0033333333333333,2025-12-05 13:46:38
CDS,,CE-Multi,10,0.0456181565507443,0.0033333333333333,2025-12-05 13:46:38
CDS,,CE-Multi,11,0.0693200625247838,0.0033333333333333,2025-12-05 13:46:38
CDS,,CE-Multi,12,-0.047708564574848,0.0033333333333333,2025-12-05 13:46:38
CDS,,CE-Multi,13,-0.0427630908728248,0.0033333333333333,2025-12-05 13:46:38
CDS,,CE-Multi,14,0.0470070223594616,0.0033333333333333,2025-12-05 13:46:38
CDS,,CE-Multi,15,0.0020799619572774,0.0033333333333333,2025-12-05 13:46:38
CDS,,CE-Multi,16,-0.0580072258896166,0.0033333333333333,2025-12-05 13:46:38
CDS,,CE-Multi,17,0.0509550201427798,0.0033333333333333,2025-12-05 13:46:38
CDS,,CE-Multi,18,-0.0081352644181574,0.0033333333333333,2025-12-05 13:46:38
CDS,,CE-Multi,19,0.0452577426077054,0.0033333333333333,2025-12-05 13:46:38
CDS,,CE-Multi,20,-0.0891503157165802,0.0033333333333333,2025-12-05 13:46:39
CDS,,CE-Multi,21,0.0733952526251926,0.0033333333333333,2025-12-05 13:46:39
CDS,,CE-Multi,22,0.0563954467502888,0.0033333333333333,2025-12-05 13:46:39
CDS,,CE-Multi,23,0.0622927554389069,0.0033333333333333,2025-12-05 13:46:39
CDS,,CE-Multi,24,-0.0276305898421002,0.0033333333333333,2025-12-05 13:46:39
CDS,,CE-Multi,25,-0.0456441764715998,0.0033333333333333,2025-12-05 13:46:39
CDS,,CE-Multi,26,-0.0160011937320857,0.0033333333333333,2025-12-05 13:46:39
CDS,,CE-Multi,27,0.0573845083176127,0.0033333333333333,2025-12-05 13:46:39
CDS,,CE-Multi,28,-0.0098870244886059,0.0033333333333333,2025-12-05 13:46:39
CDS,,CE-Multi,29,-0.0698407748443093,0.0033333333333333,2025-12-05 13:46:39
CDS,,CE-Multi,30,0.051116703970958,0.0033333333333333,2025-12-05 13:46:39
CDS,,CE-Multi,31,0.0001607055180178,0.0033333333333333,2025-12-05 13:46:39
CDS,,CE-Multi,32,-0.0449377089148268,0.0033333333333333,2025-12-05 13:46:39
CDS,,CE-Multi,33,0.0569842056210591,0.0033333333333333,2025-12-05 13:46:40
CDS,,CE-Multi,34,0.000719930377426,0.0033333333333333,2025-12-05 13:46:40
CDS,,CE-Multi,35,0.0012229290797146,0.0033333333333333,2025-12-05 13:46:40
CDS,,CE-Multi,36,0.0936295134996151,0.0033333333333333,2025-12-05 13:46:40
CDS,,CE-Multi,37,0.0082296273921431,0.0033333333333333,2025-12-05 13:46:40
CDS,,CE-Multi,38,-0.0779202898156436,0.0033333333333333,2025-12-05 13:46:40
CDS,,CE-Multi,39,-0.0413544100337689,0.0033333333333333,2025-12-05 13:46:40
CDS,,CE-Multi,40,0.0760211959342387,0.0033333333333333,2025-12-05 13:46:40
CDS,,CE-Multi,41,-0.0144888053133621,0.0033333333333333,2025-12-05 13:46:40
CDS,,CE-Multi,42,-0.0529151330380716,0.0033333333333333,2025-12-05 13:46:40
CDS,,CE-Multi,43,-0.0734218992842888,0.0033333333333333,2025-12-05 13:46:40
CDS,,CE-Multi,44,-0.0845406085963698,0.0033333333333333,2025-12-05 13:46:40
CDS,,CE-Multi,45,-0.0159903199490216,0.0033333333333333,2025-12-05 13:46:40
CDS,,CE-Multi,46,-0.0086108156039965,0.0033333333333333,2025-12-05 13:46:41
CDS,,CE-Multi,47,-0.0332805333531273,0.0033333333333333,2025-12-05 13:46:41
CDS,,CE-Multi,48,0.0102737652163065,0.0033333333333333,2025-12-05 13:46:41
CDS,,CE-Multi,49,-0.0915617470472282,0.0033333333333333,2025-12-05 13:46:41
CDS,,CE-Multi,50,0.0433404136690335,0.0033333333333333,2025-12-05 13:46:41
CDS,,CE-Multi,51,-0.0632206368230725,0.0033333333333333,2025-12-05 13:46:41
CDS,,CE-Multi,52,0.0707382711430119,0.0033333333333333,2025-12-05 13:46:41
CDS,,CE-Multi,53,0.0509130216122137,0.0033333333333333,2025-12-05 13:46:41
CDS,,CE-Multi,54,-0.0369251511297498,0.0033333333333333,2025-12-05 13:46:41
CDS,,CE-Multi,55,0.0020910495098053,0.0033333333333333,2025-12-05 13:46:41
CDS,,CE-Multi,56,-0.0612449103306999,0.0033333333333333,2025-12-05 13:46:41
CDS,,CE-Multi,57,0.0187805528942552,0.0033333333333333,2025-12-05 13:46:41
CDS,,CE-Multi,58,0.0571862488425887,0.0033333333333333,2025-12-05 13:46:41
CDS,,CE-Multi,59,0.0096751797000192,0.0033333333333333,2025-12-05 13:46:41
CDS,,CE-Multi,60,-0.069785621813373,0.0033333333333333,2025-12-05 13:46:41
CDS,,CE-Multi,61,-0.0366233969806983,0.0033333333333333,2025-12-05 13:46:41
CDS,,CE-Multi,62,-0.0752071088875359,0.0033333333333333,2025-12-05 13:46:41
CDS,,CE-Multi,63,0.0619654451416847,0.0033333333333333,2025-12-05 13:46:41
CDS,,CE-Multi,64,0.0279600755382539,0.0033333333333333,2025-12-05 13:46:41
CDS,,CE-Multi,65,0.0419543850435687,0.0033333333333333,2025-12-05 13:46:41
CDS,,CE-Multi,66,0.0437265478196896,0.0033333333333333,2025-12-05 13:46:41
CDS,,CE-Multi,67,-0.0371639058059679,0.0033333333333333,2025-12-05 13:46:42
CDS,,CE-Multi,68,0.0081704010521598,0.0033333333333333,2025-12-05 13:46:42
CDS,,CE-Multi,69,0.0603330184903753,0.0033333333333333,2025-12-05 13:46:42
CDS,,CE-Multi,70,0.039681659747025,0.0033333333333333,2025-12-05 13:46:42
CDS,,CE-Multi,71,0.1028103459520329,0.0033333333333333,2025-12-05 13:46:42
CDS,,CE-Multi,72,-0.0290991712519392,0.0033333333333333,2025-12-05 13:46:42
CDS,,CE-Multi,73,0.0066571529186054,0.0033333333333333,2025-12-05 13:46:42
CDS,,CE-Multi,74,-0.0349363881970235,0.0033333333333333,2025-12-05 13:46:42
CDS,,CE-Multi,75,0.0785263431712007,0.0033333333333333,2025-12-05 13:46:42
CDS,,CE-Multi,76,-0.013361604530286,0.0033333333333333,2025-12-05 13:46:42
CDS,,CE-Multi,77,-0.0341914309336253,0.0033333333333333,2025-12-05 13:46:42
CDS,,CE-Multi,78,-0.0483358221053451,0.0033333333333333,2025-12-05 13:46:42
CDS,,CE-Multi,79,0.0296317486821031,0.0033333333333333,2025-12-05 13:46:42
CDS,,CE-Multi,80,0.0139577527239854,0.0033333333333333,2025-12-05 13:46:42
CDS,,CE-Multi,81,-0.0126698129204543,0.0033333333333333,2025-12-05 13:46:42
CDS,,CE-Multi,82,0.0062691309139231,0.0033333333333333,2025-12-05 13:46:42
CDS,,CE-Multi,83,-0.0313858975291602,0.0033333333333333,2025-12-05 13:46:42
CDS,,CE-Multi,84,-0.0264720184470234,0.0033333333333333,2025-12-05 13:46:42
CDS,,CE-Multi,85,-0.0569303964714903,0.0033333333333333,2025-12-05 13:46:42
CDS,,CE-Multi,86,0.0275730464274692,0.0033333333333333,2025-12-05 13:46:42
CDS,,CE-Multi,87,-0.016211186877857,0.0033333333333333,2025-12-05 13:46:42
CDS,,CE-Multi,88,-0.0426323018138065,0.0033333333333333,2025-12-05 13:46:42
CDS,,CE-Multi,89,-0.0006397147724191,0.0033333333333333,2025-12-05 13:46:43
CDS,,CE-Multi,90,-0.0421547791208877,0.0033333333333333,2025-12-05 13:46:43
CDS,,CE-Multi,91,-0.0115224465199307,0.0033333333333333,2025-12-05 13:46:43
CDS,,CE-Multi,92,0.0648289094103265,0.0033333333333333,2025-12-05 13:46:43
CDS,,CE-Multi,93,-4.050871847453147e-05,0.0033333333333333,2025-12-05 13:46:43
CDS,,CE-Multi,94,-0.0468920664932962,0.0033333333333333,2025-12-05 13:46:43
CDS,,CE-Multi,95,-0.0017530449694814,0.0033333333333333,2025-12-05 13:46:43
CDS,,CE-Multi,96,-0.0361643838686979,0.0033333333333333,2025-12-05 13:46:43
CDS,,CE-Multi,97,-0.0019768235450757,0.0033333333333333,2025-12-05 13:46:43
CDS,,CE-Multi,98,-0.0110817914326904,0.0033333333333333,2025-12-05 13:46:43
CDS,,CE-Multi,99,-0.0931713038492443,0.0033333333333333,2025-12-05 13:46:43
CDS,,CE-Multi,100,-0.0239957529697175,0.0033333333333333,2025-12-05 13:46:43
CDS,,CE-Multi,101,-0.0036712568392801,0.0033333333333333,2025-12-05 13:46:43
CDS,,CE-Multi,102,-0.0709228314834301,0.0033333333333333,2025-12-05 13:46:43
CDS,,CE-Multi,103,0.0419998857125616,0.0033333333333333,2025-12-05 13:46:43
CDS,,CE-Multi,104,-0.0012251574732677,0.0033333333333333,2025-12-05 13:46:43
CDS,,CE-Multi,105,0.0334658088130307,0.0033333333333333,2025-12-05 13:46:43
CDS,,CE-Multi,106,0.0383068577067715,0.0033333333333333,2025-12-05 13:46:43
CDS,,CE-Multi,107,0.0372711633883841,0.0033333333333333,2025-12-05 13:46:43
CDS,,CE-Multi,108,0.0073581539535651,0.0033333333333333,2025-12-05 13:46:43
CDS,,CE-Multi,109,0.0520983237736667,0.0033333333333333,2025-12-05 13:46:43
CDS,,CE-Multi,110,-0.0732774327388676,0.0033333333333333,2025-12-05 13:46:43
CDS,,CE-Multi,111,0.0221513851320766,0.0033333333333333,2025-12-05 13:46:43
CDS,,CE-Multi,112,0.0580715219329922,0.0033333333333333,2025-12-05 13:46:44
CDS,,CE-Multi,113,0.0133793351614807,0.0033333333333333,2025-12-05 13:46:44
CDS,,CE-Multi,114,0.0434972344217764,0.0033333333333333,2025-12-05 13:46:44
CDS,,CE-Multi,115,-0.0342275926314406,0.0033333333333333,2025-12-05 13:46:44
CDS,,CE-Multi,116,-0.0065469857799094,0.0033333333333333,2025-12-05 13:46:44
CDS,,CE-Multi,117,0.0083653200703267,0.0033333333333333,2025-12-05 13:46:44
CDS,,CE-Multi,118,0.0222148100917204,0.0033333333333333,2025-12-05 13:46:44
CDS,,CE-Multi,119,-0.0123234345809071,0.0033333333333333,2025-12-05 13:46:44
CDS,,CE-Multi,120,0.0073765630871661,0.0033333333333333,2025-12-05 13:46:44
CDS,,CE-Multi,121,-0.0098667606455662,0.0033333333333333,2025-12-05 13:46:44
CDS,,CE-Multi,122,-0.0472156513340452,0.0033333333333333,2025-12-05 13:46:44
CDS,,CE-Multi,123,-0.0659241711102902,0.0033333333333333,2025-12-05 13:46:44
CDS,,CE-Multi,124,0.0259093207304995,0.0033333333333333,2025-12-05 13:46:44
CDS,,CE-Multi,125,-0.0020844178453388,0.0033333333333333,2025-12-05 13:46:44
CDS,,CE-Multi,126,-0.0211389655999626,0.0033333333333333,2025-12-05 13:46:44
CDS,,CE-Multi,127,-0.0188465883038447,0.0033333333333333,2025-12-05 13:46:44
CDS,,CE-Multi,128,0.020218613936196,0.0033333333333333,2025-12-05 13:46:44
CDS,,CE-Multi,129,-0.0748968201152255,0.0033333333333333,2025-12-05 13:46:44
CDS,,CE-Multi,130,0.0414202507856423,0.0033333333333333,2025-12-05 13:46:44
CDS,,CE-Multi,131,0.0284651857732774,0.0033333333333333,2025-12-05 13:46:44
CDS,,CE-Multi,132,0.0193358167930188,0.0033333333333333,2025-12-05 13:46:44
CDS,,CE-Multi,133,0.0316748047765665,0.0033333333333333,2025-12-05 13:46:44
CDS,,CE-Multi,134,-0.0571330113071657,0.0033333333333333,2025-12-05 13:46:45
CDS,,CE-Multi,135,0.0048814199254448,0.0033333333333333,2025-12-05 13:46:45
CDS,,CE-Multi,136,-0.0830660513466969,0.0033333333333333,2025-12-05 13:46:45
CDS,,CE-Multi,137,-0.078632731186083,0.0033333333333333,2025-12-05 13:46:45
CDS,,CE-Multi,138,-0.0738272334988676,0.0033333333333333,2025-12-05 13:46:45
CDS,,CE-Multi,139,0.0630071762579134,0.0033333333333333,2025-12-05 13:46:45
CDS,,CE-Multi,140,0.016496559204488,0.0033333333333333,2025-12-05 13:46:45
CDS,,CE-Multi,141,0.0137324893058628,0.0033333333333333,2025-12-05 13:46:45
CDS,,CE-Multi,142,-0.0333381322288185,0.0033333333333333,2025-12-05 13:46:45
CDS,,CE-Multi,143,0.0025138216648079,0.0033333333333333,2025-12-05 13:46:45
CDS,,CE-Multi,144,0.0266432055262716,0.0033333333333333,2025-12-05 13:46:45
CDS,,CE-Multi,145,0.0179849866592095,0.0033333333333333,2025-12-05 13:46:45
CDS,,CE-Multi,146,-0.0184109302973485,0.0033333333333333,2025-12-05 13:46:45
CDS,,CE-Multi,147,0.0349143452160388,0.0033333333333333,2025-12-05 13:46:45
CDS,,CE-Multi,148,-0.0002829939624254,0.0033333333333333,2025-12-05 13:46:45
CDS,,CE-Multi,149,-0.0132119126646322,0.0033333333333333,2025-12-05 13:46:45
CDS,,CE-Multi,150,0.0263077560559817,0.0033333333333333,2025-12-05 13:46:45
CDS,,CE-Multi,151,-0.021097436302761,0.0033333333333333,2025-12-05 13:46:45
CDS,,CE-Multi,152,-0.073274275658181,0.0033333333333333,2025-12-05 13:46:45
CDS,,CE-Multi,153,-0.0077628532779755,0.0033333333333333,2025-12-05 13:46:45
CDS,,CE-Multi,154,-0.0380453720564164,0.0033333333333333,2025-12-05 13:46:45
CDS,,CE-Multi,155,-0.0035660747676243,0.0033333333333333,2025-12-05 13:46:45
CDS,,CE-Multi,156,0.0050227803383684,0.0033333333333333,2025-12-05 13:46:46
CDS,,CE-Multi,157,-0.0679439155970224,0.0033333333333333,2025-12-05 13:46:46
CDS,,CE-Multi,158,-0.0483979652313459,0.0033333333333333,2025-12-05 13:46:46
CDS,,CE-Multi,159,-0.0733992816572753,0.0033333333333333,2025-12-05 13:46:46
CDS,,CE-Multi,160,0.038966764043959,0.0033333333333333,2025-12-05 13:46:46
CDS,,CE-Multi,161,-0.0082436894244552,0.0033333333333333,2025-12-05 13:46:46
CDS,,CE-Multi,162,0.0682254903857127,0.0033333333333333,2025-12-05 13:46:46
CDS,,CE-Multi,163,-0.0038493901866764,0.0033333333333333,2025-12-05 13:46:46
CDS,,CE-Multi,164,0.1187687213497491,0.0033333333333333,2025-12-05 13:46:46
CDS,,CE-Multi,165,0.0321683644698569,0.0033333333333333,2025-12-05 13:46:46
CDS,,CE-Multi,166,0.0461624236222893,0.0033333333333333,2025-12-05 13:46:46
CDS,,CE-Multi,167,0.0629514212152614,0.0033333333333333,2025-12-05 13:46:46
CDS,,CE-Multi,168,-0.0251459308254838,0.0033333333333333,2025-12-05 13:46:47
CDS,,CE-Multi,169,-0.0470184306384821,0.0033333333333333,2025-12-05 13:46:47
CDS,,CE-Multi,170,-0.0416925011593167,0.0033333333333333,2025-12-05 13:46:47
CDS,,CE-Multi,171,0.0436931190645132,0.0033333333333333,2025-12-05 13:46:47
CDS,,CE-Multi,172,0.0156441348090741,0.0033333333333333,2025-12-05 13:46:47
CDS,,CE-Multi,173,0.0147855014249243,0.0033333333333333,2025-12-05 13:46:47
CDS,,CE-Multi,174,0.0274191674975322,0.0033333333333333,2025-12-05 13:46:47
CDS,,CE-Multi,175,0.0048186237753451,0.0033333333333333,2025-12-05 13:46:47
CDS,,CE-Multi,176,-0.045863511450761,0.0033333333333333,2025-12-05 13:46:47
CDS,,CE-Multi,177,0.0377019504331289,0.0033333333333333,2025-12-05 13:46:47
CDS,,CE-Multi,178,0.0005765805165572,0.0033333333333333,2025-12-05 13:46:47
CDS,,CE-Multi,179,-0.0889364568400856,0.0033333333333333,2025-12-05 13:46:47
CDS,,CE-Multi,180,-0.0074561160852707,0.0033333333333333,2025-12-05 13:46:47
CDS,,CE-Multi,181,0.0274063125184792,0.0033333333333333,2025-12-05 13:46:48
CDS,,CE-Multi,182,0.0356704934586463,0.0033333333333333,2025-12-05 13:46:48
CDS,,CE-Multi,183,-0.0931528601488964,0.0033333333333333,2025-12-05 13:46:48
CDS,,CE-Multi,184,0.072260052216289,0.0033333333333333,2025-12-05 13:46:48
CDS,,CE-Multi,185,-0.0141208374316006,0.0033333333333333,2025-12-05 13:46:48
CDS,,CE-Multi,186,0.0440551828054008,0.0033333333333333,2025-12-05 13:46:48
CDS,,CE-Multi,187,0.0291673764415829,0.0033333333333333,2025-12-05 13:46:48
CDS,,CE-Multi,188,0.0314047198231716,0.0033333333333333,2025-12-05 13:46:48
CDS,,CE-Multi,189,-0.1034801456926535,0.0033333333333333,2025-12-05 13:46:48
CDS,,CE-Multi,190,-0.0459609506489252,0.0033333333333333,2025-12-05 13:46:48
CDS,,CE-Multi,191,-0.0592742085232328,0.0033333333333333,2025-12-05 13:46:48
CDS,,CE-Multi,192,0.035778764557776,0.0033333333333333,2025-12-05 13:46:48
CDS,,CE-Multi,193,-0.0610741294571356,0.0033333333333333,2025-12-05 13:46:48
CDS,,CE-Multi,194,0.0593120248119663,0.0033333333333333,2025-12-05 13:46:48
CDS,,CE-Multi,195,0.0290614333041051,0.0033333333333333,2025-12-05 13:46:49
CDS,,CE-Multi,196,-0.0108296904614365,0.0033333333333333,2025-12-05 13:46:49
CDS,,CE-Multi,197,-0.025964504567745,0.0033333333333333,2025-12-05 13:46:49
CDS,,CE-Multi,198,-0.0502890743838502,0.0033333333333333,2025-12-05 13:46:49
CDS,,CE-Multi,199,-0.0046899562586269,0.0033333333333333,2025-12-05 13:46:49
CDS,,CE-Multi,200,-4.465389107253213e-05,0.0033333333333333,2025-12-05 13:46:49
CDS,,CE-Multi,201,0.0283216444839173,0.0033333333333333,2025-12-05 13:46:49
CDS,,CE-Multi,202,0.0194798764311304,0.0033333333333333,2025-12-05 13:46:49
CDS,,CE-Multi,203,-0.0198709617527926,0.0033333333333333,2025-12-05 13:46:49
CDS,,CE-Multi,204,0.0218155786084282,0.0033333333333333,2025-12-05 13:46:49
CDS,,CE-Multi,205,0.0304512676154408,0.0033333333333333,2025-12-05 13:46:49
CDS,,CE-Multi,206,-0.0626012284474875,0.0033333333333333,2025-12-05 13:46:49
CDS,,CE-Multi,207,0.0215955865110924,0.0033333333333333,2025-12-05 13:46:50
CDS,,CE-Multi,208,-0.0055941192329942,0.0033333333333333,2025-12-05 13:46:50
CDS,,CE-Multi,209,-0.0686259979401261,0.0033333333333333,2025-12-05 13:46:50
CDS,,CE-Multi,210,-0.0030320401007863,0.0033333333333333,2025-12-05 13:46:50
CDS,,CE-Multi,211,-0.0611469256658351,0.0033333333333333,2025-12-05 13:46:50
CDS,,CE-Multi,212,0.0208508951644927,0.0033333333333333,2025-12-05 13:46:50
CDS,,CE-Multi,213,0.0349742066858342,0.0033333333333333,2025-12-05 13:46:50
CDS,,CE-Multi,214,0.0385449954779254,0.0033333333333333,2025-12-05 13:46:50
CDS,,CE-Multi,215,-0.0358325290898919,0.0033333333333333,2025-12-05 13:46:50
CDS,,CE-Multi,216,-0.0536229358301498,0.0033333333333333,2025-12-05 13:46:50
CDS,,CE-Multi,217,-0.0444159726638387,0.0033333333333333,2025-12-05 13:46:50
CDS,,CE-Multi,218,-0.0169585308730386,0.0033333333333333,2025-12-05 13:46:50
CDS,,CE-Multi,219,0.0160179738980849,0.0033333333333333,2025-12-05 13:46:50
CDS,,CE-Multi,220,0.0606583052077545,0.0033333333333333,2025-12-05 13:46:50
CDS,,CE-Multi,221,0.0152339690390874,0.0033333333333333,2025-12-05 13:46:51
CDS,,CE-Multi,222,-0.0515985710798742,0.0033333333333333,2025-12-05 13:46:51
CDS,,CE-Multi,223,-0.0545058889764839,0.0033333333333333,2025-12-05 13:46:51
CDS,,CE-Multi,224,0.0473697241339479,0.0033333333333333,2025-12-05 13:46:51
CDS,,CE-Multi,225,-0.0786839618504629,0.0033333333333333,2025-12-05 13:46:51
CDS,,CE-Multi,226,-0.0213543787199077,0.0033333333333333,2025-12-05 13:46:51
CDS,,CE-Multi,227,-0.0660840674652374,0.0033333333333333,2025-12-05 13:46:51
CDS,,CE-Multi,228,-0.0793720752760935,0.0033333333333333,2025-12-05 13:46:51
CDS,,CE-Multi,229,-0.0078988406591767,0.0033333333333333,2025-12-05 13:46:51
CDS,,CE-Multi,230,0.0325054542524623,0.0033333333333333,2025-12-05 13:46:51
CDS,,CE-Multi,231,-0.0839610124631727,0.0033333333333333,2025-12-05 13:46:51
CDS,,CE-Multi,232,0.0010756622660359,0.0033333333333333,2025-12-05 13:46:51
CDS,,CE-Multi,233,-0.0324069846091956,0.0033333333333333,2025-12-05 13:46:52
CDS,,CE-Multi,234,-0.0639426943908423,0.0033333333333333,2025-12-05 13:46:52
CDS,,CE-Multi,235,0.0439606144787845,0.0033333333333333,2025-12-05 13:46:52
CDS,,CE-Multi,236,-0.0370934680532879,0.0033333333333333,2025-12-05 13:46:52
CDS,,CE-Multi,237,-0.0321594996522567,0.0033333333333333,2025-12-05 13:46:52
CDS,,CE-Multi,238,-0.0469891218679617,0.0033333333333333,2025-12-05 13:46:52
CDS,,CE-Multi,239,0.002102125926452,0.0033333333333333,2025-12-05 13:46:52
CDS,,CE-Multi,240,0.0357351938909312,0.0033333333333333,2025-12-05 13:46:52
CDS,,CE-Multi,241,-0.0036019969373929,0.0033333333333333,2025-12-05 13:46:52
CDS,,CE-Multi,242,0.0344629980858458,0.0033333333333333,2025-12-05 13:46:52
CDS,,CE-Multi,243,0.1228018383966744,0.0033333333333333,2025-12-05 13:46:52
CDS,,CE-Multi,244,-0.0208196369342086,0.0033333333333333,2025-12-05 13:46:52
CDS,,CE-Multi,245,-0.0163269317007127,0.0033333333333333,2025-12-05 13:46:52
CDS,,CE-Multi,246,-0.0060095999855379,0.0033333333333333,2025-12-05 13:46:53
CDS,,CE-Multi,247,-0.0520904084826648,0.0033333333333333,2025-12-05 13:46:53
CDS,,CE-Multi,248,-0.0666023031289663,0.0033333333333333,2025-12-05 13:46:53
CDS,,CE-Multi,249,-0.0593244261777157,0.0033333333333333,2025-12-05 13:46:53
CDS,,CE-Multi,250,-0.0350905155533647,0.0033333333333333,2025-12-05 13:46:53
CDS,,CE-Multi,251,0.0276286944701643,0.0033333333333333,2025-12-05 13:46:53
CDS,,CE-Multi,252,-0.0379766859062928,0.0033333333333333,2025-12-05 13:46:53
CDS,,CE-Multi,253,-0.0589875732889541,0.0033333333333333,2025-12-05 13:46:53
CDS,,CE-Multi,254,0.0223073812011712,0.0033333333333333,2025-12-05 13:46:53
CDS,,CE-Multi,255,0.0490542583801154,0.0033333333333333,2025-12-05 13:46:53
CDS,,CE-Multi,256,-0.0380759180773839,0.0033333333333333,2025-12-05 13:46:53
CDS,,CE-Multi,257,-0.0619528181015637,0.0033333333333333,2025-12-05 13:46:53
CDS,,CE-Multi,258,0.0099848010104136,0.0033333333333333,2025-12-05 13:46:53
CDS,,CE-Multi,259,0.0134113250529573,0.0033333333333333,2025-12-05 13:46:54
CDS,,CE-Multi,260,-0.0737271892819139,0.0033333333333333,2025-12-05 13:46:54
CDS,,CE-Multi,261,-0.0659435580582028,0.0033333333333333,2025-12-05 13:46:54
CDS,,CE-Multi,262,-0.0174559599834313,0.0033333333333333,2025-12-05 13:46:54
CDS,,CE-Multi,263,-0.0546604251116052,0.0033333333333333,2025-12-05 13:46:54
CDS,,CE-Multi,264,0.0244923747383554,0.0033333333333333,2025-12-05 13:46:54
CDS,,CE-Multi,265,0.0014103204552319,0.0033333333333333,2025-12-05 13:46:54
CDS,,CE-Multi,266,0.0473975822971406,0.0033333333333333,2025-12-05 13:46:54
CDS,,CE-Multi,267,0.0089623263691637,0.0033333333333333,2025-12-05 13:46:54
CDS,,CE-Multi,268,0.0453559120990802,0.0033333333333333,2025-12-05 13:46:54
CDS,,CE-Multi,269,-0.0102538156481889,0.0033333333333333,2025-12-05 13:46:54
CDS,,CE-Multi,270,0.0187286395215626,0.0033333333333333,2025-12-05 13:46:54
CDS,,CE-Multi,271,-0.0799542585121495,0.0033333333333333,2025-12-05 13:46:54
CDS,,CE-Multi,272,0.0525990572499086,0.0033333333333333,2025-12-05 13:46:55
CDS,,CE-Multi,273,-0.041589273559646,0.0033333333333333,2025-12-05 13:46:55
CDS,,CE-Multi,274,0.0166349821586558,0.0033333333333333,2025-12-05 13:46:55
CDS,,CE-Multi,275,0.0408274261777587,0.0033333333333333,2025-12-05 13:46:55
CDS,,CE-Multi,276,-0.0150671051752106,0.0033333333333333,2025-12-05 13:46:55
CDS,,CE-Multi,277,-0.0191283820238667,0.0033333333333333,2025-12-05 13:46:55
CDS,,CE-Multi,278,-0.0454406535516171,0.0033333333333333,2025-12-05 13:46:55
CDS,,CE-Multi,279,-0.0865482721829609,0.0033333333333333,2025-12-05 13:46:55
CDS,,CE-Multi,280,-0.0736383203153232,0.0033333333333333,2025-12-05 13:46:55
CDS,,CE-Multi,281,0.0728167841670298,0.0033333333333333,2025-12-05 13:46:55
CDS,,CE-Multi,282,-0.0036847117163397,0.0033333333333333,2025-12-05 13:46:55
CDS,,CE-Multi,283,-0.0652506890754342,0.0033333333333333,2025-12-05 13:46:55
CDS,,CE-Multi,284,-0.0160828782008736,0.0033333333333333,2025-12-05 13:46:55
CDS,,CE-Multi,285,-0.0377407844923967,0.0033333333333333,2025-12-05 13:46:56
CDS,,CE-Multi,286,-0.0129599383143453,0.0033333333333333,2025-12-05 13:46:56
CDS,,CE-Multi,287,-0.0944128330697988,0.0033333333333333,2025-12-05 13:46:56
CDS,,CE-Multi,288,-0.0043322836592225,0.0033333333333333,2025-12-05 13:46:56
CDS,,CE-Multi,289,-0.0189959361537862,0.0033333333333333,2025-12-05 13:46:56
CDS,,CE-Multi,290,-0.0774275433207188,0.0033333333333333,2025-12-05 13:46:56
CDS,,CE-Multi,291,-0.0878095591156573,0.0033333333333333,2025-12-05 13:46:56
CDS,,CE-Multi,292,-0.0509449785074637,0.0033333333333333,2025-12-05 13:46:56
CDS,,CE-Multi,293,-0.0084427633030484,0.0033333333333333,2025-12-05 13:46:56
CDS,,CE-Multi,294,-0.0411677655961721,0.0033333333333333,2025-12-05 13:46:56
CDS,,CE-Multi,295,0.0541965815568733,0.0033333333333333,2025-12-05 13:46:56
CDS,,CE-Multi,296,-0.067513304903913,0.0033333333333333,2025-12-05 13:46:56
CDS,,CE-Multi,297,0.011279953401575,0.0033333333333333,2025-12-05 13:46:56
CDS,,CE-Multi,298,-0.0062244591714431,0.0033333333333333,2025-12-05 13:46:57
CDS,,CE-Multi,299,-0.0604159784855712,0.0033333333333333,2025-12-05 13:46:57
CDS,,CE-Multi,300,-0.0191236690829188,0.0033333333333333,2025-12-05 13:46:57
CDS,,CE-Net,1,0.0279540130536613,0.0033333333333333,2025-12-05 13:46:57
CDS,,CE-Net,2,0.0247890132349464,0.0033333333333333,2025-12-05 13:46:57
CDS,,CE-Net,3,0.0937861208948194,0.0033333333333333,2025-12-05 13:46:57
CDS,,CE-Net,4,0.0539606604119275,0.0033333333333333,2025-12-05 13:46:57
CDS,,CE-Net,5,-0.0001277843000633,0.0033333333333333,2025-12-05 13:46:57
CDS,,CE-Net,6,0.0620543238507123,0.0033333333333333,2025-12-05 13:46:57
CDS,,CE-Net,7,0.0775597485589137,0.0033333333333333,2025-12-05 13:46:57
CDS,,CE-Net,8,0.0396710974378519,0.0033333333333333,2025-12-05 13:46:57
CDS,,CE-Net,9,0.0166757820777019,0.0033333333333333,2025-12-05 13:46:58
CDS,,CE-Net,10,0.031378773227841,0.0033333333333333,2025-12-05 13:46:58
CDS,,CE-Net,11,-0.0080056379095069,0.0033333333333333,2025-12-05 13:46:58
CDS,,CE-Net,12,0.0731475560973197,0.0033333333333333,2025-12-05 13:46:58
CDS,,CE-Net,13,-0.0026585064266685,0.0033333333333333,2025-12-05 13:46:58
CDS,,CE-Net,14,0.0141760447462367,0.0033333333333333,2025-12-05 13:46:58
CDS,,CE-Net,15,0.0117634293226729,0.0033333333333333,2025-12-05 13:46:58
CDS,,CE-Net,16,0.0083462446810602,0.0033333333333333,2025-12-05 13:46:58
CDS,,CE-Net,17,-0.0017749323935068,0.0033333333333333,2025-12-05 13:46:58
CDS,,CE-Net,18,0.0481392382200046,0.0033333333333333,2025-12-05 13:46:58
CDS,,CE-Net,19,0.0666746480075587,0.0033333333333333,2025-12-05 13:46:58
CDS,,CE-Net,20,0.0659122830754495,0.0033333333333333,2025-12-05 13:46:58
CDS,,CE-Net,21,0.0011349563626925,0.0033333333333333,2025-12-05 13:46:58
CDS,,CE-Net,22,0.0296950519408733,0.0033333333333333,2025-12-05 13:46:59
CDS,,CE-Net,23,0.0017370568976385,0.0033333333333333,2025-12-05 13:46:59
CDS,,CE-Net,24,-0.0106748821830627,0.0033333333333333,2025-12-05 13:46:59
CDS,,CE-Net,25,0.0201438820960996,0.0033333333333333,2025-12-05 13:46:59
CDS,,CE-Net,26,0.0075647381056823,0.0033333333333333,2025-12-05 13:46:59
CDS,,CE-Net,27,0.0450825342570345,0.0033333333333333,2025-12-05 13:46:59
CDS,,CE-Net,28,0.059582873390157,0.0033333333333333,2025-12-05 13:46:59
CDS,,CE-Net,29,0.0451352977669767,0.0033333333333333,2025-12-05 13:46:59
CDS,,CE-Net,30,-0.0212590192193132,0.0033333333333333,2025-12-05 13:46:59
CDS,,CE-Net,31,0.0805197781635566,0.0033333333333333,2025-12-05 13:46:59
CDS,,CE-Net,32,0.0129641968163615,0.0033333333333333,2025-12-05 13:46:59
CDS,,CE-Net,33,0.0284551046273387,0.0033333333333333,2025-12-05 13:46:59
CDS,,CE-Net,34,0.0738972205760156,0.0033333333333333,2025-12-05 13:47:00
CDS,,CE-Net,35,0.0332823923835506,0.0033333333333333,2025-12-05 13:47:00
CDS,,CE-Net,36,0.0500905148374853,0.0033333333333333,2025-12-05 13:47:00
CDS,,CE-Net,37,0.0203620121740251,0.0033333333333333,2025-12-05 13:47:00
CDS,,CE-Net,38,0.0262055972860209,0.0033333333333333,2025-12-05 13:47:00
CDS,,CE-Net,39,0.0889615413184778,0.0033333333333333,2025-12-05 13:47:00
CDS,,CE-Net,40,0.0720001836211196,0.0033333333333333,2025-12-05 13:47:00
CDS,,CE-Net,41,0.0818460981756619,0.0033333333333333,2025-12-05 13:47:00
CDS,,CE-Net,42,-0.0181909894300147,0.0033333333333333,2025-12-05 13:47:00
CDS,,CE-Net,43,-0.0148821508206913,0.0033333333333333,2025-12-05 13:47:00
CDS,,CE-Net,44,-0.0057662609708415,0.0033333333333333,2025-12-05 13:47:00
CDS,,CE-Net,45,0.0775118016612762,0.0033333333333333,2025-12-05 13:47:00
CDS,,CE-Net,46,0.0049222842599212,0.0033333333333333,2025-12-05 13:47:01
CDS,,CE-Net,47,-0.0069828043430392,0.0033333333333333,2025-12-05 13:47:01
