method,parameters,filename,score,timestamp
IGCI,,Energy_use__GJ__Emissions__kt_.txt,-0.0947258167059299,2025-11-13T19:16:38Z
IGCI,,altitude_precipitation__yearly_value_averaged_over_1961-1990_.txt,1.2776010768532986,2025-11-13T19:16:38Z
IGCI,,altitude_temperature__average_over_1961-1990_.txt,-4.418322472643939,2025-11-13T19:16:38Z
IGCI,,latitude_temperature__averaged_over_1961-1990_.txt,-3.072302671875283,2025-11-13T19:16:39Z
IGCI,,longitude_precipitation__yearly_value_averaged_over_1961-1990_.txt,2.551790954857,2025-11-13T19:16:39Z
IGCI,,longitude_temperature__averaged_over_1961-1990_.txt,-3.144132594640238,2025-11-13T19:16:39Z
IGCI,,Acreage_Yield.txt,0.2700267806992391,2025-11-13T19:16:39Z
IGCI,,Temperature__C__Growth_Days.txt,-0.0930901354045588,2025-11-13T19:16:39Z
IGCI,,soil_moisture_454.txt,2.7805321540552885,2025-11-13T19:16:39Z
IGCI,,soil_moisture_458.txt,2.707233577223162,2025-11-13T19:16:39Z
IGCI,,soil_moisture_462.txt,2.785203674706815,2025-11-13T19:16:39Z
IGCI,,soil_moisture_466.txt,2.8299955074941527,2025-11-13T19:16:39Z
IGCI,,soil_moisture_470.txt,2.8588132267204385,2025-11-13T19:16:39Z
IGCI,,soil_moisture_474.txt,2.7552452192444603,2025-11-13T19:16:39Z
IGCI,,soil_moisture_478.txt,2.830701693964593,2025-11-13T19:16:39Z
IGCI,,soil_moisture_482.txt,2.832634249531056,2025-11-13T19:16:39Z
IGCI,,soil_moisture_486.txt,2.799416000395051,2025-11-13T19:16:39Z
IGCI,,soil_moisture_490.txt,2.843786288957032,2025-11-13T19:16:39Z
IGCI,,soil_moisture_494.txt,2.889731010696811,2025-11-13T19:16:39Z
IGCI,,soil_moisture_498.txt,2.9091646504294824,2025-11-13T19:16:39Z
IGCI,,soil_moisture_502.txt,2.920494000221645,2025-11-13T19:16:39Z
IGCI,,soil_moisture_506.txt,2.9077215640006138,2025-11-13T19:16:39Z
IGCI,,soil_moisture_510.txt,2.8516815728047176,2025-11-13T19:16:39Z
IGCI,,soil_moisture_514.txt,2.9164502067697,2025-11-13T19:16:39Z
IGCI,,soil_moisture_518.txt,2.9391034000818905,2025-11-13T19:16:39Z
IGCI,,soil_moisture_522.txt,2.8757676084877906,2025-11-13T19:16:39Z
IGCI,,soil_moisture_526.txt,2.919432890847954,2025-11-13T19:16:39Z
IGCI,,soil_moisture_530.txt,2.902180390314622,2025-11-13T19:16:39Z
IGCI,,soil_moisture_534.txt,2.8710503924648645,2025-11-13T19:16:39Z
IGCI,,soil_moisture_538.txt,2.901161985174621,2025-11-13T19:16:39Z
IGCI,,soil_moisture_542.txt,2.906737140691249,2025-11-13T19:16:39Z
IGCI,,soil_moisture_546.txt,2.916728960602409,2025-11-13T19:16:39Z
IGCI,,soil_moisture_550.txt,2.8978130484199456,2025-11-13T19:16:39Z
IGCI,,soil_moisture_554.txt,2.909276111949488,2025-11-13T19:16:39Z
IGCI,,soil_moisture_558.txt,2.845410947110966,2025-11-13T19:16:39Z
IGCI,,soil_moisture_562.txt,2.863309400606407,2025-11-13T19:16:39Z
IGCI,,soil_moisture_566.txt,2.839310252351177,2025-11-13T19:16:40Z
IGCI,,soil_moisture_570.txt,2.8704792181069783,2025-11-13T19:16:40Z
IGCI,,soil_moisture_574.txt,2.941314973731756,2025-11-13T19:16:40Z
IGCI,,soil_moisture_578.txt,2.918863674794684,2025-11-13T19:16:40Z
IGCI,,soil_moisture_582.txt,2.8901537957894003,2025-11-13T19:16:40Z
IGCI,,soil_moisture_586.txt,2.890913837131275,2025-11-13T19:16:40Z
IGCI,,soil_moisture_590.txt,2.904076152317701,2025-11-13T19:16:40Z
IGCI,,soil_moisture_594.txt,2.9401588537247045,2025-11-13T19:16:40Z
IGCI,,soil_moisture_598.txt,2.90340745578306,2025-11-13T19:16:40Z
IGCI,,soil_moisture_602.txt,2.9099795081545388,2025-11-13T19:16:40Z
IGCI,,soil_moisture_606.txt,2.950962706481284,2025-11-13T19:16:40Z
IGCI,,soil_moisture_610.txt,2.9170786532310826,2025-11-13T19:16:40Z
IGCI,,soil_moisture_614.txt,2.9391240043304947,2025-11-13T19:16:40Z
IGCI,,soil_moisture_618.txt,2.899524525484682,2025-11-13T19:16:40Z
IGCI,,soil_moisture_622.txt,2.8323113685533112,2025-11-13T19:16:40Z
IGCI,,soil_moisture_626.txt,2.9159052380916206,2025-11-13T19:16:40Z
IGCI,,soil_moisture_630.txt,2.905090314013483,2025-11-13T19:16:40Z
IGCI,,soil_moisture_634.txt,2.886676019460273,2025-11-13T19:16:40Z
IGCI,,soil_moisture_638.txt,2.900459516637728,2025-11-13T19:16:40Z
IGCI,,soil_moisture_642.txt,2.9272032944908952,2025-11-13T19:16:40Z
IGCI,,soil_moisture_646.txt,2.9001162281806687,2025-11-13T19:16:40Z
IGCI,,soil_moisture_650.txt,2.9219306245338847,2025-11-13T19:16:40Z
IGCI,,soil_moisture_654.txt,2.857501125942777,2025-11-13T19:16:40Z
IGCI,,soil_moisture_658.txt,2.90163485695754,2025-11-13T19:16:40Z
IGCI,,soil_moisture_662.txt,2.86984465691757,2025-11-13T19:16:40Z
IGCI,,soil_moisture_666.txt,2.835511868006887,2025-11-13T19:16:40Z
IGCI,,soil_moisture_670.txt,2.88517338520703,2025-11-13T19:16:40Z
IGCI,,soil_moisture_674.txt,2.8482433262012057,2025-11-13T19:16:40Z
IGCI,,soil_moisture_678.txt,2.826583923095708,2025-11-13T19:16:40Z
IGCI,,soil_moisture_682.txt,2.847367719853387,2025-11-13T19:16:40Z
IGCI,,soil_moisture_686.txt,2.822532127974667,2025-11-13T19:16:40Z
IGCI,,soil_moisture_690.txt,2.839267565113458,2025-11-13T19:16:40Z
IGCI,,soil_moisture_694.txt,2.850577879564142,2025-11-13T19:16:41Z
IGCI,,soil_moisture_698.txt,2.8431039939989544,2025-11-13T19:16:41Z
IGCI,,soil_moisture_702.txt,2.8025540205879,2025-11-13T19:16:41Z
IGCI,,soil_moisture_706.txt,2.847099780051156,2025-11-13T19:16:41Z
IGCI,,soil_moisture_710.txt,2.812210056493349,2025-11-13T19:16:41Z
IGCI,,soil_moisture_714.txt,2.8854707076231243,2025-11-13T19:16:41Z
IGCI,,soil_moisture_718.txt,2.857270629216349,2025-11-13T19:16:41Z
IGCI,,soil_moisture_722.txt,2.859327965634588,2025-11-13T19:16:41Z
IGCI,,soil_moisture_726.txt,2.826142713869178,2025-11-13T19:16:41Z
IGCI,,soil_moisture_730.txt,2.82378806112347,2025-11-13T19:16:41Z
IGCI,,soil_moisture_734.txt,2.8979339861455475,2025-11-13T19:16:41Z
IGCI,,soil_moisture_738.txt,2.927351168969928,2025-11-13T19:16:41Z
IGCI,,soil_moisture_742.txt,2.8702586232106286,2025-11-13T19:16:41Z
IGCI,,soil_moisture_746.txt,2.870861776711515,2025-11-13T19:16:41Z
IGCI,,soil_moisture_750.txt,2.8875350855226776,2025-11-13T19:16:41Z
IGCI,,soil_moisture_754.txt,2.93632302418272,2025-11-13T19:16:41Z
IGCI,,soil_moisture_758.txt,2.951623964050417,2025-11-13T19:16:41Z
IGCI,,soil_moisture_762.txt,2.913795987102202,2025-11-13T19:16:41Z
IGCI,,soil_moisture_766.txt,2.8680135613498523,2025-11-13T19:16:41Z
IGCI,,soil_moisture_770.txt,2.923559316757923,2025-11-13T19:16:41Z
IGCI,,soil_moisture_774.txt,2.9319246758937627,2025-11-13T19:16:41Z
IGCI,,soil_moisture_778.txt,2.926739865525681,2025-11-13T19:16:41Z
IGCI,,soil_moisture_782.txt,2.908080058834905,2025-11-13T19:16:41Z
IGCI,,soil_moisture_786.txt,2.927671628756987,2025-11-13T19:16:41Z
IGCI,,soil_moisture_790.txt,2.929451687746047,2025-11-13T19:16:41Z
IGCI,,soil_moisture_794.txt,2.960792447862482,2025-11-13T19:16:41Z
IGCI,,soil_moisture_798.txt,2.92061464482253,2025-11-13T19:16:41Z
IGCI,,soil_moisture_802.txt,2.900738661863847,2025-11-13T19:16:41Z
IGCI,,soil_moisture_806.txt,2.967787370869988,2025-11-13T19:16:41Z
IGCI,,soil_moisture_810.txt,2.9789519532309594,2025-11-13T19:16:41Z
IGCI,,soil_moisture_814.txt,2.951292119863778,2025-11-13T19:16:41Z
IGCI,,soil_moisture_818.txt,2.9186114742524465,2025-11-13T19:16:41Z
IGCI,,soil_moisture_822.txt,2.9378993205463857,2025-11-13T19:16:41Z
IGCI,,soil_moisture_826.txt,2.909600732601288,2025-11-13T19:16:42Z
IGCI,,soil_moisture_830.txt,2.8617957507116047,2025-11-13T19:16:42Z
IGCI,,soil_moisture_834.txt,2.9013589732524565,2025-11-13T19:16:42Z
IGCI,,soil_moisture_838.txt,2.885739178400246,2025-11-13T19:16:42Z
IGCI,,soil_moisture_842.txt,2.8618902640571973,2025-11-13T19:16:42Z
IGCI,,soil_moisture_846.txt,2.8501895958593417,2025-11-13T19:16:42Z
IGCI,,soil_moisture_850.txt,2.8036470944678804,2025-11-13T19:16:42Z
IGCI,,soil_moisture_854.txt,2.810708136101176,2025-11-13T19:16:42Z
IGCI,,soil_moisture_858.txt,2.8142307607289485,2025-11-13T19:16:42Z
IGCI,,soil_moisture_862.txt,2.811564045543176,2025-11-13T19:16:42Z
IGCI,,soil_moisture_866.txt,2.844907442657907,2025-11-13T19:16:42Z
IGCI,,soil_moisture_870.txt,2.7915063028330325,2025-11-13T19:16:42Z
IGCI,,soil_moisture_874.txt,2.787712252980323,2025-11-13T19:16:42Z
IGCI,,soil_moisture_878.txt,2.7878028570378897,2025-11-13T19:16:42Z
IGCI,,soil_moisture_882.txt,2.8078477020846124,2025-11-13T19:16:42Z
IGCI,,soil_moisture_886.txt,2.7968425733147786,2025-11-13T19:16:42Z
IGCI,,soil_moisture_890.txt,2.7804483784863328,2025-11-13T19:16:42Z
IGCI,,soil_moisture_894.txt,2.7999018018033173,2025-11-13T19:16:42Z
IGCI,,soil_moisture_898.txt,2.8098022549866544,2025-11-13T19:16:42Z
IGCI,,soil_moisture_902.txt,2.7637669339388378,2025-11-13T19:16:42Z
IGCI,,soil_moisture_906.txt,2.781527833301954,2025-11-13T19:16:42Z
IGCI,,soil_moisture_910.txt,2.7514579611334016,2025-11-13T19:16:42Z
IGCI,,soil_moisture_914.txt,2.7592166243362213,2025-11-13T19:16:42Z
IGCI,,soil_moisture_918.txt,2.743622793752011,2025-11-13T19:16:42Z
IGCI,,soil_moisture_922.txt,2.636825416425025,2025-11-13T19:16:42Z
IGCI,,soil_moisture_926.txt,2.655707083021243,2025-11-13T19:16:42Z
IGCI,,soil_moisture_930.txt,2.657704203103224,2025-11-13T19:16:42Z
IGCI,,soil_moisture_934.txt,2.67489001918556,2025-11-13T19:16:42Z
IGCI,,soil_moisture_938.txt,2.671609675767584,2025-11-13T19:16:42Z
IGCI,,soil_moisture_942.txt,2.64771536689915,2025-11-13T19:16:42Z
IGCI,,soil_moisture_946.txt,2.5988577067485785,2025-11-13T19:16:42Z
IGCI,,soil_moisture_950.txt,2.6599376797053877,2025-11-13T19:16:42Z
IGCI,,soil_temperature_454.txt,6.493322075718226,2025-11-13T19:16:42Z
IGCI,,soil_temperature_458.txt,6.4200234988861,2025-11-13T19:16:43Z
IGCI,,soil_temperature_462.txt,6.497993596369753,2025-11-13T19:16:43Z
IGCI,,soil_temperature_466.txt,6.542785429157091,2025-11-13T19:16:43Z
IGCI,,soil_temperature_470.txt,6.571603148383376,2025-11-13T19:16:43Z
IGCI,,soil_temperature_474.txt,6.468035140907398,2025-11-13T19:16:43Z
IGCI,,soil_temperature_478.txt,6.543491615627531,2025-11-13T19:16:43Z
IGCI,,soil_temperature_482.txt,6.545424171193994,2025-11-13T19:16:43Z
IGCI,,soil_temperature_486.txt,6.512205922057989,2025-11-13T19:16:43Z
IGCI,,soil_temperature_490.txt,6.55657621061997,2025-11-13T19:16:43Z
IGCI,,soil_temperature_494.txt,6.602520932359749,2025-11-13T19:16:43Z
IGCI,,soil_temperature_498.txt,6.62195457209242,2025-11-13T19:16:43Z
IGCI,,soil_temperature_502.txt,6.633283921884583,2025-11-13T19:16:43Z
IGCI,,soil_temperature_506.txt,6.620511485663552,2025-11-13T19:16:43Z
IGCI,,soil_temperature_510.txt,6.564471494467655,2025-11-13T19:16:43Z
IGCI,,soil_temperature_514.txt,6.629240128432637,2025-11-13T19:16:43Z
IGCI,,soil_temperature_518.txt,6.651893321744828,2025-11-13T19:16:43Z
IGCI,,soil_temperature_522.txt,6.588557530150728,2025-11-13T19:16:43Z
IGCI,,soil_temperature_526.txt,6.632222812510892,2025-11-13T19:16:43Z
IGCI,,soil_temperature_530.txt,6.61497031197756,2025-11-13T19:16:43Z
IGCI,,soil_temperature_534.txt,6.583840314127802,2025-11-13T19:16:43Z
IGCI,,soil_temperature_538.txt,6.613951906837559,2025-11-13T19:16:43Z
IGCI,,soil_temperature_542.txt,6.619527062354186,2025-11-13T19:16:43Z
IGCI,,soil_temperature_546.txt,6.629518882265347,2025-11-13T19:16:43Z
IGCI,,soil_temperature_550.txt,6.6106029700828834,2025-11-13T19:16:43Z
IGCI,,soil_temperature_554.txt,6.622066033612426,2025-11-13T19:16:43Z
IGCI,,soil_temperature_558.txt,6.558200868773904,2025-11-13T19:16:43Z
IGCI,,soil_temperature_562.txt,6.576099322269345,2025-11-13T19:16:43Z
IGCI,,soil_temperature_566.txt,6.552100174014115,2025-11-13T19:16:43Z
IGCI,,soil_temperature_570.txt,6.583269139769916,2025-11-13T19:16:43Z
IGCI,,soil_temperature_574.txt,6.654104895394694,2025-11-13T19:16:43Z
IGCI,,soil_temperature_578.txt,6.631653596457622,2025-11-13T19:16:43Z
IGCI,,soil_temperature_582.txt,6.602943717452338,2025-11-13T19:16:43Z
IGCI,,soil_temperature_586.txt,6.603703758794213,2025-11-13T19:16:43Z
IGCI,,soil_temperature_590.txt,6.616866073980639,2025-11-13T19:16:43Z
IGCI,,soil_temperature_594.txt,6.652948775387642,2025-11-13T19:16:43Z
IGCI,,soil_temperature_598.txt,6.616197377445998,2025-11-13T19:16:44Z
IGCI,,soil_temperature_602.txt,6.622769429817477,2025-11-13T19:16:44Z
IGCI,,soil_temperature_606.txt,6.663752628144222,2025-11-13T19:16:44Z
IGCI,,soil_temperature_610.txt,6.6298685748940205,2025-11-13T19:16:44Z
IGCI,,soil_temperature_614.txt,6.651913925993433,2025-11-13T19:16:44Z
IGCI,,soil_temperature_618.txt,6.61231444714762,2025-11-13T19:16:44Z
IGCI,,soil_temperature_622.txt,6.545101290216249,2025-11-13T19:16:44Z
IGCI,,soil_temperature_626.txt,6.628695159754559,2025-11-13T19:16:44Z
IGCI,,soil_temperature_630.txt,6.617880235676421,2025-11-13T19:16:44Z
IGCI,,soil_temperature_634.txt,6.599465941123211,2025-11-13T19:16:44Z
IGCI,,soil_temperature_638.txt,6.613249438300666,2025-11-13T19:16:44Z
IGCI,,soil_temperature_642.txt,6.639993216153833,2025-11-13T19:16:44Z
IGCI,,soil_temperature_646.txt,6.612906149843607,2025-11-13T19:16:44Z
IGCI,,soil_temperature_650.txt,6.634720546196823,2025-11-13T19:16:44Z
IGCI,,soil_temperature_654.txt,6.570291047605715,2025-11-13T19:16:44Z
IGCI,,soil_temperature_658.txt,6.614424778620478,2025-11-13T19:16:44Z
IGCI,,soil_temperature_662.txt,6.5826345785805085,2025-11-13T19:16:44Z
IGCI,,soil_temperature_666.txt,6.548301789669825,2025-11-13T19:16:44Z
IGCI,,soil_temperature_670.txt,6.597963306869968,2025-11-13T19:16:44Z
IGCI,,soil_temperature_674.txt,6.561033247864144,2025-11-13T19:16:44Z
IGCI,,soil_temperature_678.txt,6.539373844758646,2025-11-13T19:16:44Z
IGCI,,soil_temperature_682.txt,6.560157641516325,2025-11-13T19:16:44Z
IGCI,,soil_temperature_686.txt,6.535322049637605,2025-11-13T19:16:44Z
IGCI,,soil_temperature_690.txt,6.552057486776396,2025-11-13T19:16:44Z
IGCI,,soil_temperature_694.txt,6.56336780122708,2025-11-13T19:16:44Z
IGCI,,soil_temperature_698.txt,6.555893915661892,2025-11-13T19:16:44Z
IGCI,,soil_temperature_702.txt,6.515343942250838,2025-11-13T19:16:44Z
IGCI,,soil_temperature_706.txt,6.559889701714094,2025-11-13T19:16:44Z
IGCI,,soil_temperature_710.txt,6.524999978156287,2025-11-13T19:16:44Z
IGCI,,soil_temperature_714.txt,6.598260629286062,2025-11-13T19:16:44Z
IGCI,,soil_temperature_718.txt,6.570060550879287,2025-11-13T19:16:44Z
IGCI,,soil_temperature_722.txt,6.572117887297526,2025-11-13T19:16:44Z
IGCI,,soil_temperature_726.txt,6.538932635532116,2025-11-13T19:16:45Z
IGCI,,soil_temperature_730.txt,6.536577982786407,2025-11-13T19:16:45Z
IGCI,,soil_temperature_734.txt,6.610723907808485,2025-11-13T19:16:45Z
IGCI,,soil_temperature_738.txt,6.6401410906328655,2025-11-13T19:16:45Z
IGCI,,soil_temperature_742.txt,6.583048544873567,2025-11-13T19:16:45Z
IGCI,,soil_temperature_746.txt,6.583651698374453,2025-11-13T19:16:45Z
IGCI,,soil_temperature_750.txt,6.600325007185615,2025-11-13T19:16:45Z
IGCI,,soil_temperature_754.txt,6.6491129458456575,2025-11-13T19:16:45Z
IGCI,,soil_temperature_758.txt,6.664413885713355,2025-11-13T19:16:45Z
IGCI,,soil_temperature_762.txt,6.62658590876514,2025-11-13T19:16:45Z
IGCI,,soil_temperature_766.txt,6.58080348301279,2025-11-13T19:16:45Z
IGCI,,soil_temperature_770.txt,6.636349238420861,2025-11-13T19:16:45Z
IGCI,,soil_temperature_774.txt,6.644714597556701,2025-11-13T19:16:45Z
IGCI,,soil_temperature_778.txt,6.639529787188619,2025-11-13T19:16:45Z
IGCI,,soil_temperature_782.txt,6.620869980497843,2025-11-13T19:16:45Z
IGCI,,soil_temperature_786.txt,6.640461550419925,2025-11-13T19:16:45Z
IGCI,,soil_temperature_790.txt,6.642241609408985,2025-11-13T19:16:45Z
IGCI,,soil_temperature_794.txt,6.67358236952542,2025-11-13T19:16:45Z
IGCI,,soil_temperature_798.txt,6.633404566485468,2025-11-13T19:16:45Z
IGCI,,soil_temperature_802.txt,6.613528583526785,2025-11-13T19:16:45Z
IGCI,,soil_temperature_806.txt,6.680577292532925,2025-11-13T19:16:45Z
IGCI,,soil_temperature_810.txt,6.691741874893897,2025-11-13T19:16:45Z
IGCI,,soil_temperature_814.txt,6.664082041526716,2025-11-13T19:16:45Z
IGCI,,soil_temperature_818.txt,6.631401395915384,2025-11-13T19:16:45Z
IGCI,,soil_temperature_822.txt,6.650689242209324,2025-11-13T19:16:45Z
IGCI,,soil_temperature_826.txt,6.622390654264225,2025-11-13T19:16:45Z
IGCI,,soil_temperature_830.txt,6.574585672374543,2025-11-13T19:16:45Z
IGCI,,soil_temperature_834.txt,6.614148894915394,2025-11-13T19:16:45Z
IGCI,,soil_temperature_838.txt,6.5985291000631845,2025-11-13T19:16:45Z
IGCI,,soil_temperature_842.txt,6.574680185720135,2025-11-13T19:16:45Z
IGCI,,soil_temperature_846.txt,6.56297951752228,2025-11-13T19:16:45Z
IGCI,,soil_temperature_850.txt,6.516437016130818,2025-11-13T19:16:45Z
IGCI,,soil_temperature_854.txt,6.5234980577641135,2025-11-13T19:16:45Z
IGCI,,soil_temperature_858.txt,6.527020682391886,2025-11-13T19:16:45Z
IGCI,,soil_temperature_862.txt,6.524353967206114,2025-11-13T19:16:45Z
IGCI,,soil_temperature_866.txt,6.557697364320845,2025-11-13T19:16:45Z
IGCI,,soil_temperature_870.txt,6.50429622449597,2025-11-13T19:16:46Z
IGCI,,soil_temperature_874.txt,6.500502174643261,2025-11-13T19:16:46Z
IGCI,,soil_temperature_878.txt,6.500592778700828,2025-11-13T19:16:46Z
IGCI,,soil_temperature_882.txt,6.52063762374755,2025-11-13T19:16:46Z
IGCI,,soil_temperature_886.txt,6.5096324949777165,2025-11-13T19:16:46Z
IGCI,,soil_temperature_890.txt,6.493238300149271,2025-11-13T19:16:46Z
IGCI,,soil_temperature_894.txt,6.512691723466255,2025-11-13T19:16:46Z
IGCI,,soil_temperature_898.txt,6.522592176649592,2025-11-13T19:16:46Z
IGCI,,soil_temperature_902.txt,6.476556855601776,2025-11-13T19:16:46Z
IGCI,,soil_temperature_906.txt,6.494317754964892,2025-11-13T19:16:46Z
IGCI,,soil_temperature_910.txt,6.464247882796339,2025-11-13T19:16:46Z
IGCI,,soil_temperature_914.txt,6.472006545999159,2025-11-13T19:16:46Z
IGCI,,soil_temperature_918.txt,6.456412715414949,2025-11-13T19:16:46Z
IGCI,,soil_temperature_922.txt,6.349615338087963,2025-11-13T19:16:46Z
IGCI,,soil_temperature_926.txt,6.368497004684181,2025-11-13T19:16:46Z
IGCI,,soil_temperature_930.txt,6.370494124766162,2025-11-13T19:16:46Z
IGCI,,soil_temperature_934.txt,6.387679940848498,2025-11-13T19:16:46Z
IGCI,,soil_temperature_938.txt,6.384399597430522,2025-11-13T19:16:46Z
IGCI,,soil_temperature_942.txt,6.360505288562088,2025-11-13T19:16:46Z
IGCI,,soil_temperature_946.txt,6.311647628411516,2025-11-13T19:16:46Z
IGCI,,soil_temperature_950.txt,6.372727601368325,2025-11-13T19:16:46Z
IGCI,,SLAT_ELAT.txt,0.1459165974931107,2025-11-13T19:16:46Z
IGCI,,SLON_ELON.txt,0.1574492898598425,2025-11-13T19:16:46Z
IGCI,,aspectE_CULTIR_LAND.txt,5.779084201903578,2025-11-13T19:16:46Z
IGCI,,aspectE_CULTRF_LAND.txt,1.4232291055125303,2025-11-13T19:16:46Z
IGCI,,aspectE_CULT_LAND.txt,3.5858302104714275,2025-11-13T19:16:46Z
IGCI,,aspectE_FOR_LAND.txt,2.959765711456664,2025-11-13T19:16:46Z
IGCI,,aspectE_GRS_LAND.txt,4.332320312439268,2025-11-13T19:16:46Z
IGCI,,aspectN_CULTIR_LAND.txt,6.159516399367307,2025-11-13T19:16:47Z
IGCI,,aspectN_CULTRF_LAND.txt,1.8036613029762592,2025-11-13T19:16:47Z
IGCI,,aspectN_CULT_LAND.txt,3.966262407935156,2025-11-13T19:16:47Z
IGCI,,aspectN_FOR_LAND.txt,3.340197908920393,2025-11-13T19:16:47Z
IGCI,,aspectN_GRS_LAND.txt,4.712752509902996,2025-11-13T19:16:47Z
IGCI,,aspectS_CULTIR_LAND.txt,5.921360522220453,2025-11-13T19:16:47Z
IGCI,,aspectS_CULTRF_LAND.txt,1.5655054258294046,2025-11-13T19:16:47Z
IGCI,,aspectS_CULT_LAND.txt,3.7281065307883017,2025-11-13T19:16:47Z
IGCI,,aspectS_FOR_LAND.txt,3.1020420317735384,2025-11-13T19:16:47Z
IGCI,,aspectS_GRS_LAND.txt,4.474596632756142,2025-11-13T19:16:47Z
IGCI,,aspectS_URB_LAND.txt,4.943235600481924,2025-11-13T19:16:47Z
IGCI,,aspectW_CULTIR_LAND.txt,5.763296479086585,2025-11-13T19:16:47Z
IGCI,,aspectW_CULTRF_LAND.txt,1.407441382695537,2025-11-13T19:16:47Z
IGCI,,aspectW_CULT_LAND.txt,3.570042487654434,2025-11-13T19:16:47Z
IGCI,,aspectW_FOR_LAND.txt,2.943977988639671,2025-11-13T19:16:47Z
IGCI,,aspectW_GRS_LAND.txt,4.316532589622274,2025-11-13T19:16:47Z
IGCI,,aspectW_URB_LAND.txt,4.785171557348057,2025-11-13T19:16:47Z
IGCI,,elevation_CULTRF_LAND.txt,3.974494332917749,2025-11-13T19:16:47Z
IGCI,,elevation_CULT_LAND.txt,6.137095437876646,2025-11-13T19:16:47Z
IGCI,,elevation_FOR_LAND.txt,5.511030938861882,2025-11-13T19:16:47Z
IGCI,,elevation_GRS_LAND.txt,6.883585539844486,2025-11-13T19:16:47Z
IGCI,,elevation_URB_LAND.txt,7.352224507570268,2025-11-13T19:16:47Z
IGCI,,lat_CULTRF_LAND.txt,-2.2894047785497698,2025-11-13T19:16:47Z
IGCI,,lat_GRS_LAND.txt,0.6196864283769674,2025-11-13T19:16:47Z
IGCI,,lon_CULTRF_LAND.txt,-2.341329155165562,2025-11-13T19:16:47Z
IGCI,,lon_CULT_LAND.txt,-0.178728050206665,2025-11-13T19:16:47Z
IGCI,,lon_FOR_LAND.txt,-0.8047925492214283,2025-11-13T19:16:48Z
IGCI,,lon_GRS_LAND.txt,0.567762051761175,2025-11-13T19:16:48Z
IGCI,,lon_URB_LAND.txt,1.0364010194869575,2025-11-13T19:16:48Z
IGCI,,slope1_CULTIR_LAND.txt,7.5550868924089745,2025-11-13T19:16:48Z
IGCI,,slope1_CULTRF_LAND.txt,3.1992317960179264,2025-11-13T19:16:48Z
IGCI,,slope1_CULT_LAND.txt,5.361832900976824,2025-11-13T19:16:48Z
IGCI,,slope1_FOR_LAND.txt,4.73576840196206,2025-11-13T19:16:48Z
IGCI,,slope1_GRS_LAND.txt,6.108323002944664,2025-11-13T19:16:48Z
IGCI,,slope2_CULTIR_LAND.txt,4.635307285825694,2025-11-13T19:16:48Z
IGCI,,slope2_CULTRF_LAND.txt,0.2794521894346458,2025-11-13T19:16:48Z
IGCI,,slope2_CULT_LAND.txt,2.442053294393543,2025-11-13T19:16:48Z
IGCI,,slope2_FOR_LAND.txt,1.81598879537878,2025-11-13T19:16:48Z
IGCI,,slope2_GRS_LAND.txt,3.188543396361383,2025-11-13T19:16:48Z
IGCI,,slope3_CULTIR_LAND.txt,4.650646080006645,2025-11-13T19:16:48Z
IGCI,,slope3_CULTRF_LAND.txt,0.2947909836155968,2025-11-13T19:16:48Z
IGCI,,slope3_CULT_LAND.txt,2.457392088574494,2025-11-13T19:16:48Z
IGCI,,slope4_CULTIR_LAND.txt,5.698867809704017,2025-11-13T19:16:48Z
IGCI,,slope4_CULT_LAND.txt,3.5056138182718657,2025-11-13T19:16:48Z
IGCI,,slope4_FOR_LAND.txt,2.8795493192571024,2025-11-13T19:16:48Z
IGCI,,slope4_URB_LAND.txt,4.720742887965488,2025-11-13T19:16:48Z
IGCI,,slope5_CULTIR_LAND.txt,7.962829860893123,2025-11-13T19:16:48Z
IGCI,,slope5_CULTRF_LAND.txt,3.606974764502075,2025-11-13T19:16:48Z
IGCI,,slope5_CULT_LAND.txt,5.769575869460972,2025-11-13T19:16:48Z
IGCI,,slope5_FOR_LAND.txt,5.143511370446209,2025-11-13T19:16:48Z
IGCI,,slope5_GRS_LAND.txt,6.516065971428812,2025-11-13T19:16:49Z
IGCI,,slope6_CULTIR_LAND.txt,8.45879847796522,2025-11-13T19:16:49Z
IGCI,,slope6_CULTRF_LAND.txt,4.102943381574171,2025-11-13T19:16:49Z
IGCI,,slope6_CULT_LAND.txt,6.265544486533068,2025-11-13T19:16:49Z
IGCI,,slope6_FOR_LAND.txt,5.639479987518305,2025-11-13T19:16:49Z
IGCI,,slope6_GRS_LAND.txt,7.012034588500908,2025-11-13T19:16:49Z
IGCI,,slope7_CULTIR_LAND.txt,9.588296287067,2025-11-13T19:16:49Z
IGCI,,slope7_CULTRF_LAND.txt,5.232441190675951,2025-11-13T19:16:49Z
IGCI,,slope7_CULT_LAND.txt,7.395042295634848,2025-11-13T19:16:49Z
IGCI,,slope7_FOR_LAND.txt,6.768977796620085,2025-11-13T19:16:49Z
IGCI,,slope7_GRS_LAND.txt,8.141532397602688,2025-11-13T19:16:49Z
IGCI,,slope8_CULTRF_LAND.txt,5.795727348167211,2025-11-13T19:16:49Z
IGCI,,slope8_CULT_LAND.txt,7.958328453126108,2025-11-13T19:16:49Z
IGCI,,slope8_FOR_LAND.txt,7.332263954111345,2025-11-13T19:16:49Z
IGCI,,FIRE_SIZE_Days_to_extinguish_fire.txt,-0.4126436589555506,2025-11-13T19:16:50Z
IGCI,,lat_var_crop_maize.txt,11.126471813391106,2025-11-13T19:16:50Z
IGCI,,lat_var_crop_maize_major.txt,11.124796720126884,2025-11-13T19:16:50Z
IGCI,,lat_var_crop_maize_second.txt,8.816933138312372,2025-11-13T19:16:50Z
IGCI,,lat_var_crop_rice.txt,10.313259025248144,2025-11-13T19:16:50Z
IGCI,,lat_var_crop_rice_major.txt,10.332386687009407,2025-11-13T19:16:50Z
IGCI,,lat_var_crop_rice_second.txt,8.209140987320728,2025-11-13T19:16:50Z
IGCI,,lat_var_crop_wheat.txt,10.407204686426343,2025-11-13T19:16:50Z
IGCI,,lat_var_crop_wheat_winter.txt,10.082396257330018,2025-11-13T19:16:50Z
IGCI,,Rings_Diameter_Sex_F.txt,0.219285779526972,2025-11-13T19:16:50Z
IGCI,,Rings_Diameter_Sex_I.txt,0.2572898355705924,2025-11-13T19:16:50Z
IGCI,,Rings_Diameter_Sex_M.txt,0.2411276621009177,2025-11-13T19:16:51Z
IGCI,,Rings_Height_Sex_F.txt,0.0986029258348839,2025-11-13T19:16:51Z
IGCI,,Rings_Height_Sex_I.txt,0.0696833482851158,2025-11-13T19:16:51Z
IGCI,,Rings_Height_Sex_M.txt,0.0779236799493201,2025-11-13T19:16:51Z
IGCI,,Rings_Length_Sex_F.txt,0.2632440755534819,2025-11-13T19:16:51Z
IGCI,,Rings_Length_Sex_I.txt,0.3489226498507403,2025-11-13T19:16:51Z
IGCI,,Rings_Length_Sex_M.txt,0.3090058212384532,2025-11-13T19:16:51Z
IGCI,,Rings_Shell_weight_Sex_F.txt,2.4761800661377302,2025-11-13T19:16:51Z
IGCI,,Rings_Shell_weight_Sex_I.txt,2.189662400164983,2025-11-13T19:16:51Z
IGCI,,Rings_Shell_weight_Sex_M.txt,2.4758261290697714,2025-11-13T19:16:51Z
IGCI,,Rings_Shucked_weight_Sex_I.txt,3.5864167370847984,2025-11-13T19:16:51Z
IGCI,,Rings_Shucked_weight_Sex_M.txt,4.705692266081225,2025-11-13T19:16:51Z
IGCI,,Rings_Viscera_weight_Sex_F.txt,3.196452706873365,2025-11-13T19:16:51Z
IGCI,,Rings_Viscera_weight_Sex_I.txt,2.06923568389124,2025-11-13T19:16:51Z
IGCI,,Rings_Viscera_weight_Sex_M.txt,3.1225497445269923,2025-11-13T19:16:51Z
IGCI,,Rings_Whole_weight_Sex_F.txt,6.1804433656925895,2025-11-13T19:16:51Z
IGCI,,Rings_Whole_weight_Sex_I.txt,5.455768096879287,2025-11-13T19:16:51Z
IGCI,,Rings_Whole_weight_Sex_M.txt,6.211965531322852,2025-11-13T19:16:51Z
IGCI,,drinks_number_of_half-pint_equivalents_of_alcoholic_beverages_gammagt_gamma-glutamyl_transpeptdase.txt,1.290516013760712,2025-11-13T19:16:51Z
IGCI,,drinks_number_of_half-pint_equivalents_of_alcoholic_beverages_mcv_mean_corpuscular_volume.txt,0.1294689907588848,2025-11-13T19:16:51Z
IGCI,,drinks_number_of_half-pint_equivalents_of_alcoholic_beverages_sgot_aspartate_aminotransferase.txt,0.4157607541590673,2025-11-13T19:16:51Z
IGCI,,Abdomen_class.txt,-0.4384775265377549,2025-11-13T19:16:51Z
IGCI,,Age_class.txt,3.137473246475549,2025-11-13T19:16:51Z
IGCI,,Ankle_class.txt,2.814802014699699,2025-11-13T19:16:51Z
IGCI,,Biceps_class.txt,1.8572093170208557,2025-11-13T19:16:51Z
IGCI,,Chest_class.txt,-0.0554054929796867,2025-11-13T19:16:51Z
IGCI,,Forearm_class.txt,2.518260314306081,2025-11-13T19:16:51Z
IGCI,,Hip_class.txt,0.3726422505536195,2025-11-13T19:16:51Z
IGCI,,Knee_class.txt,2.220539221015694,2025-11-13T19:16:51Z
IGCI,,Neck_class.txt,2.135720209583654,2025-11-13T19:16:51Z
IGCI,,Thigh_class.txt,0.879906170122235,2025-11-13T19:16:51Z
IGCI,,Weight_class.txt,-0.9269440221064422,2025-11-13T19:16:51Z
IGCI,,Wrist_class.txt,3.2695781367470844,2025-11-13T19:16:51Z
IGCI,,BMI_BloodPressure.txt,-1.7659362875096072,2025-11-13T19:16:51Z
IGCI,,BMI_Glucose.txt,-1.0971116034456063,2025-11-13T19:16:51Z
IGCI,,BMI_SkinThickness.txt,-1.726840259698819,2025-11-13T19:16:51Z
IGCI,,Father_height_Child_height_gender_0.txt,0.07877804330474,2025-11-13T19:16:51Z
IGCI,,Father_height_Child_height_gender_1.txt,0.1831450454512877,2025-11-13T19:16:51Z
IGCI,,Mother_height_Child_height_gender_0.txt,0.1828687969399887,2025-11-13T19:16:51Z
IGCI,,Mother_height_Child_height_gender_1.txt,0.1984745729112678,2025-11-13T19:16:51Z
IGCI,,medianagefemale_avganncount.txt,3.588563049513666,2025-11-13T19:16:51Z
IGCI,,medianagefemale_avgdeathsperyear.txt,1.7995369576000688,2025-11-13T19:16:52Z
IGCI,,medianagemale_avganncount.txt,3.5701122161879377,2025-11-13T19:16:52Z
IGCI,,medianagemale_avgdeathsperyear.txt,1.7810861242743408,2025-11-13T19:16:52Z
IGCI,,medianage_avganncount.txt,2.672964459716453,2025-11-13T19:16:52Z
IGCI,,medianage_avgdeathsperyear.txt,0.8839383678028558,2025-11-13T19:16:52Z
IGCI,,medincome_avganncount.txt,-2.0029125467637625,2025-11-13T19:16:52Z
IGCI,,medincome_avgdeathsperyear.txt,-3.79193863867736,2025-11-13T19:16:52Z
IGCI,,medincome_target_deathrate.txt,-2.2321141186035742,2025-11-13T19:16:52Z
IGCI,,pctasian_avganncount.txt,-2.818898477436485,2025-11-13T19:16:52Z
IGCI,,pctasian_avgdeathsperyear.txt,-4.607924569350082,2025-11-13T19:16:52Z
IGCI,,pctasian_target_deathrate.txt,-3.0481000492762966,2025-11-13T19:16:52Z
IGCI,,pctbachdeg18_24_avganncount.txt,4.116025754744081,2025-11-13T19:16:52Z
IGCI,,pctbachdeg18_24_avgdeathsperyear.txt,2.326999662830484,2025-11-13T19:16:52Z
IGCI,,pctbachdeg18_24_target_deathrate.txt,3.886824182904269,2025-11-13T19:16:52Z
IGCI,,pctbachdeg25_over_avganncount.txt,3.623164378345949,2025-11-13T19:16:52Z
IGCI,,pctbachdeg25_over_avgdeathsperyear.txt,1.8341382864323523,2025-11-13T19:16:52Z
IGCI,,pctbachdeg25_over_target_deathrate.txt,3.3939628065061376,2025-11-13T19:16:52Z
IGCI,,pctblack_avganncount.txt,-2.910341856876694,2025-11-13T19:16:52Z
IGCI,,pctblack_avgdeathsperyear.txt,-4.699367948790291,2025-11-13T19:16:52Z
IGCI,,pctblack_target_deathrate.txt,-3.1395434287165056,2025-11-13T19:16:52Z
IGCI,,pctemployed16_over_avganncount.txt,2.888049703123226,2025-11-13T19:16:52Z
IGCI,,pctemployed16_over_avgdeathsperyear.txt,1.099023611209629,2025-11-13T19:16:52Z
IGCI,,pctemployed16_over_target_deathrate.txt,2.6588481312834142,2025-11-13T19:16:52Z
IGCI,,pctempprivcoverage_avganncount.txt,2.4494606931387986,2025-11-13T19:16:52Z
IGCI,,pctempprivcoverage_avgdeathsperyear.txt,0.6604346012252016,2025-11-13T19:16:52Z
IGCI,,pctempprivcoverage_target_deathrate.txt,2.220259121298987,2025-11-13T19:16:52Z
IGCI,,pcths18_24_avganncount.txt,2.5199413130662,2025-11-13T19:16:52Z
IGCI,,pcths18_24_avgdeathsperyear.txt,0.7309152211526029,2025-11-13T19:16:52Z
IGCI,,pcths18_24_target_deathrate.txt,2.290739741226388,2025-11-13T19:16:52Z
IGCI,,pcths25_over_avganncount.txt,2.948967457045197,2025-11-13T19:16:52Z
IGCI,,pcths25_over_avgdeathsperyear.txt,1.1599413651316,2025-11-13T19:16:52Z
IGCI,,pcths25_over_target_deathrate.txt,2.719765885205385,2025-11-13T19:16:52Z
IGCI,,pctmarriedhouseholds_target_deathrate.txt,-2.378757918032034,2025-11-13T19:16:52Z
IGCI,,pctnohs18_24_avganncount.txt,2.885433585872459,2025-11-13T19:16:52Z
IGCI,,pctnohs18_24_avgdeathsperyear.txt,1.096407493958862,2025-11-13T19:16:52Z
IGCI,,pctotherrace_avganncount.txt,-3.087140968252279,2025-11-13T19:16:52Z
IGCI,,pctotherrace_avgdeathsperyear.txt,-4.876167060165876,2025-11-13T19:16:52Z
IGCI,,pctprivatecoveragealone_avganncount.txt,2.293563330234588,2025-11-13T19:16:52Z
IGCI,,pctprivatecoveragealone_avgdeathsperyear.txt,0.504537238320991,2025-11-13T19:16:53Z
IGCI,,pctprivatecoveragealone_target_deathrate.txt,2.064361758394776,2025-11-13T19:16:53Z
IGCI,,pctprivatecoverage_avganncount.txt,2.3266576729810677,2025-11-13T19:16:53Z
IGCI,,pctprivatecoverage_avgdeathsperyear.txt,0.5376315810674703,2025-11-13T19:16:53Z
IGCI,,pctprivatecoverage_target_deathrate.txt,2.097456101141256,2025-11-13T19:16:53Z
IGCI,,pctpubliccoveragealone_avganncount.txt,3.280851412512792,2025-11-13T19:16:53Z
IGCI,,pctpubliccoveragealone_target_deathrate.txt,3.0516498406729804,2025-11-13T19:16:53Z
IGCI,,pctpubliccoverage_avganncount.txt,2.896370672709466,2025-11-13T19:16:53Z
IGCI,,pctpubliccoverage_avgdeathsperyear.txt,1.107344580795869,2025-11-13T19:16:53Z
IGCI,,pctpubliccoverage_target_deathrate.txt,2.6671691008696543,2025-11-13T19:16:53Z
IGCI,,pctsomecol18_24_avganncount.txt,2.3897759199103654,2025-11-13T19:16:53Z
IGCI,,pctsomecol18_24_avgdeathsperyear.txt,0.6007498279967685,2025-11-13T19:16:53Z
IGCI,,pctsomecol18_24_target_deathrate.txt,2.1605743480705537,2025-11-13T19:16:53Z
IGCI,,pctunemployed16_over_avgdeathsperyear.txt,2.367682395444898,2025-11-13T19:16:53Z
IGCI,,pctunemployed16_over_target_deathrate.txt,3.9275069155186833,2025-11-13T19:16:53Z
IGCI,,pctwhite_avgdeathsperyear.txt,-4.134141956205646,2025-11-13T19:16:53Z
IGCI,,percentmarried_avgdeathsperyear.txt,1.4772024553111884,2025-11-13T19:16:53Z
IGCI,,percentmarried_target_deathrate.txt,3.0370269753849737,2025-11-13T19:16:53Z
IGCI,,povertypercent_avganncount.txt,3.317784096819109,2025-11-13T19:16:53Z
IGCI,,povertypercent_target_deathrate.txt,3.088582524979297,2025-11-13T19:16:53Z
IGCI,,studypercap_avganncount.txt,2.8228756398267087,2025-11-13T19:16:53Z
IGCI,,studypercap_avgdeathsperyear.txt,1.0338495479131118,2025-11-13T19:16:53Z
IGCI,,other_pests_and_parasites_percent_lost.txt,-1.4540328396025377,2025-11-13T19:16:53Z
IGCI,,pesticides_percent_lost.txt,-1.0333732988481987,2025-11-13T19:16:53Z
IGCI,,varroa_mites_percent_lost.txt,-2.6584293228389058,2025-11-13T19:16:53Z
IGCI,,Alcohol_Adult_Mortality.txt,-1.750885135101131,2025-11-13T19:16:53Z
IGCI,,Alcohol_infant_deaths.txt,-3.6514948186034006,2025-11-13T19:16:53Z
IGCI,,Alcohol_Life_expectancy.txt,-2.1634673005388594,2025-11-13T19:16:53Z
IGCI,,Alcohol_under-five_deaths.txt,-3.497079356768859,2025-11-13T19:16:53Z
IGCI,,BMI_Adult_Mortality.txt,-0.5696650048178342,2025-11-13T19:16:53Z
IGCI,,BMI_infant_deaths.txt,-2.470274688320104,2025-11-13T19:16:53Z
IGCI,,BMI_Life_expectancy.txt,-0.9822471702555626,2025-11-13T19:16:53Z
IGCI,,BMI_under-five_deaths.txt,-2.3158592264855624,2025-11-13T19:16:53Z
IGCI,,Diphtheria_Adult_Mortality.txt,2.995192586293568,2025-11-13T19:16:53Z
IGCI,,Diphtheria_infant_deaths.txt,1.0945829027912977,2025-11-13T19:16:53Z
IGCI,,Diphtheria_Life_expectancy.txt,2.582610420855839,2025-11-13T19:16:53Z
IGCI,,Diphtheria_under-five_deaths.txt,1.2489983646258391,2025-11-13T19:16:53Z
IGCI,,GDP_Adult_Mortality.txt,-4.571365202046204,2025-11-13T19:16:53Z
IGCI,,GDP_infant_deaths.txt,-6.471974885548474,2025-11-13T19:16:53Z
IGCI,,GDP_Life_expectancy.txt,-4.983947367483933,2025-11-13T19:16:53Z
IGCI,,GDP_under-five_deaths.txt,-6.3175594237139325,2025-11-13T19:16:53Z
IGCI,,Hepatitis_B_infant_deaths.txt,0.84358538214651,2025-11-13T19:16:53Z
IGCI,,Hepatitis_B_Life_expectancy.txt,2.3316129002110517,2025-11-13T19:16:53Z
IGCI,,Hepatitis_B_under-five_deaths.txt,0.9980008439810516,2025-11-13T19:16:53Z
IGCI,,HIV_AIDS_Adult_Mortality.txt,2.6277844038566704,2025-11-13T19:16:54Z
IGCI,,HIV_AIDS_infant_deaths.txt,0.7271747203544008,2025-11-13T19:16:54Z
IGCI,,HIV_AIDS_Life_expectancy.txt,2.215202238418942,2025-11-13T19:16:54Z
IGCI,,HIV_AIDS_under-five_deaths.txt,0.8815901821889423,2025-11-13T19:16:54Z
IGCI,,Income_composition_of_resources_Adult_Mortality.txt,-0.8466946502749653,2025-11-13T19:16:54Z
IGCI,,Income_composition_of_resources_infant_deaths.txt,-2.747304333777235,2025-11-13T19:16:54Z
IGCI,,Income_composition_of_resources_Life_expectancy.txt,-1.2592768157126937,2025-11-13T19:16:54Z
IGCI,,Income_composition_of_resources_under-five_deaths.txt,-2.592888871942693,2025-11-13T19:16:54Z
IGCI,,Measles_infant_deaths.txt,-2.908126441876912,2025-11-13T19:16:54Z
IGCI,,Measles_Life_expectancy.txt,-1.420098923812371,2025-11-13T19:16:54Z
IGCI,,Measles_under-five_deaths.txt,-2.7537109800423707,2025-11-13T19:16:54Z
IGCI,,percentage_expenditure_Adult_Mortality.txt,-4.9502629786500965,2025-11-13T19:16:54Z
IGCI,,percentage_expenditure_infant_deaths.txt,-6.850872662152367,2025-11-13T19:16:54Z
IGCI,,percentage_expenditure_Life_expectancy.txt,-5.362845144087825,2025-11-13T19:16:54Z
IGCI,,percentage_expenditure_under-five_deaths.txt,-6.696457200317825,2025-11-13T19:16:54Z
IGCI,,Polio_Adult_Mortality.txt,2.919804771147786,2025-11-13T19:16:54Z
IGCI,,Polio_infant_deaths.txt,1.0191950876455165,2025-11-13T19:16:54Z
IGCI,,Polio_Life_expectancy.txt,2.5072226057100577,2025-11-13T19:16:54Z
IGCI,,Polio_under-five_deaths.txt,1.173610549480058,2025-11-13T19:16:54Z
IGCI,,Schooling_Adult_Mortality.txt,1.9878046122390205,2025-11-13T19:16:54Z
IGCI,,Schooling_infant_deaths.txt,0.0871949287367508,2025-11-13T19:16:54Z
IGCI,,Schooling_Life_expectancy.txt,1.575222446801292,2025-11-13T19:16:54Z
IGCI,,Schooling_under-five_deaths.txt,0.2416103905712923,2025-11-13T19:16:54Z
IGCI,,thinness_5-9_years_Adult_Mortality.txt,1.7396554733039538,2025-11-13T19:16:54Z
IGCI,,thinness_5-9_years_infant_deaths.txt,-0.1609542101983159,2025-11-13T19:16:54Z
IGCI,,thinness_5-9_years_Life_expectancy.txt,1.3270733078662251,2025-11-13T19:16:54Z
IGCI,,thinness_5-9_years_under-five_deaths.txt,-0.0065387483637744,2025-11-13T19:16:54Z
IGCI,,Total_expenditure_Adult_Mortality.txt,-1.132679276303731,2025-11-13T19:16:54Z
IGCI,,Total_expenditure_Life_expectancy.txt,-1.5452614417414594,2025-11-13T19:16:54Z
IGCI,,Total_expenditure_under-five_deaths.txt,-2.878873497971459,2025-11-13T19:16:54Z
IGCI,,PPFDdif_NEP.txt,-0.1255147964657794,2025-11-13T19:16:54Z
IGCI,,PPFDdir_NEP.txt,-0.5391388617369479,2025-11-13T19:16:54Z
IGCI,,PPFD_NEP.txt,0.1390741096504815,2025-11-13T19:16:54Z
IGCI,,Fraction_Genome_Altered_Mutation_Count.txt,0.0649981661590191,2025-11-13T19:16:54Z
IGCI,,MSIsensor_Score_Mutation_Count.txt,1.1501451413842392,2025-11-13T19:16:54Z
IGCI,,MSI_MANTIS_Score_Mutation_Count.txt,-1.8032331657865777,2025-11-13T19:16:54Z
IGCI,,Doses_per_1000_Fully_Vaccinated_Population____.txt,-0.1859300751377119,2025-11-13T19:16:54Z
IGCI,,carrier_delay_arr_delay_carrier_name_AirTran_Airways_Corporation.txt,4.301415287032333,2025-11-13T19:16:54Z
IGCI,,carrier_delay_arr_delay_carrier_name_Alaska_Airlines_Inc..txt,1.4946000461339413,2025-11-13T19:16:55Z
IGCI,,carrier_delay_arr_delay_carrier_name_Allegiant_Air.txt,1.3126140168742522,2025-11-13T19:16:55Z
IGCI,,carrier_delay_arr_delay_carrier_name_Aloha_Airlines_Inc..txt,0.7518431088990418,2025-11-13T19:16:55Z
IGCI,,carrier_delay_arr_delay_carrier_name_American_Airlines_Inc..txt,2.4890299142061565,2025-11-13T19:16:55Z
IGCI,,carrier_delay_arr_delay_carrier_name_American_Eagle_Airlines_Inc..txt,2.476089323327128,2025-11-13T19:16:55Z
IGCI,,carrier_delay_arr_delay_carrier_name_America_West_Airlines_Inc..txt,2.0682577054149656,2025-11-13T19:16:55Z
IGCI,,carrier_delay_arr_delay_carrier_name_ATA_Airlines_d_b_a_ATA.txt,3.275695407367519,2025-11-13T19:16:55Z
IGCI,,carrier_delay_arr_delay_carrier_name_Atlantic_Coast_Airlines.txt,2.881340221310573,2025-11-13T19:16:55Z
IGCI,,carrier_delay_arr_delay_carrier_name_Atlantic_Southeast_Airlines.txt,1.861264463816231,2025-11-13T19:16:55Z
IGCI,,carrier_delay_arr_delay_carrier_name_Comair_Inc..txt,1.9390900043064925,2025-11-13T19:16:55Z
IGCI,,carrier_delay_arr_delay_carrier_name_Continental_Air_Lines_Inc..txt,3.185775654148053,2025-11-13T19:16:55Z
IGCI,,carrier_delay_arr_delay_carrier_name_Delta_Air_Lines_Inc..txt,1.5748827480673375,2025-11-13T19:16:55Z
IGCI,,carrier_delay_arr_delay_carrier_name_Endeavor_Air_Inc..txt,2.004758422844965,2025-11-13T19:16:55Z
IGCI,,carrier_delay_arr_delay_carrier_name_Envoy_Air.txt,2.0432480778623825,2025-11-13T19:16:56Z
IGCI,,carrier_delay_arr_delay_carrier_name_ExpressJet_Airlines_Inc..txt,1.6825972656857582,2025-11-13T19:16:56Z
IGCI,,carrier_delay_arr_delay_carrier_name_ExpressJet_Airlines_LLC.txt,2.174960556430009,2025-11-13T19:16:56Z
IGCI,,carrier_delay_arr_delay_carrier_name_Frontier_Airlines_Inc..txt,1.7261739295226102,2025-11-13T19:16:56Z
IGCI,,carrier_delay_arr_delay_carrier_name_Hawaiian_Airlines_Inc..txt,0.8500218017385448,2025-11-13T19:16:56Z
IGCI,,carrier_delay_arr_delay_carrier_name_Horizon_Air.txt,2.0663192271117428,2025-11-13T19:16:56Z
IGCI,,carrier_delay_arr_delay_carrier_name_Independence_Air.txt,3.3093474541703145,2025-11-13T19:16:56Z
IGCI,,carrier_delay_arr_delay_carrier_name_JetBlue_Airways.txt,2.548574798271355,2025-11-13T19:16:56Z
IGCI,,carrier_delay_arr_delay_carrier_name_Mesa_Airlines_Inc..txt,1.3463893260033617,2025-11-13T19:16:56Z
IGCI,,carrier_delay_arr_delay_carrier_name_Northwest_Airlines_Inc..txt,2.2937197487711174,2025-11-13T19:16:56Z
IGCI,,carrier_delay_arr_delay_carrier_name_Pinnacle_Airlines_Inc..txt,2.08450549283309,2025-11-13T19:16:56Z
IGCI,,carrier_delay_arr_delay_carrier_name_PSA_Airlines_Inc..txt,3.147212068424386,2025-11-13T19:16:56Z
IGCI,,carrier_delay_arr_delay_carrier_name_Republic_Airline.txt,2.3402243600608728,2025-11-13T19:16:57Z
IGCI,,carrier_delay_arr_delay_carrier_name_SkyWest_Airlines_Inc..txt,0.9779892567823456,2025-11-13T19:16:57Z
IGCI,,carrier_delay_arr_delay_carrier_name_Southwest_Airlines_Co..txt,3.378712851167129,2025-11-13T19:16:57Z
IGCI,,carrier_delay_arr_delay_carrier_name_Spirit_Air_Lines.txt,3.132708530666628,2025-11-13T19:16:57Z
IGCI,,carrier_delay_arr_delay_carrier_name_United_Air_Lines_Inc..txt,2.4842917973180567,2025-11-13T19:16:57Z
IGCI,,carrier_delay_arr_delay_carrier_name_US_Airways_Inc..txt,2.6450885676194185,2025-11-13T19:16:57Z
IGCI,,carrier_delay_arr_delay_carrier_name_Virgin_America.txt,3.790744100730463,2025-11-13T19:16:57Z
IGCI,,late_aircraft_delay_arr_delay_carrier_name_AirTran_Airways_Corporation.txt,1.8442278448351104,2025-11-13T19:16:57Z
IGCI,,late_aircraft_delay_arr_delay_carrier_name_Alaska_Airlines_Inc..txt,1.4727506238060144,2025-11-13T19:16:57Z
IGCI,,late_aircraft_delay_arr_delay_carrier_name_Allegiant_Air.txt,1.2680625515593589,2025-11-13T19:16:57Z
IGCI,,late_aircraft_delay_arr_delay_carrier_name_Aloha_Airlines_Inc..txt,1.1485689911209596,2025-11-13T19:16:57Z
IGCI,,late_aircraft_delay_arr_delay_carrier_name_American_Airlines_Inc..txt,2.314817466373409,2025-11-13T19:16:57Z
IGCI,,late_aircraft_delay_arr_delay_carrier_name_American_Eagle_Airlines_Inc..txt,1.9510274277424775,2025-11-13T19:16:58Z
IGCI,,late_aircraft_delay_arr_delay_carrier_name_America_West_Airlines_Inc..txt,3.4992915589609748,2025-11-13T19:16:58Z
IGCI,,late_aircraft_delay_arr_delay_carrier_name_ATA_Airlines_d_b_a_ATA.txt,2.4481738885728106,2025-11-13T19:16:58Z
IGCI,,late_aircraft_delay_arr_delay_carrier_name_Atlantic_Coast_Airlines.txt,2.000743253282537,2025-11-13T19:16:58Z
IGCI,,late_aircraft_delay_arr_delay_carrier_name_Atlantic_Southeast_Airlines.txt,2.3876100621971705,2025-11-13T19:16:58Z
IGCI,,late_aircraft_delay_arr_delay_carrier_name_Comair_Inc..txt,4.080092958358415,2025-11-13T19:16:58Z
IGCI,,late_aircraft_delay_arr_delay_carrier_name_Continental_Air_Lines_Inc..txt,3.0411564809163023,2025-11-13T19:16:58Z
IGCI,,late_aircraft_delay_arr_delay_carrier_name_Delta_Air_Lines_Inc..txt,1.83768781843832,2025-11-13T19:16:58Z
IGCI,,late_aircraft_delay_arr_delay_carrier_name_Endeavor_Air_Inc..txt,1.8175068711492857,2025-11-13T19:16:58Z
IGCI,,late_aircraft_delay_arr_delay_carrier_name_Envoy_Air.txt,1.52516551307954,2025-11-13T19:16:58Z
IGCI,,late_aircraft_delay_arr_delay_carrier_name_ExpressJet_Airlines_Inc..txt,1.423445513291555,2025-11-13T19:16:59Z
IGCI,,late_aircraft_delay_arr_delay_carrier_name_ExpressJet_Airlines_LLC.txt,2.5977350447042618,2025-11-13T19:16:59Z
IGCI,,late_aircraft_delay_arr_delay_carrier_name_Frontier_Airlines_Inc..txt,1.297455105742352,2025-11-13T19:16:59Z
IGCI,,late_aircraft_delay_arr_delay_carrier_name_Hawaiian_Airlines_Inc..txt,2.1357810383857183,2025-11-13T19:16:59Z
IGCI,,late_aircraft_delay_arr_delay_carrier_name_Horizon_Air.txt,2.271198932836053,2025-11-13T19:16:59Z
IGCI,,late_aircraft_delay_arr_delay_carrier_name_Independence_Air.txt,0.973073170172972,2025-11-13T19:16:59Z
IGCI,,late_aircraft_delay_arr_delay_carrier_name_JetBlue_Airways.txt,2.3680160265934163,2025-11-13T19:16:59Z
IGCI,,late_aircraft_delay_arr_delay_carrier_name_Mesa_Airlines_Inc..txt,1.4310064186891776,2025-11-13T19:16:59Z
IGCI,,late_aircraft_delay_arr_delay_carrier_name_Northwest_Airlines_Inc..txt,3.7665716132826734,2025-11-13T19:16:59Z
IGCI,,late_aircraft_delay_arr_delay_carrier_name_Pinnacle_Airlines_Inc..txt,2.434004473930808,2025-11-13T19:16:59Z
IGCI,,late_aircraft_delay_arr_delay_carrier_name_PSA_Airlines_Inc..txt,1.9465993759215383,2025-11-13T19:16:59Z
IGCI,,late_aircraft_delay_arr_delay_carrier_name_Republic_Airline.txt,1.945415694635619,2025-11-13T19:16:59Z
IGCI,,late_aircraft_delay_arr_delay_carrier_name_SkyWest_Airlines_Inc..txt,0.9746923725207548,2025-11-13T19:16:59Z
IGCI,,late_aircraft_delay_arr_delay_carrier_name_Southwest_Airlines_Co..txt,1.7763138605764928,2025-11-13T19:17:00Z
IGCI,,late_aircraft_delay_arr_delay_carrier_name_Spirit_Air_Lines.txt,2.7407410261270027,2025-11-13T19:17:00Z
IGCI,,late_aircraft_delay_arr_delay_carrier_name_United_Air_Lines_Inc..txt,1.7236542905187653,2025-11-13T19:17:00Z
IGCI,,late_aircraft_delay_arr_delay_carrier_name_US_Airways_Inc..txt,2.4733117066302466,2025-11-13T19:17:00Z
IGCI,,late_aircraft_delay_arr_delay_carrier_name_Virgin_America.txt,2.537122592971775,2025-11-13T19:17:00Z
IGCI,,nas_delay_arr_delay_carrier_name_AirTran_Airways_Corporation.txt,3.4138219496840145,2025-11-13T19:17:00Z
IGCI,,nas_delay_arr_delay_carrier_name_Alaska_Airlines_Inc..txt,1.7758176638581862,2025-11-13T19:17:00Z
IGCI,,nas_delay_arr_delay_carrier_name_Allegiant_Air.txt,1.89735569137979,2025-11-13T19:17:00Z
IGCI,,nas_delay_arr_delay_carrier_name_Aloha_Airlines_Inc..txt,4.347102075006623,2025-11-13T19:17:00Z
IGCI,,nas_delay_arr_delay_carrier_name_American_Airlines_Inc..txt,2.929406310809668,2025-11-13T19:17:00Z
IGCI,,nas_delay_arr_delay_carrier_name_American_Eagle_Airlines_Inc..txt,2.5574640051719806,2025-11-13T19:17:00Z
IGCI,,nas_delay_arr_delay_carrier_name_America_West_Airlines_Inc..txt,2.86152655703441,2025-11-13T19:17:00Z
IGCI,,nas_delay_arr_delay_carrier_name_ATA_Airlines_d_b_a_ATA.txt,1.6342203639450386,2025-11-13T19:17:01Z
IGCI,,nas_delay_arr_delay_carrier_name_Atlantic_Coast_Airlines.txt,3.024397304378722,2025-11-13T19:17:01Z
IGCI,,nas_delay_arr_delay_carrier_name_Atlantic_Southeast_Airlines.txt,2.842089257994536,2025-11-13T19:17:01Z
IGCI,,nas_delay_arr_delay_carrier_name_Comair_Inc..txt,2.601049720710863,2025-11-13T19:17:01Z
IGCI,,nas_delay_arr_delay_carrier_name_Continental_Air_Lines_Inc..txt,2.182332731022793,2025-11-13T19:17:01Z
IGCI,,nas_delay_arr_delay_carrier_name_Delta_Air_Lines_Inc..txt,1.7355556179909284,2025-11-13T19:17:01Z
IGCI,,nas_delay_arr_delay_carrier_name_Endeavor_Air_Inc..txt,2.418696213404514,2025-11-13T19:17:01Z
IGCI,,nas_delay_arr_delay_carrier_name_Envoy_Air.txt,2.0914492182559306,2025-11-13T19:17:01Z
IGCI,,nas_delay_arr_delay_carrier_name_ExpressJet_Airlines_Inc..txt,1.9236225685687325,2025-11-13T19:17:01Z
IGCI,,nas_delay_arr_delay_carrier_name_ExpressJet_Airlines_LLC.txt,2.661341978573838,2025-11-13T19:17:01Z
IGCI,,nas_delay_arr_delay_carrier_name_Frontier_Airlines_Inc..txt,1.570680541100418,2025-11-13T19:17:01Z
IGCI,,nas_delay_arr_delay_carrier_name_Hawaiian_Airlines_Inc..txt,3.906665582973956,2025-11-13T19:17:01Z
IGCI,,nas_delay_arr_delay_carrier_name_Horizon_Air.txt,3.668563749233664,2025-11-13T19:17:01Z
IGCI,,nas_delay_arr_delay_carrier_name_Independence_Air.txt,2.25088712674817,2025-11-13T19:17:01Z
IGCI,,nas_delay_arr_delay_carrier_name_JetBlue_Airways.txt,2.8218498194502706,2025-11-13T19:17:01Z
IGCI,,nas_delay_arr_delay_carrier_name_Mesa_Airlines_Inc..txt,2.139047731352552,2025-11-13T19:17:02Z
IGCI,,nas_delay_arr_delay_carrier_name_Northwest_Airlines_Inc..txt,2.495542090724485,2025-11-13T19:17:02Z
IGCI,,nas_delay_arr_delay_carrier_name_Pinnacle_Airlines_Inc..txt,2.645088901078233,2025-11-13T19:17:02Z
IGCI,,nas_delay_arr_delay_carrier_name_PSA_Airlines_Inc..txt,4.022374972290589,2025-11-13T19:17:02Z
IGCI,,nas_delay_arr_delay_carrier_name_Republic_Airline.txt,2.455900232908509,2025-11-13T19:17:02Z
IGCI,,nas_delay_arr_delay_carrier_name_SkyWest_Airlines_Inc..txt,1.617552924082407,2025-11-13T19:17:02Z
IGCI,,nas_delay_arr_delay_carrier_name_Southwest_Airlines_Co..txt,4.682461192367961,2025-11-13T19:17:02Z
IGCI,,nas_delay_arr_delay_carrier_name_Spirit_Air_Lines.txt,1.97944351063518,2025-11-13T19:17:02Z
IGCI,,nas_delay_arr_delay_carrier_name_United_Air_Lines_Inc..txt,2.40264837793415,2025-11-13T19:17:02Z
IGCI,,nas_delay_arr_delay_carrier_name_US_Airways_Inc..txt,2.315006283544787,2025-11-13T19:17:02Z
IGCI,,nas_delay_arr_delay_carrier_name_Virgin_America.txt,2.720405935313812,2025-11-13T19:17:03Z
IGCI,,security_delay_arr_delay_carrier_name_Alaska_Airlines_Inc..txt,3.1637346791795427,2025-11-13T19:17:03Z
IGCI,,security_delay_arr_delay_carrier_name_American_Airlines_Inc..txt,5.408656735630436,2025-11-13T19:17:03Z
IGCI,,security_delay_arr_delay_carrier_name_America_West_Airlines_Inc..txt,7.363023939053074,2025-11-13T19:17:03Z
IGCI,,security_delay_arr_delay_carrier_name_ATA_Airlines_d_b_a_ATA.txt,7.649433156590694,2025-11-13T19:17:03Z
IGCI,,security_delay_arr_delay_carrier_name_Continental_Air_Lines_Inc..txt,5.7828865994613246,2025-11-13T19:17:03Z
IGCI,,security_delay_arr_delay_carrier_name_JetBlue_Airways.txt,5.563686174736372,2025-11-13T19:17:03Z
IGCI,,security_delay_arr_delay_carrier_name_Southwest_Airlines_Co..txt,7.215839199792336,2025-11-13T19:17:03Z
IGCI,,security_delay_arr_delay_carrier_name_Spirit_Air_Lines.txt,6.958952432274605,2025-11-13T19:17:03Z
IGCI,,security_delay_arr_delay_carrier_name_US_Airways_Inc..txt,5.3302825937407565,2025-11-13T19:17:03Z
IGCI,,security_delay_arr_delay_carrier_name_Virgin_America.txt,7.563268837875699,2025-11-13T19:17:03Z
IGCI,,weather_delay_arr_delay_carrier_name_AirTran_Airways_Corporation.txt,5.954457160984141,2025-11-13T19:17:03Z
IGCI,,weather_delay_arr_delay_carrier_name_Alaska_Airlines_Inc..txt,2.9055245887090564,2025-11-13T19:17:03Z
IGCI,,weather_delay_arr_delay_carrier_name_Allegiant_Air.txt,2.436161636400648,2025-11-13T19:17:03Z
IGCI,,weather_delay_arr_delay_carrier_name_American_Airlines_Inc..txt,4.335216996747451,2025-11-13T19:17:03Z
IGCI,,weather_delay_arr_delay_carrier_name_American_Eagle_Airlines_Inc..txt,3.55340330198984,2025-11-13T19:17:04Z
IGCI,,weather_delay_arr_delay_carrier_name_America_West_Airlines_Inc..txt,6.942849646386109,2025-11-13T19:17:04Z
IGCI,,weather_delay_arr_delay_carrier_name_ATA_Airlines_d_b_a_ATA.txt,7.344631580177876,2025-11-13T19:17:04Z
IGCI,,weather_delay_arr_delay_carrier_name_Atlantic_Coast_Airlines.txt,5.850257787483844,2025-11-13T19:17:04Z
IGCI,,weather_delay_arr_delay_carrier_name_Atlantic_Southeast_Airlines.txt,2.951424839490789,2025-11-13T19:17:04Z
IGCI,,weather_delay_arr_delay_carrier_name_Comair_Inc..txt,2.723491831560337,2025-11-13T19:17:04Z
IGCI,,weather_delay_arr_delay_carrier_name_Continental_Air_Lines_Inc..txt,4.844400376665474,2025-11-13T19:17:04Z
IGCI,,weather_delay_arr_delay_carrier_name_Delta_Air_Lines_Inc..txt,2.9401420563710063,2025-11-13T19:17:04Z
IGCI,,weather_delay_arr_delay_carrier_name_Endeavor_Air_Inc..txt,3.2435024381387008,2025-11-13T19:17:04Z
IGCI,,weather_delay_arr_delay_carrier_name_Envoy_Air.txt,2.6344386586819857,2025-11-13T19:17:04Z
IGCI,,weather_delay_arr_delay_carrier_name_ExpressJet_Airlines_Inc..txt,2.8185041007751623,2025-11-13T19:17:05Z
IGCI,,weather_delay_arr_delay_carrier_name_ExpressJet_Airlines_LLC.txt,4.732105921998848,2025-11-13T19:17:05Z
IGCI,,weather_delay_arr_delay_carrier_name_Frontier_Airlines_Inc..txt,2.7948878427399046,2025-11-13T19:17:05Z
IGCI,,weather_delay_arr_delay_carrier_name_Hawaiian_Airlines_Inc..txt,3.795585660595068,2025-11-13T19:17:05Z
IGCI,,weather_delay_arr_delay_carrier_name_Horizon_Air.txt,5.486270000143966,2025-11-13T19:17:05Z
IGCI,,weather_delay_arr_delay_carrier_name_Independence_Air.txt,7.395473266905192,2025-11-13T19:17:05Z
IGCI,,weather_delay_arr_delay_carrier_name_JetBlue_Airways.txt,4.939345663426423,2025-11-13T19:17:05Z
IGCI,,weather_delay_arr_delay_carrier_name_Mesa_Airlines_Inc..txt,2.53639458468486,2025-11-13T19:17:05Z
IGCI,,weather_delay_arr_delay_carrier_name_Northwest_Airlines_Inc..txt,4.283288131842297,2025-11-13T19:17:05Z
IGCI,,weather_delay_arr_delay_carrier_name_Pinnacle_Airlines_Inc..txt,3.671098648949024,2025-11-13T19:17:05Z
IGCI,,weather_delay_arr_delay_carrier_name_PSA_Airlines_Inc..txt,4.688468903802093,2025-11-13T19:17:05Z
IGCI,,weather_delay_arr_delay_carrier_name_Republic_Airline.txt,4.214402478710135,2025-11-13T19:17:05Z
IGCI,,weather_delay_arr_delay_carrier_name_SkyWest_Airlines_Inc..txt,1.883831721417904,2025-11-13T19:17:06Z
IGCI,,weather_delay_arr_delay_carrier_name_Southwest_Airlines_Co..txt,6.205366211892931,2025-11-13T19:17:06Z
IGCI,,weather_delay_arr_delay_carrier_name_Spirit_Air_Lines.txt,6.051408775498435,2025-11-13T19:17:06Z
IGCI,,weather_delay_arr_delay_carrier_name_United_Air_Lines_Inc..txt,3.847720533851331,2025-11-13T19:17:06Z
IGCI,,weather_delay_arr_delay_carrier_name_US_Airways_Inc..txt,4.637984575426978,2025-11-13T19:17:06Z
IGCI,,weather_delay_arr_delay_carrier_name_Virgin_America.txt,5.87524122367434,2025-11-13T19:17:06Z
IGCI,,AveragePrice_4046.txt,13.868586369011272,2025-11-13T19:17:06Z
IGCI,,AveragePrice_4225.txt,13.449135248407533,2025-11-13T19:17:06Z
IGCI,,AveragePrice_4770.txt,8.627087265349145,2025-11-13T19:17:06Z
IGCI,,AveragePrice_Large_Bags.txt,9.385804952470858,2025-11-13T19:17:06Z
IGCI,,AveragePrice_Small_Bags.txt,11.705934667076717,2025-11-13T19:17:06Z
IGCI,,AveragePrice_Total_Bags.txt,12.823486132224083,2025-11-13T19:17:06Z
IGCI,,AveragePrice_Total_Volume.txt,13.425144628915334,2025-11-13T19:17:06Z
IGCI,,agePct12t21_ViolentCrimesPerPop.txt,0.0132923165242049,2025-11-13T19:17:06Z
IGCI,,agePct12t29_ViolentCrimesPerPop.txt,0.0231982054273327,2025-11-13T19:17:06Z
IGCI,,agePct16t24_ViolentCrimesPerPop.txt,0.0107781994674578,2025-11-13T19:17:06Z
IGCI,,AsianPerCap_ViolentCrimesPerPop.txt,1.443462480938e-4,2025-11-13T19:17:06Z
IGCI,,blackPerCap_ViolentCrimesPerPop.txt,0.0178812788176507,2025-11-13T19:17:06Z
IGCI,,FemalePctDiv_ViolentCrimesPerPop.txt,0.0176778342074612,2025-11-13T19:17:06Z
IGCI,,HispPerCap_ViolentCrimesPerPop.txt,0.0102860623610796,2025-11-13T19:17:06Z
IGCI,,HousVacant_ViolentCrimesPerPop.txt,0.0703380204671093,2025-11-13T19:17:06Z
IGCI,,LemasSwFTFieldOps_ViolentCrimesPerPop.txt,0.8065506760124697,2025-11-13T19:17:07Z
IGCI,,LemasSwFTFieldPerPop_ViolentCrimesPerPop.txt,0.503254164039241,2025-11-13T19:17:07Z
IGCI,,LemasSwFTPerPop_ViolentCrimesPerPop.txt,0.5475323892094668,2025-11-13T19:17:07Z
IGCI,,LemasSwornFT_ViolentCrimesPerPop.txt,0.7477193464011354,2025-11-13T19:17:07Z
IGCI,,LemasTotalReq_ViolentCrimesPerPop.txt,0.6738791329794722,2025-11-13T19:17:07Z
IGCI,,LemasTotReqPerPop_ViolentCrimesPerPop.txt,0.4410824424640793,2025-11-13T19:17:07Z
IGCI,,MalePctDivorce_ViolentCrimesPerPop.txt,0,2025-11-13T19:17:07Z
IGCI,,MalePctNevMarr_ViolentCrimesPerPop.txt,0.0053169266096819,2025-11-13T19:17:07Z
IGCI,,medFamInc_ViolentCrimesPerPop.txt,1.443462480938e-4,2025-11-13T19:17:07Z
IGCI,,medIncome_ViolentCrimesPerPop.txt,-0.002514117056747,2025-11-13T19:17:07Z
IGCI,,MedRentPctHousInc_ViolentCrimesPerPop.txt,0.0081197361626168,2025-11-13T19:17:07Z
IGCI,,MedRent_ViolentCrimesPerPop.txt,-0.005172580361588,2025-11-13T19:17:07Z
IGCI,,numbUrban_ViolentCrimesPerPop.txt,0.078377551561517,2025-11-13T19:17:07Z
IGCI,,NumIlleg_ViolentCrimesPerPop.txt,0.1079565388600469,2025-11-13T19:17:07Z
IGCI,,NumImmig_ViolentCrimesPerPop.txt,0.1262516786935217,2025-11-13T19:17:07Z
IGCI,,NumInShelters_ViolentCrimesPerPop.txt,0.1095716295900368,2025-11-13T19:17:07Z
IGCI,,NumStreet_ViolentCrimesPerPop.txt,0.1113147478567766,2025-11-13T19:17:07Z
IGCI,,NumUnderPov_ViolentCrimesPerPop.txt,0.0819350411931152,2025-11-13T19:17:07Z
IGCI,,OfficAssgnDrugUnits_ViolentCrimesPerPop.txt,0.8667243210265996,2025-11-13T19:17:07Z
IGCI,,OtherPerCap_ViolentCrimesPerPop.txt,0.0026597978747728,2025-11-13T19:17:07Z
IGCI,,OwnOccHiQuart_ViolentCrimesPerPop.txt,1.443462480938e-4,2025-11-13T19:17:07Z
IGCI,,OwnOccLowQuart_ViolentCrimesPerPop.txt,-0.002514117056747,2025-11-13T19:17:07Z
IGCI,,OwnOccMedVal_ViolentCrimesPerPop.txt,-0.005172580361588,2025-11-13T19:17:07Z
IGCI,,PctBSorMore_ViolentCrimesPerPop.txt,0.0054612728577758,2025-11-13T19:17:07Z
IGCI,,PctEmploy_ViolentCrimesPerPop.txt,0.0054612728577758,2025-11-13T19:17:07Z
IGCI,,PctFam2Par_ViolentCrimesPerPop.txt,-0.007831043666429,2025-11-13T19:17:07Z
IGCI,,PctHousLess3BR_ViolentCrimesPerPop.txt,-0.005172580361588,2025-11-13T19:17:07Z
IGCI,,PctHousNoPhone_ViolentCrimesPerPop.txt,-0.002514117056747,2025-11-13T19:17:07Z
IGCI,,PctHousOccup_ViolentCrimesPerPop.txt,0.0160951260771398,2025-11-13T19:17:07Z
IGCI,,PctHousOwnOcc_ViolentCrimesPerPop.txt,-0.0026584633048409,2025-11-13T19:17:07Z
IGCI,,PctIlleg_ViolentCrimesPerPop.txt,0.0026584633048409,2025-11-13T19:17:07Z
IGCI,,PctImmigRec10_ViolentCrimesPerPop.txt,0.0028028095529348,2025-11-13T19:17:07Z
IGCI,,PctImmigRec5_ViolentCrimesPerPop.txt,-0.005172580361588,2025-11-13T19:17:07Z
IGCI,,PctImmigRec8_ViolentCrimesPerPop.txt,0.0028028095529348,2025-11-13T19:17:07Z
IGCI,,PctImmigRecent_ViolentCrimesPerPop.txt,-0.002514117056747,2025-11-13T19:17:07Z
IGCI,,PctKids2Par_ViolentCrimesPerPop.txt,0.0028028095529348,2025-11-13T19:17:08Z
IGCI,,PctLargHouseFam_ViolentCrimesPerPop.txt,-0.0026584633048409,2025-11-13T19:17:08Z
IGCI,,PctLargHouseOccup_ViolentCrimesPerPop.txt,0.0051134819994924,2025-11-13T19:17:08Z
IGCI,,PctLess9thGrade_ViolentCrimesPerPop.txt,0.0028028095529348,2025-11-13T19:17:08Z
IGCI,,PctNotHSGrad_ViolentCrimesPerPop.txt,-0.002514117056747,2025-11-13T19:17:08Z
IGCI,,PctNotSpeakEnglWell_ViolentCrimesPerPop.txt,0.0104304086091735,2025-11-13T19:17:08Z
IGCI,,PctOccupManu_ViolentCrimesPerPop.txt,0,2025-11-13T19:17:08Z
IGCI,,PctOccupMgmtProf_ViolentCrimesPerPop.txt,-0.002514117056747,2025-11-13T19:17:08Z
IGCI,,PctPersDenseHous_ViolentCrimesPerPop.txt,0.0106338532193639,2025-11-13T19:17:08Z
IGCI,,PctPersOwnOccup_ViolentCrimesPerPop.txt,-0.005172580361588,2025-11-13T19:17:08Z
IGCI,,PctPolicBlack_ViolentCrimesPerPop.txt,0.2385560596579594,2025-11-13T19:17:08Z
IGCI,,PctPolicMinor_ViolentCrimesPerPop.txt,0.2489461025296844,2025-11-13T19:17:08Z
IGCI,,PctPolicWhite_ViolentCrimesPerPop.txt,0.218108606290432,2025-11-13T19:17:08Z
IGCI,,PctPopUnderPov_ViolentCrimesPerPop.txt,-0.005172580361588,2025-11-13T19:17:08Z
IGCI,,PctRecentImmig_ViolentCrimesPerPop.txt,0.0078310436664281,2025-11-13T19:17:08Z
IGCI,,PctRecImmig10_ViolentCrimesPerPop.txt,-0.005172580361588,2025-11-13T19:17:08Z
IGCI,,PctRecImmig5_ViolentCrimesPerPop.txt,0.0026584633048409,2025-11-13T19:17:08Z
IGCI,,PctRecImmig8_ViolentCrimesPerPop.txt,1.443462480938e-4,2025-11-13T19:17:08Z
IGCI,,PctSameHouse85_ViolentCrimesPerPop.txt,-0.002514117056747,2025-11-13T19:17:08Z
IGCI,,PctSpeakEnglOnly_ViolentCrimesPerPop.txt,0,2025-11-13T19:17:08Z
IGCI,,PctTeen2Par_ViolentCrimesPerPop.txt,0.0053169266096819,2025-11-13T19:17:08Z
IGCI,,PctUnemployed_ViolentCrimesPerPop.txt,1.443462480938e-4,2025-11-13T19:17:08Z
IGCI,,PctVacantBoarded_ViolentCrimesPerPop.txt,0.0028028095529348,2025-11-13T19:17:08Z
IGCI,,pctWInvInc_ViolentCrimesPerPop.txt,0.0051725803615871,2025-11-13T19:17:08Z
IGCI,,PctWOFullPlumb_ViolentCrimesPerPop.txt,0.0181762043896043,2025-11-13T19:17:08Z
IGCI,,pctWPubAsst_ViolentCrimesPerPop.txt,-0.007831043666429,2025-11-13T19:17:08Z
IGCI,,pctWWage_ViolentCrimesPerPop.txt,0.0053169266096819,2025-11-13T19:17:08Z
IGCI,,PctYoungKids2Par_ViolentCrimesPerPop.txt,-0.002514117056747,2025-11-13T19:17:08Z
IGCI,,perCapInc_ViolentCrimesPerPop.txt,1.443462480938e-4,2025-11-13T19:17:08Z
IGCI,,PersPerOwnOccHous_ViolentCrimesPerPop.txt,0.0103451607231752,2025-11-13T19:17:08Z
IGCI,,PersPerRentOccHous_ViolentCrimesPerPop.txt,0,2025-11-13T19:17:08Z
IGCI,,PolicBudgPerPop_ViolentCrimesPerPop.txt,0.5631011819722227,2025-11-13T19:17:08Z
IGCI,,PolicCars_ViolentCrimesPerPop.txt,0.3944637654656588,2025-11-13T19:17:08Z
IGCI,,PolicOperBudg_ViolentCrimesPerPop.txt,0.760825798455671,2025-11-13T19:17:08Z
IGCI,,PolicPerPop_ViolentCrimesPerPop.txt,0.5475323892094668,2025-11-13T19:17:08Z
IGCI,,PolicReqPerOffic_ViolentCrimesPerPop.txt,0.2074520815682188,2025-11-13T19:17:08Z
IGCI,,PopDens_ViolentCrimesPerPop.txt,0.0053169266096819,2025-11-13T19:17:08Z
IGCI,,population_ViolentCrimesPerPop.txt,0.0810360148663571,2025-11-13T19:17:08Z
IGCI,,racepctblack_ViolentCrimesPerPop.txt,-0.005172580361588,2025-11-13T19:17:09Z
IGCI,,racePctHisp_ViolentCrimesPerPop.txt,0.0183205506376982,2025-11-13T19:17:09Z
IGCI,,racePctWhite_ViolentCrimesPerPop.txt,-0.0026584633048409,2025-11-13T19:17:09Z
IGCI,,RacialMatchCommPol_ViolentCrimesPerPop.txt,0.1854875648382874,2025-11-13T19:17:09Z
IGCI,,RentHighQ_ViolentCrimesPerPop.txt,-0.0026584633048409,2025-11-13T19:17:09Z
IGCI,,RentLowQ_ViolentCrimesPerPop.txt,-0.007831043666429,2025-11-13T19:17:09Z
IGCI,,RentMedian_ViolentCrimesPerPop.txt,-0.002514117056747,2025-11-13T19:17:09Z
IGCI,,state_ViolentCrimesPerPop.txt,0.1359437345192438,2025-11-13T19:17:09Z
IGCI,,TotalPctDiv_ViolentCrimesPerPop.txt,0.0101945813993165,2025-11-13T19:17:09Z
IGCI,,whitePerCap_ViolentCrimesPerPop.txt,-0.007831043666429,2025-11-13T19:17:09Z
IGCI,,Latency__ns__Price__USD__Generation_DDR4.txt,4.459090098922906,2025-11-13T19:17:09Z
IGCI,,Read_Uncached__GB_s__Price__USD__Generation_DDR4.txt,3.915248147220409,2025-11-13T19:17:09Z
IGCI,,Write__GB_s__Price__USD__Generation_DDR4.txt,3.980656981097845,2025-11-13T19:17:09Z
IGCI,,carat_price_clarity_I1.txt,5.200724831785808,2025-11-13T19:17:09Z
IGCI,,carat_price_clarity_IF.txt,3.684161078730684,2025-11-13T19:17:09Z
IGCI,,carat_price_clarity_SI1.txt,3.6617926678571298,2025-11-13T19:17:09Z
IGCI,,carat_price_clarity_SI2.txt,4.653043645568526,2025-11-13T19:17:09Z
IGCI,,carat_price_clarity_VS1.txt,4.138567352104432,2025-11-13T19:17:09Z
IGCI,,carat_price_clarity_VS2.txt,3.620135886665516,2025-11-13T19:17:09Z
IGCI,,carat_price_clarity_VVS1.txt,3.56063509022193,2025-11-13T19:17:09Z
IGCI,,carat_price_clarity_VVS2.txt,3.9425013827477393,2025-11-13T19:17:09Z
IGCI,,carat_price_color_D.txt,3.877930645479816,2025-11-13T19:17:09Z
IGCI,,carat_price_color_E.txt,3.429657332552962,2025-11-13T19:17:09Z
IGCI,,carat_price_color_F.txt,3.9954585815479033,2025-11-13T19:17:09Z
IGCI,,carat_price_color_G.txt,3.842261620955101,2025-11-13T19:17:09Z
IGCI,,carat_price_color_H.txt,4.465605765521649,2025-11-13T19:17:10Z
IGCI,,carat_price_color_I.txt,5.226527133346969,2025-11-13T19:17:10Z
IGCI,,carat_price_color_J.txt,5.878770846761271,2025-11-13T19:17:10Z
IGCI,,carat_price_cut_Fair.txt,5.681807921439179,2025-11-13T19:17:10Z
IGCI,,carat_price_cut_Good.txt,5.302600111984951,2025-11-13T19:17:10Z
IGCI,,carat_price_cut_Ideal.txt,3.0754024763153263,2025-11-13T19:17:10Z
IGCI,,carat_price_cut_Premium.txt,3.859982291205197,2025-11-13T19:17:10Z
IGCI,,carat_price_cut_Very_Good.txt,4.320376414515014,2025-11-13T19:17:10Z
IGCI,,table_price_clarity_IF.txt,3.9626799590475352,2025-11-13T19:17:10Z
IGCI,,table_price_color_H.txt,4.584388943357387,2025-11-13T19:17:10Z
IGCI,,table_price_color_I.txt,5.388809360086515,2025-11-13T19:17:10Z
IGCI,,table_price_cut_Good.txt,5.450412061615975,2025-11-13T19:17:10Z
IGCI,,x_price_clarity_I1.txt,3.846342810347348,2025-11-13T19:17:10Z
IGCI,,x_price_clarity_IF.txt,2.9183827558146325,2025-11-13T19:17:10Z
IGCI,,x_price_clarity_SI1.txt,3.5266252344512807,2025-11-13T19:17:10Z
IGCI,,x_price_clarity_SI2.txt,4.439696205166061,2025-11-13T19:17:11Z
IGCI,,x_price_clarity_VS1.txt,3.879978545351297,2025-11-13T19:17:11Z
IGCI,,x_price_clarity_VS2.txt,3.4468750261138297,2025-11-13T19:17:11Z
IGCI,,x_price_clarity_VVS1.txt,3.0731337513590846,2025-11-13T19:17:11Z
IGCI,,x_price_clarity_VVS2.txt,3.6224753112293975,2025-11-13T19:17:11Z
IGCI,,x_price_color_D.txt,3.5886950582833883,2025-11-13T19:17:11Z
IGCI,,x_price_color_E.txt,3.2399731764328887,2025-11-13T19:17:11Z
IGCI,,x_price_color_F.txt,3.780530979786593,2025-11-13T19:17:11Z
IGCI,,x_price_color_G.txt,3.658005852400644,2025-11-13T19:17:11Z
IGCI,,x_price_color_H.txt,4.226243770950657,2025-11-13T19:17:11Z
IGCI,,x_price_color_I.txt,4.89496302007277,2025-11-13T19:17:11Z
IGCI,,x_price_color_J.txt,5.29281757702159,2025-11-13T19:17:11Z
IGCI,,x_price_cut_Fair.txt,4.684025923148792,2025-11-13T19:17:11Z
IGCI,,x_price_cut_Good.txt,4.875140263143278,2025-11-13T19:17:11Z
IGCI,,x_price_cut_Ideal.txt,2.9792385304090656,2025-11-13T19:17:11Z
IGCI,,x_price_cut_Premium.txt,3.704779712459602,2025-11-13T19:17:11Z
IGCI,,x_price_cut_Very_Good.txt,4.1508630328273135,2025-11-13T19:17:12Z
IGCI,,y_price_clarity_I1.txt,3.8139247778117022,2025-11-13T19:17:12Z
IGCI,,y_price_clarity_IF.txt,2.947362134750485,2025-11-13T19:17:12Z
IGCI,,y_price_clarity_SI1.txt,3.530959208918677,2025-11-13T19:17:12Z
IGCI,,y_price_clarity_SI2.txt,4.344908893658723,2025-11-13T19:17:12Z
IGCI,,y_price_clarity_VS1.txt,3.81791935395914,2025-11-13T19:17:12Z
IGCI,,y_price_clarity_VS2.txt,3.4489647762027875,2025-11-13T19:17:12Z
IGCI,,y_price_clarity_VVS1.txt,3.079725510318972,2025-11-13T19:17:12Z
IGCI,,y_price_clarity_VVS2.txt,3.6185495166913366,2025-11-13T19:17:12Z
IGCI,,y_price_color_D.txt,3.591439406444636,2025-11-13T19:17:12Z
IGCI,,y_price_color_E.txt,3.1665835348362563,2025-11-13T19:17:12Z
IGCI,,y_price_color_F.txt,3.783336046548844,2025-11-13T19:17:12Z
IGCI,,y_price_color_G.txt,3.661187506196113,2025-11-13T19:17:12Z
IGCI,,y_price_color_H.txt,4.12840260035759,2025-11-13T19:17:12Z
IGCI,,y_price_color_I.txt,4.902107191563037,2025-11-13T19:17:12Z
IGCI,,y_price_color_J.txt,5.310981873288614,2025-11-13T19:17:12Z
IGCI,,y_price_cut_Fair.txt,4.66577239765468,2025-11-13T19:17:12Z
IGCI,,y_price_cut_Good.txt,4.872619590303035,2025-11-13T19:17:12Z
IGCI,,y_price_cut_Ideal.txt,2.9535412872958515,2025-11-13T19:17:13Z
IGCI,,y_price_cut_Premium.txt,3.638372478318961,2025-11-13T19:17:13Z
IGCI,,y_price_cut_Very_Good.txt,4.151763458752754,2025-11-13T19:17:13Z
IGCI,,z_price_clarity_I1.txt,4.373508364334337,2025-11-13T19:17:13Z
IGCI,,z_price_clarity_IF.txt,3.3711109321391213,2025-11-13T19:17:13Z
IGCI,,z_price_clarity_SI1.txt,3.61054693474942,2025-11-13T19:17:13Z
IGCI,,z_price_clarity_SI2.txt,4.572980606247335,2025-11-13T19:17:13Z
IGCI,,z_price_clarity_VS1.txt,3.97414438206484,2025-11-13T19:17:13Z
IGCI,,z_price_clarity_VS2.txt,3.5578240693877863,2025-11-13T19:17:13Z
IGCI,,z_price_clarity_VVS1.txt,3.346761070229701,2025-11-13T19:17:13Z
IGCI,,z_price_clarity_VVS2.txt,3.809800895457723,2025-11-13T19:17:13Z
IGCI,,z_price_color_D.txt,3.755839544632263,2025-11-13T19:17:13Z
IGCI,,z_price_color_E.txt,3.292753630096197,2025-11-13T19:17:14Z
IGCI,,z_price_color_F.txt,3.915084427267101,2025-11-13T19:17:14Z
IGCI,,z_price_color_G.txt,3.7739633368002,2025-11-13T19:17:14Z
IGCI,,z_price_color_H.txt,4.380378717491582,2025-11-13T19:17:14Z
IGCI,,z_price_color_I.txt,5.106000170510563,2025-11-13T19:17:14Z
IGCI,,z_price_color_J.txt,5.726475146168671,2025-11-13T19:17:14Z
IGCI,,z_price_cut_Fair.txt,5.167746508310103,2025-11-13T19:17:14Z
IGCI,,z_price_cut_Good.txt,5.1356941905220985,2025-11-13T19:17:14Z
IGCI,,z_price_cut_Ideal.txt,3.0436529565629256,2025-11-13T19:17:14Z
IGCI,,z_price_cut_Premium.txt,3.802875195532033,2025-11-13T19:17:14Z
IGCI,,z_price_cut_Very_Good.txt,4.221006471604914,2025-11-13T19:17:14Z
IGCI,,Length.cm_Price.TL.txt,0.0400860485226193,2025-11-13T19:17:14Z
IGCI,,Weight.g_Price.TL.txt,0.0803061303525378,2025-11-13T19:17:14Z
IGCI,,Arrival_hours_Price_Month_4.txt,1.6576996600426792,2025-11-13T19:17:14Z
IGCI,,Duration_hours_Price_Month_3.txt,3.3924620949134168,2025-11-13T19:17:14Z
IGCI,,Duration_hours_Price_Month_4.txt,1.6266761989682283,2025-11-13T19:17:14Z
IGCI,,Duration_hours_Price_Month_5.txt,1.3383765063976345,2025-11-13T19:17:14Z
IGCI,,Duration_hours_Price_Month_6.txt,0.9680052292643556,2025-11-13T19:17:14Z
IGCI,,person_income_loan_amnt_loan_intent_DEBTCONSOLIDATION.txt,-10.12764115493426,2025-11-13T19:17:14Z
IGCI,,person_income_loan_amnt_loan_intent_EDUCATION.txt,-10.498589232570428,2025-11-13T19:17:14Z
IGCI,,person_income_loan_amnt_loan_intent_HOMEIMPROVEMENT.txt,-9.491845583824349,2025-11-13T19:17:14Z
IGCI,,person_income_loan_amnt_loan_intent_MEDICAL.txt,-10.224509737653026,2025-11-13T19:17:15Z
IGCI,,person_income_loan_amnt_loan_intent_PERSONAL.txt,-11.582290817652698,2025-11-13T19:17:15Z
IGCI,,person_income_loan_amnt_loan_intent_VENTURE.txt,-11.451069387144273,2025-11-13T19:17:15Z
IGCI,,person_income_loan_amnt_loan_status_0.txt,-10.54066951715862,2025-11-13T19:17:15Z
IGCI,,person_income_loan_amnt_loan_status_1.txt,-9.261356018064337,2025-11-13T19:17:15Z
IGCI,,person_income_loan_amnt_person_education_Associate.txt,-11.626676144438523,2025-11-13T19:17:15Z
IGCI,,person_income_loan_amnt_person_education_Bachelor.txt,-11.247115170760123,2025-11-13T19:17:15Z
IGCI,,person_income_loan_amnt_person_education_Doctorate.txt,-7.593182390456855,2025-11-13T19:17:15Z
IGCI,,person_income_loan_amnt_person_education_High_School.txt,-11.355305483966236,2025-11-13T19:17:16Z
IGCI,,person_income_loan_amnt_person_education_Master.txt,-9.86202869253366,2025-11-13T19:17:16Z
IGCI,,person_income_loan_amnt_person_gender_female.txt,-11.307939971664716,2025-11-13T19:17:16Z
IGCI,,person_income_loan_amnt_person_gender_male.txt,-10.935581224283013,2025-11-13T19:17:16Z
IGCI,,person_income_loan_amnt_person_home_ownership_MORTGAGE.txt,-11.40694688186683,2025-11-13T19:17:16Z
IGCI,,person_income_loan_amnt_person_home_ownership_OTHER.txt,-5.825974247670201,2025-11-13T19:17:16Z
IGCI,,person_income_loan_amnt_person_home_ownership_OWN.txt,-9.966871028903416,2025-11-13T19:17:16Z
IGCI,,person_income_loan_amnt_person_home_ownership_RENT.txt,-10.005484238261468,2025-11-13T19:17:16Z
IGCI,,person_income_loan_amnt_previous_loan_defaults_on_file_No.txt,-11.244578672774873,2025-11-13T19:17:16Z
IGCI,,person_income_loan_amnt_previous_loan_defaults_on_file_Yes.txt,-10.196918196266807,2025-11-13T19:17:16Z
IGCI,,person_income_loan_int_rate_loan_status_1.txt,-9.95678129627199,2025-11-13T19:17:17Z
IGCI,,person_income_loan_percent_income_loan_intent_DEBTCONSOLIDATION.txt,-11.377084981743147,2025-11-13T19:17:17Z
IGCI,,person_income_loan_percent_income_loan_intent_EDUCATION.txt,-11.59149998403294,2025-11-13T19:17:17Z
IGCI,,person_income_loan_percent_income_loan_intent_HOMEIMPROVEMENT.txt,-10.64531408544676,2025-11-13T19:17:17Z
IGCI,,person_income_loan_percent_income_loan_intent_MEDICAL.txt,-11.378906584348254,2025-11-13T19:17:17Z
IGCI,,person_income_loan_percent_income_loan_intent_PERSONAL.txt,-12.678519764262704,2025-11-13T19:17:17Z
IGCI,,person_income_loan_percent_income_loan_intent_VENTURE.txt,-12.488376524821147,2025-11-13T19:17:17Z
IGCI,,person_income_loan_percent_income_loan_status_0.txt,-11.381216470063404,2025-11-13T19:17:17Z
IGCI,,person_income_loan_percent_income_loan_status_1.txt,-10.712234398094347,2025-11-13T19:17:17Z
IGCI,,person_income_loan_percent_income_person_education_Associate.txt,-12.67551100501877,2025-11-13T19:17:17Z
IGCI,,person_income_loan_percent_income_person_education_Bachelor.txt,-12.381378035798114,2025-11-13T19:17:17Z
IGCI,,person_income_loan_percent_income_person_education_Doctorate.txt,-9.073987168899892,2025-11-13T19:17:17Z
IGCI,,person_income_loan_percent_income_person_education_High_School.txt,-12.450220465259765,2025-11-13T19:17:17Z
IGCI,,person_income_loan_percent_income_person_education_Master.txt,-10.90959259486177,2025-11-13T19:17:18Z
IGCI,,person_income_loan_percent_income_person_gender_female.txt,-12.315487610094738,2025-11-13T19:17:18Z
IGCI,,person_income_loan_percent_income_person_gender_male.txt,-11.930932353972896,2025-11-13T19:17:18Z
IGCI,,person_income_loan_percent_income_person_home_ownership_MORTGAGE.txt,-12.442567404407145,2025-11-13T19:17:18Z
IGCI,,person_income_loan_percent_income_person_home_ownership_OTHER.txt,-6.178297300549151,2025-11-13T19:17:18Z
IGCI,,person_income_loan_percent_income_person_home_ownership_OWN.txt,-10.798621708272414,2025-11-13T19:17:18Z
IGCI,,person_income_loan_percent_income_person_home_ownership_RENT.txt,-11.037442679528173,2025-11-13T19:17:18Z
IGCI,,person_income_loan_percent_income_previous_loan_defaults_on_file_No.txt,-12.339390625028576,2025-11-13T19:17:18Z
IGCI,,person_income_loan_percent_income_previous_loan_defaults_on_file_Yes.txt,-11.105036199154393,2025-11-13T19:17:18Z
IGCI,,age_charges_region_northeast.txt,6.682044171358017,2025-11-13T19:17:19Z
IGCI,,age_charges_region_northwest.txt,6.718679498930378,2025-11-13T19:17:19Z
IGCI,,age_charges_region_southeast.txt,6.8492202996866505,2025-11-13T19:17:19Z
IGCI,,age_charges_region_southwest.txt,6.570321610188159,2025-11-13T19:17:19Z
IGCI,,age_charges_sex_female.txt,7.9147288437623855,2025-11-13T19:17:19Z
IGCI,,age_charges_sex_male.txt,7.713272454873656,2025-11-13T19:17:19Z
IGCI,,age_charges_smoker_no.txt,8.180073635971596,2025-11-13T19:17:19Z
IGCI,,age_charges_smoker_yes.txt,5.815574722665633,2025-11-13T19:17:19Z
IGCI,,bmi_charges_smoker_yes.txt,1.727982140563653,2025-11-13T19:17:19Z
IGCI,,avgbilling_collectionratio.txt,-0.3434409323634479,2025-11-13T19:17:19Z
IGCI,,avgreceipting_collectionratio.txt,-0.8748361222441936,2025-11-13T19:17:20Z
IGCI,,avgreceipting_debtbillingratio.txt,-0.1447412809257109,2025-11-13T19:17:20Z
IGCI,,avgreceipting_total90debt.txt,1.616573709960358,2025-11-13T19:17:21Z
IGCI,,propertysize_collectionratio.txt,-1.7245077539466216,2025-11-13T19:17:21Z
IGCI,,propertysize_debtbillingratio.txt,-0.9944129126281388,2025-11-13T19:17:22Z
IGCI,,propertyvalue_collectionratio.txt,-0.969530816464104,2025-11-13T19:17:23Z
IGCI,,propertyvalue_debtbillingratio.txt,-0.2394359751456214,2025-11-13T19:17:23Z
IGCI,,totalbilling_collectionratio.txt,-3.685936063143211,2025-11-13T19:17:24Z
IGCI,,totalreceipting_collectionratio.txt,-2.9995883940622843,2025-11-13T19:17:25Z
IGCI,,totalreceipting_debtbillingratio.txt,-2.2694935527438016,2025-11-13T19:17:25Z
IGCI,,totalreceipting_total90debt.txt,-0.5081785618577328,2025-11-13T19:17:26Z
IGCI,,engine_price_assembly_Imported.txt,0.7742114188765097,2025-11-13T19:17:26Z
IGCI,,engine_price_fuel_Diesel.txt,1.9551047025398445,2025-11-13T19:17:26Z
IGCI,,engine_price_fuel_Hybrid.txt,1.6454750484925178,2025-11-13T19:17:26Z
IGCI,,engine_price_fuel_Petrol.txt,0.8586816539937914,2025-11-13T19:17:26Z
IGCI,,engine_price_transmission_Automatic.txt,0.772119668378723,2025-11-13T19:17:26Z
IGCI,,engine_price_transmission_Manual.txt,1.9892388493550968,2025-11-13T19:17:26Z
IGCI,,mileage_price_assembly_Imported.txt,-0.8081235526376958,2025-11-13T19:17:26Z
IGCI,,mileage_price_fuel_Hybrid.txt,-0.6802718236565797,2025-11-13T19:17:26Z
IGCI,,mileage_price_fuel_Petrol.txt,-0.7787776809352724,2025-11-13T19:17:26Z
IGCI,,mileage_price_transmission_Automatic.txt,-0.8202044569917106,2025-11-13T19:17:26Z
IGCI,,year_price_assembly_Imported.txt,0.8105877561182595,2025-11-13T19:17:27Z
IGCI,,year_price_fuel_Diesel.txt,1.947568997470321,2025-11-13T19:17:27Z
IGCI,,year_price_fuel_Hybrid.txt,1.6656155141510958,2025-11-13T19:17:27Z
IGCI,,year_price_fuel_Petrol.txt,0.8971967280400186,2025-11-13T19:17:27Z
IGCI,,year_price_transmission_Automatic.txt,0.8099534981740089,2025-11-13T19:17:27Z
IGCI,,year_price_transmission_Manual.txt,2.0123479008597203,2025-11-13T19:17:27Z
IGCI,,X2_house_age_Y_house_price_of_unit_area.txt,0.9339288110702312,2025-11-13T19:17:27Z
IGCI,,X3_distance_to_the_nearest_MRT_station_Y_house_price_of_unit_area.txt,-0.3160307292447912,2025-11-13T19:17:27Z
IGCI,,X4_number_of_convenience_stores_Y_house_price_of_unit_area.txt,4.117074614108835,2025-11-13T19:17:27Z
IGCI,,X5_latitude_Y_house_price_of_unit_area.txt,0.5164754334438322,2025-11-13T19:17:27Z
IGCI,,X6_longitude_Y_house_price_of_unit_area.txt,0.4322853107490156,2025-11-13T19:17:27Z
IGCI,,Dew_point_temperature_Rented_Bike_Count_Holiday_Holiday.txt,1.5812734449497134,2025-11-13T19:17:27Z
IGCI,,Dew_point_temperature_Rented_Bike_Count_Holiday_No_Holiday.txt,1.6353479560381912,2025-11-13T19:17:27Z
IGCI,,Dew_point_temperature_Rented_Bike_Count_Seasons_Summer.txt,4.397610543511418,2025-11-13T19:17:27Z
IGCI,,Hour_Rented_Bike_Count_Holiday_Holiday.txt,4.896850534285857,2025-11-13T19:17:27Z
IGCI,,Hour_Rented_Bike_Count_Holiday_No_Holiday.txt,2.049095273358488,2025-11-13T19:17:27Z
IGCI,,Hour_Rented_Bike_Count_Seasons_Autumn.txt,4.164504345377528,2025-11-13T19:17:27Z
IGCI,,Hour_Rented_Bike_Count_Seasons_Spring.txt,4.443843856168406,2025-11-13T19:17:27Z
IGCI,,Hour_Rented_Bike_Count_Seasons_Summer.txt,4.865534191014119,2025-11-13T19:17:27Z
IGCI,,Hour_Rented_Bike_Count_Seasons_Winter.txt,1.6607218231728735,2025-11-13T19:17:27Z
IGCI,,Humidity_Rented_Bike_Count_Holiday_No_Holiday.txt,2.0090276435347443,2025-11-13T19:17:27Z
IGCI,,Humidity_Rented_Bike_Count_Seasons_Autumn.txt,4.027045690253172,2025-11-13T19:17:27Z
IGCI,,Humidity_Rented_Bike_Count_Seasons_Spring.txt,4.29266888854615,2025-11-13T19:17:27Z
IGCI,,Humidity_Rented_Bike_Count_Seasons_Summer.txt,4.746659406004438,2025-11-13T19:17:27Z
IGCI,,Humidity_Rented_Bike_Count_Seasons_Winter.txt,1.5242478058126396,2025-11-13T19:17:27Z
IGCI,,Solar_Radiation_Rented_Bike_Count_Holiday_Holiday.txt,3.253860815411421,2025-11-13T19:17:27Z
IGCI,,Solar_Radiation_Rented_Bike_Count_Holiday_No_Holiday.txt,1.816069164405934,2025-11-13T19:17:27Z
IGCI,,Solar_Radiation_Rented_Bike_Count_Seasons_Autumn.txt,3.4523604797654963,2025-11-13T19:17:27Z
IGCI,,Solar_Radiation_Rented_Bike_Count_Seasons_Spring.txt,3.647218724712996,2025-11-13T19:17:28Z
IGCI,,Solar_Radiation_Rented_Bike_Count_Seasons_Summer.txt,4.049511405341352,2025-11-13T19:17:28Z
IGCI,,Solar_Radiation_Rented_Bike_Count_Seasons_Winter.txt,1.194661259783837,2025-11-13T19:17:28Z
IGCI,,Temperature_Rented_Bike_Count_Holiday_Holiday.txt,1.904305526789289,2025-11-13T19:17:28Z
IGCI,,Temperature_Rented_Bike_Count_Holiday_No_Holiday.txt,1.6447072055753056,2025-11-13T19:17:28Z
IGCI,,Temperature_Rented_Bike_Count_Seasons_Autumn.txt,3.3958090044700286,2025-11-13T19:17:28Z
IGCI,,Temperature_Rented_Bike_Count_Seasons_Spring.txt,3.700284047849975,2025-11-13T19:17:28Z
IGCI,,Temperature_Rented_Bike_Count_Seasons_Summer.txt,4.374436075849897,2025-11-13T19:17:28Z
IGCI,,Temperature_Rented_Bike_Count_Seasons_Winter.txt,1.0424028770794669,2025-11-13T19:17:28Z
IGCI,,Visibility_Rented_Bike_Count_Seasons_Autumn.txt,1.3631402122097347,2025-11-13T19:17:28Z
IGCI,,Visibility_Rented_Bike_Count_Seasons_Spring.txt,0.6690731085695765,2025-11-13T19:17:28Z
IGCI,,Wind_speed_Rented_Bike_Count_Seasons_Autumn.txt,4.098349218475343,2025-11-13T19:17:28Z
IGCI,,Wind_speed_Rented_Bike_Count_Seasons_Spring.txt,4.361907352911472,2025-11-13T19:17:28Z
IGCI,,Wind_speed_Rented_Bike_Count_Seasons_Summer.txt,4.803934113033256,2025-11-13T19:17:28Z
IGCI,,absences_G1_school_MS.txt,0.0480083254181211,2025-11-13T19:17:28Z
IGCI,,absences_G3_famsup_yes.txt,-0.0611402131766851,2025-11-13T19:17:28Z
IGCI,,distance_traveled_fare.txt,-0.1502289110155654,2025-11-13T19:17:29Z
IGCI,,distance_traveled_miscellaneous_fees.txt,0.0088766476970203,2025-11-13T19:17:30Z
IGCI,,distance_traveled_tip.txt,-0.1652177096055709,2025-11-13T19:17:31Z
IGCI,,distance_traveled_total_fare.txt,0.005751728360483,2025-11-13T19:17:31Z
IGCI,,trip_duration_fare.txt,-0.278027896248096,2025-11-13T19:17:32Z
IGCI,,trip_duration_miscellaneous_fees.txt,-0.1189223375355101,2025-11-13T19:17:33Z
IGCI,,trip_duration_tip.txt,-0.2930166948381014,2025-11-13T19:17:34Z
IGCI,,trip_duration_total_fare.txt,-0.1220472568720474,2025-11-13T19:17:35Z
IGCI,,total_bill_tip.txt,-3.027241489818649,2025-11-13T19:17:35Z
IGCI,,AVG_wd.vel_km_h__AVG_dp.precio_.txt,6.288647868200295,2025-11-13T19:17:35Z
IGCI,,AVG_wd.vel_km_h__MIN_dp.precio_.txt,2.685848354136974,2025-11-13T19:17:35Z
IGCI,,amazon_price_avg_rating.txt,-0.2807368516793396,2025-11-13T19:17:35Z
IGCI,,amazon_price_complexity.txt,-3.885841421241456,2025-11-13T19:17:35Z
IGCI,,amazon_price_fans.txt,0.2941612490451391,2025-11-13T19:17:35Z
IGCI,,amazon_price_page_views.txt,3.505415480530999,2025-11-13T19:17:35Z
IGCI,,amazon_price_rank_overall.txt,1.645787579224626,2025-11-13T19:17:35Z
IGCI,,amazon_price_wishlisted.txt,2.062477122332023,2025-11-13T19:17:35Z
IGCI,,max_players_complexity.txt,1.5937795476745729,2025-11-13T19:17:35Z
IGCI,,max_playtime_avg_rating.txt,5.126319262576509,2025-11-13T19:17:35Z
IGCI,,max_playtime_complexity.txt,1.5212146930143922,2025-11-13T19:17:35Z
IGCI,,max_playtime_fans.txt,5.701217363300987,2025-11-13T19:17:35Z
IGCI,,max_playtime_page_views.txt,8.912471594786847,2025-11-13T19:17:35Z
IGCI,,max_playtime_rank_overall.txt,7.052843693480474,2025-11-13T19:17:35Z
IGCI,,max_playtime_total_plays.txt,9.374807994442156,2025-11-13T19:17:35Z
IGCI,,minimum_age_avg_rating.txt,5.2166127657485815,2025-11-13T19:17:35Z
IGCI,,minimum_age_complexity.txt,1.611508196186465,2025-11-13T19:17:35Z
IGCI,,minimum_age_page_views.txt,9.002765097958921,2025-11-13T19:17:35Z
IGCI,,minimum_age_total_plays.txt,9.465101497614228,2025-11-13T19:17:36Z
IGCI,,min_playtime_avg_rating.txt,5.163963147162168,2025-11-13T19:17:36Z
IGCI,,min_playtime_complexity.txt,1.5588585776000512,2025-11-13T19:17:36Z
IGCI,,min_playtime_page_views.txt,8.950115479372506,2025-11-13T19:17:36Z
IGCI,,min_playtime_total_plays.txt,9.412451879027817,2025-11-13T19:17:36Z
IGCI,,release_year_avg_rating.txt,4.949611332545024,2025-11-13T19:17:36Z
IGCI,,release_year_num_ratings.txt,8.499261903527808,2025-11-13T19:17:36Z
IGCI,,release_year_owned.txt,8.675444769599816,2025-11-13T19:17:36Z
IGCI,,release_year_page_views.txt,8.735763664755362,2025-11-13T19:17:36Z
IGCI,,release_year_total_plays.txt,9.19810006441067,2025-11-13T19:17:36Z
IGCI,,comment_Total_Interactions.txt,4.008084505783176,2025-11-13T19:17:36Z
IGCI,,Lifetime_Engaged_Users_Total_Interactions.txt,-2.0584845631574504,2025-11-13T19:17:36Z
IGCI,,Lifetime_People_who_have_liked_your_Page_and_engaged_with_your_post_Total_Interactions.txt,-1.0165059462575528,2025-11-13T19:17:36Z
IGCI,,Lifetime_Post_Consumers_Total_Interactions.txt,-2.2541915021244288,2025-11-13T19:17:36Z
IGCI,,Lifetime_Post_Consumptions_Total_Interactions.txt,-2.64621138927773,2025-11-13T19:17:36Z
IGCI,,Lifetime_Post_Impressions_by_people_who_have_liked_your_Page_Total_Interactions.txt,-5.675164201028712,2025-11-13T19:17:36Z
IGCI,,Lifetime_Post_reach_by_people_who_like_your_Page_Total_Interactions.txt,-2.7965753112199776,2025-11-13T19:17:36Z
IGCI,,Lifetime_Post_Total_Impressions_Total_Interactions.txt,-5.157089518542022,2025-11-13T19:17:36Z
IGCI,,Lifetime_Post_Total_Reach_Total_Interactions.txt,-3.729466111982634,2025-11-13T19:17:36Z
IGCI,,like_Total_Interactions.txt,0.4274082008001736,2025-11-13T19:17:36Z
IGCI,,share_Total_Interactions.txt,3.3954677284230206,2025-11-13T19:17:36Z
IGCI,,attacking_crossing_overall.txt,-0.0097604255030887,2025-11-13T19:17:36Z
IGCI,,attacking_crossing_potential.txt,-0.0091208273430023,2025-11-13T19:17:36Z
IGCI,,attacking_crossing_release_clause_eur.txt,0.7371695475336217,2025-11-13T19:17:37Z
IGCI,,attacking_crossing_value_eur.txt,0.0863071282208913,2025-11-13T19:17:37Z
IGCI,,attacking_crossing_wage_eur.txt,0.0326287728053085,2025-11-13T19:17:37Z
IGCI,,attacking_finishing_overall.txt,-0.0115515263752143,2025-11-13T19:17:37Z
IGCI,,attacking_finishing_potential.txt,-0.0109119282151279,2025-11-13T19:17:37Z
IGCI,,attacking_finishing_release_clause_eur.txt,0.7353784466614961,2025-11-13T19:17:37Z
IGCI,,attacking_finishing_value_eur.txt,0.0845160273487657,2025-11-13T19:17:37Z
IGCI,,attacking_finishing_wage_eur.txt,0.0308376719331828,2025-11-13T19:17:37Z
IGCI,,attacking_heading_accuracy_overall.txt,-0.008784834166251,2025-11-13T19:17:37Z
IGCI,,attacking_heading_accuracy_potential.txt,-0.0081452360061646,2025-11-13T19:17:37Z
IGCI,,attacking_heading_accuracy_release_clause_eur.txt,0.7381451388704594,2025-11-13T19:17:37Z
IGCI,,attacking_heading_accuracy_value_eur.txt,0.087282719557729,2025-11-13T19:17:37Z
IGCI,,attacking_heading_accuracy_wage_eur.txt,0.0336043641421461,2025-11-13T19:17:38Z
IGCI,,attacking_short_passing_overall.txt,-0.0080121210951151,2025-11-13T19:17:38Z
IGCI,,attacking_short_passing_potential.txt,-0.0073725229350287,2025-11-13T19:17:38Z
IGCI,,attacking_short_passing_release_clause_eur.txt,0.7389178519415953,2025-11-13T19:17:38Z
IGCI,,attacking_short_passing_value_eur.txt,0.0880554326288649,2025-11-13T19:17:38Z
IGCI,,attacking_short_passing_wage_eur.txt,0.034377077213282,2025-11-13T19:17:38Z
IGCI,,attacking_volleys_overall.txt,-0.0105053072778105,2025-11-13T19:17:38Z
IGCI,,attacking_volleys_potential.txt,-0.0098657091177241,2025-11-13T19:17:38Z
IGCI,,attacking_volleys_release_clause_eur.txt,0.7364246657589,2025-11-13T19:17:39Z
IGCI,,attacking_volleys_value_eur.txt,0.0855622464461696,2025-11-13T19:17:39Z
IGCI,,attacking_volleys_wage_eur.txt,0.0318838910305867,2025-11-13T19:17:39Z
IGCI,,defending_marking_awareness_overall.txt,-0.0126045267888272,2025-11-13T19:17:39Z
IGCI,,defending_marking_awareness_potential.txt,-0.0119649286287408,2025-11-13T19:17:39Z
IGCI,,defending_marking_awareness_release_clause_eur.txt,0.7343254462478832,2025-11-13T19:17:39Z
IGCI,,defending_marking_awareness_value_eur.txt,0.0834630269351528,2025-11-13T19:17:39Z
IGCI,,defending_marking_awareness_wage_eur.txt,0.0297846715195699,2025-11-13T19:17:39Z
IGCI,,defending_overall.txt,-0.010466218537779,2025-11-13T19:17:39Z
IGCI,,defending_potential.txt,-0.0098266203776926,2025-11-13T19:17:40Z
IGCI,,defending_release_clause_eur.txt,0.7364637544989314,2025-11-13T19:17:40Z
IGCI,,defending_sliding_tackle_overall.txt,-0.0118883590454093,2025-11-13T19:17:40Z
IGCI,,defending_sliding_tackle_potential.txt,-0.0112487608853228,2025-11-13T19:17:40Z
IGCI,,defending_sliding_tackle_release_clause_eur.txt,0.7350416139913012,2025-11-13T19:17:40Z
IGCI,,defending_sliding_tackle_value_eur.txt,0.0841791946785708,2025-11-13T19:17:40Z
IGCI,,defending_sliding_tackle_wage_eur.txt,0.0305008392629879,2025-11-13T19:17:40Z
IGCI,,defending_standing_tackle_overall.txt,-0.0126045267888272,2025-11-13T19:17:40Z
IGCI,,defending_standing_tackle_potential.txt,-0.0119649286287408,2025-11-13T19:17:40Z
IGCI,,defending_standing_tackle_release_clause_eur.txt,0.7343254462478832,2025-11-13T19:17:40Z
IGCI,,defending_standing_tackle_value_eur.txt,0.0834630269351528,2025-11-13T19:17:41Z
IGCI,,defending_standing_tackle_wage_eur.txt,0.0297846715195699,2025-11-13T19:17:41Z
IGCI,,defending_value_eur.txt,0.085601335186201,2025-11-13T19:17:41Z
IGCI,,defending_wage_eur.txt,0.0319229797706182,2025-11-13T19:17:41Z
IGCI,,dribbling_overall.txt,-0.0072271415812519,2025-11-13T19:17:41Z
IGCI,,dribbling_potential.txt,-0.0065875434211655,2025-11-13T19:17:41Z
IGCI,,dribbling_release_clause_eur.txt,0.7397028314554586,2025-11-13T19:17:41Z
IGCI,,dribbling_value_eur.txt,0.0888404121427282,2025-11-13T19:17:41Z
IGCI,,dribbling_wage_eur.txt,0.0351620567271453,2025-11-13T19:17:41Z
IGCI,,mentality_aggression_overall.txt,-0.0087086043280812,2025-11-13T19:17:41Z
IGCI,,mentality_aggression_potential.txt,-0.0080690061679948,2025-11-13T19:17:41Z
IGCI,,mentality_aggression_release_clause_eur.txt,0.7382213687086292,2025-11-13T19:17:42Z
IGCI,,mentality_aggression_value_eur.txt,0.0873589493958988,2025-11-13T19:17:42Z
IGCI,,mentality_aggression_wage_eur.txt,0.0336805939803159,2025-11-13T19:17:42Z
IGCI,,mentality_composure_overall.txt,-0.006288299658701,2025-11-13T19:17:42Z
IGCI,,mentality_composure_potential.txt,-0.0056487014986146,2025-11-13T19:17:42Z
IGCI,,mentality_composure_release_clause_eur.txt,0.7406416733780095,2025-11-13T19:17:42Z
IGCI,,mentality_composure_value_eur.txt,0.089779254065279,2025-11-13T19:17:42Z
IGCI,,mentality_composure_wage_eur.txt,0.0361008986496962,2025-11-13T19:17:42Z
IGCI,,mentality_interceptions_overall.txt,-0.0122660306920039,2025-11-13T19:17:43Z
IGCI,,mentality_interceptions_potential.txt,-0.0116264325319175,2025-11-13T19:17:43Z
IGCI,,mentality_interceptions_release_clause_eur.txt,0.7346639423447066,2025-11-13T19:17:43Z
IGCI,,mentality_interceptions_value_eur.txt,0.0838015230319761,2025-11-13T19:17:43Z
IGCI,,mentality_interceptions_wage_eur.txt,0.0301231676163933,2025-11-13T19:17:43Z
IGCI,,mentality_penalties_overall.txt,-0.0097604255030887,2025-11-13T19:17:43Z
IGCI,,mentality_penalties_release_clause_eur.txt,0.7371695475336217,2025-11-13T19:17:43Z
IGCI,,mentality_penalties_value_eur.txt,0.0863071282208913,2025-11-13T19:17:43Z
IGCI,,mentality_penalties_wage_eur.txt,0.0326287728053085,2025-11-13T19:17:43Z
IGCI,,mentality_positioning_overall.txt,-0.0119083574894389,2025-11-13T19:17:43Z
IGCI,,mentality_positioning_potential.txt,-0.0112687593293525,2025-11-13T19:17:44Z
IGCI,,mentality_positioning_release_clause_eur.txt,0.7350216155472715,2025-11-13T19:17:44Z
IGCI,,mentality_positioning_value_eur.txt,0.0841591962345411,2025-11-13T19:17:44Z
IGCI,,mentality_positioning_wage_eur.txt,0.0304808408189583,2025-11-13T19:17:44Z
IGCI,,mentality_vision_overall.txt,-0.0087086043280812,2025-11-13T19:17:44Z
IGCI,,mentality_vision_potential.txt,-0.0080690061679948,2025-11-13T19:17:44Z
IGCI,,mentality_vision_release_clause_eur.txt,0.7382213687086292,2025-11-13T19:17:44Z
IGCI,,mentality_vision_value_eur.txt,0.0873589493958988,2025-11-13T19:17:44Z
IGCI,,mentality_vision_wage_eur.txt,0.0336805939803159,2025-11-13T19:17:44Z
IGCI,,movement_acceleration_overall.txt,-0.0083798190704218,2025-11-13T19:17:44Z
IGCI,,movement_acceleration_potential.txt,-0.0077402209103354,2025-11-13T19:17:44Z
IGCI,,movement_acceleration_release_clause_eur.txt,0.7385501539662886,2025-11-13T19:17:44Z
IGCI,,movement_acceleration_value_eur.txt,0.0876877346535582,2025-11-13T19:17:45Z
IGCI,,movement_acceleration_wage_eur.txt,0.0340093792379754,2025-11-13T19:17:45Z
IGCI,,movement_agility_overall.txt,-0.0071259574846305,2025-11-13T19:17:45Z
IGCI,,movement_agility_release_clause_eur.txt,0.73980401555208,2025-11-13T19:17:45Z
IGCI,,movement_agility_value_eur.txt,0.0889415962393496,2025-11-13T19:17:45Z
IGCI,,movement_agility_wage_eur.txt,0.0352632408237667,2025-11-13T19:17:45Z
IGCI,,movement_reactions_overall.txt,-0.006288299658701,2025-11-13T19:17:45Z
IGCI,,movement_reactions_potential.txt,-0.0056487014986146,2025-11-13T19:17:46Z
IGCI,,movement_reactions_release_clause_eur.txt,0.7406416733780095,2025-11-13T19:17:46Z
IGCI,,movement_reactions_value_eur.txt,0.089779254065279,2025-11-13T19:17:46Z
IGCI,,movement_reactions_wage_eur.txt,0.0361008986496962,2025-11-13T19:17:46Z
IGCI,,movement_sprint_speed_overall.txt,-0.0076653400935988,2025-11-13T19:17:46Z
IGCI,,movement_sprint_speed_potential.txt,-0.0070257419335124,2025-11-13T19:17:46Z
IGCI,,movement_sprint_speed_release_clause_eur.txt,0.7392646329431116,2025-11-13T19:17:46Z
IGCI,,movement_sprint_speed_value_eur.txt,0.0884022136303812,2025-11-13T19:17:46Z
IGCI,,movement_sprint_speed_wage_eur.txt,0.0347238582147984,2025-11-13T19:17:46Z
IGCI,,pace_overall.txt,-0.0076653400935988,2025-11-13T19:17:47Z
IGCI,,pace_potential.txt,-0.0070257419335124,2025-11-13T19:17:47Z
IGCI,,pace_release_clause_eur.txt,0.7392646329431116,2025-11-13T19:17:47Z
IGCI,,pace_value_eur.txt,0.0884022136303812,2025-11-13T19:17:47Z
IGCI,,pace_wage_eur.txt,0.0347238582147984,2025-11-13T19:17:47Z
IGCI,,passing_overall.txt,-0.0070327387943667,2025-11-13T19:17:47Z
IGCI,,passing_potential.txt,-0.0063931406342803,2025-11-13T19:17:47Z
IGCI,,passing_release_clause_eur.txt,0.7398972342423438,2025-11-13T19:17:47Z
IGCI,,passing_value_eur.txt,0.0890348149296134,2025-11-13T19:17:47Z
IGCI,,passing_wage_eur.txt,0.0353564595140305,2025-11-13T19:17:48Z
IGCI,,physic_overall.txt,-0.0046107571971774,2025-11-13T19:17:48Z
IGCI,,physic_release_clause_eur.txt,0.7423192158395331,2025-11-13T19:17:48Z
IGCI,,physic_value_eur.txt,0.0914567965268027,2025-11-13T19:17:48Z
IGCI,,physic_wage_eur.txt,0.0377784411112198,2025-11-13T19:17:48Z
IGCI,,power_jumping_overall.txt,-0.0080121210951151,2025-11-13T19:17:48Z
IGCI,,power_jumping_potential.txt,-0.0073725229350287,2025-11-13T19:17:48Z
IGCI,,power_jumping_release_clause_eur.txt,0.7389178519415953,2025-11-13T19:17:48Z
IGCI,,power_jumping_value_eur.txt,0.0880554326288649,2025-11-13T19:17:49Z
IGCI,,power_jumping_wage_eur.txt,0.034377077213282,2025-11-13T19:17:49Z
IGCI,,power_long_shots_overall.txt,-0.010486194906754,2025-11-13T19:17:49Z
IGCI,,power_long_shots_potential.txt,-0.0098465967466676,2025-11-13T19:17:49Z
IGCI,,power_long_shots_release_clause_eur.txt,0.7364437781299564,2025-11-13T19:17:49Z
IGCI,,power_long_shots_value_eur.txt,0.085581358817226,2025-11-13T19:17:49Z
IGCI,,power_long_shots_wage_eur.txt,0.0319030034016432,2025-11-13T19:17:49Z
IGCI,,power_shot_power_overall.txt,-0.0097803899355248,2025-11-13T19:17:49Z
IGCI,,power_shot_power_potential.txt,-0.0091407917754384,2025-11-13T19:17:49Z
IGCI,,power_shot_power_release_clause_eur.txt,0.7371495831011856,2025-11-13T19:17:49Z
IGCI,,power_shot_power_value_eur.txt,0.0862871637884552,2025-11-13T19:17:50Z
IGCI,,power_shot_power_wage_eur.txt,0.0326088083728723,2025-11-13T19:17:50Z
IGCI,,power_stamina_overall.txt,-0.0069747723653232,2025-11-13T19:17:50Z
IGCI,,power_stamina_release_clause_eur.txt,0.7399552006713872,2025-11-13T19:17:50Z
IGCI,,power_stamina_value_eur.txt,0.0890927813586568,2025-11-13T19:17:50Z
IGCI,,power_stamina_wage_eur.txt,0.0354144259430739,2025-11-13T19:17:50Z
IGCI,,power_strength_overall.txt,-0.0081152091407368,2025-11-13T19:17:50Z
IGCI,,power_strength_value_eur.txt,0.0879523445832433,2025-11-13T19:17:50Z
IGCI,,power_strength_wage_eur.txt,0.0342739891676604,2025-11-13T19:17:51Z
IGCI,,shooting_overall.txt,-0.0090582786012998,2025-11-13T19:17:51Z
IGCI,,shooting_potential.txt,-0.0084186804412134,2025-11-13T19:17:51Z
IGCI,,shooting_release_clause_eur.txt,0.7378716944354107,2025-11-13T19:17:51Z
IGCI,,shooting_value_eur.txt,0.0870092751226803,2025-11-13T19:17:51Z
IGCI,,shooting_wage_eur.txt,0.0333309197070974,2025-11-13T19:17:51Z
IGCI,,skill_ball_control_overall.txt,-0.0088603309859909,2025-11-13T19:17:51Z
IGCI,,skill_ball_control_potential.txt,-0.0082207328259045,2025-11-13T19:17:52Z
IGCI,,skill_ball_control_release_clause_eur.txt,0.7380696420507196,2025-11-13T19:17:52Z
IGCI,,skill_ball_control_value_eur.txt,0.0872072227379892,2025-11-13T19:17:52Z
IGCI,,skill_ball_control_wage_eur.txt,0.0335288673224063,2025-11-13T19:17:52Z
IGCI,,skill_curve_overall.txt,-0.0108787035693502,2025-11-13T19:17:52Z
IGCI,,skill_curve_potential.txt,-0.0102391054092638,2025-11-13T19:17:52Z
IGCI,,skill_curve_release_clause_eur.txt,0.7360512694673602,2025-11-13T19:17:52Z
IGCI,,skill_curve_value_eur.txt,0.0851888501546298,2025-11-13T19:17:52Z
IGCI,,skill_curve_wage_eur.txt,0.0315104947390469,2025-11-13T19:17:52Z
IGCI,,skill_dribbling_overall.txt,-0.0105244478015933,2025-11-13T19:17:52Z
IGCI,,skill_dribbling_potential.txt,-0.0098848496415069,2025-11-13T19:17:52Z
IGCI,,skill_dribbling_release_clause_eur.txt,0.7364055252351172,2025-11-13T19:17:52Z
IGCI,,skill_dribbling_value_eur.txt,0.0855431059223867,2025-11-13T19:17:53Z
IGCI,,skill_dribbling_wage_eur.txt,0.0318647505068039,2025-11-13T19:17:53Z
IGCI,,skill_fk_accuracy_overall.txt,-0.0112338342288023,2025-11-13T19:17:53Z
IGCI,,skill_fk_accuracy_release_clause_eur.txt,0.7356961388079082,2025-11-13T19:17:53Z
IGCI,,skill_fk_accuracy_value_eur.txt,0.0848337194951778,2025-11-13T19:17:53Z
IGCI,,skill_fk_accuracy_wage_eur.txt,0.0311553640795949,2025-11-13T19:17:53Z
IGCI,,skill_long_passing_overall.txt,-0.0097604255030887,2025-11-13T19:17:53Z
IGCI,,skill_long_passing_potential.txt,-0.0091208273430023,2025-11-13T19:17:54Z
IGCI,,skill_long_passing_release_clause_eur.txt,0.7371695475336217,2025-11-13T19:17:54Z
IGCI,,skill_long_passing_value_eur.txt,0.0863071282208913,2025-11-13T19:17:54Z
IGCI,,skill_long_passing_wage_eur.txt,0.0326287728053085,2025-11-13T19:17:54Z
IGCI,,numPages_avgRating_comics__graphic.txt,-0.131250098655741,2025-11-13T19:17:54Z
IGCI,,numPages_avgRating_romance.txt,-0.127246239870816,2025-11-13T19:17:55Z
IGCI,,numPages_avgRating_young-adult.txt,-0.3093475168124957,2025-11-13T19:17:55Z
IGCI,,numPages_numTextReviews_young-adult.txt,0.1400353529256293,2025-11-13T19:17:55Z
IGCI,,releaseYear_numVotes_Western.txt,3.1152980263579044,2025-11-13T19:17:55Z
IGCI,,releaseYear_rating_Adult.txt,0.0305136584711043,2025-11-13T19:17:55Z
IGCI,,releaseYear_rating_Music.txt,-0.0090174434977718,2025-11-13T19:17:55Z
IGCI,,releaseYear_rating_Sport.txt,-0.0407506614394144,2025-11-13T19:17:55Z
IGCI,,runtime_numVotes_Action.txt,3.0661072700170093,2025-11-13T19:17:55Z
IGCI,,runtime_numVotes_Adult.txt,0.6364293145558495,2025-11-13T19:17:55Z
IGCI,,runtime_numVotes_Adventure.txt,3.432365605482426,2025-11-13T19:17:55Z
IGCI,,runtime_numVotes_Animation.txt,4.375645894246378,2025-11-13T19:17:56Z
IGCI,,runtime_numVotes_Biography.txt,3.686384016464623,2025-11-13T19:17:56Z
IGCI,,runtime_numVotes_Comedy.txt,1.70406636536873,2025-11-13T19:17:56Z
IGCI,,runtime_numVotes_Crime.txt,3.202585864615939,2025-11-13T19:17:56Z
IGCI,,runtime_numVotes_Documentary.txt,0.5555037487088406,2025-11-13T19:17:56Z
IGCI,,runtime_numVotes_Drama.txt,1.292096187533259,2025-11-13T19:17:57Z
IGCI,,runtime_numVotes_Family.txt,2.6201548725769124,2025-11-13T19:17:57Z
IGCI,,runtime_numVotes_Fantasy.txt,4.061835908578449,2025-11-13T19:17:57Z
IGCI,,runtime_numVotes_Film-Noir.txt,9.090199904219704,2025-11-13T19:17:57Z
IGCI,,runtime_numVotes_History.txt,3.28919250362211,2025-11-13T19:17:57Z
IGCI,,runtime_numVotes_Horror.txt,2.93358754293991,2025-11-13T19:17:58Z
IGCI,,runtime_numVotes_Music.txt,2.320727380659789,2025-11-13T19:17:58Z
IGCI,,runtime_numVotes_Musical.txt,2.5683792934769265,2025-11-13T19:17:58Z
IGCI,,runtime_numVotes_Mystery.txt,4.196391955957064,2025-11-13T19:17:58Z
IGCI,,runtime_numVotes_News.txt,2.6654196121632814,2025-11-13T19:17:58Z
IGCI,,runtime_numVotes_Romance.txt,2.4676916442485872,2025-11-13T19:17:58Z
IGCI,,runtime_numVotes_Sci-Fi.txt,4.906758687654968,2025-11-13T19:17:58Z
IGCI,,runtime_numVotes_Sport.txt,4.186602170433238,2025-11-13T19:17:58Z
IGCI,,runtime_numVotes_Thriller.txt,3.012474134411443,2025-11-13T19:17:58Z
IGCI,,runtime_numVotes_War.txt,3.512642747232701,2025-11-13T19:17:58Z
IGCI,,runtime_numVotes_Western.txt,3.1361753993964188,2025-11-13T19:17:58Z
IGCI,,runtime_rating_Action.txt,-0.0463014129525412,2025-11-13T19:17:58Z
IGCI,,runtime_rating_Adult.txt,-0.0644938289562286,2025-11-13T19:17:58Z
IGCI,,runtime_rating_Film-Noir.txt,-0.1436638983097538,2025-11-13T19:17:59Z
IGCI,,runtime_rating_Musical.txt,-0.1204813856822824,2025-11-13T19:17:59Z
IGCI,,runtime_rating_Mystery.txt,-0.0827252735189159,2025-11-13T19:17:59Z
IGCI,,runtime_rating_Thriller.txt,-0.0281769446911788,2025-11-13T19:17:59Z
IGCI,,_kw_avg_avg__shares__data_channel_is_bus_0.0.txt,-12.577110364579664,2025-11-13T19:18:00Z
IGCI,,_kw_avg_avg__shares__data_channel_is_bus_1.0.txt,-10.294714834204978,2025-11-13T19:18:00Z
IGCI,,_kw_avg_avg__shares__data_channel_is_entertainment_0.0.txt,-12.745938582778834,2025-11-13T19:18:00Z
IGCI,,_kw_avg_avg__shares__data_channel_is_lifestyle_0.0.txt,-12.942341572130331,2025-11-13T19:18:00Z
IGCI,,_kw_avg_avg__shares__data_channel_is_socmed_0.0.txt,-12.920425269554418,2025-11-13T19:18:01Z
IGCI,,_kw_avg_avg__shares__data_channel_is_tech_0.0.txt,-12.647777202823868,2025-11-13T19:18:01Z
IGCI,,_kw_avg_avg__shares__data_channel_is_tech_1.0.txt,-10.23755799398651,2025-11-13T19:18:02Z
IGCI,,_kw_avg_avg__shares__data_channel_is_world_0.0.txt,-12.665779203263607,2025-11-13T19:18:02Z
IGCI,,_kw_avg_avg__shares__is_weekend_0.0.txt,-12.82091299480139,2025-11-13T19:18:02Z
IGCI,,_kw_avg_avg__shares__is_weekend_1.0.txt,-10.014233974376891,2025-11-13T19:18:02Z
IGCI,,_kw_avg_avg__shares__weekday_is_friday_0.0.txt,-12.794760500470002,2025-11-13T19:18:03Z
IGCI,,_kw_avg_avg__shares__weekday_is_friday_1.0.txt,-9.885889716399507,2025-11-13T19:18:03Z
IGCI,,_kw_avg_avg__shares__weekday_is_monday_0.0.txt,-12.624688542306018,2025-11-13T19:18:03Z
IGCI,,_kw_avg_avg__shares__weekday_is_monday_1.0.txt,-9.958981860228674,2025-11-13T19:18:03Z
IGCI,,_kw_avg_avg__shares__weekday_is_saturday_0.0.txt,-12.922512653668552,2025-11-13T19:18:04Z
IGCI,,_kw_avg_avg__shares__weekday_is_saturday_1.0.txt,-8.923332723301632,2025-11-13T19:18:04Z
IGCI,,_kw_avg_avg__shares__weekday_is_sunday_0.0.txt,-12.915020137771634,2025-11-13T19:18:04Z
IGCI,,_kw_avg_avg__shares__weekday_is_sunday_1.0.txt,-8.309413176612042,2025-11-13T19:18:04Z
IGCI,,_kw_avg_avg__shares__weekday_is_thursday_0.0.txt,-12.735003367888613,2025-11-13T19:18:04Z
IGCI,,_kw_avg_avg__shares__weekday_is_thursday_1.0.txt,-9.76011308165882,2025-11-13T19:18:04Z
IGCI,,_kw_avg_avg__shares__weekday_is_tuesday_0.0.txt,-12.726991113295185,2025-11-13T19:18:04Z
IGCI,,_kw_avg_avg__shares__weekday_is_tuesday_1.0.txt,-9.977270546749097,2025-11-13T19:18:04Z
IGCI,,_kw_avg_avg__shares__weekday_is_wednesday_0.0.txt,-12.742010810848155,2025-11-13T19:18:05Z
IGCI,,_kw_avg_avg__shares__weekday_is_wednesday_1.0.txt,-9.527985510267754,2025-11-13T19:18:05Z
IGCI,,_kw_max_avg__shares__data_channel_is_bus_0.0.txt,-6.62380913563183,2025-11-13T19:18:05Z
IGCI,,_kw_max_avg__shares__data_channel_is_bus_1.0.txt,-6.498490690441252,2025-11-13T19:18:05Z
IGCI,,_kw_max_avg__shares__data_channel_is_entertainment_0.0.txt,-6.439526995315882,2025-11-13T19:18:05Z
IGCI,,_kw_max_avg__shares__data_channel_is_lifestyle_0.0.txt,-6.378682935223618,2025-11-13T19:18:06Z
IGCI,,_kw_max_avg__shares__data_channel_is_socmed_0.0.txt,-6.407657677439957,2025-11-13T19:18:06Z
IGCI,,_kw_max_avg__shares__data_channel_is_tech_0.0.txt,-6.672009138978569,2025-11-13T19:18:06Z
IGCI,,_kw_max_avg__shares__data_channel_is_world_0.0.txt,-6.966640092283515,2025-11-13T19:18:06Z
IGCI,,_kw_max_avg__shares__is_weekend_0.0.txt,-6.059045651159407,2025-11-13T19:18:06Z
IGCI,,_kw_max_avg__shares__is_weekend_1.0.txt,-6.498476350354345,2025-11-13T19:18:06Z
IGCI,,_kw_max_avg__shares__weekday_is_friday_0.0.txt,-6.313053438908836,2025-11-13T19:18:07Z
IGCI,,_kw_max_avg__shares__weekday_is_friday_1.0.txt,-4.557786564026147,2025-11-13T19:18:07Z
IGCI,,_kw_max_avg__shares__weekday_is_monday_0.0.txt,-6.25056362549185,2025-11-13T19:18:07Z
IGCI,,_kw_max_avg__shares__weekday_is_monday_1.0.txt,-4.457502128046886,2025-11-13T19:18:07Z
IGCI,,_kw_max_avg__shares__weekday_is_saturday_0.0.txt,-6.274277779760809,2025-11-13T19:18:07Z
IGCI,,_kw_max_avg__shares__weekday_is_sunday_0.0.txt,-6.257962862112539,2025-11-13T19:18:07Z
IGCI,,_kw_max_avg__shares__weekday_is_sunday_1.0.txt,-5.502437665043972,2025-11-13T19:18:07Z
IGCI,,_kw_max_avg__shares__weekday_is_thursday_0.0.txt,-6.41129835627449,2025-11-13T19:18:08Z
IGCI,,_kw_max_avg__shares__weekday_is_thursday_1.0.txt,-4.128058784275204,2025-11-13T19:18:08Z
IGCI,,_kw_max_avg__shares__weekday_is_tuesday_0.0.txt,-6.406753745304771,2025-11-13T19:18:08Z
IGCI,,_kw_max_avg__shares__weekday_is_tuesday_1.0.txt,-4.243665853247393,2025-11-13T19:18:08Z
IGCI,,_kw_max_avg__shares__weekday_is_wednesday_0.0.txt,-6.434303646158747,2025-11-13T19:18:08Z
IGCI,,_kw_max_avg__shares__weekday_is_wednesday_1.0.txt,-3.9919999044820456,2025-11-13T19:18:08Z
IGCI,,_LDA_00__shares__data_channel_is_socmed_1.0.txt,-7.980515366365497,2025-11-13T19:18:08Z
IGCI,,_LDA_02__shares__data_channel_is_entertainment_0.0.txt,-14.786084820506405,2025-11-13T19:18:08Z
IGCI,,_min_positive_polarity__shares__data_channel_is_socmed_1.0.txt,1.3447530627218889,2025-11-13T19:18:08Z
IGCI,,_n_tokens_content__shares__data_channel_is_bus_1.0.txt,-0.3519458185207833,2025-11-13T19:18:08Z
IGCI,,_n_unique_tokens__shares__data_channel_is_bus_1.0.txt,-8.29403622807863,2025-11-13T19:18:08Z
IGCI,,_self_reference_avg_sharess__shares__data_channel_is_bus_0.0.txt,-2.520618947351818,2025-11-13T19:18:09Z
IGCI,,_self_reference_avg_sharess__shares__data_channel_is_entertainment_0.0.txt,-2.3033554440044526,2025-11-13T19:18:09Z
IGCI,,_self_reference_avg_sharess__shares__data_channel_is_lifestyle_0.0.txt,-2.5663237792392835,2025-11-13T19:18:09Z
IGCI,,_self_reference_avg_sharess__shares__data_channel_is_socmed_1.0.txt,-2.8789329526967258,2025-11-13T19:18:09Z
IGCI,,_self_reference_avg_sharess__shares__data_channel_is_tech_0.0.txt,-2.452019409505054,2025-11-13T19:18:09Z
IGCI,,_self_reference_avg_sharess__shares__is_weekend_0.0.txt,-2.483351232280372,2025-11-13T19:18:09Z
IGCI,,_self_reference_avg_sharess__shares__weekday_is_friday_0.0.txt,-2.5418265394696347,2025-11-13T19:18:09Z
IGCI,,_self_reference_avg_sharess__shares__weekday_is_friday_1.0.txt,-2.5111458281957137,2025-11-13T19:18:09Z
IGCI,,_self_reference_avg_sharess__shares__weekday_is_monday_0.0.txt,-2.5195222030784405,2025-11-13T19:18:09Z
IGCI,,_self_reference_avg_sharess__shares__weekday_is_monday_1.0.txt,-2.3881605346636494,2025-11-13T19:18:10Z
IGCI,,_self_reference_avg_sharess__shares__weekday_is_saturday_0.0.txt,-2.4971585329454413,2025-11-13T19:18:10Z
IGCI,,_self_reference_avg_sharess__shares__weekday_is_sunday_0.0.txt,-2.4670811634961947,2025-11-13T19:18:10Z
IGCI,,_self_reference_avg_sharess__shares__weekday_is_thursday_0.0.txt,-2.5224138455568257,2025-11-13T19:18:10Z
IGCI,,_self_reference_avg_sharess__shares__weekday_is_thursday_1.0.txt,-2.4907819511942924,2025-11-13T19:18:10Z
IGCI,,_self_reference_avg_sharess__shares__weekday_is_tuesday_0.0.txt,-2.5365677456442084,2025-11-13T19:18:10Z
IGCI,,_self_reference_avg_sharess__shares__weekday_is_tuesday_1.0.txt,-2.491754641670872,2025-11-13T19:18:10Z
IGCI,,_self_reference_avg_sharess__shares__weekday_is_wednesday_0.0.txt,-2.526339266872866,2025-11-13T19:18:11Z
IGCI,,_self_reference_avg_sharess__shares__weekday_is_wednesday_1.0.txt,-2.532496065055708,2025-11-13T19:18:11Z
IGCI,,_self_reference_max_shares__shares__data_channel_is_socmed_1.0.txt,0.1584973511448346,2025-11-13T19:18:11Z
IGCI,,_self_reference_min_shares__shares__data_channel_is_bus_0.0.txt,0.06169171029231,2025-11-13T19:18:11Z
IGCI,,_self_reference_min_shares__shares__data_channel_is_entertainment_0.0.txt,0.0583313952989001,2025-11-13T19:18:11Z
IGCI,,_self_reference_min_shares__shares__data_channel_is_socmed_1.0.txt,-0.5046266249171341,2025-11-13T19:18:11Z
IGCI,,_self_reference_min_shares__shares__data_channel_is_tech_0.0.txt,0.0683077674720706,2025-11-13T19:18:11Z
IGCI,,_self_reference_min_shares__shares__is_weekend_0.0.txt,0.0619268786748499,2025-11-13T19:18:11Z
IGCI,,_self_reference_min_shares__shares__weekday_is_friday_1.0.txt,-0.1004172349141452,2025-11-13T19:18:11Z
IGCI,,_self_reference_min_shares__shares__weekday_is_monday_1.0.txt,0.1838026893208493,2025-11-13T19:18:12Z
IGCI,,_self_reference_min_shares__shares__weekday_is_tuesday_1.0.txt,0.0740553677707556,2025-11-13T19:18:12Z
IGCI,,instrumentalness_song_popularity_audio_mode_0.txt,-3.8065037733550335,2025-11-13T19:18:12Z
IGCI,,discount_perc_n_reviews_amenities_Airport_transportation_0.txt,1.473608123190551,2025-11-13T19:18:12Z
IGCI,,discount_perc_n_reviews_amenities_Allergy-free_room_0.txt,0.6906670042692271,2025-11-13T19:18:12Z
IGCI,,discount_perc_n_reviews_amenities_Babysitting_0.txt,0.6579685450040627,2025-11-13T19:18:12Z
IGCI,,discount_perc_n_reviews_amenities_Bicycle_rental_0.txt,0.8206941592734935,2025-11-13T19:18:12Z
IGCI,,discount_perc_n_reviews_amenities_Bottled_water_0.txt,0.7788701756228589,2025-11-13T19:18:12Z
IGCI,,discount_perc_n_reviews_amenities_Clothes_rack_0.txt,0.8046496802066665,2025-11-13T19:18:12Z
IGCI,,discount_perc_n_reviews_amenities_Coffee_shop_1.txt,3.098002335030998,2025-11-13T19:18:12Z
IGCI,,discount_perc_n_reviews_amenities_Coffee___tea_maker_0.txt,0.7881796659483777,2025-11-13T19:18:12Z
IGCI,,discount_perc_n_reviews_amenities_Coffee___tea_maker_1.txt,3.043404715477485,2025-11-13T19:18:12Z
IGCI,,discount_perc_n_reviews_amenities_Desk_1.txt,1.9842295914038808,2025-11-13T19:18:12Z
IGCI,,discount_perc_n_reviews_amenities_Family_rooms_0.txt,1.0150375626739896,2025-11-13T19:18:12Z
IGCI,,discount_perc_n_reviews_amenities_Fax___photocopying_0.txt,0.6875258348016802,2025-11-13T19:18:12Z
IGCI,,discount_perc_n_reviews_amenities_Free_breakfast_0.txt,0.9825348262162964,2025-11-13T19:18:12Z
IGCI,,discount_perc_n_reviews_amenities_Hair_dryer_0.txt,1.4633610881830563,2025-11-13T19:18:12Z
IGCI,,discount_perc_n_reviews_amenities_Ironing_service_0.txt,0.590593342233392,2025-11-13T19:18:12Z
IGCI,,discount_perc_n_reviews_amenities_Iron_0.txt,0.7900405769383685,2025-11-13T19:18:12Z
IGCI,,discount_perc_n_reviews_amenities_Newspaper_0.txt,0.4705322989066918,2025-11-13T19:18:12Z
IGCI,,discount_perc_n_reviews_amenities_Paid_private_parking_nearby_0.txt,0.725099994318394,2025-11-13T19:18:12Z
IGCI,,discount_perc_n_reviews_amenities_Paid_public_parking_nearby_0.txt,0.7214646183706019,2025-11-13T19:18:12Z
IGCI,,discount_perc_n_reviews_amenities_Pets_Allowed___Dog___Pet_Friendly___0.txt,0.7701627730532232,2025-11-13T19:18:12Z
IGCI,,discount_perc_n_reviews_amenities_Private_check-in___check-out_0.txt,0.8285202777758318,2025-11-13T19:18:12Z
IGCI,,discount_perc_n_reviews_amenities_Refrigerator_0.txt,1.1692420063019568,2025-11-13T19:18:12Z
IGCI,,discount_perc_n_reviews_amenities_Room_service_1.txt,3.04796727058023,2025-11-13T19:18:12Z
IGCI,,discount_perc_n_reviews_amenities_Shared_kitchen_0.txt,0.6785994812833724,2025-11-13T19:18:12Z
IGCI,,discount_perc_n_reviews_amenities_Shared_lounge___TV_area_0.txt,0.7345768191945234,2025-11-13T19:18:12Z
IGCI,,discount_perc_n_reviews_amenities_Shuttle_bus_service_0.txt,0.94565691917634,2025-11-13T19:18:12Z
IGCI,,discount_perc_n_reviews_amenities_Street_parking_0.txt,0.7789054057434246,2025-11-13T19:18:13Z
IGCI,,discount_perc_n_reviews_amenities_Wine___champagne_0.txt,0.6334915002626733,2025-11-13T19:18:13Z
IGCI,,discount_perc_n_reviews_category_inn_0.txt,2.5689831146855457,2025-11-13T19:18:13Z
IGCI,,discount_perc_n_reviews_category_specialty_0.txt,0.7736803201435682,2025-11-13T19:18:13Z
IGCI,,price_curr_min_n_reviews_amenities_24-hour_front_desk_1.txt,-0.2102190374529708,2025-11-13T19:18:13Z
IGCI,,price_curr_min_n_reviews_amenities_Airport_transportation_1.txt,-2.037386232396898,2025-11-13T19:18:13Z
IGCI,,price_curr_min_n_reviews_amenities_Babysitting_1.txt,-0.5745546414532345,2025-11-13T19:18:13Z
IGCI,,price_curr_min_n_reviews_amenities_Baggage_storage_1.txt,-2.094919371660664,2025-11-13T19:18:13Z
IGCI,,price_curr_min_n_reviews_amenities_Bar___lounge_1.txt,-1.3323368884954745,2025-11-13T19:18:13Z
IGCI,,price_curr_min_n_reviews_amenities_Bottled_water_1.txt,-0.8413810990315803,2025-11-13T19:18:13Z
IGCI,,price_curr_min_n_reviews_amenities_Breakfast_available_1.txt,-0.8096410752031353,2025-11-13T19:18:13Z
IGCI,,price_curr_min_n_reviews_amenities_Breakfast_buffet_1.txt,-0.407078700482625,2025-11-13T19:18:13Z
IGCI,,price_curr_min_n_reviews_amenities_Breakfast_in_the_room_1.txt,-0.7197314842189523,2025-11-13T19:18:13Z
IGCI,,price_curr_min_n_reviews_amenities_Car_hire_1.txt,-0.3961590113677058,2025-11-13T19:18:13Z
IGCI,,price_curr_min_n_reviews_amenities_Concierge_1.txt,-0.9350390921015828,2025-11-13T19:18:13Z
IGCI,,price_curr_min_n_reviews_amenities_Dry_cleaning_1.txt,-0.6349897249340097,2025-11-13T19:18:13Z
IGCI,,price_curr_min_n_reviews_amenities_Express_check-in___check-out_1.txt,-1.811408628442182,2025-11-13T19:18:13Z
IGCI,,price_curr_min_n_reviews_amenities_Fax___photocopying_1.txt,-1.0445584834389363,2025-11-13T19:18:13Z
IGCI,,price_curr_min_n_reviews_amenities_Flatscreen_TV_1.txt,-1.81487586157961,2025-11-13T19:18:13Z
IGCI,,price_curr_min_n_reviews_amenities_Ironing_service_1.txt,-0.4035337258671845,2025-11-13T19:18:13Z
IGCI,,price_curr_min_n_reviews_amenities_Laundry_service_1.txt,-1.1557650846867338,2025-11-13T19:18:13Z
IGCI,,price_curr_min_n_reviews_amenities_Meeting_rooms_1.txt,0.1165371548437539,2025-11-13T19:18:13Z
IGCI,,price_curr_min_n_reviews_amenities_Newspaper_1.txt,0.0249421075881715,2025-11-13T19:18:13Z
IGCI,,price_curr_min_n_reviews_amenities_Parking_1.txt,-0.1937997122382331,2025-11-13T19:18:13Z
IGCI,,price_curr_min_n_reviews_amenities_Restaurant_1.txt,0.1928804828150037,2025-11-13T19:18:13Z
IGCI,,price_curr_min_n_reviews_amenities_Room_service_1.txt,-0.823907850415491,2025-11-13T19:18:13Z
IGCI,,price_curr_min_n_reviews_amenities_Suites_1.txt,-1.432675904805314,2025-11-13T19:18:13Z
IGCI,,price_curr_min_n_reviews_amenities_Taxi_service_1.txt,-0.7394314112945333,2025-11-13T19:18:13Z
IGCI,,price_curr_min_n_reviews_category_hotel_1.txt,-0.1714726019572658,2025-11-13T19:18:13Z
IGCI,,price_curr_min_n_reviews_category_inn_0.txt,-1.0953531832279797,2025-11-13T19:18:13Z
IGCI,,price_curr_min_n_reviews_class_3_4_5_1.txt,-1.1001157671640316,2025-11-13T19:18:13Z
IGCI,,price_max_n_reviews_amenities_24-hour_front_desk_0.txt,-3.614748279209537,2025-11-13T19:18:13Z
IGCI,,price_max_n_reviews_amenities_24-hour_front_desk_1.txt,-0.8053688237568419,2025-11-13T19:18:14Z
IGCI,,price_max_n_reviews_amenities_Airport_transportation_0.txt,-2.5751525107120035,2025-11-13T19:18:14Z
IGCI,,price_max_n_reviews_amenities_Airport_transportation_1.txt,-3.1310923763717757,2025-11-13T19:18:14Z
IGCI,,price_max_n_reviews_amenities_Air_conditioning_1.txt,-2.6202484758556945,2025-11-13T19:18:14Z
IGCI,,price_max_n_reviews_amenities_Allergy-free_room_0.txt,-2.705621705176732,2025-11-13T19:18:14Z
IGCI,,price_max_n_reviews_amenities_Allergy-free_room_1.txt,-1.250511827961513,2025-11-13T19:18:14Z
IGCI,,price_max_n_reviews_amenities_amenity_free_internet_title_ad3_0.txt,-2.659642820446259,2025-11-13T19:18:14Z
IGCI,,price_max_n_reviews_amenities_Babysitting_0.txt,-2.643980859010422,2025-11-13T19:18:14Z
IGCI,,price_max_n_reviews_amenities_Babysitting_1.txt,-1.4776209482680258,2025-11-13T19:18:14Z
IGCI,,price_max_n_reviews_amenities_Baggage_storage_0.txt,-3.902697046067632,2025-11-13T19:18:14Z
IGCI,,price_max_n_reviews_amenities_Baggage_storage_1.txt,-2.4717051033072464,2025-11-13T19:18:14Z
IGCI,,price_max_n_reviews_amenities_Bar___lounge_0.txt,-3.1761991481824525,2025-11-13T19:18:14Z
IGCI,,price_max_n_reviews_amenities_Bar___lounge_1.txt,-2.3913870488685536,2025-11-13T19:18:14Z
IGCI,,price_max_n_reviews_amenities_Bath___shower_0.txt,-3.259020348052945,2025-11-13T19:18:14Z
IGCI,,price_max_n_reviews_amenities_Bath___shower_1.txt,-2.7632733939152225,2025-11-13T19:18:14Z
IGCI,,price_max_n_reviews_amenities_Bicycle_rental_0.txt,-2.80737460127312,2025-11-13T19:18:14Z
IGCI,,price_max_n_reviews_amenities_Bicycle_rental_1.txt,-1.2715884679667102,2025-11-13T19:18:14Z
IGCI,,price_max_n_reviews_amenities_Bottled_water_0.txt,-2.878456928239215,2025-11-13T19:18:14Z
IGCI,,price_max_n_reviews_amenities_Bottled_water_1.txt,-1.6386548206486662,2025-11-13T19:18:14Z
IGCI,,price_max_n_reviews_amenities_Breakfast_available_0.txt,-3.1033514240074087,2025-11-13T19:18:14Z
IGCI,,price_max_n_reviews_amenities_Breakfast_available_1.txt,-1.566225574796733,2025-11-13T19:18:14Z
IGCI,,price_max_n_reviews_amenities_Breakfast_buffet_0.txt,-3.948381308258833,2025-11-13T19:18:14Z
IGCI,,price_max_n_reviews_amenities_Breakfast_buffet_1.txt,-0.7405530943256791,2025-11-13T19:18:14Z
IGCI,,price_max_n_reviews_amenities_Breakfast_in_the_room_0.txt,-3.064510616511103,2025-11-13T19:18:14Z
IGCI,,price_max_n_reviews_amenities_Breakfast_in_the_room_1.txt,-1.816919500815376,2025-11-13T19:18:14Z
IGCI,,price_max_n_reviews_amenities_Car_hire_0.txt,-2.882073641176045,2025-11-13T19:18:14Z
IGCI,,price_max_n_reviews_amenities_Car_hire_1.txt,-0.6081654027437908,2025-11-13T19:18:14Z
IGCI,,price_max_n_reviews_amenities_Casino_and_Gambling_0.txt,-2.659642820446259,2025-11-13T19:18:14Z
IGCI,,price_max_n_reviews_amenities_Children_Activities__Kid___Family_Friendly__0.txt,-2.36278204926373,2025-11-13T19:18:14Z
IGCI,,price_max_n_reviews_amenities_Children_Activities__Kid___Family_Friendly__1.txt,-4.7178916587107445,2025-11-13T19:18:14Z
IGCI,,price_max_n_reviews_amenities_Clothes_rack_0.txt,-2.6092042899257093,2025-11-13T19:18:14Z
IGCI,,price_max_n_reviews_amenities_Clothes_rack_1.txt,-3.5142436068943885,2025-11-13T19:18:14Z
IGCI,,price_max_n_reviews_amenities_Coffee_shop_0.txt,-2.8019829258336646,2025-11-13T19:18:15Z
IGCI,,price_max_n_reviews_amenities_Coffee_shop_1.txt,-1.0032843936159228,2025-11-13T19:18:15Z
IGCI,,price_max_n_reviews_amenities_Coffee___tea_maker_0.txt,-2.812220369788215,2025-11-13T19:18:15Z
IGCI,,price_max_n_reviews_amenities_Coffee___tea_maker_1.txt,-2.1285794452893843,2025-11-13T19:18:15Z
IGCI,,price_max_n_reviews_amenities_Complimentary_toiletries_0.txt,-3.003113458515342,2025-11-13T19:18:15Z
IGCI,,price_max_n_reviews_amenities_Complimentary_toiletries_1.txt,-3.0836547052366727,2025-11-13T19:18:15Z
IGCI,,price_max_n_reviews_amenities_Concierge_0.txt,-3.558026218054432,2025-11-13T19:18:15Z
IGCI,,price_max_n_reviews_amenities_Concierge_1.txt,-0.989646073464888,2025-11-13T19:18:15Z
IGCI,,price_max_n_reviews_amenities_Desk_0.txt,-2.8302165989160057,2025-11-13T19:18:15Z
IGCI,,price_max_n_reviews_amenities_Desk_1.txt,-2.823517166781792,2025-11-13T19:18:15Z
IGCI,,price_max_n_reviews_amenities_Dry_cleaning_0.txt,-3.4049438124944933,2025-11-13T19:18:15Z
IGCI,,price_max_n_reviews_amenities_Dry_cleaning_1.txt,-0.5726582961096804,2025-11-13T19:18:15Z
IGCI,,price_max_n_reviews_amenities_Electric_blanket_0.txt,-2.659642820446259,2025-11-13T19:18:15Z
IGCI,,price_max_n_reviews_amenities_Express_check-in___check-out_0.txt,-3.025476358827354,2025-11-13T19:18:15Z
IGCI,,price_max_n_reviews_amenities_Express_check-in___check-out_1.txt,-1.7741840793544492,2025-11-13T19:18:15Z
IGCI,,price_max_n_reviews_amenities_Family_rooms_0.txt,-3.158781052606039,2025-11-13T19:18:15Z
IGCI,,price_max_n_reviews_amenities_Family_rooms_1.txt,-3.085251206176835,2025-11-13T19:18:15Z
IGCI,,price_max_n_reviews_amenities_Fax___photocopying_0.txt,-3.286241635685694,2025-11-13T19:18:15Z
IGCI,,price_max_n_reviews_amenities_Fax___photocopying_1.txt,-2.07229221776566,2025-11-13T19:18:15Z
IGCI,,price_max_n_reviews_amenities_Fence_around_pool_0.txt,-2.659642820446259,2025-11-13T19:18:15Z
IGCI,,price_max_n_reviews_amenities_Flatscreen_TV_1.txt,-2.1289161415577524,2025-11-13T19:18:15Z
IGCI,,price_max_n_reviews_amenities_Free_breakfast_0.txt,-3.7320593198539,2025-11-13T19:18:15Z
IGCI,,price_max_n_reviews_amenities_Free_breakfast_1.txt,-2.595370796936444,2025-11-13T19:18:15Z
IGCI,,price_max_n_reviews_amenities_Free_High_Speed_Internet__WiFi__1.txt,-2.738242187577745,2025-11-13T19:18:15Z
IGCI,,price_max_n_reviews_amenities_Free_internet_1.txt,-2.638276442578989,2025-11-13T19:18:16Z
IGCI,,price_max_n_reviews_amenities_Hair_dryer_0.txt,-2.911762587912229,2025-11-13T19:18:16Z
IGCI,,price_max_n_reviews_amenities_Hair_dryer_1.txt,-2.8211754821566064,2025-11-13T19:18:16Z
IGCI,,price_max_n_reviews_amenities_hotel_amenity_free_breakfast_0.txt,-2.659642820446259,2025-11-13T19:18:16Z
IGCI,,price_max_n_reviews_amenities_hotel_amenity_free_internet_0.txt,-2.659642820446259,2025-11-13T19:18:16Z
IGCI,,price_max_n_reviews_amenities_hotel_amenity_internet_0.txt,-2.659642820446259,2025-11-13T19:18:16Z
IGCI,,price_max_n_reviews_amenities_hotel_amenity_wifi_0.txt,-2.659642820446259,2025-11-13T19:18:16Z
IGCI,,price_max_n_reviews_amenities_Housekeeping_0.txt,-3.574843568797207,2025-11-13T19:18:16Z
IGCI,,price_max_n_reviews_amenities_Housekeeping_1.txt,-2.9311156665389344,2025-11-13T19:18:16Z
IGCI,,price_max_n_reviews_amenities_Internet_1.txt,-2.54585881444687,2025-11-13T19:18:16Z
IGCI,,price_max_n_reviews_amenities_Ironing_service_0.txt,-2.8177852808111385,2025-11-13T19:18:16Z
IGCI,,price_max_n_reviews_amenities_Ironing_service_1.txt,-1.0915014592940135,2025-11-13T19:18:16Z
IGCI,,price_max_n_reviews_amenities_Iron_0.txt,-2.766690049860702,2025-11-13T19:18:16Z
IGCI,,price_max_n_reviews_amenities_Iron_1.txt,-1.739653798944966,2025-11-13T19:18:16Z
IGCI,,price_max_n_reviews_amenities_Kids_pool_0.txt,-2.659642820446259,2025-11-13T19:18:16Z
IGCI,,price_max_n_reviews_amenities_Kitchenette_0.txt,-2.735856796268716,2025-11-13T19:18:16Z
IGCI,,price_max_n_reviews_amenities_Laundry_service_0.txt,-3.580095587297195,2025-11-13T19:18:16Z
IGCI,,price_max_n_reviews_amenities_Laundry_service_1.txt,-1.5315931897930044,2025-11-13T19:18:16Z
IGCI,,price_max_n_reviews_amenities_Meeting_rooms_0.txt,-2.9276650786691008,2025-11-13T19:18:16Z
IGCI,,price_max_n_reviews_amenities_Meeting_rooms_1.txt,-0.4140877851978537,2025-11-13T19:18:16Z
IGCI,,price_max_n_reviews_amenities_Minibar_0.txt,-3.297731073760806,2025-11-13T19:18:16Z
IGCI,,price_max_n_reviews_amenities_Minibar_1.txt,-1.9245042460715036,2025-11-13T19:18:16Z
IGCI,,price_max_n_reviews_amenities_Newspaper_0.txt,-2.8503929446974627,2025-11-13T19:18:16Z
IGCI,,price_max_n_reviews_amenities_Newspaper_1.txt,-0.0666707700507638,2025-11-13T19:18:16Z
IGCI,,price_max_n_reviews_amenities_Non-smoking_hotel_0.txt,-4.3440436554273365,2025-11-13T19:18:16Z
IGCI,,price_max_n_reviews_amenities_Non-smoking_hotel_1.txt,-2.6468905399315465,2025-11-13T19:18:16Z
IGCI,,price_max_n_reviews_amenities_Non-smoking_rooms_1.txt,-2.4015691822123992,2025-11-13T19:18:16Z
IGCI,,price_max_n_reviews_amenities_Paid_private_parking_nearby_0.txt,-2.7774738927820444,2025-11-13T19:18:17Z
IGCI,,price_max_n_reviews_amenities_Paid_private_parking_nearby_1.txt,-1.72755842694038,2025-11-13T19:18:17Z
IGCI,,price_max_n_reviews_amenities_Paid_public_parking_nearby_0.txt,-2.791607863793846,2025-11-13T19:18:17Z
IGCI,,price_max_n_reviews_amenities_Paid_public_parking_nearby_1.txt,-2.628181931894419,2025-11-13T19:18:17Z
IGCI,,price_max_n_reviews_amenities_Parking_0.txt,-3.07458274829459,2025-11-13T19:18:17Z
IGCI,,price_max_n_reviews_amenities_Parking_1.txt,-1.6306171901416908,2025-11-13T19:18:17Z
IGCI,,price_max_n_reviews_amenities_Pets_Allowed___Dog___Pet_Friendly___0.txt,-2.750043814494986,2025-11-13T19:18:17Z
IGCI,,price_max_n_reviews_amenities_Pets_Allowed___Dog___Pet_Friendly___1.txt,-2.244016864851312,2025-11-13T19:18:17Z
IGCI,,price_max_n_reviews_amenities_Private_check-in___check-out_0.txt,-2.65868846846346,2025-11-13T19:18:17Z
IGCI,,price_max_n_reviews_amenities_Private_check-in___check-out_1.txt,-2.6983861235923534,2025-11-13T19:18:17Z
IGCI,,price_max_n_reviews_amenities_Public_wifi_0.txt,-3.0923636813834072,2025-11-13T19:18:17Z
IGCI,,price_max_n_reviews_amenities_Public_wifi_1.txt,-2.2075540763293704,2025-11-13T19:18:17Z
IGCI,,price_max_n_reviews_amenities_Refrigerator_0.txt,-2.8524687787075,2025-11-13T19:18:17Z
IGCI,,price_max_n_reviews_amenities_Refrigerator_1.txt,-3.088581566498803,2025-11-13T19:18:17Z
IGCI,,price_max_n_reviews_amenities_Restaurant_0.txt,-2.99362523917414,2025-11-13T19:18:17Z
IGCI,,price_max_n_reviews_amenities_Restaurant_1.txt,0.0234360189063709,2025-11-13T19:18:17Z
IGCI,,price_max_n_reviews_amenities_Room_service_0.txt,-3.0588085891774397,2025-11-13T19:18:17Z
IGCI,,price_max_n_reviews_amenities_Room_service_1.txt,-1.4218562397808068,2025-11-13T19:18:17Z
IGCI,,price_max_n_reviews_amenities_Safe_1.txt,-2.2461373570896,2025-11-13T19:18:17Z
IGCI,,price_max_n_reviews_amenities_Saltwater_pool_0.txt,-2.659642820446259,2025-11-13T19:18:17Z
IGCI,,price_max_n_reviews_amenities_Shared_kitchen_0.txt,-2.7134161111965582,2025-11-13T19:18:17Z
IGCI,,price_max_n_reviews_amenities_Shared_kitchen_1.txt,-2.447598644790133,2025-11-13T19:18:17Z
IGCI,,price_max_n_reviews_amenities_Shared_lounge___TV_area_0.txt,-2.868981368412129,2025-11-13T19:18:17Z
IGCI,,price_max_n_reviews_amenities_Shared_lounge___TV_area_1.txt,-1.2162700900982166,2025-11-13T19:18:17Z
IGCI,,price_max_n_reviews_amenities_Shuttle_bus_service_0.txt,-2.665530241375934,2025-11-13T19:18:17Z
IGCI,,price_max_n_reviews_amenities_Shuttle_bus_service_1.txt,-3.150284904615632,2025-11-13T19:18:17Z
IGCI,,price_max_n_reviews_amenities_Soundproof_rooms_0.txt,-2.8026218971608685,2025-11-13T19:18:17Z
IGCI,,price_max_n_reviews_amenities_Soundproof_rooms_1.txt,-2.987244817493651,2025-11-13T19:18:17Z
IGCI,,price_max_n_reviews_amenities_Street_parking_0.txt,-2.793764629620239,2025-11-13T19:18:18Z
IGCI,,price_max_n_reviews_amenities_Street_parking_1.txt,-2.515035476666706,2025-11-13T19:18:18Z
IGCI,,price_max_n_reviews_amenities_Suites_0.txt,-2.9228373806921617,2025-11-13T19:18:18Z
IGCI,,price_max_n_reviews_amenities_Suites_1.txt,-1.453318669610499,2025-11-13T19:18:18Z
IGCI,,price_max_n_reviews_amenities_Taxi_service_0.txt,-2.9681972641475385,2025-11-13T19:18:18Z
IGCI,,price_max_n_reviews_amenities_Taxi_service_1.txt,-0.0995928636933225,2025-11-13T19:18:18Z
IGCI,,price_max_n_reviews_amenities_Telephone_0.txt,-2.9978756490247545,2025-11-13T19:18:18Z
IGCI,,price_max_n_reviews_amenities_Telephone_1.txt,-0.8534439224487276,2025-11-13T19:18:18Z
IGCI,,price_max_n_reviews_amenities_Wake-up_service___alarm_clock_0.txt,-2.891541110350172,2025-11-13T19:18:18Z
IGCI,,price_max_n_reviews_amenities_Wake-up_service___alarm_clock_1.txt,-0.8471983609553898,2025-11-13T19:18:18Z
IGCI,,price_max_n_reviews_amenities_Waterslide_0.txt,-2.659642820446259,2025-11-13T19:18:18Z
IGCI,,price_max_n_reviews_amenities_Water_park_0.txt,-2.659642820446259,2025-11-13T19:18:18Z
IGCI,,price_max_n_reviews_amenities_Wifi_1.txt,-2.506307797152658,2025-11-13T19:18:18Z
IGCI,,price_max_n_reviews_amenities_Wine___champagne_0.txt,-2.7518377107742484,2025-11-13T19:18:18Z
IGCI,,price_max_n_reviews_amenities_Wine___champagne_1.txt,-0.1394772793908787,2025-11-13T19:18:18Z
IGCI,,price_max_n_reviews_award_cert_excellence_0.txt,-3.414322160431527,2025-11-13T19:18:18Z
IGCI,,price_max_n_reviews_award_cert_excellence_1.txt,-1.4433763282100207,2025-11-13T19:18:18Z
IGCI,,price_max_n_reviews_category_hotel_0.txt,-3.935952935974753,2025-11-13T19:18:18Z
IGCI,,price_max_n_reviews_category_hotel_1.txt,-0.6626131142063896,2025-11-13T19:18:18Z
IGCI,,price_max_n_reviews_category_inn_0.txt,-1.9815299746290007,2025-11-13T19:18:18Z
IGCI,,price_max_n_reviews_category_inn_1.txt,-4.150211394701423,2025-11-13T19:18:18Z
IGCI,,price_max_n_reviews_category_specialty_0.txt,-2.63044726055909,2025-11-13T19:18:18Z
IGCI,,price_max_n_reviews_category_specialty_1.txt,-3.74710223814478,2025-11-13T19:18:18Z
IGCI,,price_max_n_reviews_class_3_4_5_0.txt,-3.998672027006184,2025-11-13T19:18:18Z
IGCI,,price_max_n_reviews_class_3_4_5_1.txt,-1.5660319991333642,2025-11-13T19:18:18Z
IGCI,,price_max_n_reviews_class_4_5_0.txt,-3.2158169929649274,2025-11-13T19:18:18Z
IGCI,,price_max_n_reviews_class_4_5_1.txt,-0.060556734388923,2025-11-13T19:18:18Z
IGCI,,price_max_n_reviews_discount_0.txt,-3.052873045044133,2025-11-13T19:18:18Z
IGCI,,price_max_n_reviews_discount_1.txt,-1.1841847803864285,2025-11-13T19:18:18Z
IGCI,,price_min_n_reviews_amenities_24-hour_front_desk_1.txt,1.183577894433407,2025-11-13T19:18:18Z
IGCI,,price_min_n_reviews_amenities_Airport_transportation_1.txt,-0.3267863461382028,2025-11-13T19:18:19Z
IGCI,,price_min_n_reviews_amenities_Air_conditioning_1.txt,0.0374591030127007,2025-11-13T19:18:19Z
IGCI,,price_min_n_reviews_amenities_Allergy-free_room_0.txt,-0.0962288303761624,2025-11-13T19:18:19Z
IGCI,,price_min_n_reviews_amenities_Allergy-free_room_1.txt,0.2503753431694474,2025-11-13T19:18:19Z
IGCI,,price_min_n_reviews_amenities_amenity_free_internet_title_ad3_0.txt,-0.0770985000076596,2025-11-13T19:18:19Z
IGCI,,price_min_n_reviews_amenities_Babysitting_0.txt,0.0205263353476983,2025-11-13T19:18:19Z
IGCI,,price_min_n_reviews_amenities_Babysitting_1.txt,-0.6985586572961608,2025-11-13T19:18:19Z
IGCI,,price_min_n_reviews_amenities_Baggage_storage_1.txt,0.1919870159050738,2025-11-13T19:18:19Z
IGCI,,price_min_n_reviews_amenities_Bar___lounge_1.txt,-0.0751823665502602,2025-11-13T19:18:19Z
IGCI,,price_min_n_reviews_amenities_Bath___shower_0.txt,-0.3728256028682724,2025-11-13T19:18:19Z
IGCI,,price_min_n_reviews_amenities_Bath___shower_1.txt,-0.2796726440811756,2025-11-13T19:18:19Z
IGCI,,price_min_n_reviews_amenities_Bicycle_rental_0.txt,-0.1106192742935547,2025-11-13T19:18:19Z
IGCI,,price_min_n_reviews_amenities_Bicycle_rental_1.txt,-0.1984589263911989,2025-11-13T19:18:19Z
IGCI,,price_min_n_reviews_amenities_Bottled_water_0.txt,-0.2417303613274661,2025-11-13T19:18:19Z
IGCI,,price_min_n_reviews_amenities_Bottled_water_1.txt,-0.0879745323116516,2025-11-13T19:18:19Z
IGCI,,price_min_n_reviews_amenities_Breakfast_available_1.txt,0.4628948865113721,2025-11-13T19:18:19Z
IGCI,,price_min_n_reviews_amenities_Breakfast_buffet_1.txt,1.4713711721925478,2025-11-13T19:18:19Z
IGCI,,price_min_n_reviews_amenities_Breakfast_in_the_room_1.txt,0.210248346014481,2025-11-13T19:18:19Z
IGCI,,price_min_n_reviews_amenities_Car_hire_1.txt,0.1367246785967406,2025-11-13T19:18:19Z
IGCI,,price_min_n_reviews_amenities_Casino_and_Gambling_0.txt,-0.0770985000076596,2025-11-13T19:18:19Z
IGCI,,price_min_n_reviews_amenities_Children_Activities__Kid___Family_Friendly__0.txt,0.345912546704735,2025-11-13T19:18:19Z
IGCI,,price_min_n_reviews_amenities_Children_Activities__Kid___Family_Friendly__1.txt,-2.401121222279473,2025-11-13T19:18:19Z
IGCI,,price_min_n_reviews_amenities_Clothes_rack_0.txt,-0.0342173282879869,2025-11-13T19:18:19Z
IGCI,,price_min_n_reviews_amenities_Coffee_shop_0.txt,-0.1964917686483307,2025-11-13T19:18:19Z
IGCI,,price_min_n_reviews_amenities_Coffee_shop_1.txt,-0.0915972121352295,2025-11-13T19:18:19Z
IGCI,,price_min_n_reviews_amenities_Coffee___tea_maker_0.txt,-0.0529918738076471,2025-11-13T19:18:19Z
IGCI,,price_min_n_reviews_amenities_Coffee___tea_maker_1.txt,-0.9201451280497056,2025-11-13T19:18:19Z
IGCI,,price_min_n_reviews_amenities_Complimentary_toiletries_0.txt,-0.2177704223339862,2025-11-13T19:18:19Z
IGCI,,price_min_n_reviews_amenities_Concierge_1.txt,0.5739668182843696,2025-11-13T19:18:19Z
IGCI,,price_min_n_reviews_amenities_Desk_0.txt,-0.5912914203167201,2025-11-13T19:18:19Z
IGCI,,price_min_n_reviews_amenities_Desk_1.txt,0.1006853362422632,2025-11-13T19:18:19Z
IGCI,,price_min_n_reviews_amenities_Dry_cleaning_1.txt,0.5140036343943333,2025-11-13T19:18:20Z
IGCI,,price_min_n_reviews_amenities_Electric_blanket_0.txt,-0.0770985000076596,2025-11-13T19:18:20Z
IGCI,,price_min_n_reviews_amenities_Express_check-in___check-out_0.txt,-0.436215913863772,2025-11-13T19:18:20Z
IGCI,,price_min_n_reviews_amenities_Express_check-in___check-out_1.txt,0.2061863946832938,2025-11-13T19:18:20Z
IGCI,,price_min_n_reviews_amenities_Family_rooms_0.txt,-0.4273167201253098,2025-11-13T19:18:20Z
IGCI,,price_min_n_reviews_amenities_Family_rooms_1.txt,-0.5036284489194003,2025-11-13T19:18:20Z
IGCI,,price_min_n_reviews_amenities_Fax___photocopying_1.txt,0.6312198238588547,2025-11-13T19:18:20Z
IGCI,,price_min_n_reviews_amenities_Fence_around_pool_0.txt,-0.0770985000076596,2025-11-13T19:18:20Z
IGCI,,price_min_n_reviews_amenities_Flatscreen_TV_1.txt,0.6732099936920672,2025-11-13T19:18:20Z
IGCI,,price_min_n_reviews_amenities_Free_breakfast_1.txt,0.0862316679758614,2025-11-13T19:18:20Z
IGCI,,price_min_n_reviews_amenities_Free_High_Speed_Internet__WiFi__1.txt,-0.0478098881907875,2025-11-13T19:18:20Z
IGCI,,price_min_n_reviews_amenities_Free_internet_1.txt,0.0572643109227186,2025-11-13T19:18:20Z
IGCI,,price_min_n_reviews_amenities_Hair_dryer_1.txt,-0.1318787309735749,2025-11-13T19:18:20Z
IGCI,,price_min_n_reviews_amenities_hotel_amenity_free_breakfast_0.txt,-0.0770985000076596,2025-11-13T19:18:20Z
IGCI,,price_min_n_reviews_amenities_hotel_amenity_free_internet_0.txt,-0.0770985000076596,2025-11-13T19:18:20Z
IGCI,,price_min_n_reviews_amenities_hotel_amenity_internet_0.txt,-0.0770985000076596,2025-11-13T19:18:20Z
IGCI,,price_min_n_reviews_amenities_hotel_amenity_wifi_0.txt,-0.0770985000076596,2025-11-13T19:18:20Z
IGCI,,price_min_n_reviews_amenities_Housekeeping_1.txt,-0.462580807857035,2025-11-13T19:18:20Z
IGCI,,price_min_n_reviews_amenities_Internet_1.txt,0.1168830078637981,2025-11-13T19:18:20Z
IGCI,,price_min_n_reviews_amenities_Ironing_service_1.txt,0.280737153486057,2025-11-13T19:18:20Z
IGCI,,price_min_n_reviews_amenities_Iron_0.txt,-0.112188724084751,2025-11-13T19:18:20Z
IGCI,,price_min_n_reviews_amenities_Kids_pool_0.txt,-0.0770985000076596,2025-11-13T19:18:20Z
IGCI,,price_min_n_reviews_amenities_Kitchenette_0.txt,0.0463253298818253,2025-11-13T19:18:20Z
IGCI,,price_min_n_reviews_amenities_Laundry_service_1.txt,0.3265356337868867,2025-11-13T19:18:20Z
IGCI,,price_min_n_reviews_amenities_Meeting_rooms_1.txt,0.3132817428441008,2025-11-13T19:18:20Z
IGCI,,price_min_n_reviews_amenities_Minibar_1.txt,0.3648004669698759,2025-11-13T19:18:20Z
IGCI,,price_min_n_reviews_amenities_Newspaper_1.txt,0.6919195219942003,2025-11-13T19:18:20Z
IGCI,,price_min_n_reviews_amenities_Non-smoking_hotel_1.txt,0.0387408030195457,2025-11-13T19:18:20Z
IGCI,,price_min_n_reviews_amenities_Non-smoking_rooms_1.txt,0.2891423701238667,2025-11-13T19:18:20Z
IGCI,,price_min_n_reviews_amenities_Paid_private_parking_nearby_0.txt,-0.1191372020869661,2025-11-13T19:18:20Z
IGCI,,price_min_n_reviews_amenities_Paid_public_parking_nearby_0.txt,-0.1735573747280963,2025-11-13T19:18:20Z
IGCI,,price_min_n_reviews_amenities_Paid_public_parking_nearby_1.txt,-0.7866853466515691,2025-11-13T19:18:20Z
IGCI,,price_min_n_reviews_amenities_Parking_0.txt,-0.3858942341215847,2025-11-13T19:18:21Z
IGCI,,price_min_n_reviews_amenities_Parking_1.txt,0.6305347197453325,2025-11-13T19:18:21Z
IGCI,,price_min_n_reviews_amenities_Pets_Allowed___Dog___Pet_Friendly___0.txt,-0.0631125189983281,2025-11-13T19:18:21Z
IGCI,,price_min_n_reviews_amenities_Private_check-in___check-out_0.txt,-0.0819140456838694,2025-11-13T19:18:21Z
IGCI,,price_min_n_reviews_amenities_Public_wifi_1.txt,0.3215656750821165,2025-11-13T19:18:21Z
IGCI,,price_min_n_reviews_amenities_Refrigerator_1.txt,-0.7256925736403477,2025-11-13T19:18:21Z
IGCI,,price_min_n_reviews_amenities_Restaurant_1.txt,0.8506114793072141,2025-11-13T19:18:21Z
IGCI,,price_min_n_reviews_amenities_Room_service_1.txt,-0.2521711988415029,2025-11-13T19:18:21Z
IGCI,,price_min_n_reviews_amenities_Safe_1.txt,0.2998154756384812,2025-11-13T19:18:21Z
IGCI,,price_min_n_reviews_amenities_Saltwater_pool_0.txt,-0.0770985000076596,2025-11-13T19:18:21Z
IGCI,,price_min_n_reviews_amenities_Shared_kitchen_0.txt,-0.0615971226655434,2025-11-13T19:18:21Z
IGCI,,price_min_n_reviews_amenities_Shared_lounge___TV_area_0.txt,-0.2245571869353106,2025-11-13T19:18:21Z
IGCI,,price_min_n_reviews_amenities_Shuttle_bus_service_0.txt,-0.0265725525550069,2025-11-13T19:18:21Z
IGCI,,price_min_n_reviews_amenities_Soundproof_rooms_1.txt,-0.7155673335063408,2025-11-13T19:18:21Z
IGCI,,price_min_n_reviews_amenities_Street_parking_0.txt,-0.1242654398670914,2025-11-13T19:18:21Z
IGCI,,price_min_n_reviews_amenities_Suites_1.txt,-0.0019172574042727,2025-11-13T19:18:21Z
IGCI,,price_min_n_reviews_amenities_Taxi_service_1.txt,0.6827632331841507,2025-11-13T19:18:21Z
IGCI,,price_min_n_reviews_amenities_Wake-up_service___alarm_clock_0.txt,-0.2173888694698709,2025-11-13T19:18:21Z
IGCI,,price_min_n_reviews_amenities_Wake-up_service___alarm_clock_1.txt,0.5675202557517798,2025-11-13T19:18:21Z
IGCI,,price_min_n_reviews_amenities_Waterslide_0.txt,-0.0770985000076596,2025-11-13T19:18:21Z
IGCI,,price_min_n_reviews_amenities_Water_park_0.txt,-0.0770985000076596,2025-11-13T19:18:21Z
IGCI,,price_min_n_reviews_amenities_Wifi_1.txt,0.2053536371139177,2025-11-13T19:18:21Z
IGCI,,price_min_n_reviews_amenities_Wine___champagne_0.txt,-0.149657723750094,2025-11-13T19:18:21Z
IGCI,,price_min_n_reviews_amenities_Wine___champagne_1.txt,0.3166630720911874,2025-11-13T19:18:21Z
IGCI,,price_min_n_reviews_award_cert_excellence_1.txt,0.6508169906101456,2025-11-13T19:18:21Z
IGCI,,price_min_n_reviews_category_hotel_1.txt,1.299735800884057,2025-11-13T19:18:21Z
IGCI,,price_min_n_reviews_category_inn_0.txt,0.4095193262820693,2025-11-13T19:18:21Z
IGCI,,price_min_n_reviews_category_specialty_0.txt,0.1030824361045557,2025-11-13T19:18:21Z
IGCI,,price_min_n_reviews_class_3_4_5_1.txt,1.0092322564471117,2025-11-13T19:18:21Z
IGCI,,price_min_n_reviews_class_4_5_1.txt,0.917720288109244,2025-11-13T19:18:21Z
IGCI,,price_min_n_reviews_discount_1.txt,0.6352349764695049,2025-11-13T19:18:21Z
IGCI,,Stream_time_minutes__Average_viewers.txt,1.2968503168983585,2025-11-13T19:18:21Z
IGCI,,Stream_time_minutes__Followers.txt,1.5347726055562054,2025-11-13T19:18:21Z
IGCI,,Stream_time_minutes__Peak_viewers.txt,1.563979847174239,2025-11-13T19:18:21Z
IGCI,,Body___W_Fighting_Style_No_Clear_Style.txt,0.0858662854096437,2025-11-13T19:18:22Z
IGCI,,Clinch___L_Fighting_Style_No_Clear_Style.txt,-0.1524996353818419,2025-11-13T19:18:22Z
IGCI,,Clinch___W_Fighting_Style_No_Clear_Style.txt,0.1167076171692329,2025-11-13T19:18:22Z
IGCI,,Ctrl_L_Fighting_Style_Wrestler.txt,-6.6020048681731485,2025-11-13T19:18:22Z
IGCI,,Distance___W_Fighting_Style_No_Clear_Style.txt,0.1140719384716293,2025-11-13T19:18:22Z
IGCI,,Head___W_Fighting_Style_No_Clear_Style.txt,-0.0028867334639084,2025-11-13T19:18:22Z
IGCI,,KD_W_Fighting_Style_Hybrid.txt,-0.1253511576566133,2025-11-13T19:18:22Z
IGCI,,KD_W_Fighting_Style_Striker.txt,-0.2169625638724825,2025-11-13T19:18:22Z
IGCI,,KD_W_Fighting_Style_Wrestler.txt,0.0802794159638908,2025-11-13T19:18:22Z
IGCI,,Leg___W_Fighting_Style_No_Clear_Style.txt,0.0182377324813485,2025-11-13T19:18:22Z
IGCI,,Round_W_Fighting_Style_No_Clear_Style.txt,0.4364995782023264,2025-11-13T19:18:22Z
IGCI,,STR_L_Fighting_Style_No_Clear_Style.txt,-1.408735581478484,2025-11-13T19:18:22Z
IGCI,,STR_W_Fighting_Style_No_Clear_Style.txt,-1.1395283289274092,2025-11-13T19:18:22Z
IGCI,,STR_W_Fighting_Style_Striker.txt,-4.816595924533606,2025-11-13T19:18:22Z
IGCI,,Sub._Att_W_Fighting_Style_Wrestler.txt,-0.4618857598019392,2025-11-13T19:18:22Z
IGCI,,TD_L_Fighting_Style_Wrestler.txt,-1.4875997515225832,2025-11-13T19:18:22Z
IGCI,,Wt._L_Fighting_Style_Wrestler.txt,-0.0114082931232815,2025-11-13T19:18:22Z
IGCI,,Wt._W_Fighting_Style_No_Clear_Style.txt,-0.3966302544001552,2025-11-13T19:18:22Z
IGCI,,aces_wins.txt,0.007581360973532,2025-11-13T19:18:23Z
IGCI,,assists_wins.txt,-0.0732041360619444,2025-11-13T19:18:23Z
IGCI,,assists_win_percent.txt,-0.0383950179794521,2025-11-13T19:18:24Z
IGCI,,clutches_wins.txt,-0.0197514987486151,2025-11-13T19:18:25Z
IGCI,,clutches_win_percent.txt,0.0140921095264747,2025-11-13T19:18:26Z
IGCI,,deaths_wins.txt,-0.1002673297534268,2025-11-13T19:18:26Z
IGCI,,deaths_win_percent.txt,-0.054991320471192,2025-11-13T19:18:27Z
IGCI,,first_bloods_wins.txt,-0.0466823855469122,2025-11-13T19:18:27Z
IGCI,,first_bloods_win_percent.txt,-0.0127667940498366,2025-11-13T19:18:28Z
IGCI,,flawless_wins.txt,-0.0074851894098149,2025-11-13T19:18:29Z
IGCI,,flawless_win_percent.txt,0.026358418865275,2025-11-13T19:18:29Z
IGCI,,headshots_wins.txt,-0.0832279411447824,2025-11-13T19:18:30Z
IGCI,,headshots_win_percent.txt,-0.0433875647793016,2025-11-13T19:18:31Z
IGCI,,kd_ratio_win_percent.txt,0.0248396916627999,2025-11-13T19:18:31Z
IGCI,,kills_wins.txt,-0.104274066354824,2025-11-13T19:18:32Z
IGCI,,kills_win_percent.txt,-0.058697972470096,2025-11-13T19:18:32Z
IGCI,,most_kills_wins.txt,0.0055501967223747,2025-11-13T19:18:33Z
IGCI,,absRoll_goal.txt,0.004403135069845,2025-11-13T19:18:33Z
IGCI,,alpha_goal.txt,0.0055343610437521,2025-11-13T19:18:33Z
IGCI,,curPitch_goal.txt,-0.0858722885038556,2025-11-13T19:18:33Z
IGCI,,p_goal.txt,-0.0677543377970355,2025-11-13T19:18:34Z
IGCI,,q_goal.txt,-0.0245683044987163,2025-11-13T19:18:34Z
IGCI,,SeTime10_goal.txt,-0.0084981455556434,2025-11-13T19:18:34Z
IGCI,,SeTime11_goal.txt,-0.0084981455556434,2025-11-13T19:18:34Z
IGCI,,SeTime12_goal.txt,-0.0087983226147052,2025-11-13T19:18:34Z
IGCI,,SeTime13_goal.txt,-0.0087983226147052,2025-11-13T19:18:34Z
IGCI,,SeTime14_goal.txt,-0.0081305563437208,2025-11-13T19:18:34Z
IGCI,,SeTime1_goal.txt,-0.0089657825536679,2025-11-13T19:18:34Z
IGCI,,SeTime2_goal.txt,-0.0092705068784919,2025-11-13T19:18:35Z
IGCI,,SeTime3_goal.txt,-0.0092705068784919,2025-11-13T19:18:35Z
IGCI,,SeTime4_goal.txt,-0.0089657825536679,2025-11-13T19:18:35Z
IGCI,,SeTime5_goal.txt,-0.0089657825536679,2025-11-13T19:18:35Z
IGCI,,SeTime6_goal.txt,-0.0093209212490332,2025-11-13T19:18:35Z
IGCI,,SeTime7_goal.txt,-0.0093209212490332,2025-11-13T19:18:35Z
IGCI,,SeTime8_goal.txt,-0.008884148930802,2025-11-13T19:18:35Z
IGCI,,SeTime9_goal.txt,-0.008884148930802,2025-11-13T19:18:36Z
IGCI,,Se_goal.txt,-0.0081305563437208,2025-11-13T19:18:36Z
IGCI,,attack-angle_scaled-sound-pressure_free-stream-velocity_31.7.txt,6.239415922718767,2025-11-13T19:18:36Z
IGCI,,frequency_scaled-sound-pressure_chord-length_0.0254.txt,6.118836787310055,2025-11-13T19:18:36Z
IGCI,,frequency_scaled-sound-pressure_chord-length_0.0508.txt,5.841431216720711,2025-11-13T19:18:36Z
IGCI,,frequency_scaled-sound-pressure_chord-length_0.1016.txt,5.96709373222118,2025-11-13T19:18:36Z
IGCI,,frequency_scaled-sound-pressure_chord-length_0.1524.txt,5.996898168809161,2025-11-13T19:18:36Z
IGCI,,frequency_scaled-sound-pressure_chord-length_0.2286.txt,6.023545400155569,2025-11-13T19:18:36Z
IGCI,,frequency_scaled-sound-pressure_free-stream-velocity_31.7.txt,6.134144171444492,2025-11-13T19:18:36Z
IGCI,,frequency_scaled-sound-pressure_free-stream-velocity_39.6.txt,6.795571282324545,2025-11-13T19:18:36Z
IGCI,,frequency_scaled-sound-pressure_free-stream-velocity_55.5.txt,5.918835040081751,2025-11-13T19:18:36Z
IGCI,,frequency_scaled-sound-pressure_free-stream-velocity_71.3.txt,6.503649879726451,2025-11-13T19:18:36Z
IGCI,,suction-side-displacement-thickness_scaled-sound-pressure_chord-length_0.0254.txt,6.079448419780744,2025-11-13T19:18:36Z
IGCI,,suction-side-displacement-thickness_scaled-sound-pressure_chord-length_0.0508.txt,5.803122685826634,2025-11-13T19:18:36Z
IGCI,,suction-side-displacement-thickness_scaled-sound-pressure_chord-length_0.1016.txt,5.900675168364205,2025-11-13T19:18:36Z
IGCI,,suction-side-displacement-thickness_scaled-sound-pressure_chord-length_0.1524.txt,6.003863274380255,2025-11-13T19:18:36Z
IGCI,,suction-side-displacement-thickness_scaled-sound-pressure_chord-length_0.2286.txt,6.0922011059732295,2025-11-13T19:18:36Z
IGCI,,suction-side-displacement-thickness_scaled-sound-pressure_free-stream-velocity_31.7.txt,6.102904474940091,2025-11-13T19:18:36Z
IGCI,,suction-side-displacement-thickness_scaled-sound-pressure_free-stream-velocity_39.6.txt,6.631596263774607,2025-11-13T19:18:36Z
IGCI,,suction-side-displacement-thickness_scaled-sound-pressure_free-stream-velocity_55.5.txt,5.8972200508842345,2025-11-13T19:18:36Z
IGCI,,acceleration_mpg.txt,0.5412326790413307,2025-11-13T19:18:36Z
IGCI,,displacement_mpg.txt,0.6409058645639512,2025-11-13T19:18:36Z
IGCI,,horsepower_mpg.txt,0.5511458339642825,2025-11-13T19:18:36Z
IGCI,,model_year_mpg.txt,1.5982290108308073,2025-11-13T19:18:36Z
IGCI,,weight_mpg.txt,-3.94760712053957,2025-11-13T19:18:37Z
IGCI,,BoilGravity_ABV_BrewMethod_All_Grain.txt,0.1796538676312256,2025-11-13T19:18:37Z
IGCI,,BoilGravity_Color_BrewMethod_All_Grain.txt,0.7849563684642931,2025-11-13T19:18:37Z
IGCI,,BoilGravity_IBU_BrewMethod_All_Grain.txt,2.946406967667423,2025-11-13T19:18:37Z
IGCI,,FG_ABV_BrewMethod_All_Grain.txt,-0.1056701228760381,2025-11-13T19:18:38Z
IGCI,,FG_Color_BrewMethod_All_Grain.txt,0.4996323779570293,2025-11-13T19:18:38Z
IGCI,,FG_IBU_BrewMethod_All_Grain.txt,2.6610829771601594,2025-11-13T19:18:39Z
IGCI,,OG_ABV_BrewMethod_All_Grain.txt,-0.0998355328743976,2025-11-13T19:18:39Z
IGCI,,OG_Color_BrewMethod_All_Grain.txt,0.5054669679586699,2025-11-13T19:18:39Z
IGCI,,OG_IBU_BrewMethod_All_Grain.txt,2.6669175671618,2025-11-13T19:18:40Z
IGCI,,E1_M_Q1_-1.txt,-1.9519242362949305,2025-11-13T19:18:40Z
IGCI,,E1_M_Q1_1.txt,-1.9328093063598644,2025-11-13T19:18:42Z
IGCI,,E1_M_Q2_-1.txt,-1.8346252434870056,2025-11-13T19:18:42Z
IGCI,,E1_M_Q2_1.txt,-1.9428972568001992,2025-11-13T19:18:43Z
IGCI,,E2_M_Q1_-1.txt,-1.8075059049886963,2025-11-13T19:18:44Z
IGCI,,E2_M_Q1_1.txt,-1.5945406756623708,2025-11-13T19:18:45Z
IGCI,,E2_M_Q2_-1.txt,-1.829694168231768,2025-11-13T19:18:46Z
IGCI,,E2_M_Q2_1.txt,-1.4779635793420225,2025-11-13T19:18:46Z
IGCI,,pt1_M_Q1_-1.txt,-1.5038663579524822,2025-11-13T19:18:47Z
IGCI,,pt1_M_Q1_1.txt,-1.0291467492513728,2025-11-13T19:18:48Z
IGCI,,pt1_M_Q2_-1.txt,-1.0156187449592124,2025-11-13T19:18:49Z
IGCI,,pt1_M_Q2_1.txt,-1.515271227188446,2025-11-13T19:18:50Z
IGCI,,pt2_M_Q1_-1.txt,-1.6344937036033524,2025-11-13T19:18:51Z
IGCI,,pt2_M_Q1_1.txt,-1.1841782166902295,2025-11-13T19:18:51Z
IGCI,,pt2_M_Q2_-1.txt,-1.1491827466439162,2025-11-13T19:18:52Z
IGCI,,pt2_M_Q2_1.txt,-1.6635296267714104,2025-11-13T19:18:53Z
IGCI,,CACH_PRP.txt,3.020321542344325,2025-11-13T19:18:53Z
IGCI,,CHMAX_PRP.txt,2.79904524466283,2025-11-13T19:18:53Z
IGCI,,CHMIN_PRP.txt,3.1975317225077,2025-11-13T19:18:53Z
IGCI,,MMAX_PRP.txt,2.966134096321415,2025-11-13T19:18:53Z
IGCI,,MMIN_PRP.txt,2.8301196805442173,2025-11-13T19:18:53Z
IGCI,,MYCT_PRP.txt,1.8917664019230165,2025-11-13T19:18:53Z
IGCI,,Age_Concrete_compressive_strength.txt,5.958373746129193,2025-11-13T19:18:53Z
IGCI,,Cement_Concrete_compressive_strength.txt,4.268990106739343,2025-11-13T19:18:53Z
IGCI,,Superplasticizer_Concrete_compressive_strength.txt,5.433487910503383,2025-11-13T19:18:53Z
IGCI,,Water_Concrete_compressive_strength.txt,4.873498052249914,2025-11-13T19:18:53Z
IGCI,,EN_A__tG.txt,4.86241708128286,2025-11-13T19:18:54Z
IGCI,,EN_A___ENR.txt,8.75832535325771,2025-11-13T19:18:54Z
IGCI,,EN_B__tG.txt,4.86241708128286,2025-11-13T19:18:54Z
IGCI,,EN_B___.txt,0.0120379460711976,2025-11-13T19:18:54Z
IGCI,,EN_B___ENR.txt,8.75832535325771,2025-11-13T19:18:54Z
IGCI,,l_A-O_____tG.txt,4.83190534336517,2025-11-13T19:18:54Z
IGCI,,l_A-O______ENR.txt,8.72781361534002,2025-11-13T19:18:54Z
IGCI,,l_B-O_____tG.txt,4.832814411259188,2025-11-13T19:18:54Z
IGCI,,l_B-O______.txt,-0.0175647239524749,2025-11-13T19:18:54Z
IGCI,,l_B-O______ENR.txt,8.728722683234038,2025-11-13T19:18:54Z
IGCI,,r_AVI_____tG.txt,4.865660226416688,2025-11-13T19:18:54Z
IGCI,,r_AVI______ENR.txt,8.761568498391538,2025-11-13T19:18:54Z
IGCI,,r_BVI_____tG.txt,4.849191459374151,2025-11-13T19:18:54Z
IGCI,,r_BVI______.txt,-0.001187675837512,2025-11-13T19:18:55Z
IGCI,,r_BVI______ENR.txt,8.745099731349,2025-11-13T19:18:55Z
IGCI,,allelectrons_Average_density_Average.txt,1.7769328435451408,2025-11-13T19:18:55Z
IGCI,,allelectrons_Average_density_Total.txt,3.5375148859676404,2025-11-13T19:18:55Z
IGCI,,allelectrons_Average_el_neg_chi_Average.txt,1.7196105894980036,2025-11-13T19:18:55Z
IGCI,,allelectrons_Average_Hardness.txt,-5.030685300800621,2025-11-13T19:18:55Z
IGCI,,allelectrons_Average_ionenergy_Average.txt,2.080623699870605,2025-11-13T19:18:55Z
IGCI,,allelectrons_Average_R_cov_element_Average.txt,0.8054997293903553,2025-11-13T19:18:55Z
IGCI,,allelectrons_Average_R_vdw_element_Average.txt,1.8343829765683308,2025-11-13T19:18:55Z
IGCI,,allelectrons_Total_density_Average.txt,2.3833925863249608,2025-11-13T19:18:55Z
IGCI,,allelectrons_Total_density_Total.txt,4.14397462874746,2025-11-13T19:18:55Z
IGCI,,atomicweight_Average_density_Average.txt,-0.2483088978330219,2025-11-13T19:18:55Z
IGCI,,atomicweight_Average_density_Total.txt,1.5122731445894777,2025-11-13T19:18:55Z
IGCI,,atomicweight_Average_el_neg_chi_Average.txt,-0.3056311518801591,2025-11-13T19:18:55Z
IGCI,,atomicweight_Average_Hardness.txt,-7.055927042178784,2025-11-13T19:18:55Z
IGCI,,atomicweight_Average_ionenergy_Average.txt,0.0553819584924424,2025-11-13T19:18:55Z
IGCI,,atomicweight_Average_R_cov_element_Average.txt,-1.2197420119878073,2025-11-13T19:18:55Z
IGCI,,atomicweight_Average_R_vdw_element_Average.txt,-0.1908587648098318,2025-11-13T19:18:55Z
IGCI,,el_neg_chi_Average_density_Average.txt,0.0573222540471372,2025-11-13T19:18:55Z
IGCI,,el_neg_chi_Average_Hardness.txt,-6.7502958902986245,2025-11-13T19:18:55Z
IGCI,,ionenergy_Average_density_Average.txt,-0.3036908563254643,2025-11-13T19:18:55Z
IGCI,,ionenergy_Average_Hardness.txt,-7.111309000671226,2025-11-13T19:18:55Z
IGCI,,R_cov_element_Average_density_Average.txt,0.9714331141547854,2025-11-13T19:18:55Z
IGCI,,R_cov_element_Average_Hardness.txt,-5.836185030190976,2025-11-13T19:18:55Z
IGCI,,R_vdw_element_Average_density_Average.txt,-0.05745013302319,2025-11-13T19:18:55Z
IGCI,,R_vdw_element_Average_Hardness.txt,-6.865068277368952,2025-11-13T19:18:55Z
IGCI,,val_e_Average_density_Average.txt,5.167183193938693,2025-11-13T19:18:56Z
IGCI,,val_e_Average_el_neg_chi_Average.txt,5.109860939891556,2025-11-13T19:18:56Z
IGCI,,val_e_Average_Hardness.txt,-1.6404349504070683,2025-11-13T19:18:56Z
IGCI,,val_e_Average_ionenergy_Average.txt,5.4708740502641575,2025-11-13T19:18:56Z
IGCI,,val_e_Average_R_cov_element_Average.txt,4.195750079783908,2025-11-13T19:18:56Z
IGCI,,val_e_Average_R_vdw_element_Average.txt,5.224633326961883,2025-11-13T19:18:56Z
IGCI,,entropy_atomic_mass_critical_temp.txt,-0.1367979148103124,2025-11-13T19:18:56Z
IGCI,,entropy_atomic_radius_critical_temp.txt,-0.1911811908101945,2025-11-13T19:18:56Z
IGCI,,entropy_Density_critical_temp.txt,-0.1336100010363488,2025-11-13T19:18:56Z
IGCI,,entropy_ElectronAffinity_critical_temp.txt,0.2100568761737165,2025-11-13T19:18:56Z
IGCI,,entropy_fie_critical_temp.txt,-0.3475378961568314,2025-11-13T19:18:57Z
IGCI,,entropy_FusionHeat_critical_temp.txt,-0.0271815327605384,2025-11-13T19:18:57Z
IGCI,,entropy_Valence_critical_temp.txt,1.195514311022329,2025-11-13T19:18:57Z
IGCI,,gmean_atomic_mass_critical_temp.txt,-0.1533886293544561,2025-11-13T19:18:58Z
IGCI,,gmean_atomic_radius_critical_temp.txt,-0.1181821665225495,2025-11-13T19:18:58Z
IGCI,,gmean_Density_critical_temp.txt,-0.1918104558016864,2025-11-13T19:18:58Z
IGCI,,gmean_ElectronAffinity_critical_temp.txt,0.1128881701070181,2025-11-13T19:18:58Z
IGCI,,gmean_FusionHeat_critical_temp.txt,-0.1869707994257439,2025-11-13T19:18:58Z
IGCI,,gmean_ThermalConductivity_critical_temp.txt,0.0520573330506763,2025-11-13T19:18:59Z
IGCI,,gmean_Valence_critical_temp.txt,1.225084706692286,2025-11-13T19:18:59Z
IGCI,,mean_atomic_mass_critical_temp.txt,-0.1498878142369015,2025-11-13T19:18:59Z
IGCI,,mean_atomic_radius_critical_temp.txt,0.9512922696209928,2025-11-13T19:18:59Z
IGCI,,mean_Density_critical_temp.txt,-0.1414314719525542,2025-11-13T19:19:00Z
IGCI,,mean_ElectronAffinity_critical_temp.txt,0.2822034213113102,2025-11-13T19:19:00Z
IGCI,,mean_fie_critical_temp.txt,-0.0192019598179342,2025-11-13T19:19:00Z
IGCI,,mean_FusionHeat_critical_temp.txt,0.1113014893784178,2025-11-13T19:19:00Z
IGCI,,mean_ThermalConductivity_critical_temp.txt,0.4696152407768981,2025-11-13T19:19:00Z
IGCI,,mean_Valence_critical_temp.txt,1.2837261061252736,2025-11-13T19:19:00Z
IGCI,,range_atomic_mass_critical_temp.txt,0.9209076145095167,2025-11-13T19:19:01Z
IGCI,,range_atomic_radius_critical_temp.txt,1.2472903007810991,2025-11-13T19:19:01Z
IGCI,,range_Density_critical_temp.txt,0.9788611859285066,2025-11-13T19:19:01Z
IGCI,,range_ElectronAffinity_critical_temp.txt,1.072081890732493,2025-11-13T19:19:01Z
IGCI,,range_fie_critical_temp.txt,0.9742514977474812,2025-11-13T19:19:02Z
IGCI,,range_FusionHeat_critical_temp.txt,1.0871351428240104,2025-11-13T19:19:02Z
IGCI,,range_ThermalConductivity_critical_temp.txt,1.1403999249385013,2025-11-13T19:19:02Z
IGCI,,std_atomic_mass_critical_temp.txt,-0.0927784037014696,2025-11-13T19:19:02Z
IGCI,,std_atomic_radius_critical_temp.txt,0.2442606741477533,2025-11-13T19:19:02Z
IGCI,,std_Density_critical_temp.txt,-0.0973005324844624,2025-11-13T19:19:02Z
IGCI,,std_ElectronAffinity_critical_temp.txt,0.2116035157106015,2025-11-13T19:19:03Z
IGCI,,std_fie_critical_temp.txt,-0.0506788055453935,2025-11-13T19:19:03Z
IGCI,,std_FusionHeat_critical_temp.txt,-0.001542691833265,2025-11-13T19:19:03Z
IGCI,,std_ThermalConductivity_critical_temp.txt,0.2577288382106655,2025-11-13T19:19:03Z
IGCI,,std_Valence_critical_temp.txt,1.2645379288429393,2025-11-13T19:19:04Z
IGCI,,wtd_entropy_atomic_mass_critical_temp.txt,-6.167816300703997,2025-11-13T19:19:04Z
IGCI,,wtd_entropy_atomic_radius_critical_temp.txt,-6.105033560007202,2025-11-13T19:19:04Z
IGCI,,wtd_entropy_Density_critical_temp.txt,-6.2997577267513005,2025-11-13T19:19:04Z
IGCI,,wtd_entropy_ElectronAffinity_critical_temp.txt,-5.786442755234484,2025-11-13T19:19:05Z
IGCI,,wtd_entropy_fie_critical_temp.txt,-6.353408101217606,2025-11-13T19:19:05Z
IGCI,,wtd_entropy_FusionHeat_critical_temp.txt,-6.02306255996779,2025-11-13T19:19:05Z
IGCI,,wtd_entropy_Valence_critical_temp.txt,-3.9415939034655976,2025-11-13T19:19:06Z
IGCI,,wtd_gmean_atomic_mass_critical_temp.txt,-6.771203266086231,2025-11-13T19:19:06Z
IGCI,,wtd_gmean_atomic_radius_critical_temp.txt,-6.684419657237787,2025-11-13T19:19:06Z
IGCI,,wtd_gmean_Density_critical_temp.txt,-7.668595816299347,2025-11-13T19:19:06Z
IGCI,,wtd_gmean_ElectronAffinity_critical_temp.txt,-5.9095061923158,2025-11-13T19:19:07Z
IGCI,,wtd_gmean_fie_critical_temp.txt,-6.806486876191779,2025-11-13T19:19:07Z
IGCI,,wtd_gmean_FusionHeat_critical_temp.txt,-7.337865133483134,2025-11-13T19:19:07Z
IGCI,,wtd_gmean_ThermalConductivity_critical_temp.txt,-7.217152675388688,2025-11-13T19:19:08Z
IGCI,,wtd_gmean_Valence_critical_temp.txt,-2.7437790015569554,2025-11-13T19:19:08Z
IGCI,,wtd_mean_atomic_mass_critical_temp.txt,-6.543080020985457,2025-11-13T19:19:08Z
IGCI,,wtd_mean_atomic_radius_critical_temp.txt,-5.1665569548140144,2025-11-13T19:19:08Z
IGCI,,wtd_mean_Density_critical_temp.txt,-6.788027632114466,2025-11-13T19:19:08Z
IGCI,,wtd_mean_ElectronAffinity_critical_temp.txt,-5.873724577135157,2025-11-13T19:19:08Z
IGCI,,wtd_mean_fie_critical_temp.txt,-6.709092924595184,2025-11-13T19:19:08Z
IGCI,,wtd_mean_FusionHeat_critical_temp.txt,-6.573354156763078,2025-11-13T19:19:09Z
IGCI,,wtd_mean_ThermalConductivity_critical_temp.txt,-5.578806651900064,2025-11-13T19:19:09Z
IGCI,,wtd_mean_Valence_critical_temp.txt,-1.4243702407187753,2025-11-13T19:19:09Z
IGCI,,wtd_range_atomic_mass_critical_temp.txt,-5.230266146613628,2025-11-13T19:19:09Z
IGCI,,wtd_range_atomic_radius_critical_temp.txt,-4.381270443646755,2025-11-13T19:19:09Z
IGCI,,wtd_range_Density_critical_temp.txt,-3.4430822587137584,2025-11-13T19:19:09Z
IGCI,,wtd_range_ElectronAffinity_critical_temp.txt,-4.287194192364988,2025-11-13T19:19:09Z
IGCI,,wtd_range_fie_critical_temp.txt,-4.850103803941914,2025-11-13T19:19:10Z
IGCI,,wtd_range_FusionHeat_critical_temp.txt,-3.906208029529601,2025-11-13T19:19:10Z
IGCI,,wtd_range_ThermalConductivity_critical_temp.txt,-2.766521053289062,2025-11-13T19:19:10Z
IGCI,,wtd_range_Valence_critical_temp.txt,-1.5947508660725802,2025-11-13T19:19:10Z
IGCI,,wtd_std_atomic_mass_critical_temp.txt,-6.303195722131396,2025-11-13T19:19:10Z
IGCI,,wtd_std_atomic_radius_critical_temp.txt,-5.825024167957406,2025-11-13T19:19:10Z
IGCI,,wtd_std_Density_critical_temp.txt,-6.541407370569754,2025-11-13T19:19:11Z
IGCI,,wtd_std_ElectronAffinity_critical_temp.txt,-5.777258717729459,2025-11-13T19:19:11Z
IGCI,,wtd_std_fie_critical_temp.txt,-6.4265436291033495,2025-11-13T19:19:11Z
IGCI,,wtd_std_FusionHeat_critical_temp.txt,-6.666364400457243,2025-11-13T19:19:11Z
IGCI,,wtd_std_ThermalConductivity_critical_temp.txt,-5.7353136723607845,2025-11-13T19:19:11Z
IGCI,,wtd_std_Valence_critical_temp.txt,-2.117130538354588,2025-11-13T19:19:11Z
ROCHE,,Energy_use__GJ__Emissions__kt_.txt,9.284698951387115,2025-11-24T22:58:46Z
ROCHE,,altitude_precipitation__yearly_value_averaged_over_1961-1990_.txt,0.6289628510839576,2025-11-24T22:59:06Z
ROCHE,,altitude_temperature__average_over_1961-1990_.txt,4.642199738472499,2025-11-24T22:59:26Z
ROCHE,,latitude_temperature__averaged_over_1961-1990_.txt,0.40138736462580993,2025-11-24T22:59:47Z
ROCHE,,longitude_precipitation__yearly_value_averaged_over_1961-1990_.txt,-4.848494131460961,2025-11-24T23:00:07Z
ROCHE,,longitude_temperature__averaged_over_1961-1990_.txt,0.2820597463278529,2025-11-24T23:00:28Z
ROCHE,,Acreage_Yield.txt,-5.628053363084939,2025-11-24T23:00:48Z
ROCHE,,Temperature__C__Growth_Days.txt,-1.0298536522987265,2025-11-24T23:02:26Z
ROCHE,,soil_moisture_454.txt,5.1343162381728344,2025-11-24T23:02:53Z
ROCHE,,soil_moisture_458.txt,5.785203386100083,2025-11-24T23:03:21Z
ROCHE,,soil_moisture_462.txt,6.051430139415212,2025-11-24T23:03:49Z
ROCHE,,soil_moisture_466.txt,6.076593357992731,2025-11-24T23:04:17Z
ROCHE,,soil_moisture_470.txt,6.08537158489477,2025-11-24T23:04:44Z
ROCHE,,soil_moisture_474.txt,6.071195124792441,2025-11-24T23:05:11Z
ROCHE,,soil_moisture_478.txt,6.010168442666256,2025-11-24T23:05:39Z
ROCHE,,soil_moisture_482.txt,5.993003927228337,2025-11-24T23:06:07Z
ROCHE,,soil_moisture_486.txt,5.961257075002678,2025-11-24T23:06:35Z
ROCHE,,soil_moisture_490.txt,5.935654616524292,2025-11-24T23:07:02Z
ROCHE,,soil_moisture_494.txt,5.911135427307341,2025-11-24T23:07:29Z
ROCHE,,soil_moisture_498.txt,5.883580978563015,2025-11-24T23:07:58Z
ROCHE,,soil_moisture_502.txt,5.850708341226383,2025-11-24T23:08:26Z
ROCHE,,soil_moisture_506.txt,5.837761907592875,2025-11-24T23:08:53Z
ROCHE,,soil_moisture_510.txt,5.7851604075987595,2025-11-24T23:09:20Z
ROCHE,,soil_moisture_514.txt,5.743390173657323,2025-11-24T23:09:49Z
ROCHE,,soil_moisture_518.txt,5.708108413596472,2025-11-24T23:10:16Z
ROCHE,,soil_moisture_522.txt,5.681393188990366,2025-11-24T23:10:44Z
ROCHE,,soil_moisture_526.txt,5.647817874117234,2025-11-24T23:11:11Z
ROCHE,,soil_moisture_530.txt,5.6247922688599195,2025-11-24T23:11:39Z
ROCHE,,soil_moisture_534.txt,5.570610676054326,2025-11-24T23:12:07Z
ROCHE,,soil_moisture_538.txt,5.535289559459699,2025-11-24T23:12:34Z
ROCHE,,soil_moisture_542.txt,5.5154214175769045,2025-11-24T23:13:02Z
ROCHE,,soil_moisture_546.txt,5.478724651273376,2025-11-24T23:13:28Z
ROCHE,,soil_moisture_550.txt,5.462680871384469,2025-11-24T23:13:55Z
ROCHE,,soil_moisture_554.txt,5.441436652097493,2025-11-24T23:14:23Z
ROCHE,,soil_moisture_558.txt,5.41918704069634,2025-11-24T23:14:51Z
ROCHE,,soil_moisture_562.txt,5.391382653702308,2025-11-24T23:15:17Z
ROCHE,,soil_moisture_566.txt,5.375984717792024,2025-11-24T23:15:44Z
ROCHE,,soil_moisture_570.txt,5.358629710046246,2025-11-24T23:16:10Z
ROCHE,,soil_moisture_574.txt,5.340316791257442,2025-11-24T23:16:37Z
ROCHE,,soil_moisture_578.txt,5.321303043792492,2025-11-24T23:17:04Z
ROCHE,,soil_moisture_582.txt,5.301296635338044,2025-11-24T23:17:30Z
ROCHE,,soil_moisture_586.txt,5.288802513956003,2025-11-24T23:17:56Z
ROCHE,,soil_moisture_590.txt,5.275615030674989,2025-11-24T23:18:22Z
ROCHE,,soil_moisture_594.txt,5.262130535605797,2025-11-24T23:18:49Z
ROCHE,,soil_moisture_598.txt,5.252123186164839,2025-11-24T23:19:16Z
ROCHE,,soil_moisture_602.txt,5.245409035200562,2025-11-24T23:19:42Z
ROCHE,,soil_moisture_606.txt,5.2400044262973715,2025-11-24T23:20:08Z
ROCHE,,soil_moisture_610.txt,5.219522493266226,2025-11-24T23:20:34Z
ROCHE,,soil_moisture_614.txt,5.210165871263718,2025-11-24T23:21:01Z
ROCHE,,soil_moisture_618.txt,5.193894859065118,2025-11-24T23:21:28Z
ROCHE,,soil_moisture_622.txt,5.177539157540048,2025-11-24T23:21:54Z
ROCHE,,soil_moisture_626.txt,5.161899164180841,2025-11-24T23:22:21Z
ROCHE,,soil_moisture_630.txt,5.152978457764302,2025-11-24T23:22:48Z
ROCHE,,soil_moisture_634.txt,5.14337002599764,2025-11-24T23:23:15Z
ROCHE,,soil_moisture_638.txt,5.134366201922574,2025-11-24T23:23:41Z
ROCHE,,soil_moisture_642.txt,5.116076363929919,2025-11-24T23:24:08Z
ROCHE,,soil_moisture_646.txt,5.09289536923508,2025-11-24T23:24:35Z
ROCHE,,soil_moisture_650.txt,5.074472227532919,2025-11-24T23:25:01Z
ROCHE,,soil_moisture_654.txt,5.062864907110984,2025-11-24T23:25:28Z
ROCHE,,soil_moisture_658.txt,5.052432705153183,2025-11-24T23:25:55Z
ROCHE,,soil_moisture_662.txt,5.0366379910917605,2025-11-24T23:26:21Z
ROCHE,,soil_moisture_666.txt,5.022593957050674,2025-11-24T23:26:47Z
ROCHE,,soil_moisture_670.txt,5.010284957675241,2025-11-24T23:27:13Z
ROCHE,,soil_moisture_674.txt,4.992668165249676,2025-11-24T23:27:40Z
ROCHE,,soil_moisture_678.txt,4.974658900144902,2025-11-24T23:28:06Z
ROCHE,,soil_moisture_682.txt,4.9634104273799515,2025-11-24T23:28:33Z
ROCHE,,soil_moisture_686.txt,4.955439438703386,2025-11-24T23:28:59Z
ROCHE,,soil_moisture_690.txt,4.952170008734457,2025-11-24T23:29:26Z
ROCHE,,soil_moisture_694.txt,4.948952106130375,2025-11-24T23:29:52Z
ROCHE,,soil_moisture_698.txt,4.9603087423702075,2025-11-24T23:30:18Z
ROCHE,,soil_moisture_702.txt,4.959670947175385,2025-11-24T23:30:45Z
ROCHE,,soil_moisture_706.txt,4.9627003388888795,2025-11-24T23:31:11Z
ROCHE,,soil_moisture_710.txt,4.9571643411938044,2025-11-24T23:31:38Z
ROCHE,,soil_moisture_714.txt,4.965790247151951,2025-11-24T23:32:04Z
ROCHE,,soil_moisture_718.txt,4.965339008654933,2025-11-24T23:32:30Z
ROCHE,,soil_moisture_722.txt,4.971076386121944,2025-11-24T23:32:56Z
ROCHE,,soil_moisture_726.txt,4.975606537935474,2025-11-24T23:33:23Z
ROCHE,,soil_moisture_730.txt,4.982884275332625,2025-11-24T23:33:49Z
ROCHE,,soil_moisture_734.txt,4.983638841578288,2025-11-24T23:34:16Z
ROCHE,,soil_moisture_738.txt,4.998572029967877,2025-11-24T23:34:42Z
ROCHE,,soil_moisture_742.txt,4.9876208551089185,2025-11-24T23:35:08Z
ROCHE,,soil_moisture_746.txt,4.985267079899611,2025-11-24T23:35:35Z
ROCHE,,soil_moisture_750.txt,4.982264249250669,2025-11-24T23:36:01Z
ROCHE,,soil_moisture_754.txt,4.973958085323756,2025-11-24T23:36:28Z
ROCHE,,soil_moisture_758.txt,4.965693805680404,2025-11-24T23:36:55Z
ROCHE,,soil_moisture_762.txt,4.956848573224351,2025-11-24T23:37:22Z
ROCHE,,soil_moisture_766.txt,4.94392277856855,2025-11-24T23:37:48Z
ROCHE,,soil_moisture_770.txt,4.942380727626709,2025-11-24T23:38:14Z
ROCHE,,soil_moisture_774.txt,4.93621713845235,2025-11-24T23:38:40Z
ROCHE,,soil_moisture_778.txt,4.939378013863498,2025-11-24T23:39:06Z
ROCHE,,soil_moisture_782.txt,4.93358287830576,2025-11-24T23:39:33Z
ROCHE,,soil_moisture_786.txt,4.931802265753442,2025-11-24T23:39:59Z
ROCHE,,soil_moisture_790.txt,4.929425240932763,2025-11-24T23:40:25Z
ROCHE,,soil_moisture_794.txt,4.936203303906742,2025-11-24T23:40:52Z
ROCHE,,soil_moisture_798.txt,4.940688456232195,2025-11-24T23:41:19Z
ROCHE,,soil_moisture_802.txt,4.948485887839665,2025-11-24T23:41:45Z
ROCHE,,soil_moisture_806.txt,4.940564627940073,2025-11-24T23:42:12Z
ROCHE,,soil_moisture_810.txt,4.934981715327037,2025-11-24T23:42:38Z
ROCHE,,soil_moisture_814.txt,4.930252192214464,2025-11-24T23:43:04Z
ROCHE,,soil_moisture_818.txt,4.930507524521915,2025-11-24T23:43:31Z
ROCHE,,soil_moisture_822.txt,4.923793146080325,2025-11-24T23:43:57Z
ROCHE,,soil_moisture_826.txt,4.92082357504128,2025-11-24T23:44:23Z
ROCHE,,soil_moisture_830.txt,4.926771337928819,2025-11-24T23:44:50Z
ROCHE,,soil_moisture_834.txt,4.929018256511265,2025-11-24T23:45:16Z
ROCHE,,soil_moisture_838.txt,4.933623492478908,2025-11-24T23:45:42Z
ROCHE,,soil_moisture_842.txt,4.9318154620596975,2025-11-24T23:46:09Z
ROCHE,,soil_moisture_846.txt,4.930506132980103,2025-11-24T23:46:35Z
ROCHE,,soil_moisture_850.txt,4.924797471059942,2025-11-24T23:47:02Z
ROCHE,,soil_moisture_854.txt,4.932362601813268,2025-11-24T23:47:28Z
ROCHE,,soil_moisture_858.txt,4.932194819703005,2025-11-24T23:47:55Z
ROCHE,,soil_moisture_862.txt,4.930673704418407,2025-11-24T23:48:22Z
ROCHE,,soil_moisture_866.txt,4.932731201160584,2025-11-24T23:48:48Z
ROCHE,,soil_moisture_870.txt,4.941796050353575,2025-11-24T23:49:15Z
ROCHE,,soil_moisture_874.txt,4.944417272063914,2025-11-24T23:49:42Z
ROCHE,,soil_moisture_878.txt,4.9425676579804705,2025-11-24T23:50:08Z
ROCHE,,soil_moisture_882.txt,4.94640886686195,2025-11-24T23:50:34Z
ROCHE,,soil_moisture_886.txt,4.943262419452068,2025-11-24T23:51:01Z
ROCHE,,soil_moisture_890.txt,4.948163258951681,2025-11-24T23:51:27Z
ROCHE,,soil_moisture_894.txt,4.94628838569578,2025-11-24T23:51:54Z
ROCHE,,soil_moisture_898.txt,4.948636048413765,2025-11-24T23:52:20Z
ROCHE,,soil_moisture_902.txt,4.951039716354516,2025-11-24T23:52:47Z
ROCHE,,soil_moisture_906.txt,4.95310411534434,2025-11-24T23:53:13Z
ROCHE,,soil_moisture_910.txt,4.955540025705707,2025-11-24T23:53:40Z
ROCHE,,soil_moisture_914.txt,4.956246450167318,2025-11-24T23:54:06Z
ROCHE,,soil_moisture_918.txt,4.960745564925952,2025-11-24T23:54:32Z
ROCHE,,soil_moisture_922.txt,4.951232450499314,2025-11-24T23:54:58Z
ROCHE,,soil_moisture_926.txt,4.943164002436123,2025-11-24T23:55:25Z
ROCHE,,soil_moisture_930.txt,4.934883810021254,2025-11-24T23:55:51Z
ROCHE,,soil_moisture_934.txt,4.9163587782094265,2025-11-24T23:56:16Z
ROCHE,,soil_moisture_938.txt,4.900372374933225,2025-11-24T23:56:43Z
ROCHE,,soil_moisture_942.txt,4.886619246342864,2025-11-24T23:57:09Z
ROCHE,,soil_moisture_946.txt,4.8705620610909,2025-11-24T23:57:36Z
ROCHE,,soil_moisture_950.txt,4.854369333971146,2025-11-24T23:58:02Z
ROCHE,,soil_temperature_454.txt,5.2147806026857655,2025-11-24T23:58:28Z
ROCHE,,soil_temperature_458.txt,5.748494010577946,2025-11-24T23:58:55Z
ROCHE,,soil_temperature_462.txt,5.942713587340906,2025-11-24T23:59:22Z
ROCHE,,soil_temperature_466.txt,6.02031385737215,2025-11-24T23:59:48Z
ROCHE,,soil_temperature_470.txt,6.032081567903968,2025-11-25T00:00:15Z
ROCHE,,soil_temperature_474.txt,6.043524677020644,2025-11-25T00:00:41Z
ROCHE,,soil_temperature_478.txt,6.046145910487313,2025-11-25T00:01:08Z
ROCHE,,soil_temperature_482.txt,6.043205812186796,2025-11-25T00:01:35Z
ROCHE,,soil_temperature_486.txt,6.021344728408131,2025-11-25T00:02:01Z
ROCHE,,soil_temperature_490.txt,6.019695093121074,2025-11-25T00:02:27Z
ROCHE,,soil_temperature_494.txt,5.9911800964717115,2025-11-25T00:02:53Z
ROCHE,,soil_temperature_498.txt,5.96362021761532,2025-11-25T00:03:20Z
ROCHE,,soil_temperature_502.txt,5.9415546795640015,2025-11-25T00:03:46Z
ROCHE,,soil_temperature_506.txt,5.910952415130879,2025-11-25T00:04:13Z
ROCHE,,soil_temperature_510.txt,5.884181638883384,2025-11-25T00:04:39Z
ROCHE,,soil_temperature_514.txt,5.864198181141734,2025-11-25T00:05:06Z
ROCHE,,soil_temperature_518.txt,5.851284807521097,2025-11-25T00:05:32Z
ROCHE,,soil_temperature_522.txt,5.846170299950247,2025-11-25T00:05:58Z
ROCHE,,soil_temperature_526.txt,5.741663751507506,2025-11-25T00:06:25Z
ROCHE,,soil_temperature_530.txt,5.728213562161372,2025-11-25T00:06:51Z
ROCHE,,soil_temperature_534.txt,5.704714074262146,2025-11-25T00:07:18Z
ROCHE,,soil_temperature_538.txt,5.694500520670086,2025-11-25T00:07:44Z
ROCHE,,soil_temperature_542.txt,5.678668926015591,2025-11-25T00:08:10Z
ROCHE,,soil_temperature_546.txt,5.668266160020062,2025-11-25T00:08:36Z
ROCHE,,soil_temperature_550.txt,5.640987880746392,2025-11-25T00:09:03Z
ROCHE,,soil_temperature_554.txt,5.591287081676951,2025-11-25T00:09:29Z
ROCHE,,soil_temperature_558.txt,5.545001564895346,2025-11-25T00:09:56Z
ROCHE,,soil_temperature_562.txt,5.509153086257994,2025-11-25T00:10:22Z
ROCHE,,soil_temperature_566.txt,5.473771393187706,2025-11-25T00:10:49Z
ROCHE,,soil_temperature_570.txt,5.44700042290995,2025-11-25T00:11:15Z
ROCHE,,soil_temperature_574.txt,5.429378911304074,2025-11-25T00:11:42Z
ROCHE,,soil_temperature_578.txt,5.403094763656226,2025-11-25T00:12:09Z
ROCHE,,soil_temperature_582.txt,5.3880051398964754,2025-11-25T00:12:36Z
ROCHE,,soil_temperature_586.txt,5.366628621606409,2025-11-25T00:13:03Z
ROCHE,,soil_temperature_590.txt,5.342208215515191,2025-11-25T00:13:29Z
ROCHE,,soil_temperature_594.txt,5.329727755486629,2025-11-25T00:13:56Z
ROCHE,,soil_temperature_598.txt,5.311101835265541,2025-11-25T00:14:23Z
ROCHE,,soil_temperature_602.txt,5.3013488121484365,2025-11-25T00:14:49Z
ROCHE,,soil_temperature_606.txt,5.297385235731712,2025-11-25T00:15:15Z
ROCHE,,soil_temperature_610.txt,5.281078120666505,2025-11-25T00:15:42Z
ROCHE,,soil_temperature_614.txt,5.273887282873563,2025-11-25T00:16:08Z
ROCHE,,soil_temperature_618.txt,5.25563447901682,2025-11-25T00:16:35Z
ROCHE,,soil_temperature_622.txt,5.251579392694052,2025-11-25T00:17:02Z
ROCHE,,soil_temperature_626.txt,5.253098892828929,2025-11-25T00:17:28Z
ROCHE,,soil_temperature_630.txt,5.25215240617868,2025-11-25T00:17:54Z
ROCHE,,soil_temperature_634.txt,5.241863422930827,2025-11-25T00:18:20Z
ROCHE,,soil_temperature_638.txt,5.242366394337214,2025-11-25T00:18:47Z
ROCHE,,soil_temperature_642.txt,5.271098976519159,2025-11-25T00:19:13Z
ROCHE,,soil_temperature_646.txt,5.277349116513006,2025-11-25T00:19:40Z
ROCHE,,soil_temperature_650.txt,5.26737210504621,2025-11-25T00:20:06Z
ROCHE,,soil_temperature_654.txt,5.2590756505723615,2025-11-25T00:20:32Z
ROCHE,,soil_temperature_658.txt,5.246358501061584,2025-11-25T00:20:58Z
ROCHE,,soil_temperature_662.txt,5.236656972588411,2025-11-25T00:21:25Z
ROCHE,,soil_temperature_666.txt,5.211767152885351,2025-11-25T00:21:51Z
ROCHE,,soil_temperature_670.txt,5.193762191096979,2025-11-25T00:22:17Z
ROCHE,,soil_temperature_674.txt,5.171187747577088,2025-11-25T00:22:44Z
ROCHE,,soil_temperature_678.txt,5.1566959370747565,2025-11-25T00:23:11Z
ROCHE,,soil_temperature_682.txt,5.142317751841928,2025-11-25T00:23:37Z
ROCHE,,soil_temperature_686.txt,5.134512638404891,2025-11-25T00:24:03Z
ROCHE,,soil_temperature_690.txt,5.140547838568536,2025-11-25T00:24:30Z
ROCHE,,soil_temperature_694.txt,5.158081279033775,2025-11-25T00:24:57Z
ROCHE,,soil_temperature_698.txt,5.163388511046232,2025-11-25T00:25:24Z
ROCHE,,soil_temperature_702.txt,5.159069539981791,2025-11-25T00:25:50Z
ROCHE,,soil_temperature_706.txt,5.1541120225827886,2025-11-25T00:26:16Z
ROCHE,,soil_temperature_710.txt,5.13711120533876,2025-11-25T00:26:42Z
ROCHE,,soil_temperature_714.txt,5.100522835972924,2025-11-25T00:27:09Z
ROCHE,,soil_temperature_718.txt,5.025749533854948,2025-11-25T00:27:35Z
ROCHE,,soil_temperature_722.txt,4.994023614484062,2025-11-25T00:28:02Z
ROCHE,,soil_temperature_726.txt,4.980643799305142,2025-11-25T00:28:28Z
ROCHE,,soil_temperature_730.txt,4.962210807141714,2025-11-25T00:28:55Z
ROCHE,,soil_temperature_734.txt,4.952327905507582,2025-11-25T00:29:22Z
ROCHE,,soil_temperature_738.txt,4.946840330924108,2025-11-25T00:29:48Z
ROCHE,,soil_temperature_742.txt,4.93880076218103,2025-11-25T00:30:14Z
ROCHE,,soil_temperature_746.txt,4.936557537817549,2025-11-25T00:30:40Z
ROCHE,,soil_temperature_750.txt,4.9321137998704945,2025-11-25T00:31:07Z
ROCHE,,soil_temperature_754.txt,4.924570010778495,2025-11-25T00:31:34Z
ROCHE,,soil_temperature_758.txt,4.921034117333525,2025-11-25T00:32:00Z
ROCHE,,soil_temperature_762.txt,4.918484211947371,2025-11-25T00:32:26Z
ROCHE,,soil_temperature_766.txt,4.90195189581397,2025-11-25T00:32:52Z
ROCHE,,soil_temperature_770.txt,4.893629654602813,2025-11-25T00:33:18Z
ROCHE,,soil_temperature_774.txt,4.894205793088887,2025-11-25T00:33:45Z
ROCHE,,soil_temperature_778.txt,4.899629760701003,2025-11-25T00:34:11Z
ROCHE,,soil_temperature_782.txt,4.896494135055386,2025-11-25T00:34:38Z
ROCHE,,soil_temperature_786.txt,4.897771215633012,2025-11-25T00:35:04Z
ROCHE,,soil_temperature_790.txt,4.896238560006832,2025-11-25T00:35:31Z
ROCHE,,soil_temperature_794.txt,4.898257547842281,2025-11-25T00:35:58Z
ROCHE,,soil_temperature_798.txt,4.8960260564541125,2025-11-25T00:36:25Z
ROCHE,,soil_temperature_802.txt,4.9002654724786066,2025-11-25T00:36:51Z
ROCHE,,soil_temperature_806.txt,4.897232698909914,2025-11-25T00:37:18Z
ROCHE,,soil_temperature_810.txt,4.893700572664171,2025-11-25T00:37:44Z
ROCHE,,soil_temperature_814.txt,4.89350063259341,2025-11-25T00:38:10Z
ROCHE,,soil_temperature_818.txt,4.896421339192562,2025-11-25T00:38:36Z
ROCHE,,soil_temperature_822.txt,4.893626138354172,2025-11-25T00:39:03Z
ROCHE,,soil_temperature_826.txt,4.895338625553974,2025-11-25T00:39:30Z
ROCHE,,soil_temperature_830.txt,4.898593079144937,2025-11-25T00:39:56Z
ROCHE,,soil_temperature_834.txt,4.9029155885146825,2025-11-25T00:40:22Z
ROCHE,,soil_temperature_838.txt,4.905093375775594,2025-11-25T00:40:49Z
ROCHE,,soil_temperature_842.txt,4.91263615735477,2025-11-25T00:41:16Z
ROCHE,,soil_temperature_846.txt,4.918086432292848,2025-11-25T00:41:42Z
ROCHE,,soil_temperature_850.txt,4.92394106973078,2025-11-25T00:42:08Z
ROCHE,,soil_temperature_854.txt,4.925075859078389,2025-11-25T00:42:35Z
ROCHE,,soil_temperature_858.txt,4.927302134264467,2025-11-25T00:43:01Z
ROCHE,,soil_temperature_862.txt,4.925618356292251,2025-11-25T00:43:28Z
ROCHE,,soil_temperature_866.txt,4.932637878023491,2025-11-25T00:43:54Z
ROCHE,,soil_temperature_870.txt,4.93395725651953,2025-11-25T00:44:20Z
ROCHE,,soil_temperature_874.txt,4.934307218747733,2025-11-25T00:44:47Z
ROCHE,,soil_temperature_878.txt,4.934500848714511,2025-11-25T00:45:13Z
ROCHE,,soil_temperature_882.txt,4.931411476156088,2025-11-25T00:45:40Z
ROCHE,,soil_temperature_886.txt,4.931608428876869,2025-11-25T00:46:06Z
ROCHE,,soil_temperature_890.txt,4.931078949356744,2025-11-25T00:46:32Z
ROCHE,,soil_temperature_894.txt,4.929220091423026,2025-11-25T00:46:59Z
ROCHE,,soil_temperature_898.txt,4.93198189122908,2025-11-25T00:47:26Z
ROCHE,,soil_temperature_902.txt,4.932679274214911,2025-11-25T00:47:53Z
ROCHE,,soil_temperature_906.txt,4.9343378847219554,2025-11-25T00:48:19Z
ROCHE,,soil_temperature_910.txt,4.934106185661836,2025-11-25T00:48:46Z
ROCHE,,soil_temperature_914.txt,4.9327349846118,2025-11-25T00:49:13Z
ROCHE,,soil_temperature_918.txt,4.934361433650316,2025-11-25T00:49:40Z
ROCHE,,soil_temperature_922.txt,4.931433292686457,2025-11-25T00:50:06Z
ROCHE,,soil_temperature_926.txt,4.937592559792327,2025-11-25T00:50:32Z
ROCHE,,soil_temperature_930.txt,4.927112912977316,2025-11-25T00:50:58Z
ROCHE,,soil_temperature_934.txt,4.914625944026122,2025-11-25T00:51:24Z
ROCHE,,soil_temperature_938.txt,4.913817857711506,2025-11-25T00:51:51Z
ROCHE,,soil_temperature_942.txt,4.911775636644985,2025-11-25T00:52:17Z
ROCHE,,soil_temperature_946.txt,4.901636020408937,2025-11-25T00:52:44Z
ROCHE,,soil_temperature_950.txt,4.913651771564206,2025-11-25T00:53:10Z
ROCHE,,SLAT_ELAT.txt,-0.0317468120629516,2025-11-25T00:57:25Z
ROCHE,,SLON_ELON.txt,0.12571428253399505,2025-11-25T01:01:40Z
ROCHE,,aspectE_CULTIR_LAND.txt,-3.2138565545770685,2025-11-25T01:03:11Z
ROCHE,,aspectE_CULTRF_LAND.txt,-5.854446014535502,2025-11-25T01:04:42Z
ROCHE,,aspectE_CULT_LAND.txt,-5.914029758356737,2025-11-25T01:06:12Z
ROCHE,,aspectE_FOR_LAND.txt,-5.9690247649800074,2025-11-25T01:07:43Z
ROCHE,,aspectE_GRS_LAND.txt,-5.522704613539287,2025-11-25T01:09:13Z
ROCHE,,aspectN_CULTIR_LAND.txt,-3.298949244854624,2025-11-25T01:10:44Z
ROCHE,,aspectN_CULTRF_LAND.txt,-5.92486780234262,2025-11-25T01:12:14Z
ROCHE,,aspectN_CULT_LAND.txt,-5.979557131804418,2025-11-25T01:13:44Z
ROCHE,,aspectN_FOR_LAND.txt,-6.017196609798347,2025-11-25T01:15:14Z
ROCHE,,aspectN_GRS_LAND.txt,-5.593832783001748,2025-11-25T01:16:45Z
ROCHE,,aspectS_CULTIR_LAND.txt,-3.2236253327063156,2025-11-25T01:18:16Z
ROCHE,,aspectS_CULTRF_LAND.txt,-5.885253911477581,2025-11-25T01:19:47Z
ROCHE,,aspectS_CULT_LAND.txt,-5.939786285197035,2025-11-25T01:21:17Z
ROCHE,,aspectS_FOR_LAND.txt,-5.970745625368661,2025-11-25T01:22:48Z
ROCHE,,aspectS_GRS_LAND.txt,-5.5202071916526405,2025-11-25T01:24:18Z
ROCHE,,aspectS_URB_LAND.txt,-2.8508858076165544,2025-11-25T01:25:48Z
ROCHE,,aspectW_CULTIR_LAND.txt,-3.1647389542794175,2025-11-25T01:27:18Z
ROCHE,,aspectW_CULTRF_LAND.txt,-5.813555445468152,2025-11-25T01:28:49Z
ROCHE,,aspectW_CULT_LAND.txt,-5.8786163349938505,2025-11-25T01:30:20Z
ROCHE,,aspectW_FOR_LAND.txt,-5.913436887488291,2025-11-25T01:31:50Z
ROCHE,,aspectW_GRS_LAND.txt,-5.465011876501531,2025-11-25T01:33:21Z
ROCHE,,aspectW_URB_LAND.txt,-2.786715333658682,2025-11-25T01:34:52Z
ROCHE,,elevation_CULTRF_LAND.txt,2.4090604015043864,2025-11-25T01:36:22Z
ROCHE,,elevation_CULT_LAND.txt,2.419241319541112,2025-11-25T01:37:52Z
ROCHE,,elevation_FOR_LAND.txt,2.2757868058566277,2025-11-25T01:39:23Z
ROCHE,,elevation_GRS_LAND.txt,3.0870085912285656,2025-11-25T01:40:53Z
ROCHE,,elevation_URB_LAND.txt,5.405658024161367,2025-11-25T01:42:24Z
ROCHE,,lat_CULTRF_LAND.txt,-1.8830644634602116,2025-11-25T01:43:54Z
ROCHE,,lat_GRS_LAND.txt,-1.445605460647457,2025-11-25T01:45:24Z
ROCHE,,lon_CULTRF_LAND.txt,-1.085747275659875,2025-11-25T01:46:54Z
ROCHE,,lon_CULT_LAND.txt,-1.0805608054858853,2025-11-25T01:48:24Z
ROCHE,,lon_FOR_LAND.txt,-1.3108424911188004,2025-11-25T01:49:54Z
ROCHE,,lon_GRS_LAND.txt,-0.3403022209810631,2025-11-25T01:51:25Z
ROCHE,,lon_URB_LAND.txt,2.1219261796048885,2025-11-25T01:52:55Z
ROCHE,,slope1_CULTIR_LAND.txt,-3.6238966964094095,2025-11-25T01:54:26Z
ROCHE,,slope1_CULTRF_LAND.txt,-6.242890177516631,2025-11-25T01:55:56Z
ROCHE,,slope1_CULT_LAND.txt,-6.326682711126415,2025-11-25T01:57:26Z
ROCHE,,slope1_FOR_LAND.txt,-6.562035824270518,2025-11-25T01:58:57Z
ROCHE,,slope1_GRS_LAND.txt,-6.036352761919128,2025-11-25T02:00:27Z
ROCHE,,slope2_CULTIR_LAND.txt,-2.1379703015555243,2025-11-25T02:01:57Z
ROCHE,,slope2_CULTRF_LAND.txt,-4.78188647378852,2025-11-25T02:03:28Z
ROCHE,,slope2_CULT_LAND.txt,-4.8479906185523225,2025-11-25T02:04:58Z
ROCHE,,slope2_FOR_LAND.txt,-5.020213226504532,2025-11-25T02:06:29Z
ROCHE,,slope2_GRS_LAND.txt,-4.554884454661077,2025-11-25T02:07:59Z
ROCHE,,slope3_CULTIR_LAND.txt,-2.5989447394978584,2025-11-25T02:09:29Z
ROCHE,,slope3_CULTRF_LAND.txt,-5.158920356537531,2025-11-25T02:10:59Z
ROCHE,,slope3_CULT_LAND.txt,-5.227743307792881,2025-11-25T02:12:30Z
ROCHE,,slope4_CULTIR_LAND.txt,-2.8338253419116453,2025-11-25T02:14:00Z
ROCHE,,slope4_CULT_LAND.txt,-5.552504509094541,2025-11-25T02:15:30Z
ROCHE,,slope4_FOR_LAND.txt,-5.542693175523098,2025-11-25T02:17:01Z
ROCHE,,slope4_URB_LAND.txt,-2.37950573285257,2025-11-25T02:18:31Z
ROCHE,,slope5_CULTIR_LAND.txt,-3.5912747349457668,2025-11-25T02:20:01Z
ROCHE,,slope5_CULTRF_LAND.txt,-6.281580547944877,2025-11-25T02:21:32Z
ROCHE,,slope5_CULT_LAND.txt,-6.3757132151930715,2025-11-25T02:23:04Z
ROCHE,,slope5_FOR_LAND.txt,-6.633727695056066,2025-11-25T02:24:35Z
ROCHE,,slope5_GRS_LAND.txt,-5.98018036973207,2025-11-25T02:26:09Z
ROCHE,,slope6_CULTIR_LAND.txt,-3.860715977701285,2025-11-25T02:27:43Z
ROCHE,,slope6_CULTRF_LAND.txt,-6.567322522793899,2025-11-25T02:29:19Z
ROCHE,,slope6_CULT_LAND.txt,-6.702426608730063,2025-11-25T02:30:56Z
ROCHE,,slope6_FOR_LAND.txt,-7.125977287298125,2025-11-25T02:32:26Z
ROCHE,,slope6_GRS_LAND.txt,-6.227802442990887,2025-11-25T02:33:57Z
ROCHE,,slope7_CULTIR_LAND.txt,-6.593721613866611,2025-11-25T02:35:27Z
ROCHE,,slope7_CULTRF_LAND.txt,-10.30816184730055,2025-11-25T02:36:57Z
ROCHE,,slope7_CULT_LAND.txt,-10.26858128235624,2025-11-25T02:38:28Z
ROCHE,,slope7_FOR_LAND.txt,-9.864498923746211,2025-11-25T02:39:58Z
ROCHE,,slope7_GRS_LAND.txt,-9.078520999606788,2025-11-25T02:41:28Z
ROCHE,,slope8_CULTRF_LAND.txt,-11.840569616942677,2025-11-25T02:42:59Z
ROCHE,,slope8_CULT_LAND.txt,-12.241605731179828,2025-11-25T02:44:29Z
ROCHE,,slope8_FOR_LAND.txt,-11.729171935577469,2025-11-25T02:46:00Z
ROCHE,,FIRE_SIZE_Days_to_extinguish_fire.txt,0.7632710413386736,2025-11-25T02:50:15Z
ROCHE,,lat_var_crop_maize.txt,2.249392280150891,2025-11-25T02:54:30Z
ROCHE,,lat_var_crop_maize_major.txt,2.2380254595764644,2025-11-25T02:58:44Z
ROCHE,,lat_var_crop_maize_second.txt,2.733042929087568,2025-11-25T03:00:13Z
ROCHE,,lat_var_crop_rice.txt,2.051665626216965,2025-11-25T03:04:28Z
ROCHE,,lat_var_crop_rice_major.txt,2.0860897452913503,2025-11-25T03:08:43Z
ROCHE,,lat_var_crop_rice_second.txt,0.825473967730582,2025-11-25T03:09:35Z
ROCHE,,lat_var_crop_wheat.txt,2.318139374440517,2025-11-25T03:13:51Z
ROCHE,,lat_var_crop_wheat_winter.txt,2.211607491455741,2025-11-25T03:18:14Z
ROCHE,,Rings_Diameter_Sex_F.txt,3.753416493883375,2025-11-25T03:19:12Z
ROCHE,,Rings_Diameter_Sex_I.txt,3.323704065966496,2025-11-25T03:20:01Z
ROCHE,,Rings_Diameter_Sex_M.txt,3.610875218417263,2025-11-25T03:20:54Z
ROCHE,,Rings_Height_Sex_F.txt,4.60263282639864,2025-11-25T03:21:40Z
ROCHE,,Rings_Height_Sex_I.txt,4.3046114393335255,2025-11-25T03:22:28Z
ROCHE,,Rings_Height_Sex_M.txt,4.48979007593473,2025-11-25T03:23:21Z
ROCHE,,Rings_Length_Sex_F.txt,3.5521047643552928,2025-11-25T03:24:08Z
ROCHE,,Rings_Length_Sex_I.txt,3.11136452588927,2025-11-25T03:24:57Z
ROCHE,,Rings_Length_Sex_M.txt,3.4143763107396623,2025-11-25T03:25:50Z
ROCHE,,Rings_Shell_weight_Sex_F.txt,3.1923883891584084,2025-11-25T03:26:37Z
ROCHE,,Rings_Shell_weight_Sex_I.txt,3.4294338035331915,2025-11-25T03:27:24Z
ROCHE,,Rings_Shell_weight_Sex_M.txt,3.1539179230017815,2025-11-25T03:28:17Z
ROCHE,,Rings_Shucked_weight_Sex_I.txt,3.0035000892273462,2025-11-25T03:29:05Z
ROCHE,,Rings_Shucked_weight_Sex_M.txt,2.595373959702985,2025-11-25T03:29:59Z
ROCHE,,Rings_Viscera_weight_Sex_F.txt,3.4326524181984253,2025-11-25T03:30:45Z
ROCHE,,Rings_Viscera_weight_Sex_I.txt,3.729869435190371,2025-11-25T03:31:32Z
ROCHE,,Rings_Viscera_weight_Sex_M.txt,3.3702033796967563,2025-11-25T03:32:25Z
ROCHE,,Rings_Whole_weight_Sex_F.txt,1.9369035136755133,2025-11-25T03:33:12Z
ROCHE,,Rings_Whole_weight_Sex_I.txt,2.206851517635234,2025-11-25T03:34:00Z
ROCHE,,Rings_Whole_weight_Sex_M.txt,1.8627437026285776,2025-11-25T03:34:53Z
ROCHE,,drinks_number_of_half-pint_equivalents_of_alcoholic_beverages_gammagt_gamma-glutamyl_transpeptdase.txt,-2.275224063514714,2025-11-25T03:35:12Z
ROCHE,,drinks_number_of_half-pint_equivalents_of_alcoholic_beverages_mcv_mean_corpuscular_volume.txt,-0.30722620367678477,2025-11-25T03:35:31Z
ROCHE,,drinks_number_of_half-pint_equivalents_of_alcoholic_beverages_sgot_aspartate_aminotransferase.txt,-1.0718671442623169,2025-11-25T03:35:50Z
ROCHE,,Abdomen_class.txt,0.15083146819555404,2025-11-25T03:36:07Z
ROCHE,,Age_class.txt,0.3226852731914378,2025-11-25T03:36:24Z
ROCHE,,Ankle_class.txt,-1.8009743651593872,2025-11-25T03:36:41Z
ROCHE,,Biceps_class.txt,-1.0492347694649942,2025-11-25T03:36:58Z
ROCHE,,Chest_class.txt,-0.09530724015825733,2025-11-25T03:37:15Z
ROCHE,,Forearm_class.txt,-1.5374480423545296,2025-11-25T03:37:32Z
ROCHE,,Hip_class.txt,-0.30498585398488354,2025-11-25T03:37:49Z
ROCHE,,Knee_class.txt,-1.3382319475895956,2025-11-25T03:38:06Z
ROCHE,,Neck_class.txt,-1.32342875979485,2025-11-25T03:38:23Z
ROCHE,,Thigh_class.txt,-0.5482501669151731,2025-11-25T03:38:40Z
ROCHE,,Weight_class.txt,0.844083540057317,2025-11-25T03:38:57Z
ROCHE,,Wrist_class.txt,-2.258820983772035,2025-11-25T03:39:14Z
ROCHE,,BMI_BloodPressure.txt,-0.7568923024930219,2025-11-25T03:39:43Z
ROCHE,,BMI_Glucose.txt,-1.3982003672037415,2025-11-25T03:40:13Z
ROCHE,,BMI_SkinThickness.txt,-0.8012923891998143,2025-11-25T03:40:43Z
ROCHE,,Father_height_Child_height_gender_0.txt,0.11083603853603252,2025-11-25T03:41:04Z
ROCHE,,Father_height_Child_height_gender_1.txt,-0.12612719555810248,2025-11-25T03:41:27Z
ROCHE,,Mother_height_Child_height_gender_0.txt,-0.0441379392440826,2025-11-25T03:41:48Z
ROCHE,,Mother_height_Child_height_gender_1.txt,-0.12022893362609866,2025-11-25T03:42:10Z
ROCHE,,medianagefemale_avganncount.txt,-4.699065424736353,2025-11-25T03:42:34Z
ROCHE,,medianagefemale_avgdeathsperyear.txt,-3.3029395557930625,2025-11-25T03:42:58Z
ROCHE,,medianagemale_avganncount.txt,-4.7161888180138085,2025-11-25T03:43:24Z
ROCHE,,medianagemale_avgdeathsperyear.txt,-3.32502888875747,2025-11-25T03:43:48Z
ROCHE,,medianage_avganncount.txt,-4.5257832561208655,2025-11-25T03:44:12Z
ROCHE,,medianage_avgdeathsperyear.txt,-3.139993167869777,2025-11-25T03:44:37Z
ROCHE,,medincome_avganncount.txt,2.8954421488426263,2025-11-25T03:45:01Z
ROCHE,,medincome_avgdeathsperyear.txt,4.3251750041495445,2025-11-25T03:45:26Z
ROCHE,,medincome_target_deathrate.txt,6.007723206800881,2025-11-25T03:45:51Z
ROCHE,,pctasian_avganncount.txt,-6.1891588514740254,2025-11-25T03:46:15Z
ROCHE,,pctasian_avgdeathsperyear.txt,-4.754524287093936,2025-11-25T03:46:39Z
ROCHE,,pctasian_target_deathrate.txt,-3.165865435237663,2025-11-25T03:47:04Z
ROCHE,,pctbachdeg18_24_avganncount.txt,-4.802389843605045,2025-11-25T03:47:28Z
ROCHE,,pctbachdeg18_24_avgdeathsperyear.txt,-3.416978272254507,2025-11-25T03:47:53Z
ROCHE,,pctbachdeg18_24_target_deathrate.txt,-1.8020833151292592,2025-11-25T03:48:18Z
ROCHE,,pctbachdeg25_over_avganncount.txt,-4.3562860330600355,2025-11-25T03:48:43Z
ROCHE,,pctbachdeg25_over_avgdeathsperyear.txt,-3.105557424647399,2025-11-25T03:49:08Z
ROCHE,,pctbachdeg25_over_target_deathrate.txt,-1.507071237281861,2025-11-25T03:49:33Z
ROCHE,,pctblack_avganncount.txt,-4.106014494359001,2025-11-25T03:49:57Z
ROCHE,,pctblack_avgdeathsperyear.txt,-2.5857140934766636,2025-11-25T03:50:21Z
ROCHE,,pctblack_target_deathrate.txt,-0.9529216414105544,2025-11-25T03:50:46Z
ROCHE,,pctemployed16_over_avganncount.txt,-4.043240181037447,2025-11-25T03:51:10Z
ROCHE,,pctemployed16_over_avgdeathsperyear.txt,-2.754163026462329,2025-11-25T03:51:35Z
ROCHE,,pctemployed16_over_target_deathrate.txt,-1.248953069125946,2025-11-25T03:51:59Z
ROCHE,,pctempprivcoverage_avganncount.txt,-4.038646867969298,2025-11-25T03:52:24Z
ROCHE,,pctempprivcoverage_avgdeathsperyear.txt,-2.6124982251752815,2025-11-25T03:52:48Z
ROCHE,,pctempprivcoverage_target_deathrate.txt,-0.9619828532442662,2025-11-25T03:53:13Z
ROCHE,,pcths18_24_avganncount.txt,-4.093416818214707,2025-11-25T03:53:37Z
ROCHE,,pcths18_24_avgdeathsperyear.txt,-2.6950042659819715,2025-11-25T03:54:02Z
ROCHE,,pcths18_24_target_deathrate.txt,-0.9990833466771996,2025-11-25T03:54:26Z
ROCHE,,pcths25_over_avganncount.txt,-4.226048203173942,2025-11-25T03:54:50Z
ROCHE,,pcths25_over_avgdeathsperyear.txt,-2.9248393334774856,2025-11-25T03:55:15Z
ROCHE,,pcths25_over_target_deathrate.txt,-1.2443988875713972,2025-11-25T03:55:40Z
ROCHE,,pctmarriedhouseholds_target_deathrate.txt,-1.473643983125136,2025-11-25T03:56:04Z
ROCHE,,pctnohs18_24_avganncount.txt,-4.213086258814297,2025-11-25T03:56:28Z
ROCHE,,pctnohs18_24_avgdeathsperyear.txt,-2.964051596898572,2025-11-25T03:56:53Z
ROCHE,,pctotherrace_avganncount.txt,-5.749039089538428,2025-11-25T03:57:17Z
ROCHE,,pctotherrace_avgdeathsperyear.txt,-4.272002344630955,2025-11-25T03:57:42Z
ROCHE,,pctprivatecoveragealone_avganncount.txt,-3.973044043990716,2025-11-25T03:58:07Z
ROCHE,,pctprivatecoveragealone_avgdeathsperyear.txt,-2.5030314675327583,2025-11-25T03:58:31Z
ROCHE,,pctprivatecoveragealone_target_deathrate.txt,-0.8949298960068526,2025-11-25T03:58:56Z
ROCHE,,pctprivatecoverage_avganncount.txt,-3.817181479606338,2025-11-25T03:59:20Z
ROCHE,,pctprivatecoverage_avgdeathsperyear.txt,-2.490679066070436,2025-11-25T03:59:45Z
ROCHE,,pctprivatecoverage_target_deathrate.txt,-0.9453765603719292,2025-11-25T04:00:10Z
ROCHE,,pctpubliccoveragealone_avganncount.txt,-4.57679884200013,2025-11-25T04:00:35Z
ROCHE,,pctpubliccoveragealone_target_deathrate.txt,-1.4809120129142,2025-11-25T04:00:59Z
ROCHE,,pctpubliccoverage_avganncount.txt,-4.170569095361471,2025-11-25T04:01:25Z
ROCHE,,pctpubliccoverage_avgdeathsperyear.txt,-2.769231322895666,2025-11-25T04:01:49Z
ROCHE,,pctpubliccoverage_target_deathrate.txt,-1.1527135282756549,2025-11-25T04:02:13Z
ROCHE,,pctsomecol18_24_avganncount.txt,-3.699582526054071,2025-11-25T04:02:38Z
ROCHE,,pctsomecol18_24_avgdeathsperyear.txt,-2.439367702329296,2025-11-25T04:03:02Z
ROCHE,,pctsomecol18_24_target_deathrate.txt,-0.8530779933413357,2025-11-25T04:03:27Z
ROCHE,,pctunemployed16_over_avgdeathsperyear.txt,-3.735919710526794,2025-11-25T04:03:51Z
ROCHE,,pctunemployed16_over_target_deathrate.txt,-2.001048053892249,2025-11-25T04:04:16Z
ROCHE,,pctwhite_avgdeathsperyear.txt,-2.269353030617393,2025-11-25T04:04:41Z
ROCHE,,percentmarried_avgdeathsperyear.txt,-3.083535725830002,2025-11-25T04:05:05Z
ROCHE,,percentmarried_target_deathrate.txt,-1.439550891621629,2025-11-25T04:05:30Z
ROCHE,,povertypercent_avganncount.txt,-4.506733783943778,2025-11-25T04:05:54Z
ROCHE,,povertypercent_target_deathrate.txt,-1.355185919516761,2025-11-25T04:06:18Z
ROCHE,,studypercap_avganncount.txt,-6.90560550059842,2025-11-25T04:06:42Z
ROCHE,,studypercap_avgdeathsperyear.txt,-6.628440845874999,2025-11-25T04:07:06Z
ROCHE,,other_pests_and_parasites_percent_lost.txt,0.3910830669202605,2025-11-25T04:07:57Z
ROCHE,,pesticides_percent_lost.txt,-0.1484373443646252,2025-11-25T04:08:49Z
ROCHE,,varroa_mites_percent_lost.txt,1.0199782257376515,2025-11-25T04:09:40Z
ROCHE,,Alcohol_Adult_Mortality.txt,-3.4430312583297056,2025-11-25T04:09:58Z
ROCHE,,Alcohol_infant_deaths.txt,-1.5160940627400223,2025-11-25T04:10:16Z
ROCHE,,Alcohol_Life_expectancy.txt,-0.7674402872966732,2025-11-25T04:10:34Z
ROCHE,,Alcohol_under-five_deaths.txt,-1.8079803785472937,2025-11-25T04:10:52Z
ROCHE,,BMI_Adult_Mortality.txt,-1.7824148213072473,2025-11-25T04:11:10Z
ROCHE,,BMI_infant_deaths.txt,0.348375456460313,2025-11-25T04:11:28Z
ROCHE,,BMI_Life_expectancy.txt,0.7548527511162004,2025-11-25T04:11:46Z
ROCHE,,BMI_under-five_deaths.txt,-0.0063198179003221,2025-11-25T04:12:04Z
ROCHE,,Diphtheria_Adult_Mortality.txt,-1.9868879816601608,2025-11-25T04:12:22Z
ROCHE,,Diphtheria_infant_deaths.txt,-0.6156726143990499,2025-11-25T04:12:40Z
ROCHE,,Diphtheria_Life_expectancy.txt,0.6308434770628071,2025-11-25T04:12:58Z
ROCHE,,Diphtheria_under-five_deaths.txt,-0.9227309447581228,2025-11-25T04:13:16Z
ROCHE,,GDP_Adult_Mortality.txt,3.6339437690254135,2025-11-25T04:13:34Z
ROCHE,,GDP_infant_deaths.txt,4.948461949992488,2025-11-25T04:13:52Z
ROCHE,,GDP_Life_expectancy.txt,5.9294881761764495,2025-11-25T04:14:10Z
ROCHE,,GDP_under-five_deaths.txt,4.686295753985331,2025-11-25T04:14:28Z
ROCHE,,Hepatitis_B_infant_deaths.txt,-0.04302752382323494,2025-11-25T04:14:46Z
ROCHE,,Hepatitis_B_Life_expectancy.txt,0.9442866943092488,2025-11-25T04:15:04Z
ROCHE,,Hepatitis_B_under-five_deaths.txt,-0.24116157016211215,2025-11-25T04:15:22Z
ROCHE,,HIV_AIDS_Adult_Mortality.txt,-7.385972200641008,2025-11-25T04:15:40Z
ROCHE,,HIV_AIDS_infant_deaths.txt,-4.458191164950778,2025-11-25T04:15:58Z
ROCHE,,HIV_AIDS_Life_expectancy.txt,-3.81553387045283,2025-11-25T04:16:16Z
ROCHE,,HIV_AIDS_under-five_deaths.txt,-4.993858260241569,2025-11-25T04:16:34Z
ROCHE,,Income_composition_of_resources_Adult_Mortality.txt,-6.658613373016021,2025-11-25T04:16:52Z
ROCHE,,Income_composition_of_resources_infant_deaths.txt,-4.493203388836994,2025-11-25T04:17:10Z
ROCHE,,Income_composition_of_resources_Life_expectancy.txt,-3.749406492956271,2025-11-25T04:17:28Z
ROCHE,,Income_composition_of_resources_under-five_deaths.txt,-4.725025899426235,2025-11-25T04:17:46Z
ROCHE,,Measles_infant_deaths.txt,3.175485924775356,2025-11-25T04:18:04Z
ROCHE,,Measles_Life_expectancy.txt,5.143805129739331,2025-11-25T04:18:22Z
ROCHE,,Measles_under-five_deaths.txt,2.908422940096094,2025-11-25T04:18:40Z
ROCHE,,percentage_expenditure_Adult_Mortality.txt,1.462431762358995,2025-11-25T04:18:58Z
ROCHE,,percentage_expenditure_infant_deaths.txt,3.224390733259595,2025-11-25T04:19:16Z
ROCHE,,percentage_expenditure_Life_expectancy.txt,3.789095989119335,2025-11-25T04:19:34Z
ROCHE,,percentage_expenditure_under-five_deaths.txt,3.0108901310682956,2025-11-25T04:19:52Z
ROCHE,,Polio_Adult_Mortality.txt,-2.0411379051791023,2025-11-25T04:20:10Z
ROCHE,,Polio_infant_deaths.txt,-0.34728942782189165,2025-11-25T04:20:28Z
ROCHE,,Polio_Life_expectancy.txt,0.5047535961547296,2025-11-25T04:20:46Z
ROCHE,,Polio_under-five_deaths.txt,-0.5996701382458567,2025-11-25T04:21:04Z
ROCHE,,Schooling_Adult_Mortality.txt,-3.6843310029370406,2025-11-25T04:21:22Z
ROCHE,,Schooling_infant_deaths.txt,-1.879282600872656,2025-11-25T04:21:40Z
ROCHE,,Schooling_Life_expectancy.txt,-1.110723380862243,2025-11-25T04:21:58Z
ROCHE,,Schooling_under-five_deaths.txt,-2.1338913359511413,2025-11-25T04:22:16Z
ROCHE,,thinness_5-9_years_Adult_Mortality.txt,-3.4280503901646404,2025-11-25T04:22:34Z
ROCHE,,thinness_5-9_years_infant_deaths.txt,-1.358928757964026,2025-11-25T04:22:52Z
ROCHE,,thinness_5-9_years_Life_expectancy.txt,-0.17408373594619286,2025-11-25T04:23:09Z
ROCHE,,thinness_5-9_years_under-five_deaths.txt,-1.5427851205771632,2025-11-25T04:23:27Z
ROCHE,,Total_expenditure_Adult_Mortality.txt,-4.08675864858848,2025-11-25T04:23:45Z
ROCHE,,Total_expenditure_Life_expectancy.txt,-1.393383568646906,2025-11-25T04:24:03Z
ROCHE,,Total_expenditure_under-five_deaths.txt,-2.5976871371825743,2025-11-25T04:24:21Z
ROCHE,,PPFDdif_NEP.txt,2.8424614046375747,2025-11-25T04:24:50Z
ROCHE,,PPFDdir_NEP.txt,3.5477692384237898,2025-11-25T04:25:20Z
ROCHE,,PPFD_NEP.txt,3.9562289385332767,2025-11-25T04:25:49Z
ROCHE,,Fraction_Genome_Altered_Mutation_Count.txt,-8.015953658985735,2025-11-25T04:26:10Z
ROCHE,,MSIsensor_Score_Mutation_Count.txt,-5.181715282470622,2025-11-25T04:26:32Z
ROCHE,,MSI_MANTIS_Score_Mutation_Count.txt,-8.23937356010477,2025-11-25T04:26:53Z
ROCHE,,Doses_per_1000_Fully_Vaccinated_Population____.txt,2.8675438452370576,2025-11-25T04:27:08Z
ROCHE,,carrier_delay_arr_delay_carrier_name_AirTran_Airways_Corporation.txt,-0.9547013195221457,2025-11-25T04:30:35Z
ROCHE,,carrier_delay_arr_delay_carrier_name_Alaska_Airlines_Inc..txt,-0.9786954128131162,2025-11-25T04:34:51Z
ROCHE,,carrier_delay_arr_delay_carrier_name_Allegiant_Air.txt,-1.3284151813345657,2025-11-25T04:38:05Z
ROCHE,,carrier_delay_arr_delay_carrier_name_Aloha_Airlines_Inc..txt,0.03556814718673706,2025-11-25T04:38:22Z
ROCHE,,carrier_delay_arr_delay_carrier_name_American_Airlines_Inc..txt,-0.3634132214264216,2025-11-25T04:42:37Z
ROCHE,,carrier_delay_arr_delay_carrier_name_American_Eagle_Airlines_Inc..txt,-0.3518256080488076,2025-11-25T04:46:51Z
ROCHE,,carrier_delay_arr_delay_carrier_name_America_West_Airlines_Inc..txt,0.06687462671096345,2025-11-25T04:47:43Z
ROCHE,,carrier_delay_arr_delay_carrier_name_ATA_Airlines_d_b_a_ATA.txt,-1.0021884579629452,2025-11-25T04:48:17Z
ROCHE,,carrier_delay_arr_delay_carrier_name_Atlantic_Coast_Airlines.txt,-0.46955391138235125,2025-11-25T04:49:03Z
ROCHE,,carrier_delay_arr_delay_carrier_name_Atlantic_Southeast_Airlines.txt,-0.00542152060841072,2025-11-25T04:53:18Z
ROCHE,,carrier_delay_arr_delay_carrier_name_Comair_Inc..txt,-0.34882730792903693,2025-11-25T04:57:14Z
ROCHE,,carrier_delay_arr_delay_carrier_name_Continental_Air_Lines_Inc..txt,-1.02186408911665,2025-11-25T05:00:05Z
ROCHE,,carrier_delay_arr_delay_carrier_name_Delta_Air_Lines_Inc..txt,-0.2111348907545736,2025-11-25T05:04:20Z
ROCHE,,carrier_delay_arr_delay_carrier_name_Endeavor_Air_Inc..txt,-1.297348985120208,2025-11-25T05:07:00Z
ROCHE,,carrier_delay_arr_delay_carrier_name_Envoy_Air.txt,-1.295377363540556,2025-11-25T05:11:15Z
ROCHE,,carrier_delay_arr_delay_carrier_name_ExpressJet_Airlines_Inc..txt,-0.675510937989344,2025-11-25T05:15:30Z
ROCHE,,carrier_delay_arr_delay_carrier_name_ExpressJet_Airlines_LLC.txt,-3.1409945700037456,2025-11-25T05:16:22Z
ROCHE,,carrier_delay_arr_delay_carrier_name_Frontier_Airlines_Inc..txt,-1.2918086991587252,2025-11-25T05:20:37Z
ROCHE,,carrier_delay_arr_delay_carrier_name_Hawaiian_Airlines_Inc..txt,-0.26887314882960744,2025-11-25T05:22:24Z
ROCHE,,carrier_delay_arr_delay_carrier_name_Horizon_Air.txt,-0.6012593351943458,2025-11-25T05:22:54Z
ROCHE,,carrier_delay_arr_delay_carrier_name_Independence_Air.txt,-1.336148922594086,2025-11-25T05:23:20Z
ROCHE,,carrier_delay_arr_delay_carrier_name_JetBlue_Airways.txt,0.1593003865687077,2025-11-25T05:27:35Z
ROCHE,,carrier_delay_arr_delay_carrier_name_Mesa_Airlines_Inc..txt,-1.0867519652665925,2025-11-25T05:31:50Z
ROCHE,,carrier_delay_arr_delay_carrier_name_Northwest_Airlines_Inc..txt,0.03333984412592983,2025-11-25T05:36:04Z
ROCHE,,carrier_delay_arr_delay_carrier_name_Pinnacle_Airlines_Inc..txt,-0.3578522371747406,2025-11-25T05:39:21Z
ROCHE,,carrier_delay_arr_delay_carrier_name_PSA_Airlines_Inc..txt,-1.0400961558715736,2025-11-25T05:41:21Z
ROCHE,,carrier_delay_arr_delay_carrier_name_Republic_Airline.txt,-1.5664733106139774,2025-11-25T05:43:24Z
ROCHE,,carrier_delay_arr_delay_carrier_name_SkyWest_Airlines_Inc..txt,-0.5278129207026998,2025-11-25T05:47:39Z
ROCHE,,carrier_delay_arr_delay_carrier_name_Southwest_Airlines_Co..txt,-1.2214215332188818,2025-11-25T05:51:53Z
ROCHE,,carrier_delay_arr_delay_carrier_name_Spirit_Air_Lines.txt,-1.3177304183319416,2025-11-25T05:53:44Z
ROCHE,,carrier_delay_arr_delay_carrier_name_United_Air_Lines_Inc..txt,-0.7417310044452234,2025-11-25T05:57:58Z
ROCHE,,carrier_delay_arr_delay_carrier_name_US_Airways_Inc..txt,-0.2938641878692554,2025-11-25T06:02:13Z
ROCHE,,carrier_delay_arr_delay_carrier_name_Virgin_America.txt,-0.8114932911338446,2025-11-25T06:03:03Z
ROCHE,,late_aircraft_delay_arr_delay_carrier_name_AirTran_Airways_Corporation.txt,0.19313038928020457,2025-11-25T06:06:30Z
ROCHE,,late_aircraft_delay_arr_delay_carrier_name_Alaska_Airlines_Inc..txt,-0.42473631143932256,2025-11-25T06:10:45Z
ROCHE,,late_aircraft_delay_arr_delay_carrier_name_Allegiant_Air.txt,-1.9888033913866687,2025-11-25T06:13:59Z
ROCHE,,late_aircraft_delay_arr_delay_carrier_name_Aloha_Airlines_Inc..txt,-0.3037096024360837,2025-11-25T06:14:16Z
ROCHE,,late_aircraft_delay_arr_delay_carrier_name_American_Airlines_Inc..txt,0.34161197468010407,2025-11-25T06:18:31Z
ROCHE,,late_aircraft_delay_arr_delay_carrier_name_American_Eagle_Airlines_Inc..txt,0.2403208908197811,2025-11-25T06:22:46Z
ROCHE,,late_aircraft_delay_arr_delay_carrier_name_America_West_Airlines_Inc..txt,-0.4673916524577484,2025-11-25T06:23:38Z
ROCHE,,late_aircraft_delay_arr_delay_carrier_name_ATA_Airlines_d_b_a_ATA.txt,-0.2059954857076054,2025-11-25T06:24:11Z
ROCHE,,late_aircraft_delay_arr_delay_carrier_name_Atlantic_Coast_Airlines.txt,-0.15913368212116552,2025-11-25T06:24:57Z
ROCHE,,late_aircraft_delay_arr_delay_carrier_name_Atlantic_Southeast_Airlines.txt,-0.9096462819785004,2025-11-25T06:29:12Z
ROCHE,,late_aircraft_delay_arr_delay_carrier_name_Comair_Inc..txt,-2.608085900548839,2025-11-25T06:33:04Z
ROCHE,,late_aircraft_delay_arr_delay_carrier_name_Continental_Air_Lines_Inc..txt,-1.2037537881090543,2025-11-25T06:36:31Z
ROCHE,,late_aircraft_delay_arr_delay_carrier_name_Delta_Air_Lines_Inc..txt,-0.3480260921750231,2025-11-25T06:40:46Z
ROCHE,,late_aircraft_delay_arr_delay_carrier_name_Endeavor_Air_Inc..txt,-1.935783829397244,2025-11-25T06:43:25Z
ROCHE,,late_aircraft_delay_arr_delay_carrier_name_Envoy_Air.txt,-0.8198459534836928,2025-11-25T06:47:40Z
ROCHE,,late_aircraft_delay_arr_delay_carrier_name_ExpressJet_Airlines_Inc..txt,-0.07512397219681333,2025-11-25T06:51:55Z
ROCHE,,late_aircraft_delay_arr_delay_carrier_name_ExpressJet_Airlines_LLC.txt,-3.1488910383409374,2025-11-25T06:52:47Z
ROCHE,,late_aircraft_delay_arr_delay_carrier_name_Frontier_Airlines_Inc..txt,-0.4427884230237176,2025-11-25T06:57:02Z
ROCHE,,late_aircraft_delay_arr_delay_carrier_name_Hawaiian_Airlines_Inc..txt,-1.667694149560866,2025-11-25T06:58:49Z
ROCHE,,late_aircraft_delay_arr_delay_carrier_name_Horizon_Air.txt,-0.9469550846347454,2025-11-25T06:59:20Z
ROCHE,,late_aircraft_delay_arr_delay_carrier_name_Independence_Air.txt,0.2065015824088672,2025-11-25T06:59:46Z
ROCHE,,late_aircraft_delay_arr_delay_carrier_name_JetBlue_Airways.txt,-0.08114687770122586,2025-11-25T07:04:01Z
ROCHE,,late_aircraft_delay_arr_delay_carrier_name_Mesa_Airlines_Inc..txt,-2.0848536429086275,2025-11-25T07:08:15Z
ROCHE,,late_aircraft_delay_arr_delay_carrier_name_Northwest_Airlines_Inc..txt,-1.0298775007306498,2025-11-25T07:12:29Z
ROCHE,,late_aircraft_delay_arr_delay_carrier_name_Pinnacle_Airlines_Inc..txt,-1.18131239508359,2025-11-25T07:15:46Z
ROCHE,,late_aircraft_delay_arr_delay_carrier_name_PSA_Airlines_Inc..txt,-0.5950681079394018,2025-11-25T07:17:46Z
ROCHE,,late_aircraft_delay_arr_delay_carrier_name_Republic_Airline.txt,-2.195602813339761,2025-11-25T07:19:50Z
ROCHE,,late_aircraft_delay_arr_delay_carrier_name_SkyWest_Airlines_Inc..txt,-0.7351205160280578,2025-11-25T07:24:05Z
ROCHE,,late_aircraft_delay_arr_delay_carrier_name_Southwest_Airlines_Co..txt,-0.3608327679738448,2025-11-25T07:28:20Z
ROCHE,,late_aircraft_delay_arr_delay_carrier_name_Spirit_Air_Lines.txt,-1.4040817422461895,2025-11-25T07:30:12Z
ROCHE,,late_aircraft_delay_arr_delay_carrier_name_United_Air_Lines_Inc..txt,-0.38352786125311145,2025-11-25T07:34:27Z
ROCHE,,late_aircraft_delay_arr_delay_carrier_name_US_Airways_Inc..txt,-0.600217701276506,2025-11-25T07:38:42Z
ROCHE,,late_aircraft_delay_arr_delay_carrier_name_Virgin_America.txt,-0.1700641106656775,2025-11-25T07:39:33Z
ROCHE,,nas_delay_arr_delay_carrier_name_AirTran_Airways_Corporation.txt,-0.40855353583799214,2025-11-25T07:43:00Z
ROCHE,,nas_delay_arr_delay_carrier_name_Alaska_Airlines_Inc..txt,-1.35042771557932,2025-11-25T07:47:15Z
ROCHE,,nas_delay_arr_delay_carrier_name_Allegiant_Air.txt,-1.9091290749527268,2025-11-25T07:50:30Z
ROCHE,,nas_delay_arr_delay_carrier_name_Aloha_Airlines_Inc..txt,-2.4773423813525977,2025-11-25T07:50:47Z
ROCHE,,nas_delay_arr_delay_carrier_name_American_Airlines_Inc..txt,-0.2927026089383755,2025-11-25T07:55:00Z
ROCHE,,nas_delay_arr_delay_carrier_name_American_Eagle_Airlines_Inc..txt,-0.3716543112534136,2025-11-25T07:59:18Z
ROCHE,,nas_delay_arr_delay_carrier_name_America_West_Airlines_Inc..txt,0.03331724089934163,2025-11-25T08:00:10Z
ROCHE,,nas_delay_arr_delay_carrier_name_ATA_Airlines_d_b_a_ATA.txt,-0.0456290441487015,2025-11-25T08:00:43Z
ROCHE,,nas_delay_arr_delay_carrier_name_Atlantic_Coast_Airlines.txt,-0.5958661930257074,2025-11-25T08:01:29Z
ROCHE,,nas_delay_arr_delay_carrier_name_Atlantic_Southeast_Airlines.txt,-1.0415679305272194,2025-11-25T08:05:44Z
ROCHE,,nas_delay_arr_delay_carrier_name_Comair_Inc..txt,-0.5613595964733831,2025-11-25T08:09:38Z
ROCHE,,nas_delay_arr_delay_carrier_name_Continental_Air_Lines_Inc..txt,-1.191441560008343,2025-11-25T08:13:05Z
ROCHE,,nas_delay_arr_delay_carrier_name_Delta_Air_Lines_Inc..txt,-1.0065643771004007,2025-11-25T08:17:21Z
ROCHE,,nas_delay_arr_delay_carrier_name_Endeavor_Air_Inc..txt,-1.957541517928779,2025-11-25T08:20:01Z
ROCHE,,nas_delay_arr_delay_carrier_name_Envoy_Air.txt,-1.3045740984906793,2025-11-25T08:24:17Z
ROCHE,,nas_delay_arr_delay_carrier_name_ExpressJet_Airlines_Inc..txt,-0.6339174463245101,2025-11-25T08:28:33Z
ROCHE,,nas_delay_arr_delay_carrier_name_ExpressJet_Airlines_LLC.txt,-2.787790610267373,2025-11-25T08:29:25Z
ROCHE,,nas_delay_arr_delay_carrier_name_Frontier_Airlines_Inc..txt,-1.4252359220441493,2025-11-25T08:33:40Z
ROCHE,,nas_delay_arr_delay_carrier_name_Hawaiian_Airlines_Inc..txt,-6.948308395682911,2025-11-25T08:35:27Z
ROCHE,,nas_delay_arr_delay_carrier_name_Horizon_Air.txt,-1.5642020730671504,2025-11-25T08:35:59Z
ROCHE,,nas_delay_arr_delay_carrier_name_Independence_Air.txt,-0.8320425788314632,2025-11-25T08:36:26Z
ROCHE,,nas_delay_arr_delay_carrier_name_JetBlue_Airways.txt,-0.44419636390843387,2025-11-25T08:40:41Z
ROCHE,,nas_delay_arr_delay_carrier_name_Mesa_Airlines_Inc..txt,-2.4402675406389154,2025-11-25T08:44:56Z
ROCHE,,nas_delay_arr_delay_carrier_name_Northwest_Airlines_Inc..txt,-0.0385022012551941,2025-11-25T08:49:11Z
ROCHE,,nas_delay_arr_delay_carrier_name_Pinnacle_Airlines_Inc..txt,-0.9497371637696244,2025-11-25T08:52:27Z
ROCHE,,nas_delay_arr_delay_carrier_name_PSA_Airlines_Inc..txt,-1.6757258921557927,2025-11-25T08:54:26Z
ROCHE,,nas_delay_arr_delay_carrier_name_Republic_Airline.txt,-1.8027014781546065,2025-11-25T08:56:30Z
ROCHE,,nas_delay_arr_delay_carrier_name_SkyWest_Airlines_Inc..txt,-2.247349668357063,2025-11-25T09:00:44Z
ROCHE,,nas_delay_arr_delay_carrier_name_Southwest_Airlines_Co..txt,-0.9719977459693894,2025-11-25T09:04:59Z
ROCHE,,nas_delay_arr_delay_carrier_name_Spirit_Air_Lines.txt,0.08836687893090733,2025-11-25T09:06:49Z
ROCHE,,nas_delay_arr_delay_carrier_name_United_Air_Lines_Inc..txt,-0.7515834824318679,2025-11-25T09:11:04Z
ROCHE,,nas_delay_arr_delay_carrier_name_US_Airways_Inc..txt,-0.01824340128887414,2025-11-25T09:15:19Z
ROCHE,,nas_delay_arr_delay_carrier_name_Virgin_America.txt,-0.9072654836605824,2025-11-25T09:16:11Z
ROCHE,,security_delay_arr_delay_carrier_name_Alaska_Airlines_Inc..txt,-13.482567521849832,2025-11-25T09:20:26Z
ROCHE,,security_delay_arr_delay_carrier_name_American_Airlines_Inc..txt,-11.19439976559037,2025-11-25T09:24:42Z
ROCHE,,security_delay_arr_delay_carrier_name_America_West_Airlines_Inc..txt,-6.485203477045392,2025-11-25T09:25:34Z
ROCHE,,security_delay_arr_delay_carrier_name_ATA_Airlines_d_b_a_ATA.txt,-6.073235550253953,2025-11-25T09:26:06Z
ROCHE,,security_delay_arr_delay_carrier_name_Continental_Air_Lines_Inc..txt,-5.6625910956967624,2025-11-25T09:29:33Z
ROCHE,,security_delay_arr_delay_carrier_name_JetBlue_Airways.txt,-7.569979899589153,2025-11-25T09:33:48Z
ROCHE,,security_delay_arr_delay_carrier_name_Southwest_Airlines_Co..txt,-5.437906815206628,2025-11-25T09:38:04Z
ROCHE,,security_delay_arr_delay_carrier_name_Spirit_Air_Lines.txt,-5.6367375968714395,2025-11-25T09:39:55Z
ROCHE,,security_delay_arr_delay_carrier_name_US_Airways_Inc..txt,-8.13363139335097,2025-11-25T09:44:11Z
ROCHE,,security_delay_arr_delay_carrier_name_Virgin_America.txt,-8.783062937599755,2025-11-25T09:45:01Z
ROCHE,,weather_delay_arr_delay_carrier_name_AirTran_Airways_Corporation.txt,-4.870973784553051,2025-11-25T09:48:28Z
ROCHE,,weather_delay_arr_delay_carrier_name_Alaska_Airlines_Inc..txt,-5.822917223603563,2025-11-25T09:52:43Z
ROCHE,,weather_delay_arr_delay_carrier_name_Allegiant_Air.txt,-6.006536415077757,2025-11-25T09:55:57Z
ROCHE,,weather_delay_arr_delay_carrier_name_American_Airlines_Inc..txt,-2.038814952571901,2025-11-25T10:00:12Z
ROCHE,,weather_delay_arr_delay_carrier_name_American_Eagle_Airlines_Inc..txt,-1.89939763287731,2025-11-25T10:04:28Z
ROCHE,,weather_delay_arr_delay_carrier_name_America_West_Airlines_Inc..txt,-6.151148941358372,2025-11-25T10:05:21Z
ROCHE,,weather_delay_arr_delay_carrier_name_ATA_Airlines_d_b_a_ATA.txt,-8.141000489841803,2025-11-25T10:05:54Z
ROCHE,,weather_delay_arr_delay_carrier_name_Atlantic_Coast_Airlines.txt,-2.0791032836827785,2025-11-25T10:06:39Z
ROCHE,,weather_delay_arr_delay_carrier_name_Atlantic_Southeast_Airlines.txt,-1.6418047786719514,2025-11-25T10:10:54Z
ROCHE,,weather_delay_arr_delay_carrier_name_Comair_Inc..txt,-1.597155508272924,2025-11-25T10:14:52Z
ROCHE,,weather_delay_arr_delay_carrier_name_Continental_Air_Lines_Inc..txt,-2.6760370836979774,2025-11-25T10:18:18Z
ROCHE,,weather_delay_arr_delay_carrier_name_Delta_Air_Lines_Inc..txt,-3.523634308044503,2025-11-25T10:22:34Z
ROCHE,,weather_delay_arr_delay_carrier_name_Endeavor_Air_Inc..txt,-3.4934760505453086,2025-11-25T10:25:14Z
ROCHE,,weather_delay_arr_delay_carrier_name_Envoy_Air.txt,-3.1147577366520425,2025-11-25T10:29:29Z
ROCHE,,weather_delay_arr_delay_carrier_name_ExpressJet_Airlines_Inc..txt,-3.212836676190001,2025-11-25T10:33:45Z
ROCHE,,weather_delay_arr_delay_carrier_name_ExpressJet_Airlines_LLC.txt,-7.736929562870691,2025-11-25T10:34:36Z
ROCHE,,weather_delay_arr_delay_carrier_name_Frontier_Airlines_Inc..txt,-4.561450397412424,2025-11-25T10:38:49Z
ROCHE,,weather_delay_arr_delay_carrier_name_Hawaiian_Airlines_Inc..txt,-9.612124346445238,2025-11-25T10:40:37Z
ROCHE,,weather_delay_arr_delay_carrier_name_Horizon_Air.txt,-7.014694389526441,2025-11-25T10:41:08Z
ROCHE,,weather_delay_arr_delay_carrier_name_Independence_Air.txt,-3.734758730578368,2025-11-25T10:41:34Z
ROCHE,,weather_delay_arr_delay_carrier_name_JetBlue_Airways.txt,-3.157958950487635,2025-11-25T10:45:48Z
ROCHE,,weather_delay_arr_delay_carrier_name_Mesa_Airlines_Inc..txt,-3.3019344228317262,2025-11-25T10:49:59Z
ROCHE,,weather_delay_arr_delay_carrier_name_Northwest_Airlines_Inc..txt,-2.344467981317985,2025-11-25T10:54:12Z
ROCHE,,weather_delay_arr_delay_carrier_name_Pinnacle_Airlines_Inc..txt,-3.5988537945234533,2025-11-25T10:57:27Z
ROCHE,,weather_delay_arr_delay_carrier_name_PSA_Airlines_Inc..txt,-3.5765769263290235,2025-11-25T10:59:29Z
ROCHE,,weather_delay_arr_delay_carrier_name_Republic_Airline.txt,-3.692311798356119,2025-11-25T11:01:44Z
ROCHE,,weather_delay_arr_delay_carrier_name_SkyWest_Airlines_Inc..txt,-2.854926493490529,2025-11-25T11:06:10Z
ROCHE,,weather_delay_arr_delay_carrier_name_Southwest_Airlines_Co..txt,-2.7989968444817777,2025-11-25T11:10:40Z
ROCHE,,weather_delay_arr_delay_carrier_name_Spirit_Air_Lines.txt,-5.230750019872826,2025-11-25T11:12:49Z
ROCHE,,weather_delay_arr_delay_carrier_name_United_Air_Lines_Inc..txt,-3.950041991063916,2025-11-25T11:17:37Z
ROCHE,,weather_delay_arr_delay_carrier_name_US_Airways_Inc..txt,-3.2647160090959373,2025-11-25T11:22:23Z
ROCHE,,weather_delay_arr_delay_carrier_name_Virgin_America.txt,-2.5099022323023368,2025-11-25T11:23:24Z
ROCHE,,AveragePrice_4046.txt,-11.797225716413536,2025-11-25T11:26:32Z
ROCHE,,AveragePrice_4225.txt,-12.45506674359786,2025-11-25T11:29:42Z
ROCHE,,AveragePrice_4770.txt,-9.252427299575618,2025-11-25T11:32:50Z
ROCHE,,AveragePrice_Large_Bags.txt,-9.956175505375592,2025-11-25T11:36:02Z
ROCHE,,AveragePrice_Small_Bags.txt,-11.532590850471143,2025-11-25T11:39:14Z
ROCHE,,AveragePrice_Total_Bags.txt,-11.707613833365496,2025-11-25T11:42:26Z
ROCHE,,AveragePrice_Total_Volume.txt,-13.171018969024733,2025-11-25T11:45:40Z
cam,,Energy_use__GJ__Emissions__kt_.txt,NA,2025-11-25T12:14:15Z
cam,,altitude_precipitation__yearly_value_averaged_over_1961-1990_.txt,NA,2025-11-25T12:14:15Z
cam,,altitude_temperature__average_over_1961-1990_.txt,NA,2025-11-25T12:14:15Z
cam,,latitude_temperature__averaged_over_1961-1990_.txt,NA,2025-11-25T12:14:15Z
cam,,longitude_precipitation__yearly_value_averaged_over_1961-1990_.txt,NA,2025-11-25T12:14:15Z
cam,,longitude_temperature__averaged_over_1961-1990_.txt,NA,2025-11-25T12:14:15Z
cam,,Acreage_Yield.txt,NA,2025-11-25T12:14:15Z
cam,,Temperature__C__Growth_Days.txt,NA,2025-11-25T12:14:16Z
cam,,soil_moisture_454.txt,NA,2025-11-25T12:14:16Z
cam,,soil_moisture_458.txt,NA,2025-11-25T12:14:16Z
cam,,soil_moisture_462.txt,NA,2025-11-25T12:14:16Z
cam,,soil_moisture_466.txt,NA,2025-11-25T12:14:16Z
cam,,soil_moisture_470.txt,NA,2025-11-25T12:14:16Z
cam,,soil_moisture_474.txt,NA,2025-11-25T12:14:16Z
cam,,soil_moisture_478.txt,NA,2025-11-25T12:14:16Z
cam,,soil_moisture_482.txt,NA,2025-11-25T12:14:16Z
cam,,soil_moisture_486.txt,NA,2025-11-25T12:14:16Z
cam,,soil_moisture_490.txt,NA,2025-11-25T12:14:16Z
cam,,soil_moisture_494.txt,NA,2025-11-25T12:14:16Z
cam,,soil_moisture_498.txt,NA,2025-11-25T12:14:16Z
cam,,soil_moisture_502.txt,NA,2025-11-25T12:14:16Z
cam,,soil_moisture_506.txt,NA,2025-11-25T12:14:16Z
cam,,soil_moisture_510.txt,NA,2025-11-25T12:14:16Z
cam,,soil_moisture_514.txt,NA,2025-11-25T12:14:16Z
cam,,soil_moisture_518.txt,NA,2025-11-25T12:14:16Z
cam,,soil_moisture_522.txt,NA,2025-11-25T12:14:16Z
cam,,soil_moisture_526.txt,NA,2025-11-25T12:14:16Z
cam,,soil_moisture_530.txt,NA,2025-11-25T12:14:16Z
cam,,soil_moisture_534.txt,NA,2025-11-25T12:14:16Z
cam,,soil_moisture_538.txt,NA,2025-11-25T12:14:16Z
cam,,soil_moisture_542.txt,NA,2025-11-25T12:14:16Z
cam,,soil_moisture_546.txt,NA,2025-11-25T12:14:16Z
cam,,soil_moisture_550.txt,NA,2025-11-25T12:14:16Z
cam,,soil_moisture_554.txt,NA,2025-11-25T12:14:16Z
cam,,soil_moisture_558.txt,NA,2025-11-25T12:14:17Z
cam,,soil_moisture_562.txt,NA,2025-11-25T12:14:17Z
cam,,soil_moisture_566.txt,NA,2025-11-25T12:14:17Z
cam,,soil_moisture_570.txt,NA,2025-11-25T12:14:17Z
cam,,soil_moisture_574.txt,NA,2025-11-25T12:14:17Z
cam,,soil_moisture_578.txt,NA,2025-11-25T12:14:17Z
cam,,soil_moisture_582.txt,NA,2025-11-25T12:14:17Z
cam,,soil_moisture_586.txt,NA,2025-11-25T12:14:17Z
cam,,soil_moisture_590.txt,NA,2025-11-25T12:14:17Z
cam,,soil_moisture_594.txt,NA,2025-11-25T12:14:17Z
cam,,soil_moisture_598.txt,NA,2025-11-25T12:14:17Z
cam,,soil_moisture_602.txt,NA,2025-11-25T12:14:17Z
cam,,soil_moisture_606.txt,NA,2025-11-25T12:14:17Z
cam,,soil_moisture_610.txt,NA,2025-11-25T12:14:17Z
cam,,soil_moisture_614.txt,NA,2025-11-25T12:14:17Z
cam,,soil_moisture_618.txt,NA,2025-11-25T12:14:17Z
cam,,soil_moisture_622.txt,NA,2025-11-25T12:14:17Z
cam,,soil_moisture_626.txt,NA,2025-11-25T12:14:17Z
cam,,soil_moisture_630.txt,NA,2025-11-25T12:14:17Z
cam,,soil_moisture_634.txt,NA,2025-11-25T12:14:17Z
cam,,soil_moisture_638.txt,NA,2025-11-25T12:14:17Z
cam,,soil_moisture_642.txt,NA,2025-11-25T12:14:17Z
cam,,soil_moisture_646.txt,NA,2025-11-25T12:14:17Z
cam,,soil_moisture_650.txt,NA,2025-11-25T12:14:17Z
cam,,soil_moisture_654.txt,NA,2025-11-25T12:14:17Z
cam,,soil_moisture_658.txt,NA,2025-11-25T12:14:17Z
cam,,soil_moisture_662.txt,NA,2025-11-25T12:14:17Z
cam,,soil_moisture_666.txt,NA,2025-11-25T12:14:18Z
cam,,soil_moisture_670.txt,NA,2025-11-25T12:14:18Z
cam,,soil_moisture_674.txt,NA,2025-11-25T12:14:18Z
cam,,soil_moisture_678.txt,NA,2025-11-25T12:14:18Z
cam,,soil_moisture_682.txt,NA,2025-11-25T12:14:18Z
cam,,soil_moisture_686.txt,NA,2025-11-25T12:14:18Z
cam,,soil_moisture_690.txt,NA,2025-11-25T12:14:18Z
cam,,soil_moisture_694.txt,NA,2025-11-25T12:14:18Z
cam,,soil_moisture_698.txt,NA,2025-11-25T12:14:18Z
cam,,soil_moisture_702.txt,NA,2025-11-25T12:14:18Z
cam,,soil_moisture_706.txt,NA,2025-11-25T12:14:18Z
cam,,soil_moisture_710.txt,NA,2025-11-25T12:14:18Z
cam,,soil_moisture_714.txt,NA,2025-11-25T12:14:18Z
cam,,soil_moisture_718.txt,NA,2025-11-25T12:14:18Z
cam,,soil_moisture_722.txt,NA,2025-11-25T12:14:18Z
cam,,soil_moisture_726.txt,NA,2025-11-25T12:14:18Z
cam,,soil_moisture_730.txt,NA,2025-11-25T12:14:18Z
cam,,soil_moisture_734.txt,NA,2025-11-25T12:14:18Z
cam,,soil_moisture_738.txt,NA,2025-11-25T12:14:18Z
cam,,soil_moisture_742.txt,NA,2025-11-25T12:14:18Z
cam,,soil_moisture_746.txt,NA,2025-11-25T12:14:18Z
cam,,soil_moisture_750.txt,NA,2025-11-25T12:14:18Z
cam,,soil_moisture_754.txt,NA,2025-11-25T12:14:18Z
cam,,soil_moisture_758.txt,NA,2025-11-25T12:14:18Z
cam,,soil_moisture_762.txt,NA,2025-11-25T12:14:18Z
cam,,soil_moisture_766.txt,NA,2025-11-25T12:14:19Z
cam,,soil_moisture_770.txt,NA,2025-11-25T12:14:19Z
cam,,soil_moisture_774.txt,NA,2025-11-25T12:14:19Z
cam,,soil_moisture_778.txt,NA,2025-11-25T12:14:19Z
cam,,soil_moisture_782.txt,NA,2025-11-25T12:14:19Z
cam,,soil_moisture_786.txt,NA,2025-11-25T12:14:19Z
cam,,soil_moisture_790.txt,NA,2025-11-25T12:14:19Z
cam,,soil_moisture_794.txt,NA,2025-11-25T12:14:19Z
cam,,soil_moisture_798.txt,NA,2025-11-25T12:14:19Z
cam,,soil_moisture_802.txt,NA,2025-11-25T12:14:19Z
cam,,soil_moisture_806.txt,NA,2025-11-25T12:14:19Z
cam,,soil_moisture_810.txt,NA,2025-11-25T12:14:19Z
cam,,soil_moisture_814.txt,NA,2025-11-25T12:14:19Z
cam,,soil_moisture_818.txt,NA,2025-11-25T12:14:19Z
cam,,soil_moisture_822.txt,NA,2025-11-25T12:14:19Z
cam,,soil_moisture_826.txt,NA,2025-11-25T12:14:19Z
cam,,soil_moisture_830.txt,NA,2025-11-25T12:14:19Z
cam,,soil_moisture_834.txt,NA,2025-11-25T12:14:19Z
cam,,soil_moisture_838.txt,NA,2025-11-25T12:14:19Z
cam,,soil_moisture_842.txt,NA,2025-11-25T12:14:19Z
cam,,soil_moisture_846.txt,NA,2025-11-25T12:14:19Z
cam,,soil_moisture_850.txt,NA,2025-11-25T12:14:19Z
cam,,soil_moisture_854.txt,NA,2025-11-25T12:14:19Z
cam,,soil_moisture_858.txt,NA,2025-11-25T12:14:19Z
cam,,soil_moisture_862.txt,NA,2025-11-25T12:14:19Z
cam,,soil_moisture_866.txt,NA,2025-11-25T12:14:20Z
cam,,soil_moisture_870.txt,NA,2025-11-25T12:14:20Z
cam,,soil_moisture_874.txt,NA,2025-11-25T12:14:20Z
cam,,soil_moisture_878.txt,NA,2025-11-25T12:14:20Z
cam,,soil_moisture_882.txt,NA,2025-11-25T12:14:20Z
cam,,soil_moisture_886.txt,NA,2025-11-25T12:14:20Z
cam,,soil_moisture_890.txt,NA,2025-11-25T12:14:20Z
cam,,soil_moisture_894.txt,NA,2025-11-25T12:14:20Z
cam,,soil_moisture_898.txt,NA,2025-11-25T12:14:20Z
cam,,soil_moisture_902.txt,NA,2025-11-25T12:14:20Z
cam,,soil_moisture_906.txt,NA,2025-11-25T12:14:20Z
cam,,soil_moisture_910.txt,NA,2025-11-25T12:14:20Z
cam,,soil_moisture_914.txt,NA,2025-11-25T12:14:20Z
cam,,soil_moisture_918.txt,NA,2025-11-25T12:14:20Z
cam,,soil_moisture_922.txt,NA,2025-11-25T12:14:20Z
cam,,soil_moisture_926.txt,NA,2025-11-25T12:14:20Z
cam,,soil_moisture_930.txt,NA,2025-11-25T12:14:20Z
cam,,soil_moisture_934.txt,NA,2025-11-25T12:14:20Z
cam,,soil_moisture_938.txt,NA,2025-11-25T12:14:20Z
cam,,soil_moisture_942.txt,NA,2025-11-25T12:14:20Z
cam,,soil_moisture_946.txt,NA,2025-11-25T12:14:20Z
cam,,soil_moisture_950.txt,NA,2025-11-25T12:14:20Z
cam,,soil_temperature_454.txt,NA,2025-11-25T12:14:20Z
cam,,soil_temperature_458.txt,NA,2025-11-25T12:14:20Z
cam,,soil_temperature_462.txt,NA,2025-11-25T12:14:20Z
cam,,soil_temperature_466.txt,NA,2025-11-25T12:14:20Z
cam,,soil_temperature_470.txt,NA,2025-11-25T12:14:21Z
cam,,soil_temperature_474.txt,NA,2025-11-25T12:14:21Z
cam,,soil_temperature_478.txt,NA,2025-11-25T12:14:21Z
cam,,soil_temperature_482.txt,NA,2025-11-25T12:14:21Z
cam,,soil_temperature_486.txt,NA,2025-11-25T12:14:21Z
cam,,soil_temperature_490.txt,NA,2025-11-25T12:14:21Z
cam,,soil_temperature_494.txt,NA,2025-11-25T12:14:21Z
cam,,soil_temperature_498.txt,NA,2025-11-25T12:14:21Z
cam,,soil_temperature_502.txt,NA,2025-11-25T12:14:21Z
cam,,soil_temperature_506.txt,NA,2025-11-25T12:14:21Z
cam,,soil_temperature_510.txt,NA,2025-11-25T12:14:21Z
cam,,soil_temperature_514.txt,NA,2025-11-25T12:14:21Z
cam,,soil_temperature_518.txt,NA,2025-11-25T12:14:21Z
cam,,soil_temperature_522.txt,NA,2025-11-25T12:14:21Z
cam,,soil_temperature_526.txt,NA,2025-11-25T12:14:21Z
cam,,soil_temperature_530.txt,NA,2025-11-25T12:14:21Z
cam,,soil_temperature_534.txt,NA,2025-11-25T12:14:21Z
cam,,soil_temperature_538.txt,NA,2025-11-25T12:14:21Z
cam,,soil_temperature_542.txt,NA,2025-11-25T12:14:21Z
cam,,soil_temperature_546.txt,NA,2025-11-25T12:14:21Z
cam,,soil_temperature_550.txt,NA,2025-11-25T12:14:21Z
cam,,soil_temperature_554.txt,NA,2025-11-25T12:14:21Z
cam,,soil_temperature_558.txt,NA,2025-11-25T12:14:21Z
cam,,soil_temperature_562.txt,NA,2025-11-25T12:14:21Z
cam,,soil_temperature_566.txt,NA,2025-11-25T12:14:21Z
cam,,soil_temperature_570.txt,NA,2025-11-25T12:14:21Z
cam,,soil_temperature_574.txt,NA,2025-11-25T12:14:22Z
cam,,soil_temperature_578.txt,NA,2025-11-25T12:14:22Z
cam,,soil_temperature_582.txt,NA,2025-11-25T12:14:22Z
cam,,soil_temperature_586.txt,NA,2025-11-25T12:14:22Z
cam,,soil_temperature_590.txt,NA,2025-11-25T12:14:22Z
cam,,soil_temperature_594.txt,NA,2025-11-25T12:14:22Z
cam,,soil_temperature_598.txt,NA,2025-11-25T12:14:22Z
cam,,soil_temperature_602.txt,NA,2025-11-25T12:14:22Z
cam,,soil_temperature_606.txt,NA,2025-11-25T12:14:22Z
cam,,soil_temperature_610.txt,NA,2025-11-25T12:14:22Z
cam,,soil_temperature_614.txt,NA,2025-11-25T12:14:22Z
cam,,soil_temperature_618.txt,NA,2025-11-25T12:14:22Z
cam,,soil_temperature_622.txt,NA,2025-11-25T12:14:22Z
cam,,soil_temperature_626.txt,NA,2025-11-25T12:14:22Z
cam,,soil_temperature_630.txt,NA,2025-11-25T12:14:22Z
cam,,soil_temperature_634.txt,NA,2025-11-25T12:14:22Z
cam,,soil_temperature_638.txt,NA,2025-11-25T12:14:22Z
cam,,soil_temperature_642.txt,NA,2025-11-25T12:14:22Z
cam,,soil_temperature_646.txt,NA,2025-11-25T12:14:22Z
cam,,soil_temperature_650.txt,NA,2025-11-25T12:14:22Z
cam,,soil_temperature_654.txt,NA,2025-11-25T12:14:22Z
cam,,soil_temperature_658.txt,NA,2025-11-25T12:14:22Z
cam,,soil_temperature_662.txt,NA,2025-11-25T12:14:22Z
cam,,soil_temperature_666.txt,NA,2025-11-25T12:14:22Z
cam,,soil_temperature_670.txt,NA,2025-11-25T12:14:22Z
cam,,soil_temperature_674.txt,NA,2025-11-25T12:14:22Z
cam,,soil_temperature_678.txt,NA,2025-11-25T12:14:22Z
cam,,soil_temperature_682.txt,NA,2025-11-25T12:14:23Z
cam,,soil_temperature_686.txt,NA,2025-11-25T12:14:23Z
cam,,soil_temperature_690.txt,NA,2025-11-25T12:14:23Z
cam,,soil_temperature_694.txt,NA,2025-11-25T12:14:23Z
cam,,soil_temperature_698.txt,NA,2025-11-25T12:14:23Z
cam,,soil_temperature_702.txt,NA,2025-11-25T12:14:23Z
cam,,soil_temperature_706.txt,NA,2025-11-25T12:14:23Z
cam,,soil_temperature_710.txt,NA,2025-11-25T12:14:23Z
cam,,soil_temperature_714.txt,NA,2025-11-25T12:14:23Z
cam,,soil_temperature_718.txt,NA,2025-11-25T12:14:23Z
cam,,soil_temperature_722.txt,NA,2025-11-25T12:14:23Z
cam,,soil_temperature_726.txt,NA,2025-11-25T12:14:23Z
cam,,soil_temperature_730.txt,NA,2025-11-25T12:14:23Z
cam,,soil_temperature_734.txt,NA,2025-11-25T12:14:23Z
cam,,soil_temperature_738.txt,NA,2025-11-25T12:14:23Z
cam,,soil_temperature_742.txt,NA,2025-11-25T12:14:23Z
cam,,soil_temperature_746.txt,NA,2025-11-25T12:14:23Z
cam,,soil_temperature_750.txt,NA,2025-11-25T12:14:23Z
cam,,soil_temperature_754.txt,NA,2025-11-25T12:14:23Z
cam,,soil_temperature_758.txt,NA,2025-11-25T12:14:23Z
cam,,soil_temperature_762.txt,NA,2025-11-25T12:14:23Z
cam,,soil_temperature_766.txt,NA,2025-11-25T12:14:23Z
cam,,soil_temperature_770.txt,NA,2025-11-25T12:14:23Z
cam,,soil_temperature_774.txt,NA,2025-11-25T12:14:23Z
cam,,soil_temperature_778.txt,NA,2025-11-25T12:14:23Z
cam,,soil_temperature_782.txt,NA,2025-11-25T12:14:23Z
cam,,soil_temperature_786.txt,NA,2025-11-25T12:14:23Z
cam,,soil_temperature_790.txt,NA,2025-11-25T12:14:23Z
cam,,soil_temperature_794.txt,NA,2025-11-25T12:14:24Z
cam,,soil_temperature_798.txt,NA,2025-11-25T12:14:24Z
cam,,soil_temperature_802.txt,NA,2025-11-25T12:14:24Z
cam,,soil_temperature_806.txt,NA,2025-11-25T12:14:24Z
cam,,soil_temperature_810.txt,NA,2025-11-25T12:14:24Z
cam,,soil_temperature_814.txt,NA,2025-11-25T12:14:24Z
cam,,soil_temperature_818.txt,NA,2025-11-25T12:14:24Z
cam,,soil_temperature_822.txt,NA,2025-11-25T12:14:24Z
cam,,soil_temperature_826.txt,NA,2025-11-25T12:14:24Z
cam,,soil_temperature_830.txt,NA,2025-11-25T12:14:24Z
cam,,soil_temperature_834.txt,NA,2025-11-25T12:14:24Z
cam,,soil_temperature_838.txt,NA,2025-11-25T12:14:24Z
cam,,soil_temperature_842.txt,NA,2025-11-25T12:14:24Z
cam,,soil_temperature_846.txt,NA,2025-11-25T12:14:24Z
cam,,soil_temperature_850.txt,NA,2025-11-25T12:14:24Z
cam,,soil_temperature_854.txt,NA,2025-11-25T12:14:24Z
cam,,soil_temperature_858.txt,NA,2025-11-25T12:14:24Z
cam,,soil_temperature_862.txt,NA,2025-11-25T12:14:24Z
cam,,soil_temperature_866.txt,NA,2025-11-25T12:14:24Z
cam,,soil_temperature_870.txt,NA,2025-11-25T12:14:24Z
cam,,soil_temperature_874.txt,NA,2025-11-25T12:14:24Z
cam,,soil_temperature_878.txt,NA,2025-11-25T12:14:24Z
cam,,soil_temperature_882.txt,NA,2025-11-25T12:14:24Z
cam,,soil_temperature_886.txt,NA,2025-11-25T12:14:24Z
cam,,soil_temperature_890.txt,NA,2025-11-25T12:14:24Z
cam,,soil_temperature_894.txt,NA,2025-11-25T12:14:24Z
cam,,soil_temperature_898.txt,NA,2025-11-25T12:14:25Z
cam,,soil_temperature_902.txt,NA,2025-11-25T12:14:25Z
cam,,soil_temperature_906.txt,NA,2025-11-25T12:14:25Z
cam,,soil_temperature_910.txt,NA,2025-11-25T12:14:25Z
cam,,soil_temperature_914.txt,NA,2025-11-25T12:14:25Z
cam,,soil_temperature_918.txt,NA,2025-11-25T12:14:25Z
cam,,soil_temperature_922.txt,NA,2025-11-25T12:14:25Z
cam,,soil_temperature_926.txt,NA,2025-11-25T12:14:25Z
cam,,soil_temperature_930.txt,NA,2025-11-25T12:14:25Z
cam,,soil_temperature_934.txt,NA,2025-11-25T12:14:25Z
cam,,soil_temperature_938.txt,NA,2025-11-25T12:14:25Z
cam,,soil_temperature_942.txt,NA,2025-11-25T12:14:25Z
cam,,soil_temperature_946.txt,NA,2025-11-25T12:14:25Z
cam,,soil_temperature_950.txt,NA,2025-11-25T12:14:25Z
cam,,SLAT_ELAT.txt,NA,2025-11-25T12:14:26Z
cam,,SLON_ELON.txt,NA,2025-11-25T12:14:27Z
cam,,aspectE_CULT_LAND.txt,NA,2025-11-25T12:14:27Z
cam,,aspectE_CULTIR_LAND.txt,NA,2025-11-25T12:14:27Z
cam,,aspectE_CULTRF_LAND.txt,NA,2025-11-25T12:14:28Z
cam,,aspectE_FOR_LAND.txt,NA,2025-11-25T12:14:28Z
cam,,aspectE_GRS_LAND.txt,NA,2025-11-25T12:14:28Z
cam,,aspectN_CULT_LAND.txt,NA,2025-11-25T12:14:28Z
cam,,aspectN_CULTIR_LAND.txt,NA,2025-11-25T12:14:28Z
cam,,aspectN_CULTRF_LAND.txt,NA,2025-11-25T12:14:28Z
cam,,aspectN_FOR_LAND.txt,NA,2025-11-25T12:14:29Z
cam,,aspectN_GRS_LAND.txt,NA,2025-11-25T12:14:29Z
cam,,aspectS_CULT_LAND.txt,NA,2025-11-25T12:14:29Z
cam,,aspectS_CULTIR_LAND.txt,NA,2025-11-25T12:14:29Z
cam,,aspectS_CULTRF_LAND.txt,NA,2025-11-25T12:14:29Z
cam,,aspectS_FOR_LAND.txt,NA,2025-11-25T12:14:30Z
cam,,aspectS_GRS_LAND.txt,NA,2025-11-25T12:14:30Z
cam,,aspectS_URB_LAND.txt,NA,2025-11-25T12:14:30Z
cam,,aspectW_CULT_LAND.txt,NA,2025-11-25T12:14:30Z
cam,,aspectW_CULTIR_LAND.txt,NA,2025-11-25T12:14:30Z
cam,,aspectW_CULTRF_LAND.txt,NA,2025-11-25T12:14:30Z
cam,,aspectW_FOR_LAND.txt,NA,2025-11-25T12:14:31Z
cam,,aspectW_GRS_LAND.txt,NA,2025-11-25T12:14:31Z
cam,,aspectW_URB_LAND.txt,NA,2025-11-25T12:14:31Z
cam,,elevation_CULT_LAND.txt,NA,2025-11-25T12:14:31Z
cam,,elevation_CULTRF_LAND.txt,NA,2025-11-25T12:14:31Z
cam,,elevation_FOR_LAND.txt,NA,2025-11-25T12:14:31Z
cam,,elevation_GRS_LAND.txt,NA,2025-11-25T12:14:32Z
cam,,elevation_URB_LAND.txt,NA,2025-11-25T12:14:32Z
cam,,lat_CULTRF_LAND.txt,NA,2025-11-25T12:14:32Z
cam,,lat_GRS_LAND.txt,NA,2025-11-25T12:14:32Z
cam,,lon_CULT_LAND.txt,NA,2025-11-25T12:14:32Z
cam,,lon_CULTRF_LAND.txt,NA,2025-11-25T12:14:33Z
cam,,lon_FOR_LAND.txt,NA,2025-11-25T12:14:33Z
cam,,lon_GRS_LAND.txt,NA,2025-11-25T12:14:33Z
cam,,lon_URB_LAND.txt,NA,2025-11-25T12:14:33Z
cam,,slope1_CULT_LAND.txt,NA,2025-11-25T12:14:33Z
cam,,slope1_CULTIR_LAND.txt,NA,2025-11-25T12:14:34Z
cam,,slope1_CULTRF_LAND.txt,NA,2025-11-25T12:14:34Z
cam,,slope1_FOR_LAND.txt,NA,2025-11-25T12:14:34Z
cam,,slope1_GRS_LAND.txt,NA,2025-11-25T12:14:34Z
cam,,slope2_CULT_LAND.txt,NA,2025-11-25T12:14:34Z
cam,,slope2_CULTIR_LAND.txt,NA,2025-11-25T12:14:35Z
cam,,slope2_CULTRF_LAND.txt,NA,2025-11-25T12:14:35Z
cam,,slope2_FOR_LAND.txt,NA,2025-11-25T12:14:35Z
cam,,slope2_GRS_LAND.txt,NA,2025-11-25T12:14:35Z
cam,,slope3_CULT_LAND.txt,NA,2025-11-25T12:14:35Z
cam,,slope3_CULTIR_LAND.txt,NA,2025-11-25T12:14:36Z
cam,,slope3_CULTRF_LAND.txt,NA,2025-11-25T12:14:36Z
cam,,slope4_CULT_LAND.txt,NA,2025-11-25T12:14:36Z
cam,,slope4_CULTIR_LAND.txt,NA,2025-11-25T12:14:36Z
cam,,slope4_FOR_LAND.txt,NA,2025-11-25T12:14:37Z
cam,,slope4_URB_LAND.txt,NA,2025-11-25T12:14:37Z
cam,,slope5_CULT_LAND.txt,NA,2025-11-25T12:14:37Z
cam,,slope5_CULTIR_LAND.txt,NA,2025-11-25T12:14:37Z
cam,,slope5_CULTRF_LAND.txt,NA,2025-11-25T12:14:37Z
cam,,slope5_FOR_LAND.txt,NA,2025-11-25T12:14:37Z
cam,,slope5_GRS_LAND.txt,NA,2025-11-25T12:14:38Z
cam,,slope6_CULT_LAND.txt,NA,2025-11-25T12:14:38Z
cam,,slope6_CULTIR_LAND.txt,NA,2025-11-25T12:14:38Z
cam,,slope6_CULTRF_LAND.txt,NA,2025-11-25T12:14:38Z
cam,,slope6_FOR_LAND.txt,NA,2025-11-25T12:14:38Z
cam,,slope6_GRS_LAND.txt,NA,2025-11-25T12:14:38Z
cam,,slope7_CULT_LAND.txt,NA,2025-11-25T12:14:38Z
cam,,slope7_CULTIR_LAND.txt,NA,2025-11-25T12:14:39Z
cam,,slope7_CULTRF_LAND.txt,NA,2025-11-25T12:14:39Z
cam,,slope7_FOR_LAND.txt,NA,2025-11-25T12:14:39Z
cam,,slope7_GRS_LAND.txt,NA,2025-11-25T12:14:39Z
cam,,slope8_CULT_LAND.txt,NA,2025-11-25T12:14:39Z
cam,,slope8_CULTRF_LAND.txt,NA,2025-11-25T12:14:39Z
cam,,slope8_FOR_LAND.txt,NA,2025-11-25T12:14:39Z
cam,,FIRE_SIZE_Days_to_extinguish_fire.txt,NA,2025-11-25T12:14:43Z
cam,,lat_var_crop_maize.txt,NA,2025-11-25T12:14:43Z
cam,,lat_var_crop_maize_major.txt,NA,2025-11-25T12:14:43Z
cam,,lat_var_crop_maize_second.txt,NA,2025-11-25T12:14:44Z
cam,,lat_var_crop_rice.txt,NA,2025-11-25T12:14:44Z
cam,,lat_var_crop_rice_major.txt,NA,2025-11-25T12:14:44Z
cam,,lat_var_crop_rice_second.txt,NA,2025-11-25T12:14:44Z
cam,,lat_var_crop_wheat.txt,NA,2025-11-25T12:14:44Z
cam,,lat_var_crop_wheat_winter.txt,NA,2025-11-25T12:14:44Z
cam,,Rings_Diameter_Sex_F.txt,NA,2025-11-25T12:14:44Z
cam,,Rings_Diameter_Sex_I.txt,NA,2025-11-25T12:14:45Z
cam,,Rings_Diameter_Sex_M.txt,NA,2025-11-25T12:14:45Z
cam,,Rings_Height_Sex_F.txt,NA,2025-11-25T12:14:45Z
cam,,Rings_Height_Sex_I.txt,NA,2025-11-25T12:14:45Z
cam,,Rings_Height_Sex_M.txt,NA,2025-11-25T12:14:45Z
cam,,Rings_Length_Sex_F.txt,NA,2025-11-25T12:14:45Z
cam,,Rings_Length_Sex_I.txt,NA,2025-11-25T12:14:45Z
cam,,Rings_Length_Sex_M.txt,NA,2025-11-25T12:14:45Z
cam,,Rings_Shell_weight_Sex_F.txt,NA,2025-11-25T12:14:45Z
cam,,Rings_Shell_weight_Sex_I.txt,NA,2025-11-25T12:14:45Z
cam,,Rings_Shell_weight_Sex_M.txt,NA,2025-11-25T12:14:45Z
cam,,Rings_Shucked_weight_Sex_I.txt,NA,2025-11-25T12:14:45Z
cam,,Rings_Shucked_weight_Sex_M.txt,NA,2025-11-25T12:14:45Z
cam,,Rings_Viscera_weight_Sex_F.txt,NA,2025-11-25T12:14:45Z
cam,,Rings_Viscera_weight_Sex_I.txt,NA,2025-11-25T12:14:45Z
cam,,Rings_Viscera_weight_Sex_M.txt,NA,2025-11-25T12:14:45Z
cam,,Rings_Whole_weight_Sex_F.txt,NA,2025-11-25T12:14:45Z
cam,,Rings_Whole_weight_Sex_I.txt,NA,2025-11-25T12:14:45Z
cam,,Rings_Whole_weight_Sex_M.txt,NA,2025-11-25T12:14:45Z
cam,,drinks_number_of_half-pint_equivalents_of_alcoholic_beverages_gammagt_gamma-glutamyl_transpeptdase.txt,NA,2025-11-25T12:14:45Z
cam,,drinks_number_of_half-pint_equivalents_of_alcoholic_beverages_mcv_mean_corpuscular_volume.txt,NA,2025-11-25T12:14:45Z
cam,,drinks_number_of_half-pint_equivalents_of_alcoholic_beverages_sgot_aspartate_aminotransferase.txt,NA,2025-11-25T12:14:45Z
cam,,Abdomen_class.txt,NA,2025-11-25T12:14:45Z
cam,,Age_class.txt,NA,2025-11-25T12:14:45Z
cam,,Ankle_class.txt,NA,2025-11-25T12:14:45Z
cam,,Biceps_class.txt,NA,2025-11-25T12:14:45Z
cam,,Chest_class.txt,NA,2025-11-25T12:14:45Z
cam,,Forearm_class.txt,NA,2025-11-25T12:14:45Z
cam,,Hip_class.txt,NA,2025-11-25T12:14:45Z
cam,,Knee_class.txt,NA,2025-11-25T12:14:45Z
cam,,Neck_class.txt,NA,2025-11-25T12:14:46Z
cam,,Thigh_class.txt,NA,2025-11-25T12:14:46Z
cam,,Weight_class.txt,NA,2025-11-25T12:14:46Z
cam,,Wrist_class.txt,NA,2025-11-25T12:14:46Z
cam,,BMI_BloodPressure.txt,NA,2025-11-25T12:14:46Z
cam,,BMI_Glucose.txt,NA,2025-11-25T12:14:46Z
cam,,BMI_SkinThickness.txt,NA,2025-11-25T12:14:46Z
cam,,Father_height_Child_height_gender_0.txt,NA,2025-11-25T12:14:46Z
cam,,Father_height_Child_height_gender_1.txt,NA,2025-11-25T12:14:46Z
cam,,Mother_height_Child_height_gender_0.txt,NA,2025-11-25T12:14:46Z
cam,,Mother_height_Child_height_gender_1.txt,NA,2025-11-25T12:14:46Z
cam,,medianage_avganncount.txt,NA,2025-11-25T12:14:46Z
cam,,medianage_avgdeathsperyear.txt,NA,2025-11-25T12:14:46Z
cam,,medianagefemale_avganncount.txt,NA,2025-11-25T12:14:46Z
cam,,medianagefemale_avgdeathsperyear.txt,NA,2025-11-25T12:14:46Z
cam,,medianagemale_avganncount.txt,NA,2025-11-25T12:14:46Z
cam,,medianagemale_avgdeathsperyear.txt,NA,2025-11-25T12:14:46Z
cam,,medincome_avganncount.txt,NA,2025-11-25T12:14:46Z
cam,,medincome_avgdeathsperyear.txt,NA,2025-11-25T12:14:46Z
cam,,medincome_target_deathrate.txt,NA,2025-11-25T12:14:46Z
cam,,pctasian_avganncount.txt,NA,2025-11-25T12:14:46Z
cam,,pctasian_avgdeathsperyear.txt,NA,2025-11-25T12:14:46Z
cam,,pctasian_target_deathrate.txt,NA,2025-11-25T12:14:46Z
cam,,pctbachdeg18_24_avganncount.txt,NA,2025-11-25T12:14:46Z
cam,,pctbachdeg18_24_avgdeathsperyear.txt,NA,2025-11-25T12:14:46Z
cam,,pctbachdeg18_24_target_deathrate.txt,NA,2025-11-25T12:14:46Z
cam,,pctbachdeg25_over_avganncount.txt,NA,2025-11-25T12:14:46Z
cam,,pctbachdeg25_over_avgdeathsperyear.txt,NA,2025-11-25T12:14:46Z
cam,,pctbachdeg25_over_target_deathrate.txt,NA,2025-11-25T12:14:46Z
cam,,pctblack_avganncount.txt,NA,2025-11-25T12:14:46Z
cam,,pctblack_avgdeathsperyear.txt,NA,2025-11-25T12:14:46Z
cam,,pctblack_target_deathrate.txt,NA,2025-11-25T12:14:46Z
cam,,pctemployed16_over_avganncount.txt,NA,2025-11-25T12:14:46Z
cam,,pctemployed16_over_avgdeathsperyear.txt,NA,2025-11-25T12:14:46Z
cam,,pctemployed16_over_target_deathrate.txt,NA,2025-11-25T12:14:46Z
cam,,pctempprivcoverage_avganncount.txt,NA,2025-11-25T12:14:47Z
cam,,pctempprivcoverage_avgdeathsperyear.txt,NA,2025-11-25T12:14:47Z
cam,,pctempprivcoverage_target_deathrate.txt,NA,2025-11-25T12:14:47Z
cam,,pcths18_24_avganncount.txt,NA,2025-11-25T12:14:47Z
cam,,pcths18_24_avgdeathsperyear.txt,NA,2025-11-25T12:14:47Z
cam,,pcths18_24_target_deathrate.txt,NA,2025-11-25T12:14:47Z
cam,,pcths25_over_avganncount.txt,NA,2025-11-25T12:14:47Z
cam,,pcths25_over_avgdeathsperyear.txt,NA,2025-11-25T12:14:47Z
cam,,pcths25_over_target_deathrate.txt,NA,2025-11-25T12:14:47Z
cam,,pctmarriedhouseholds_target_deathrate.txt,NA,2025-11-25T12:14:47Z
cam,,pctnohs18_24_avganncount.txt,NA,2025-11-25T12:14:47Z
cam,,pctnohs18_24_avgdeathsperyear.txt,NA,2025-11-25T12:14:47Z
cam,,pctotherrace_avganncount.txt,NA,2025-11-25T12:14:47Z
cam,,pctotherrace_avgdeathsperyear.txt,NA,2025-11-25T12:14:47Z
cam,,pctprivatecoverage_avganncount.txt,NA,2025-11-25T12:14:47Z
cam,,pctprivatecoverage_avgdeathsperyear.txt,NA,2025-11-25T12:14:47Z
cam,,pctprivatecoverage_target_deathrate.txt,NA,2025-11-25T12:14:47Z
cam,,pctprivatecoveragealone_avganncount.txt,NA,2025-11-25T12:14:47Z
cam,,pctprivatecoveragealone_avgdeathsperyear.txt,NA,2025-11-25T12:14:47Z
cam,,pctprivatecoveragealone_target_deathrate.txt,NA,2025-11-25T12:14:47Z
cam,,pctpubliccoverage_avganncount.txt,NA,2025-11-25T12:14:47Z
cam,,pctpubliccoverage_avgdeathsperyear.txt,NA,2025-11-25T12:14:47Z
cam,,pctpubliccoverage_target_deathrate.txt,NA,2025-11-25T12:14:47Z
cam,,pctpubliccoveragealone_avganncount.txt,NA,2025-11-25T12:14:47Z
cam,,pctpubliccoveragealone_target_deathrate.txt,NA,2025-11-25T12:14:47Z
cam,,pctsomecol18_24_avganncount.txt,NA,2025-11-25T12:14:47Z
cam,,pctsomecol18_24_avgdeathsperyear.txt,NA,2025-11-25T12:14:47Z
cam,,pctsomecol18_24_target_deathrate.txt,NA,2025-11-25T12:14:47Z
cam,,pctunemployed16_over_avgdeathsperyear.txt,NA,2025-11-25T12:14:47Z
cam,,pctunemployed16_over_target_deathrate.txt,NA,2025-11-25T12:14:47Z
cam,,pctwhite_avgdeathsperyear.txt,NA,2025-11-25T12:14:47Z
cam,,percentmarried_avgdeathsperyear.txt,NA,2025-11-25T12:14:47Z
cam,,percentmarried_target_deathrate.txt,NA,2025-11-25T12:14:47Z
cam,,povertypercent_avganncount.txt,NA,2025-11-25T12:14:48Z
cam,,povertypercent_target_deathrate.txt,NA,2025-11-25T12:14:48Z
cam,,studypercap_avganncount.txt,NA,2025-11-25T12:14:48Z
cam,,studypercap_avgdeathsperyear.txt,NA,2025-11-25T12:14:48Z
cam,,other_pests_and_parasites_percent_lost.txt,NA,2025-11-25T12:14:48Z
cam,,pesticides_percent_lost.txt,NA,2025-11-25T12:14:48Z
cam,,varroa_mites_percent_lost.txt,NA,2025-11-25T12:14:48Z
cam,,Alcohol_Adult_Mortality.txt,NA,2025-11-25T12:14:48Z
cam,,Alcohol_infant_deaths.txt,NA,2025-11-25T12:14:48Z
cam,,Alcohol_Life_expectancy.txt,NA,2025-11-25T12:14:48Z
cam,,Alcohol_under-five_deaths.txt,NA,2025-11-25T12:14:48Z
cam,,BMI_Adult_Mortality.txt,NA,2025-11-25T12:14:48Z
cam,,BMI_infant_deaths.txt,NA,2025-11-25T12:14:48Z
cam,,BMI_Life_expectancy.txt,NA,2025-11-25T12:14:48Z
cam,,BMI_under-five_deaths.txt,NA,2025-11-25T12:14:48Z
cam,,Diphtheria_Adult_Mortality.txt,NA,2025-11-25T12:14:48Z
cam,,Diphtheria_infant_deaths.txt,NA,2025-11-25T12:14:48Z
cam,,Diphtheria_Life_expectancy.txt,NA,2025-11-25T12:14:48Z
cam,,Diphtheria_under-five_deaths.txt,NA,2025-11-25T12:14:48Z
cam,,GDP_Adult_Mortality.txt,NA,2025-11-25T12:14:48Z
cam,,GDP_infant_deaths.txt,NA,2025-11-25T12:14:48Z
cam,,GDP_Life_expectancy.txt,NA,2025-11-25T12:14:48Z
cam,,GDP_under-five_deaths.txt,NA,2025-11-25T12:14:48Z
cam,,Hepatitis_B_infant_deaths.txt,NA,2025-11-25T12:14:48Z
cam,,Hepatitis_B_Life_expectancy.txt,NA,2025-11-25T12:14:48Z
cam,,Hepatitis_B_under-five_deaths.txt,NA,2025-11-25T12:14:48Z
cam,,HIV_AIDS_Adult_Mortality.txt,NA,2025-11-25T12:14:48Z
cam,,HIV_AIDS_infant_deaths.txt,NA,2025-11-25T12:14:48Z
cam,,HIV_AIDS_Life_expectancy.txt,NA,2025-11-25T12:14:48Z
cam,,HIV_AIDS_under-five_deaths.txt,NA,2025-11-25T12:14:48Z
cam,,Income_composition_of_resources_Adult_Mortality.txt,NA,2025-11-25T12:14:48Z
cam,,Income_composition_of_resources_infant_deaths.txt,NA,2025-11-25T12:14:48Z
cam,,Income_composition_of_resources_Life_expectancy.txt,NA,2025-11-25T12:14:48Z
cam,,Income_composition_of_resources_under-five_deaths.txt,NA,2025-11-25T12:14:48Z
cam,,Measles_infant_deaths.txt,NA,2025-11-25T12:14:48Z
cam,,Measles_Life_expectancy.txt,NA,2025-11-25T12:14:48Z
cam,,Measles_under-five_deaths.txt,NA,2025-11-25T12:14:48Z
cam,,percentage_expenditure_Adult_Mortality.txt,NA,2025-11-25T12:14:49Z
cam,,percentage_expenditure_infant_deaths.txt,NA,2025-11-25T12:14:49Z
cam,,percentage_expenditure_Life_expectancy.txt,NA,2025-11-25T12:14:49Z
cam,,percentage_expenditure_under-five_deaths.txt,NA,2025-11-25T12:14:49Z
cam,,Polio_Adult_Mortality.txt,NA,2025-11-25T12:14:49Z
cam,,Polio_infant_deaths.txt,NA,2025-11-25T12:14:49Z
cam,,Polio_Life_expectancy.txt,NA,2025-11-25T12:14:49Z
cam,,Polio_under-five_deaths.txt,NA,2025-11-25T12:14:49Z
cam,,Schooling_Adult_Mortality.txt,NA,2025-11-25T12:14:49Z
cam,,Schooling_infant_deaths.txt,NA,2025-11-25T12:14:49Z
cam,,Schooling_Life_expectancy.txt,NA,2025-11-25T12:14:49Z
cam,,Schooling_under-five_deaths.txt,NA,2025-11-25T12:14:49Z
cam,,thinness_5-9_years_Adult_Mortality.txt,NA,2025-11-25T12:14:49Z
cam,,thinness_5-9_years_infant_deaths.txt,NA,2025-11-25T12:14:49Z
cam,,thinness_5-9_years_Life_expectancy.txt,NA,2025-11-25T12:14:49Z
cam,,thinness_5-9_years_under-five_deaths.txt,NA,2025-11-25T12:14:49Z
cam,,Total_expenditure_Adult_Mortality.txt,NA,2025-11-25T12:14:49Z
cam,,Total_expenditure_Life_expectancy.txt,NA,2025-11-25T12:14:49Z
cam,,Total_expenditure_under-five_deaths.txt,NA,2025-11-25T12:14:49Z
cam,,PPFD_NEP.txt,NA,2025-11-25T12:14:49Z
cam,,PPFDdif_NEP.txt,NA,2025-11-25T12:14:49Z
cam,,PPFDdir_NEP.txt,NA,2025-11-25T12:14:49Z
cam,,Fraction_Genome_Altered_Mutation_Count.txt,NA,2025-11-25T12:14:49Z
cam,,MSI_MANTIS_Score_Mutation_Count.txt,NA,2025-11-25T12:14:49Z
cam,,MSIsensor_Score_Mutation_Count.txt,NA,2025-11-25T12:14:49Z
cam,,Doses_per_1000_Fully_Vaccinated_Population____.txt,NA,2025-11-25T12:14:49Z
cam,,carrier_delay_arr_delay_carrier_name_AirTran_Airways_Corporation.txt,NA,2025-11-25T12:14:49Z
cam,,carrier_delay_arr_delay_carrier_name_Alaska_Airlines_Inc..txt,NA,2025-11-25T12:14:50Z
cam,,carrier_delay_arr_delay_carrier_name_Allegiant_Air.txt,NA,2025-11-25T12:14:50Z
cam,,carrier_delay_arr_delay_carrier_name_Aloha_Airlines_Inc..txt,NA,2025-11-25T12:14:50Z
cam,,carrier_delay_arr_delay_carrier_name_America_West_Airlines_Inc..txt,NA,2025-11-25T12:14:50Z
cam,,carrier_delay_arr_delay_carrier_name_American_Airlines_Inc..txt,NA,2025-11-25T12:14:51Z
cam,,carrier_delay_arr_delay_carrier_name_American_Eagle_Airlines_Inc..txt,NA,2025-11-25T12:14:51Z
cam,,carrier_delay_arr_delay_carrier_name_ATA_Airlines_d_b_a_ATA.txt,NA,2025-11-25T12:14:51Z
cam,,carrier_delay_arr_delay_carrier_name_Atlantic_Coast_Airlines.txt,NA,2025-11-25T12:14:51Z
cam,,carrier_delay_arr_delay_carrier_name_Atlantic_Southeast_Airlines.txt,NA,2025-11-25T12:14:52Z
cam,,carrier_delay_arr_delay_carrier_name_Comair_Inc..txt,NA,2025-11-25T12:14:52Z
cam,,carrier_delay_arr_delay_carrier_name_Continental_Air_Lines_Inc..txt,NA,2025-11-25T12:14:53Z
cam,,carrier_delay_arr_delay_carrier_name_Delta_Air_Lines_Inc..txt,NA,2025-11-25T12:14:53Z
cam,,carrier_delay_arr_delay_carrier_name_Endeavor_Air_Inc..txt,NA,2025-11-25T12:14:53Z
cam,,carrier_delay_arr_delay_carrier_name_Envoy_Air.txt,NA,2025-11-25T12:14:54Z
cam,,carrier_delay_arr_delay_carrier_name_ExpressJet_Airlines_Inc..txt,NA,2025-11-25T12:14:54Z
cam,,carrier_delay_arr_delay_carrier_name_ExpressJet_Airlines_LLC.txt,NA,2025-11-25T12:14:54Z
cam,,carrier_delay_arr_delay_carrier_name_Frontier_Airlines_Inc..txt,NA,2025-11-25T12:14:55Z
cam,,carrier_delay_arr_delay_carrier_name_Hawaiian_Airlines_Inc..txt,NA,2025-11-25T12:14:55Z
cam,,carrier_delay_arr_delay_carrier_name_Horizon_Air.txt,NA,2025-11-25T12:14:55Z
cam,,carrier_delay_arr_delay_carrier_name_Independence_Air.txt,NA,2025-11-25T12:14:55Z
cam,,carrier_delay_arr_delay_carrier_name_JetBlue_Airways.txt,NA,2025-11-25T12:14:55Z
cam,,carrier_delay_arr_delay_carrier_name_Mesa_Airlines_Inc..txt,NA,2025-11-25T12:14:56Z
cam,,carrier_delay_arr_delay_carrier_name_Northwest_Airlines_Inc..txt,NA,2025-11-25T12:14:56Z
cam,,carrier_delay_arr_delay_carrier_name_Pinnacle_Airlines_Inc..txt,NA,2025-11-25T12:14:57Z
cam,,carrier_delay_arr_delay_carrier_name_PSA_Airlines_Inc..txt,NA,2025-11-25T12:14:57Z
cam,,carrier_delay_arr_delay_carrier_name_Republic_Airline.txt,NA,2025-11-25T12:14:57Z
cam,,carrier_delay_arr_delay_carrier_name_SkyWest_Airlines_Inc..txt,NA,2025-11-25T12:14:58Z
cam,,carrier_delay_arr_delay_carrier_name_Southwest_Airlines_Co..txt,NA,2025-11-25T12:14:59Z
cam,,carrier_delay_arr_delay_carrier_name_Spirit_Air_Lines.txt,NA,2025-11-25T12:14:59Z
cam,,carrier_delay_arr_delay_carrier_name_United_Air_Lines_Inc..txt,NA,2025-11-25T12:14:59Z
cam,,carrier_delay_arr_delay_carrier_name_US_Airways_Inc..txt,NA,2025-11-25T12:15:00Z
cam,,carrier_delay_arr_delay_carrier_name_Virgin_America.txt,NA,2025-11-25T12:15:00Z
cam,,late_aircraft_delay_arr_delay_carrier_name_AirTran_Airways_Corporation.txt,NA,2025-11-25T12:15:00Z
cam,,late_aircraft_delay_arr_delay_carrier_name_Alaska_Airlines_Inc..txt,NA,2025-11-25T12:15:00Z
cam,,late_aircraft_delay_arr_delay_carrier_name_Allegiant_Air.txt,NA,2025-11-25T12:15:01Z
cam,,late_aircraft_delay_arr_delay_carrier_name_Aloha_Airlines_Inc..txt,NA,2025-11-25T12:15:01Z
cam,,late_aircraft_delay_arr_delay_carrier_name_America_West_Airlines_Inc..txt,NA,2025-11-25T12:15:01Z
cam,,late_aircraft_delay_arr_delay_carrier_name_American_Airlines_Inc..txt,NA,2025-11-25T12:15:01Z
cam,,late_aircraft_delay_arr_delay_carrier_name_American_Eagle_Airlines_Inc..txt,NA,2025-11-25T12:15:02Z
cam,,late_aircraft_delay_arr_delay_carrier_name_ATA_Airlines_d_b_a_ATA.txt,NA,2025-11-25T12:15:02Z
cam,,late_aircraft_delay_arr_delay_carrier_name_Atlantic_Coast_Airlines.txt,NA,2025-11-25T12:15:02Z
cam,,late_aircraft_delay_arr_delay_carrier_name_Atlantic_Southeast_Airlines.txt,NA,2025-11-25T12:15:02Z
cam,,late_aircraft_delay_arr_delay_carrier_name_Comair_Inc..txt,NA,2025-11-25T12:15:03Z
cam,,late_aircraft_delay_arr_delay_carrier_name_Continental_Air_Lines_Inc..txt,NA,2025-11-25T12:15:03Z
cam,,late_aircraft_delay_arr_delay_carrier_name_Delta_Air_Lines_Inc..txt,NA,2025-11-25T12:15:04Z
cam,,late_aircraft_delay_arr_delay_carrier_name_Endeavor_Air_Inc..txt,NA,2025-11-25T12:15:04Z
cam,,late_aircraft_delay_arr_delay_carrier_name_Envoy_Air.txt,NA,2025-11-25T12:15:04Z
cam,,late_aircraft_delay_arr_delay_carrier_name_ExpressJet_Airlines_Inc..txt,NA,2025-11-25T12:15:05Z
cam,,late_aircraft_delay_arr_delay_carrier_name_ExpressJet_Airlines_LLC.txt,NA,2025-11-25T12:15:05Z
cam,,late_aircraft_delay_arr_delay_carrier_name_Frontier_Airlines_Inc..txt,NA,2025-11-25T12:15:06Z
cam,,late_aircraft_delay_arr_delay_carrier_name_Hawaiian_Airlines_Inc..txt,NA,2025-11-25T12:15:06Z
cam,,late_aircraft_delay_arr_delay_carrier_name_Horizon_Air.txt,NA,2025-11-25T12:15:06Z
cam,,late_aircraft_delay_arr_delay_carrier_name_Independence_Air.txt,NA,2025-11-25T12:15:06Z
cam,,late_aircraft_delay_arr_delay_carrier_name_JetBlue_Airways.txt,NA,2025-11-25T12:15:06Z
cam,,late_aircraft_delay_arr_delay_carrier_name_Mesa_Airlines_Inc..txt,NA,2025-11-25T12:15:07Z
cam,,late_aircraft_delay_arr_delay_carrier_name_Northwest_Airlines_Inc..txt,NA,2025-11-25T12:15:07Z
cam,,late_aircraft_delay_arr_delay_carrier_name_Pinnacle_Airlines_Inc..txt,NA,2025-11-25T12:15:07Z
cam,,late_aircraft_delay_arr_delay_carrier_name_PSA_Airlines_Inc..txt,NA,2025-11-25T12:15:07Z
cam,,late_aircraft_delay_arr_delay_carrier_name_Republic_Airline.txt,NA,2025-11-25T12:15:07Z
cam,,late_aircraft_delay_arr_delay_carrier_name_SkyWest_Airlines_Inc..txt,NA,2025-11-25T12:15:09Z
cam,,late_aircraft_delay_arr_delay_carrier_name_Southwest_Airlines_Co..txt,NA,2025-11-25T12:15:09Z
cam,,late_aircraft_delay_arr_delay_carrier_name_Spirit_Air_Lines.txt,NA,2025-11-25T12:15:09Z
cam,,late_aircraft_delay_arr_delay_carrier_name_United_Air_Lines_Inc..txt,NA,2025-11-25T12:15:10Z
cam,,late_aircraft_delay_arr_delay_carrier_name_US_Airways_Inc..txt,NA,2025-11-25T12:15:10Z
cam,,late_aircraft_delay_arr_delay_carrier_name_Virgin_America.txt,NA,2025-11-25T12:15:11Z
cam,,nas_delay_arr_delay_carrier_name_AirTran_Airways_Corporation.txt,NA,2025-11-25T12:15:11Z
cam,,nas_delay_arr_delay_carrier_name_Alaska_Airlines_Inc..txt,NA,2025-11-25T12:15:11Z
cam,,nas_delay_arr_delay_carrier_name_Allegiant_Air.txt,NA,2025-11-25T12:15:12Z
cam,,nas_delay_arr_delay_carrier_name_Aloha_Airlines_Inc..txt,NA,2025-11-25T12:15:12Z
cam,,nas_delay_arr_delay_carrier_name_America_West_Airlines_Inc..txt,NA,2025-11-25T12:15:12Z
cam,,nas_delay_arr_delay_carrier_name_American_Airlines_Inc..txt,NA,2025-11-25T12:15:12Z
cam,,nas_delay_arr_delay_carrier_name_American_Eagle_Airlines_Inc..txt,NA,2025-11-25T12:15:13Z
cam,,nas_delay_arr_delay_carrier_name_ATA_Airlines_d_b_a_ATA.txt,NA,2025-11-25T12:15:13Z
cam,,nas_delay_arr_delay_carrier_name_Atlantic_Coast_Airlines.txt,NA,2025-11-25T12:15:13Z
cam,,nas_delay_arr_delay_carrier_name_Atlantic_Southeast_Airlines.txt,NA,2025-11-25T12:15:13Z
cam,,nas_delay_arr_delay_carrier_name_Comair_Inc..txt,NA,2025-11-25T12:15:13Z
cam,,nas_delay_arr_delay_carrier_name_Continental_Air_Lines_Inc..txt,NA,2025-11-25T12:15:14Z
cam,,nas_delay_arr_delay_carrier_name_Delta_Air_Lines_Inc..txt,NA,2025-11-25T12:15:15Z
cam,,nas_delay_arr_delay_carrier_name_Endeavor_Air_Inc..txt,NA,2025-11-25T12:15:15Z
cam,,nas_delay_arr_delay_carrier_name_Envoy_Air.txt,NA,2025-11-25T12:15:15Z
cam,,nas_delay_arr_delay_carrier_name_ExpressJet_Airlines_Inc..txt,NA,2025-11-25T12:15:16Z
cam,,nas_delay_arr_delay_carrier_name_ExpressJet_Airlines_LLC.txt,NA,2025-11-25T12:15:16Z
cam,,nas_delay_arr_delay_carrier_name_Frontier_Airlines_Inc..txt,NA,2025-11-25T12:15:16Z
cam,,nas_delay_arr_delay_carrier_name_Hawaiian_Airlines_Inc..txt,NA,2025-11-25T12:15:16Z
cam,,nas_delay_arr_delay_carrier_name_Horizon_Air.txt,NA,2025-11-25T12:15:16Z
cam,,nas_delay_arr_delay_carrier_name_Independence_Air.txt,NA,2025-11-25T12:15:16Z
cam,,nas_delay_arr_delay_carrier_name_JetBlue_Airways.txt,NA,2025-11-25T12:15:17Z
cam,,nas_delay_arr_delay_carrier_name_Mesa_Airlines_Inc..txt,NA,2025-11-25T12:15:17Z
cam,,nas_delay_arr_delay_carrier_name_Northwest_Airlines_Inc..txt,NA,2025-11-25T12:15:17Z
cam,,nas_delay_arr_delay_carrier_name_Pinnacle_Airlines_Inc..txt,NA,2025-11-25T12:15:17Z
cam,,nas_delay_arr_delay_carrier_name_PSA_Airlines_Inc..txt,NA,2025-11-25T12:15:18Z
cam,,nas_delay_arr_delay_carrier_name_Republic_Airline.txt,NA,2025-11-25T12:15:18Z
cam,,nas_delay_arr_delay_carrier_name_SkyWest_Airlines_Inc..txt,NA,2025-11-25T12:15:19Z
cam,,nas_delay_arr_delay_carrier_name_Southwest_Airlines_Co..txt,NA,2025-11-25T12:15:19Z
cam,,nas_delay_arr_delay_carrier_name_Spirit_Air_Lines.txt,NA,2025-11-25T12:15:20Z
cam,,nas_delay_arr_delay_carrier_name_United_Air_Lines_Inc..txt,NA,2025-11-25T12:15:20Z
cam,,nas_delay_arr_delay_carrier_name_US_Airways_Inc..txt,NA,2025-11-25T12:15:21Z
cam,,nas_delay_arr_delay_carrier_name_Virgin_America.txt,NA,2025-11-25T12:15:21Z
cam,,security_delay_arr_delay_carrier_name_Alaska_Airlines_Inc..txt,NA,2025-11-25T12:15:21Z
cam,,security_delay_arr_delay_carrier_name_America_West_Airlines_Inc..txt,NA,2025-11-25T12:15:21Z
cam,,security_delay_arr_delay_carrier_name_American_Airlines_Inc..txt,NA,2025-11-25T12:15:21Z
cam,,security_delay_arr_delay_carrier_name_ATA_Airlines_d_b_a_ATA.txt,NA,2025-11-25T12:15:21Z
cam,,security_delay_arr_delay_carrier_name_Continental_Air_Lines_Inc..txt,NA,2025-11-25T12:15:21Z
cam,,security_delay_arr_delay_carrier_name_JetBlue_Airways.txt,NA,2025-11-25T12:15:22Z
cam,,security_delay_arr_delay_carrier_name_Southwest_Airlines_Co..txt,NA,2025-11-25T12:15:22Z
cam,,security_delay_arr_delay_carrier_name_Spirit_Air_Lines.txt,NA,2025-11-25T12:15:22Z
cam,,security_delay_arr_delay_carrier_name_US_Airways_Inc..txt,NA,2025-11-25T12:15:22Z
cam,,security_delay_arr_delay_carrier_name_Virgin_America.txt,NA,2025-11-25T12:15:22Z
cam,,weather_delay_arr_delay_carrier_name_AirTran_Airways_Corporation.txt,NA,2025-11-25T12:15:23Z
cam,,weather_delay_arr_delay_carrier_name_Alaska_Airlines_Inc..txt,NA,2025-11-25T12:15:23Z
cam,,weather_delay_arr_delay_carrier_name_Allegiant_Air.txt,NA,2025-11-25T12:15:23Z
cam,,weather_delay_arr_delay_carrier_name_America_West_Airlines_Inc..txt,NA,2025-11-25T12:15:23Z
cam,,weather_delay_arr_delay_carrier_name_American_Airlines_Inc..txt,NA,2025-11-25T12:15:24Z
cam,,weather_delay_arr_delay_carrier_name_American_Eagle_Airlines_Inc..txt,NA,2025-11-25T12:15:24Z
cam,,weather_delay_arr_delay_carrier_name_ATA_Airlines_d_b_a_ATA.txt,NA,2025-11-25T12:15:24Z
cam,,weather_delay_arr_delay_carrier_name_Atlantic_Coast_Airlines.txt,NA,2025-11-25T12:15:24Z
cam,,weather_delay_arr_delay_carrier_name_Atlantic_Southeast_Airlines.txt,NA,2025-11-25T12:15:24Z
cam,,weather_delay_arr_delay_carrier_name_Comair_Inc..txt,NA,2025-11-25T12:15:24Z
cam,,weather_delay_arr_delay_carrier_name_Continental_Air_Lines_Inc..txt,NA,2025-11-25T12:15:25Z
cam,,weather_delay_arr_delay_carrier_name_Delta_Air_Lines_Inc..txt,NA,2025-11-25T12:15:25Z
cam,,weather_delay_arr_delay_carrier_name_Endeavor_Air_Inc..txt,NA,2025-11-25T12:15:25Z
cam,,weather_delay_arr_delay_carrier_name_Envoy_Air.txt,NA,2025-11-25T12:15:26Z
cam,,weather_delay_arr_delay_carrier_name_ExpressJet_Airlines_Inc..txt,NA,2025-11-25T12:15:26Z
cam,,weather_delay_arr_delay_carrier_name_ExpressJet_Airlines_LLC.txt,NA,2025-11-25T12:15:26Z
cam,,weather_delay_arr_delay_carrier_name_Frontier_Airlines_Inc..txt,NA,2025-11-25T12:15:26Z
cam,,weather_delay_arr_delay_carrier_name_Hawaiian_Airlines_Inc..txt,NA,2025-11-25T12:15:26Z
cam,,weather_delay_arr_delay_carrier_name_Horizon_Air.txt,NA,2025-11-25T12:15:26Z
cam,,weather_delay_arr_delay_carrier_name_Independence_Air.txt,NA,2025-11-25T12:15:26Z
cam,,weather_delay_arr_delay_carrier_name_JetBlue_Airways.txt,NA,2025-11-25T12:15:27Z
cam,,weather_delay_arr_delay_carrier_name_Mesa_Airlines_Inc..txt,NA,2025-11-25T12:15:27Z
cam,,weather_delay_arr_delay_carrier_name_Northwest_Airlines_Inc..txt,NA,2025-11-25T12:15:27Z
cam,,weather_delay_arr_delay_carrier_name_Pinnacle_Airlines_Inc..txt,NA,2025-11-25T12:15:27Z
cam,,weather_delay_arr_delay_carrier_name_PSA_Airlines_Inc..txt,NA,2025-11-25T12:15:27Z
cam,,weather_delay_arr_delay_carrier_name_Republic_Airline.txt,NA,2025-11-25T12:15:28Z
cam,,weather_delay_arr_delay_carrier_name_SkyWest_Airlines_Inc..txt,NA,2025-11-25T12:15:29Z
cam,,weather_delay_arr_delay_carrier_name_Southwest_Airlines_Co..txt,NA,2025-11-25T12:15:29Z
cam,,weather_delay_arr_delay_carrier_name_Spirit_Air_Lines.txt,NA,2025-11-25T12:15:29Z
cam,,weather_delay_arr_delay_carrier_name_United_Air_Lines_Inc..txt,NA,2025-11-25T12:15:30Z
cam,,weather_delay_arr_delay_carrier_name_US_Airways_Inc..txt,NA,2025-11-25T12:15:30Z
cam,,weather_delay_arr_delay_carrier_name_Virgin_America.txt,NA,2025-11-25T12:15:30Z
cam,,AveragePrice_4046.txt,NA,2025-11-25T12:15:30Z
cam,,AveragePrice_4225.txt,NA,2025-11-25T12:15:31Z
cam,,AveragePrice_4770.txt,NA,2025-11-25T12:15:31Z
cam,,AveragePrice_Large_Bags.txt,NA,2025-11-25T12:15:31Z
cam,,AveragePrice_Small_Bags.txt,NA,2025-11-25T12:15:31Z
cam,,AveragePrice_Total_Bags.txt,NA,2025-11-25T12:15:31Z
cam,,AveragePrice_Total_Volume.txt,NA,2025-11-25T12:15:31Z
cam,,agePct12t21_ViolentCrimesPerPop.txt,NA,2025-11-25T12:15:31Z
cam,,agePct12t29_ViolentCrimesPerPop.txt,NA,2025-11-25T12:15:31Z
cam,,agePct16t24_ViolentCrimesPerPop.txt,NA,2025-11-25T12:15:31Z
cam,,AsianPerCap_ViolentCrimesPerPop.txt,NA,2025-11-25T12:15:31Z
cam,,blackPerCap_ViolentCrimesPerPop.txt,NA,2025-11-25T12:15:32Z
cam,,FemalePctDiv_ViolentCrimesPerPop.txt,NA,2025-11-25T12:15:32Z
cam,,HispPerCap_ViolentCrimesPerPop.txt,NA,2025-11-25T12:15:32Z
cam,,HousVacant_ViolentCrimesPerPop.txt,NA,2025-11-25T12:15:32Z
cam,,LemasSwFTFieldOps_ViolentCrimesPerPop.txt,NA,2025-11-25T12:15:32Z
cam,,LemasSwFTFieldPerPop_ViolentCrimesPerPop.txt,NA,2025-11-25T12:15:32Z
cam,,LemasSwFTPerPop_ViolentCrimesPerPop.txt,NA,2025-11-25T12:15:32Z
cam,,LemasSwornFT_ViolentCrimesPerPop.txt,NA,2025-11-25T12:15:32Z
cam,,LemasTotalReq_ViolentCrimesPerPop.txt,NA,2025-11-25T12:15:32Z
cam,,LemasTotReqPerPop_ViolentCrimesPerPop.txt,NA,2025-11-25T12:15:32Z
cam,,MalePctDivorce_ViolentCrimesPerPop.txt,NA,2025-11-25T12:15:32Z
cam,,MalePctNevMarr_ViolentCrimesPerPop.txt,NA,2025-11-25T12:15:32Z
cam,,medFamInc_ViolentCrimesPerPop.txt,NA,2025-11-25T12:15:32Z
cam,,medIncome_ViolentCrimesPerPop.txt,NA,2025-11-25T12:15:32Z
cam,,MedRent_ViolentCrimesPerPop.txt,NA,2025-11-25T12:15:32Z
cam,,MedRentPctHousInc_ViolentCrimesPerPop.txt,NA,2025-11-25T12:15:32Z
cam,,numbUrban_ViolentCrimesPerPop.txt,NA,2025-11-25T12:15:32Z
cam,,NumIlleg_ViolentCrimesPerPop.txt,NA,2025-11-25T12:15:32Z
cam,,NumImmig_ViolentCrimesPerPop.txt,NA,2025-11-25T12:15:32Z
cam,,NumInShelters_ViolentCrimesPerPop.txt,NA,2025-11-25T12:15:32Z
cam,,NumStreet_ViolentCrimesPerPop.txt,NA,2025-11-25T12:15:32Z
cam,,NumUnderPov_ViolentCrimesPerPop.txt,NA,2025-11-25T12:15:32Z
cam,,OfficAssgnDrugUnits_ViolentCrimesPerPop.txt,NA,2025-11-25T12:15:32Z
cam,,OtherPerCap_ViolentCrimesPerPop.txt,NA,2025-11-25T12:15:32Z
cam,,OwnOccHiQuart_ViolentCrimesPerPop.txt,NA,2025-11-25T12:15:32Z
cam,,OwnOccLowQuart_ViolentCrimesPerPop.txt,NA,2025-11-25T12:15:32Z
cam,,OwnOccMedVal_ViolentCrimesPerPop.txt,NA,2025-11-25T12:15:32Z
cam,,PctBSorMore_ViolentCrimesPerPop.txt,NA,2025-11-25T12:15:32Z
cam,,PctEmploy_ViolentCrimesPerPop.txt,NA,2025-11-25T12:15:32Z
cam,,PctFam2Par_ViolentCrimesPerPop.txt,NA,2025-11-25T12:15:32Z
cam,,PctHousLess3BR_ViolentCrimesPerPop.txt,NA,2025-11-25T12:15:32Z
cam,,PctHousNoPhone_ViolentCrimesPerPop.txt,NA,2025-11-25T12:15:32Z
cam,,PctHousOccup_ViolentCrimesPerPop.txt,NA,2025-11-25T12:15:32Z
cam,,PctHousOwnOcc_ViolentCrimesPerPop.txt,NA,2025-11-25T12:15:32Z
cam,,PctIlleg_ViolentCrimesPerPop.txt,NA,2025-11-25T12:15:33Z
cam,,PctImmigRec10_ViolentCrimesPerPop.txt,NA,2025-11-25T12:15:33Z
cam,,PctImmigRec5_ViolentCrimesPerPop.txt,NA,2025-11-25T12:15:33Z
cam,,PctImmigRec8_ViolentCrimesPerPop.txt,NA,2025-11-25T12:15:33Z
cam,,PctImmigRecent_ViolentCrimesPerPop.txt,NA,2025-11-25T12:15:33Z
cam,,PctKids2Par_ViolentCrimesPerPop.txt,NA,2025-11-25T12:15:33Z
cam,,PctLargHouseFam_ViolentCrimesPerPop.txt,NA,2025-11-25T12:15:33Z
cam,,PctLargHouseOccup_ViolentCrimesPerPop.txt,NA,2025-11-25T12:15:33Z
cam,,PctLess9thGrade_ViolentCrimesPerPop.txt,NA,2025-11-25T12:15:33Z
cam,,PctNotHSGrad_ViolentCrimesPerPop.txt,NA,2025-11-25T12:15:33Z
cam,,PctNotSpeakEnglWell_ViolentCrimesPerPop.txt,NA,2025-11-25T12:15:33Z
cam,,PctOccupManu_ViolentCrimesPerPop.txt,NA,2025-11-25T12:15:33Z
cam,,PctOccupMgmtProf_ViolentCrimesPerPop.txt,NA,2025-11-25T12:15:33Z
cam,,PctPersDenseHous_ViolentCrimesPerPop.txt,NA,2025-11-25T12:15:33Z
cam,,PctPersOwnOccup_ViolentCrimesPerPop.txt,NA,2025-11-25T12:15:33Z
cam,,PctPolicBlack_ViolentCrimesPerPop.txt,NA,2025-11-25T12:15:33Z
cam,,PctPolicMinor_ViolentCrimesPerPop.txt,NA,2025-11-25T12:15:33Z
cam,,PctPolicWhite_ViolentCrimesPerPop.txt,NA,2025-11-25T12:15:33Z
cam,,PctPopUnderPov_ViolentCrimesPerPop.txt,NA,2025-11-25T12:15:33Z
cam,,PctRecentImmig_ViolentCrimesPerPop.txt,NA,2025-11-25T12:15:33Z
cam,,PctRecImmig10_ViolentCrimesPerPop.txt,NA,2025-11-25T12:15:33Z
cam,,PctRecImmig5_ViolentCrimesPerPop.txt,NA,2025-11-25T12:15:33Z
cam,,PctRecImmig8_ViolentCrimesPerPop.txt,NA,2025-11-25T12:15:33Z
cam,,PctSameHouse85_ViolentCrimesPerPop.txt,NA,2025-11-25T12:15:33Z
cam,,PctSpeakEnglOnly_ViolentCrimesPerPop.txt,NA,2025-11-25T12:15:33Z
cam,,PctTeen2Par_ViolentCrimesPerPop.txt,NA,2025-11-25T12:15:33Z
cam,,PctUnemployed_ViolentCrimesPerPop.txt,NA,2025-11-25T12:15:33Z
cam,,PctVacantBoarded_ViolentCrimesPerPop.txt,NA,2025-11-25T12:15:33Z
cam,,pctWInvInc_ViolentCrimesPerPop.txt,NA,2025-11-25T12:15:33Z
cam,,PctWOFullPlumb_ViolentCrimesPerPop.txt,NA,2025-11-25T12:15:33Z
cam,,pctWPubAsst_ViolentCrimesPerPop.txt,NA,2025-11-25T12:15:33Z
cam,,pctWWage_ViolentCrimesPerPop.txt,NA,2025-11-25T12:15:33Z
cam,,PctYoungKids2Par_ViolentCrimesPerPop.txt,NA,2025-11-25T12:15:33Z
cam,,perCapInc_ViolentCrimesPerPop.txt,NA,2025-11-25T12:15:33Z
cam,,PersPerOwnOccHous_ViolentCrimesPerPop.txt,NA,2025-11-25T12:15:34Z
cam,,PersPerRentOccHous_ViolentCrimesPerPop.txt,NA,2025-11-25T12:15:34Z
cam,,PolicBudgPerPop_ViolentCrimesPerPop.txt,NA,2025-11-25T12:15:34Z
cam,,PolicCars_ViolentCrimesPerPop.txt,NA,2025-11-25T12:15:34Z
cam,,PolicOperBudg_ViolentCrimesPerPop.txt,NA,2025-11-25T12:15:34Z
cam,,PolicPerPop_ViolentCrimesPerPop.txt,NA,2025-11-25T12:15:34Z
cam,,PolicReqPerOffic_ViolentCrimesPerPop.txt,NA,2025-11-25T12:15:34Z
cam,,PopDens_ViolentCrimesPerPop.txt,NA,2025-11-25T12:15:34Z
cam,,population_ViolentCrimesPerPop.txt,NA,2025-11-25T12:15:34Z
cam,,racepctblack_ViolentCrimesPerPop.txt,NA,2025-11-25T12:15:34Z
cam,,racePctHisp_ViolentCrimesPerPop.txt,NA,2025-11-25T12:15:34Z
cam,,racePctWhite_ViolentCrimesPerPop.txt,NA,2025-11-25T12:15:34Z
cam,,RacialMatchCommPol_ViolentCrimesPerPop.txt,NA,2025-11-25T12:15:34Z
cam,,RentHighQ_ViolentCrimesPerPop.txt,NA,2025-11-25T12:15:34Z
cam,,RentLowQ_ViolentCrimesPerPop.txt,NA,2025-11-25T12:15:34Z
cam,,RentMedian_ViolentCrimesPerPop.txt,NA,2025-11-25T12:15:34Z
cam,,state_ViolentCrimesPerPop.txt,NA,2025-11-25T12:15:34Z
cam,,TotalPctDiv_ViolentCrimesPerPop.txt,NA,2025-11-25T12:15:34Z
cam,,whitePerCap_ViolentCrimesPerPop.txt,NA,2025-11-25T12:15:34Z
cam,,Latency__ns__Price__USD__Generation_DDR4.txt,NA,2025-11-25T12:15:34Z
cam,,Read_Uncached__GB_s__Price__USD__Generation_DDR4.txt,NA,2025-11-25T12:15:34Z
cam,,Write__GB_s__Price__USD__Generation_DDR4.txt,NA,2025-11-25T12:15:34Z
cam,,carat_price_clarity_I1.txt,NA,2025-11-25T12:15:34Z
cam,,carat_price_clarity_IF.txt,NA,2025-11-25T12:15:34Z
cam,,carat_price_clarity_SI1.txt,NA,2025-11-25T12:15:34Z
cam,,carat_price_clarity_SI2.txt,NA,2025-11-25T12:15:35Z
cam,,carat_price_clarity_VS1.txt,NA,2025-11-25T12:15:35Z
cam,,carat_price_clarity_VS2.txt,NA,2025-11-25T12:15:35Z
cam,,carat_price_clarity_VVS1.txt,NA,2025-11-25T12:15:35Z
cam,,carat_price_clarity_VVS2.txt,NA,2025-11-25T12:15:35Z
cam,,carat_price_color_D.txt,NA,2025-11-25T12:15:36Z
cam,,carat_price_color_E.txt,NA,2025-11-25T12:15:36Z
cam,,carat_price_color_F.txt,NA,2025-11-25T12:15:36Z
cam,,carat_price_color_G.txt,NA,2025-11-25T12:15:36Z
cam,,carat_price_color_H.txt,NA,2025-11-25T12:15:36Z
cam,,carat_price_color_I.txt,NA,2025-11-25T12:15:37Z
cam,,carat_price_color_J.txt,NA,2025-11-25T12:15:37Z
cam,,carat_price_cut_Fair.txt,NA,2025-11-25T12:15:37Z
cam,,carat_price_cut_Good.txt,NA,2025-11-25T12:15:37Z
cam,,carat_price_cut_Ideal.txt,NA,2025-11-25T12:15:37Z
cam,,carat_price_cut_Premium.txt,NA,2025-11-25T12:15:38Z
cam,,carat_price_cut_Very_Good.txt,NA,2025-11-25T12:15:38Z
cam,,table_price_clarity_IF.txt,NA,2025-11-25T12:15:38Z
cam,,table_price_color_H.txt,NA,2025-11-25T12:15:38Z
cam,,table_price_color_I.txt,NA,2025-11-25T12:15:38Z
cam,,table_price_cut_Good.txt,NA,2025-11-25T12:15:38Z
cam,,x_price_clarity_I1.txt,NA,2025-11-25T12:15:38Z
cam,,x_price_clarity_IF.txt,NA,2025-11-25T12:15:38Z
cam,,x_price_clarity_SI1.txt,NA,2025-11-25T12:15:39Z
cam,,x_price_clarity_SI2.txt,NA,2025-11-25T12:15:39Z
cam,,x_price_clarity_VS1.txt,NA,2025-11-25T12:15:39Z
cam,,x_price_clarity_VS2.txt,NA,2025-11-25T12:15:39Z
cam,,x_price_clarity_VVS1.txt,NA,2025-11-25T12:15:39Z
cam,,x_price_clarity_VVS2.txt,NA,2025-11-25T12:15:40Z
cam,,x_price_color_D.txt,NA,2025-11-25T12:15:40Z
cam,,x_price_color_E.txt,NA,2025-11-25T12:15:40Z
cam,,x_price_color_F.txt,NA,2025-11-25T12:15:40Z
cam,,x_price_color_G.txt,NA,2025-11-25T12:15:40Z
cam,,x_price_color_H.txt,NA,2025-11-25T12:15:41Z
cam,,x_price_color_I.txt,NA,2025-11-25T12:15:41Z
cam,,x_price_color_J.txt,NA,2025-11-25T12:15:41Z
cam,,x_price_cut_Fair.txt,NA,2025-11-25T12:15:41Z
cam,,x_price_cut_Good.txt,NA,2025-11-25T12:15:41Z
cam,,x_price_cut_Ideal.txt,NA,2025-11-25T12:15:41Z
cam,,x_price_cut_Premium.txt,NA,2025-11-25T12:15:42Z
cam,,x_price_cut_Very_Good.txt,NA,2025-11-25T12:15:42Z
cam,,y_price_clarity_I1.txt,NA,2025-11-25T12:15:42Z
cam,,y_price_clarity_IF.txt,NA,2025-11-25T12:15:42Z
cam,,y_price_clarity_SI1.txt,NA,2025-11-25T12:15:42Z
cam,,y_price_clarity_SI2.txt,NA,2025-11-25T12:15:43Z
cam,,y_price_clarity_VS1.txt,NA,2025-11-25T12:15:43Z
cam,,y_price_clarity_VS2.txt,NA,2025-11-25T12:15:43Z
cam,,y_price_clarity_VVS1.txt,NA,2025-11-25T12:15:43Z
cam,,y_price_clarity_VVS2.txt,NA,2025-11-25T12:15:43Z
cam,,y_price_color_D.txt,NA,2025-11-25T12:15:43Z
cam,,y_price_color_E.txt,NA,2025-11-25T12:15:44Z
cam,,y_price_color_F.txt,NA,2025-11-25T12:15:44Z
cam,,y_price_color_G.txt,NA,2025-11-25T12:15:44Z
cam,,y_price_color_H.txt,NA,2025-11-25T12:15:44Z
cam,,y_price_color_I.txt,NA,2025-11-25T12:15:44Z
cam,,y_price_color_J.txt,NA,2025-11-25T12:15:44Z
cam,,y_price_cut_Fair.txt,NA,2025-11-25T12:15:45Z
cam,,y_price_cut_Good.txt,NA,2025-11-25T12:15:45Z
cam,,y_price_cut_Ideal.txt,NA,2025-11-25T12:15:45Z
cam,,y_price_cut_Premium.txt,NA,2025-11-25T12:15:45Z
cam,,y_price_cut_Very_Good.txt,NA,2025-11-25T12:15:46Z
cam,,z_price_clarity_I1.txt,NA,2025-11-25T12:15:46Z
cam,,z_price_clarity_IF.txt,NA,2025-11-25T12:15:46Z
cam,,z_price_clarity_SI1.txt,NA,2025-11-25T12:15:46Z
cam,,z_price_clarity_SI2.txt,NA,2025-11-25T12:15:46Z
cam,,z_price_clarity_VS1.txt,NA,2025-11-25T12:15:46Z
cam,,z_price_clarity_VS2.txt,NA,2025-11-25T12:15:47Z
cam,,z_price_clarity_VVS1.txt,NA,2025-11-25T12:15:47Z
cam,,z_price_clarity_VVS2.txt,NA,2025-11-25T12:15:47Z
cam,,z_price_color_D.txt,NA,2025-11-25T12:15:47Z
cam,,z_price_color_E.txt,NA,2025-11-25T12:15:47Z
cam,,z_price_color_F.txt,NA,2025-11-25T12:15:47Z
cam,,z_price_color_G.txt,NA,2025-11-25T12:15:48Z
cam,,z_price_color_H.txt,NA,2025-11-25T12:15:48Z
cam,,z_price_color_I.txt,NA,2025-11-25T12:15:48Z
cam,,z_price_color_J.txt,NA,2025-11-25T12:15:48Z
cam,,z_price_cut_Fair.txt,NA,2025-11-25T12:15:48Z
cam,,z_price_cut_Good.txt,NA,2025-11-25T12:15:48Z
cam,,z_price_cut_Ideal.txt,NA,2025-11-25T12:15:49Z
cam,,z_price_cut_Premium.txt,NA,2025-11-25T12:15:49Z
cam,,z_price_cut_Very_Good.txt,NA,2025-11-25T12:15:49Z
cam,,Length.cm_Price.TL.txt,NA,2025-11-25T12:15:50Z
cam,,Weight.g_Price.TL.txt,NA,2025-11-25T12:15:50Z
cam,,Arrival_hours_Price_Month_4.txt,NA,2025-11-25T12:15:50Z
cam,,Duration_hours_Price_Month_3.txt,NA,2025-11-25T12:15:50Z
cam,,Duration_hours_Price_Month_4.txt,NA,2025-11-25T12:15:50Z
cam,,Duration_hours_Price_Month_5.txt,NA,2025-11-25T12:15:50Z
cam,,Duration_hours_Price_Month_6.txt,NA,2025-11-25T12:15:50Z
cam,,person_income_loan_amnt_loan_intent_DEBTCONSOLIDATION.txt,NA,2025-11-25T12:15:50Z
cam,,person_income_loan_amnt_loan_intent_EDUCATION.txt,NA,2025-11-25T12:15:50Z
cam,,person_income_loan_amnt_loan_intent_HOMEIMPROVEMENT.txt,NA,2025-11-25T12:15:51Z
cam,,person_income_loan_amnt_loan_intent_MEDICAL.txt,NA,2025-11-25T12:15:51Z
cam,,person_income_loan_amnt_loan_intent_PERSONAL.txt,NA,2025-11-25T12:15:51Z
cam,,person_income_loan_amnt_loan_intent_VENTURE.txt,NA,2025-11-25T12:15:51Z
cam,,person_income_loan_amnt_loan_status_0.txt,NA,2025-11-25T12:15:52Z
cam,,person_income_loan_amnt_loan_status_1.txt,NA,2025-11-25T12:15:52Z
cam,,person_income_loan_amnt_person_education_Associate.txt,NA,2025-11-25T12:15:53Z
cam,,person_income_loan_amnt_person_education_Bachelor.txt,NA,2025-11-25T12:15:53Z
cam,,person_income_loan_amnt_person_education_Doctorate.txt,NA,2025-11-25T12:15:53Z
cam,,person_income_loan_amnt_person_education_High_School.txt,NA,2025-11-25T12:15:53Z
cam,,person_income_loan_amnt_person_education_Master.txt,NA,2025-11-25T12:15:53Z
cam,,person_income_loan_amnt_person_gender_female.txt,NA,2025-11-25T12:15:54Z
cam,,person_income_loan_amnt_person_gender_male.txt,NA,2025-11-25T12:15:55Z
cam,,person_income_loan_amnt_person_home_ownership_MORTGAGE.txt,NA,2025-11-25T12:15:55Z
cam,,person_income_loan_amnt_person_home_ownership_OTHER.txt,NA,2025-11-25T12:15:55Z
cam,,person_income_loan_amnt_person_home_ownership_OWN.txt,NA,2025-11-25T12:15:56Z
cam,,person_income_loan_amnt_person_home_ownership_RENT.txt,NA,2025-11-25T12:15:56Z
cam,,person_income_loan_amnt_previous_loan_defaults_on_file_No.txt,NA,2025-11-25T12:15:57Z
cam,,person_income_loan_amnt_previous_loan_defaults_on_file_Yes.txt,NA,2025-11-25T12:15:58Z
cam,,person_income_loan_int_rate_loan_status_1.txt,NA,2025-11-25T12:15:58Z
cam,,person_income_loan_percent_income_loan_intent_DEBTCONSOLIDATION.txt,NA,2025-11-25T12:15:58Z
cam,,person_income_loan_percent_income_loan_intent_EDUCATION.txt,NA,2025-11-25T12:15:58Z
cam,,person_income_loan_percent_income_loan_intent_HOMEIMPROVEMENT.txt,NA,2025-11-25T12:15:58Z
cam,,person_income_loan_percent_income_loan_intent_MEDICAL.txt,NA,2025-11-25T12:15:59Z
cam,,person_income_loan_percent_income_loan_intent_PERSONAL.txt,NA,2025-11-25T12:15:59Z
cam,,person_income_loan_percent_income_loan_intent_VENTURE.txt,NA,2025-11-25T12:15:59Z
cam,,person_income_loan_percent_income_loan_status_0.txt,NA,2025-11-25T12:15:59Z
cam,,person_income_loan_percent_income_loan_status_1.txt,NA,2025-11-25T12:16:00Z
cam,,person_income_loan_percent_income_person_education_Associate.txt,NA,2025-11-25T12:16:00Z
cam,,person_income_loan_percent_income_person_education_Bachelor.txt,NA,2025-11-25T12:16:00Z
cam,,person_income_loan_percent_income_person_education_Doctorate.txt,NA,2025-11-25T12:16:00Z
cam,,person_income_loan_percent_income_person_education_High_School.txt,NA,2025-11-25T12:16:01Z
cam,,person_income_loan_percent_income_person_education_Master.txt,NA,2025-11-25T12:16:01Z
cam,,person_income_loan_percent_income_person_gender_female.txt,NA,2025-11-25T12:16:01Z
cam,,person_income_loan_percent_income_person_gender_male.txt,NA,2025-11-25T12:16:01Z
cam,,person_income_loan_percent_income_person_home_ownership_MORTGAGE.txt,NA,2025-11-25T12:16:02Z
cam,,person_income_loan_percent_income_person_home_ownership_OTHER.txt,NA,2025-11-25T12:16:02Z
cam,,person_income_loan_percent_income_person_home_ownership_OWN.txt,NA,2025-11-25T12:16:02Z
cam,,person_income_loan_percent_income_person_home_ownership_RENT.txt,NA,2025-11-25T12:16:02Z
cam,,person_income_loan_percent_income_previous_loan_defaults_on_file_No.txt,NA,2025-11-25T12:16:03Z
cam,,person_income_loan_percent_income_previous_loan_defaults_on_file_Yes.txt,NA,2025-11-25T12:16:03Z
cam,,age_charges_region_northeast.txt,NA,2025-11-25T12:16:03Z
cam,,age_charges_region_northwest.txt,NA,2025-11-25T12:16:03Z
cam,,age_charges_region_southeast.txt,NA,2025-11-25T12:16:03Z
cam,,age_charges_region_southwest.txt,NA,2025-11-25T12:16:03Z
cam,,age_charges_sex_female.txt,NA,2025-11-25T12:16:03Z
cam,,age_charges_sex_male.txt,NA,2025-11-25T12:16:03Z
cam,,age_charges_smoker_no.txt,NA,2025-11-25T12:16:03Z
cam,,age_charges_smoker_yes.txt,NA,2025-11-25T12:16:03Z
cam,,bmi_charges_smoker_yes.txt,NA,2025-11-25T12:16:03Z
cam,,avgbilling_collectionratio.txt,NA,2025-11-25T12:16:05Z
cam,,avgreceipting_collectionratio.txt,NA,2025-11-25T12:16:07Z
cam,,avgreceipting_debtbillingratio.txt,NA,2025-11-25T12:16:11Z
cam,,avgreceipting_total90debt.txt,NA,2025-11-25T12:16:14Z
cam,,propertysize_collectionratio.txt,NA,2025-11-25T12:16:16Z
cam,,propertysize_debtbillingratio.txt,NA,2025-11-25T12:16:20Z
cam,,propertyvalue_collectionratio.txt,NA,2025-11-25T12:16:22Z
cam,,propertyvalue_debtbillingratio.txt,NA,2025-11-25T12:16:26Z
cam,,totalbilling_collectionratio.txt,NA,2025-11-25T12:16:28Z
cam,,totalreceipting_collectionratio.txt,NA,2025-11-25T12:16:30Z
cam,,totalreceipting_debtbillingratio.txt,NA,2025-11-25T12:16:33Z
cam,,totalreceipting_total90debt.txt,NA,2025-11-25T12:16:36Z
cam,,engine_price_assembly_Imported.txt,NA,2025-11-25T12:16:37Z
cam,,engine_price_fuel_Diesel.txt,NA,2025-11-25T12:16:37Z
cam,,engine_price_fuel_Hybrid.txt,NA,2025-11-25T12:16:37Z
cam,,engine_price_fuel_Petrol.txt,NA,2025-11-25T12:16:37Z
cam,,engine_price_transmission_Automatic.txt,NA,2025-11-25T12:16:37Z
cam,,engine_price_transmission_Manual.txt,NA,2025-11-25T12:16:37Z
cam,,mileage_price_assembly_Imported.txt,NA,2025-11-25T12:16:37Z
cam,,mileage_price_fuel_Hybrid.txt,NA,2025-11-25T12:16:37Z
cam,,mileage_price_fuel_Petrol.txt,NA,2025-11-25T12:16:37Z
cam,,mileage_price_transmission_Automatic.txt,NA,2025-11-25T12:16:38Z
cam,,year_price_assembly_Imported.txt,NA,2025-11-25T12:16:38Z
cam,,year_price_fuel_Diesel.txt,NA,2025-11-25T12:16:38Z
cam,,year_price_fuel_Hybrid.txt,NA,2025-11-25T12:16:38Z
cam,,year_price_fuel_Petrol.txt,NA,2025-11-25T12:16:38Z
cam,,year_price_transmission_Automatic.txt,NA,2025-11-25T12:16:38Z
cam,,year_price_transmission_Manual.txt,NA,2025-11-25T12:16:38Z
cam,,X2_house_age_Y_house_price_of_unit_area.txt,NA,2025-11-25T12:16:38Z
cam,,X3_distance_to_the_nearest_MRT_station_Y_house_price_of_unit_area.txt,NA,2025-11-25T12:16:38Z
cam,,X4_number_of_convenience_stores_Y_house_price_of_unit_area.txt,NA,2025-11-25T12:16:38Z
cam,,X5_latitude_Y_house_price_of_unit_area.txt,NA,2025-11-25T12:16:38Z
cam,,X6_longitude_Y_house_price_of_unit_area.txt,NA,2025-11-25T12:16:38Z
cam,,Dew_point_temperature_Rented_Bike_Count_Holiday_Holiday.txt,NA,2025-11-25T12:16:38Z
cam,,Dew_point_temperature_Rented_Bike_Count_Holiday_No_Holiday.txt,NA,2025-11-25T12:16:38Z
cam,,Dew_point_temperature_Rented_Bike_Count_Seasons_Summer.txt,NA,2025-11-25T12:16:38Z
cam,,Hour_Rented_Bike_Count_Holiday_Holiday.txt,NA,2025-11-25T12:16:38Z
cam,,Hour_Rented_Bike_Count_Holiday_No_Holiday.txt,NA,2025-11-25T12:16:39Z
cam,,Hour_Rented_Bike_Count_Seasons_Autumn.txt,NA,2025-11-25T12:16:39Z
cam,,Hour_Rented_Bike_Count_Seasons_Spring.txt,NA,2025-11-25T12:16:39Z
cam,,Hour_Rented_Bike_Count_Seasons_Summer.txt,NA,2025-11-25T12:16:39Z
cam,,Hour_Rented_Bike_Count_Seasons_Winter.txt,NA,2025-11-25T12:16:39Z
cam,,Humidity_Rented_Bike_Count_Holiday_No_Holiday.txt,NA,2025-11-25T12:16:39Z
cam,,Humidity_Rented_Bike_Count_Seasons_Autumn.txt,NA,2025-11-25T12:16:39Z
cam,,Humidity_Rented_Bike_Count_Seasons_Spring.txt,NA,2025-11-25T12:16:39Z
cam,,Humidity_Rented_Bike_Count_Seasons_Summer.txt,NA,2025-11-25T12:16:39Z
cam,,Humidity_Rented_Bike_Count_Seasons_Winter.txt,NA,2025-11-25T12:16:39Z
cam,,Solar_Radiation_Rented_Bike_Count_Holiday_Holiday.txt,NA,2025-11-25T12:16:39Z
cam,,Solar_Radiation_Rented_Bike_Count_Holiday_No_Holiday.txt,NA,2025-11-25T12:16:39Z
cam,,Solar_Radiation_Rented_Bike_Count_Seasons_Autumn.txt,NA,2025-11-25T12:16:40Z
cam,,Solar_Radiation_Rented_Bike_Count_Seasons_Spring.txt,NA,2025-11-25T12:16:40Z
cam,,Solar_Radiation_Rented_Bike_Count_Seasons_Summer.txt,NA,2025-11-25T12:16:40Z
cam,,Solar_Radiation_Rented_Bike_Count_Seasons_Winter.txt,NA,2025-11-25T12:16:40Z
cam,,Temperature_Rented_Bike_Count_Holiday_Holiday.txt,NA,2025-11-25T12:16:40Z
cam,,Temperature_Rented_Bike_Count_Holiday_No_Holiday.txt,NA,2025-11-25T12:16:40Z
cam,,Temperature_Rented_Bike_Count_Seasons_Autumn.txt,NA,2025-11-25T12:16:40Z
cam,,Temperature_Rented_Bike_Count_Seasons_Spring.txt,NA,2025-11-25T12:16:40Z
cam,,Temperature_Rented_Bike_Count_Seasons_Summer.txt,NA,2025-11-25T12:16:40Z
cam,,Temperature_Rented_Bike_Count_Seasons_Winter.txt,NA,2025-11-25T12:16:40Z
cam,,Visibility_Rented_Bike_Count_Seasons_Autumn.txt,NA,2025-11-25T12:16:40Z
cam,,Visibility_Rented_Bike_Count_Seasons_Spring.txt,NA,2025-11-25T12:16:40Z
cam,,Wind_speed_Rented_Bike_Count_Seasons_Autumn.txt,NA,2025-11-25T12:16:40Z
cam,,Wind_speed_Rented_Bike_Count_Seasons_Spring.txt,NA,2025-11-25T12:16:40Z
cam,,Wind_speed_Rented_Bike_Count_Seasons_Summer.txt,NA,2025-11-25T12:16:40Z
cam,,absences_G1_school_MS.txt,NA,2025-11-25T12:16:40Z
cam,,absences_G3_famsup_yes.txt,NA,2025-11-25T12:16:40Z
cam,,distance_traveled_fare.txt,NA,2025-11-25T12:16:43Z
cam,,distance_traveled_miscellaneous_fees.txt,NA,2025-11-25T12:16:46Z
cam,,distance_traveled_tip.txt,NA,2025-11-25T12:16:49Z
cam,,distance_traveled_total_fare.txt,NA,2025-11-25T12:16:54Z
cam,,trip_duration_fare.txt,NA,2025-11-25T12:16:57Z
cam,,trip_duration_miscellaneous_fees.txt,NA,2025-11-25T12:17:00Z
cam,,trip_duration_tip.txt,NA,2025-11-25T12:17:03Z
cam,,trip_duration_total_fare.txt,NA,2025-11-25T12:17:08Z
cam,,total_bill_tip.txt,NA,2025-11-25T12:17:08Z
cam,,AVG_wd.vel_km_h__AVG_dp.precio_.txt,NA,2025-11-25T12:17:08Z
cam,,AVG_wd.vel_km_h__MIN_dp.precio_.txt,NA,2025-11-25T12:17:08Z
cam,,amazon_price_avg_rating.txt,NA,2025-11-25T12:17:08Z
cam,,amazon_price_complexity.txt,NA,2025-11-25T12:17:08Z
cam,,amazon_price_fans.txt,NA,2025-11-25T12:17:08Z
cam,,amazon_price_page_views.txt,NA,2025-11-25T12:17:09Z
cam,,amazon_price_rank_overall.txt,NA,2025-11-25T12:17:09Z
cam,,amazon_price_wishlisted.txt,NA,2025-11-25T12:17:09Z
cam,,max_players_complexity.txt,NA,2025-11-25T12:17:09Z
cam,,max_playtime_avg_rating.txt,NA,2025-11-25T12:17:09Z
cam,,max_playtime_complexity.txt,NA,2025-11-25T12:17:09Z
cam,,max_playtime_fans.txt,NA,2025-11-25T12:17:09Z
cam,,max_playtime_page_views.txt,NA,2025-11-25T12:17:09Z
cam,,max_playtime_rank_overall.txt,NA,2025-11-25T12:17:09Z
cam,,max_playtime_total_plays.txt,NA,2025-11-25T12:17:09Z
cam,,min_playtime_avg_rating.txt,NA,2025-11-25T12:17:09Z
cam,,min_playtime_complexity.txt,NA,2025-11-25T12:17:09Z
cam,,min_playtime_page_views.txt,NA,2025-11-25T12:17:09Z
cam,,min_playtime_total_plays.txt,NA,2025-11-25T12:17:09Z
cam,,minimum_age_avg_rating.txt,NA,2025-11-25T12:17:09Z
cam,,minimum_age_complexity.txt,NA,2025-11-25T12:17:09Z
cam,,minimum_age_page_views.txt,NA,2025-11-25T12:17:09Z
cam,,minimum_age_total_plays.txt,NA,2025-11-25T12:17:09Z
cam,,release_year_avg_rating.txt,NA,2025-11-25T12:17:09Z
cam,,release_year_num_ratings.txt,NA,2025-11-25T12:17:09Z
cam,,release_year_owned.txt,NA,2025-11-25T12:17:09Z
cam,,release_year_page_views.txt,NA,2025-11-25T12:17:09Z
cam,,release_year_total_plays.txt,NA,2025-11-25T12:17:09Z
cam,,comment_Total_Interactions.txt,NA,2025-11-25T12:17:09Z
cam,,Lifetime_Engaged_Users_Total_Interactions.txt,NA,2025-11-25T12:17:10Z
cam,,Lifetime_People_who_have_liked_your_Page_and_engaged_with_your_post_Total_Interactions.txt,NA,2025-11-25T12:17:10Z
cam,,Lifetime_Post_Consumers_Total_Interactions.txt,NA,2025-11-25T12:17:10Z
cam,,Lifetime_Post_Consumptions_Total_Interactions.txt,NA,2025-11-25T12:17:10Z
cam,,Lifetime_Post_Impressions_by_people_who_have_liked_your_Page_Total_Interactions.txt,NA,2025-11-25T12:17:10Z
cam,,Lifetime_Post_reach_by_people_who_like_your_Page_Total_Interactions.txt,NA,2025-11-25T12:17:10Z
cam,,Lifetime_Post_Total_Impressions_Total_Interactions.txt,NA,2025-11-25T12:17:10Z
cam,,Lifetime_Post_Total_Reach_Total_Interactions.txt,NA,2025-11-25T12:17:10Z
cam,,like_Total_Interactions.txt,NA,2025-11-25T12:17:10Z
cam,,share_Total_Interactions.txt,NA,2025-11-25T12:17:10Z
cam,,attacking_crossing_overall.txt,NA,2025-11-25T12:17:10Z
cam,,attacking_crossing_potential.txt,NA,2025-11-25T12:17:10Z
cam,,attacking_crossing_release_clause_eur.txt,NA,2025-11-25T12:17:10Z
cam,,attacking_crossing_value_eur.txt,NA,2025-11-25T12:17:10Z
cam,,attacking_crossing_wage_eur.txt,NA,2025-11-25T12:17:10Z
cam,,attacking_finishing_overall.txt,NA,2025-11-25T12:17:10Z
cam,,attacking_finishing_potential.txt,NA,2025-11-25T12:17:10Z
cam,,attacking_finishing_release_clause_eur.txt,NA,2025-11-25T12:17:10Z
cam,,attacking_finishing_value_eur.txt,NA,2025-11-25T12:17:10Z
cam,,attacking_finishing_wage_eur.txt,NA,2025-11-25T12:17:10Z
cam,,attacking_heading_accuracy_overall.txt,NA,2025-11-25T12:17:10Z
cam,,attacking_heading_accuracy_potential.txt,NA,2025-11-25T12:17:11Z
cam,,attacking_heading_accuracy_release_clause_eur.txt,NA,2025-11-25T12:17:11Z
cam,,attacking_heading_accuracy_value_eur.txt,NA,2025-11-25T12:17:11Z
cam,,attacking_heading_accuracy_wage_eur.txt,NA,2025-11-25T12:17:11Z
cam,,attacking_short_passing_overall.txt,NA,2025-11-25T12:17:11Z
cam,,attacking_short_passing_potential.txt,NA,2025-11-25T12:17:11Z
cam,,attacking_short_passing_release_clause_eur.txt,NA,2025-11-25T12:17:11Z
cam,,attacking_short_passing_value_eur.txt,NA,2025-11-25T12:17:11Z
cam,,attacking_short_passing_wage_eur.txt,NA,2025-11-25T12:17:11Z
cam,,attacking_volleys_overall.txt,NA,2025-11-25T12:17:11Z
cam,,attacking_volleys_potential.txt,NA,2025-11-25T12:17:11Z
cam,,attacking_volleys_release_clause_eur.txt,NA,2025-11-25T12:17:11Z
cam,,attacking_volleys_value_eur.txt,NA,2025-11-25T12:17:11Z
cam,,attacking_volleys_wage_eur.txt,NA,2025-11-25T12:17:11Z
cam,,defending_marking_awareness_overall.txt,NA,2025-11-25T12:17:11Z
cam,,defending_marking_awareness_potential.txt,NA,2025-11-25T12:17:11Z
cam,,defending_marking_awareness_release_clause_eur.txt,NA,2025-11-25T12:17:12Z
cam,,defending_marking_awareness_value_eur.txt,NA,2025-11-25T12:17:12Z
cam,,defending_marking_awareness_wage_eur.txt,NA,2025-11-25T12:17:12Z
cam,,defending_overall.txt,NA,2025-11-25T12:17:12Z
cam,,defending_potential.txt,NA,2025-11-25T12:17:12Z
cam,,defending_release_clause_eur.txt,NA,2025-11-25T12:17:12Z
cam,,defending_sliding_tackle_overall.txt,NA,2025-11-25T12:17:12Z
cam,,defending_sliding_tackle_potential.txt,NA,2025-11-25T12:17:12Z
cam,,defending_sliding_tackle_release_clause_eur.txt,NA,2025-11-25T12:17:12Z
cam,,defending_sliding_tackle_value_eur.txt,NA,2025-11-25T12:17:12Z
cam,,defending_sliding_tackle_wage_eur.txt,NA,2025-11-25T12:17:12Z
cam,,defending_standing_tackle_overall.txt,NA,2025-11-25T12:17:12Z
cam,,defending_standing_tackle_potential.txt,NA,2025-11-25T12:17:12Z
cam,,defending_standing_tackle_release_clause_eur.txt,NA,2025-11-25T12:17:12Z
cam,,defending_standing_tackle_value_eur.txt,NA,2025-11-25T12:17:13Z
cam,,defending_standing_tackle_wage_eur.txt,NA,2025-11-25T12:17:13Z
cam,,defending_value_eur.txt,NA,2025-11-25T12:17:13Z
cam,,defending_wage_eur.txt,NA,2025-11-25T12:17:13Z
cam,,dribbling_overall.txt,NA,2025-11-25T12:17:13Z
cam,,dribbling_potential.txt,NA,2025-11-25T12:17:13Z
cam,,dribbling_release_clause_eur.txt,NA,2025-11-25T12:17:13Z
cam,,dribbling_value_eur.txt,NA,2025-11-25T12:17:13Z
cam,,dribbling_wage_eur.txt,NA,2025-11-25T12:17:13Z
cam,,mentality_aggression_overall.txt,NA,2025-11-25T12:17:13Z
cam,,mentality_aggression_potential.txt,NA,2025-11-25T12:17:13Z
cam,,mentality_aggression_release_clause_eur.txt,NA,2025-11-25T12:17:13Z
cam,,mentality_aggression_value_eur.txt,NA,2025-11-25T12:17:13Z
cam,,mentality_aggression_wage_eur.txt,NA,2025-11-25T12:17:13Z
cam,,mentality_composure_overall.txt,NA,2025-11-25T12:17:13Z
cam,,mentality_composure_potential.txt,NA,2025-11-25T12:17:13Z
cam,,mentality_composure_release_clause_eur.txt,NA,2025-11-25T12:17:14Z
cam,,mentality_composure_value_eur.txt,NA,2025-11-25T12:17:14Z
cam,,mentality_composure_wage_eur.txt,NA,2025-11-25T12:17:14Z
cam,,mentality_interceptions_overall.txt,NA,2025-11-25T12:17:14Z
cam,,mentality_interceptions_potential.txt,NA,2025-11-25T12:17:14Z
cam,,mentality_interceptions_release_clause_eur.txt,NA,2025-11-25T12:17:14Z
cam,,mentality_interceptions_value_eur.txt,NA,2025-11-25T12:17:14Z
cam,,mentality_interceptions_wage_eur.txt,NA,2025-11-25T12:17:14Z
cam,,mentality_penalties_overall.txt,NA,2025-11-25T12:17:14Z
cam,,mentality_penalties_release_clause_eur.txt,NA,2025-11-25T12:17:14Z
cam,,mentality_penalties_value_eur.txt,NA,2025-11-25T12:17:14Z
cam,,mentality_penalties_wage_eur.txt,NA,2025-11-25T12:17:14Z
cam,,mentality_positioning_overall.txt,NA,2025-11-25T12:17:14Z
cam,,mentality_positioning_potential.txt,NA,2025-11-25T12:17:14Z
cam,,mentality_positioning_release_clause_eur.txt,NA,2025-11-25T12:17:14Z
cam,,mentality_positioning_value_eur.txt,NA,2025-11-25T12:17:15Z
cam,,mentality_positioning_wage_eur.txt,NA,2025-11-25T12:17:15Z
cam,,mentality_vision_overall.txt,NA,2025-11-25T12:17:15Z
cam,,mentality_vision_potential.txt,NA,2025-11-25T12:17:15Z
cam,,mentality_vision_release_clause_eur.txt,NA,2025-11-25T12:17:15Z
cam,,mentality_vision_value_eur.txt,NA,2025-11-25T12:17:15Z
cam,,mentality_vision_wage_eur.txt,NA,2025-11-25T12:17:15Z
cam,,movement_acceleration_overall.txt,NA,2025-11-25T12:17:15Z
cam,,movement_acceleration_potential.txt,NA,2025-11-25T12:17:15Z
cam,,movement_acceleration_release_clause_eur.txt,NA,2025-11-25T12:17:15Z
cam,,movement_acceleration_value_eur.txt,NA,2025-11-25T12:17:15Z
cam,,movement_acceleration_wage_eur.txt,NA,2025-11-25T12:17:15Z
cam,,movement_agility_overall.txt,NA,2025-11-25T12:17:15Z
cam,,movement_agility_release_clause_eur.txt,NA,2025-11-25T12:17:15Z
cam,,movement_agility_value_eur.txt,NA,2025-11-25T12:17:15Z
cam,,movement_agility_wage_eur.txt,NA,2025-11-25T12:17:16Z
cam,,movement_reactions_overall.txt,NA,2025-11-25T12:17:16Z
cam,,movement_reactions_potential.txt,NA,2025-11-25T12:17:16Z
cam,,movement_reactions_release_clause_eur.txt,NA,2025-11-25T12:17:16Z
cam,,movement_reactions_value_eur.txt,NA,2025-11-25T12:17:16Z
cam,,movement_reactions_wage_eur.txt,NA,2025-11-25T12:17:16Z
cam,,movement_sprint_speed_overall.txt,NA,2025-11-25T12:17:16Z
cam,,movement_sprint_speed_potential.txt,NA,2025-11-25T12:17:16Z
cam,,movement_sprint_speed_release_clause_eur.txt,NA,2025-11-25T12:17:16Z
cam,,movement_sprint_speed_value_eur.txt,NA,2025-11-25T12:17:16Z
cam,,movement_sprint_speed_wage_eur.txt,NA,2025-11-25T12:17:16Z
cam,,pace_overall.txt,NA,2025-11-25T12:17:16Z
cam,,pace_potential.txt,NA,2025-11-25T12:17:16Z
cam,,pace_release_clause_eur.txt,NA,2025-11-25T12:17:16Z
cam,,pace_value_eur.txt,NA,2025-11-25T12:17:17Z
cam,,pace_wage_eur.txt,NA,2025-11-25T12:17:17Z
cam,,passing_overall.txt,NA,2025-11-25T12:17:17Z
cam,,passing_potential.txt,NA,2025-11-25T12:17:17Z
cam,,passing_release_clause_eur.txt,NA,2025-11-25T12:17:17Z
cam,,passing_value_eur.txt,NA,2025-11-25T12:17:17Z
cam,,passing_wage_eur.txt,NA,2025-11-25T12:17:17Z
cam,,physic_overall.txt,NA,2025-11-25T12:17:17Z
cam,,physic_release_clause_eur.txt,NA,2025-11-25T12:17:17Z
cam,,physic_value_eur.txt,NA,2025-11-25T12:17:17Z
cam,,physic_wage_eur.txt,NA,2025-11-25T12:17:17Z
cam,,power_jumping_overall.txt,NA,2025-11-25T12:17:17Z
cam,,power_jumping_potential.txt,NA,2025-11-25T12:17:17Z
cam,,power_jumping_release_clause_eur.txt,NA,2025-11-25T12:17:17Z
cam,,power_jumping_value_eur.txt,NA,2025-11-25T12:17:17Z
cam,,power_jumping_wage_eur.txt,NA,2025-11-25T12:17:18Z
cam,,power_long_shots_overall.txt,NA,2025-11-25T12:17:18Z
cam,,power_long_shots_potential.txt,NA,2025-11-25T12:17:18Z
cam,,power_long_shots_release_clause_eur.txt,NA,2025-11-25T12:17:18Z
cam,,power_long_shots_value_eur.txt,NA,2025-11-25T12:17:18Z
cam,,power_long_shots_wage_eur.txt,NA,2025-11-25T12:17:18Z
cam,,power_shot_power_overall.txt,NA,2025-11-25T12:17:18Z
cam,,power_shot_power_potential.txt,NA,2025-11-25T12:17:18Z
cam,,power_shot_power_release_clause_eur.txt,NA,2025-11-25T12:17:18Z
cam,,power_shot_power_value_eur.txt,NA,2025-11-25T12:17:18Z
cam,,power_shot_power_wage_eur.txt,NA,2025-11-25T12:17:18Z
cam,,power_stamina_overall.txt,NA,2025-11-25T12:17:18Z
cam,,power_stamina_release_clause_eur.txt,NA,2025-11-25T12:17:18Z
cam,,power_stamina_value_eur.txt,NA,2025-11-25T12:17:18Z
cam,,power_stamina_wage_eur.txt,NA,2025-11-25T12:17:18Z
cam,,power_strength_overall.txt,NA,2025-11-25T12:17:18Z
cam,,power_strength_value_eur.txt,NA,2025-11-25T12:17:19Z
cam,,power_strength_wage_eur.txt,NA,2025-11-25T12:17:19Z
cam,,shooting_overall.txt,NA,2025-11-25T12:17:19Z
cam,,shooting_potential.txt,NA,2025-11-25T12:17:19Z
cam,,shooting_release_clause_eur.txt,NA,2025-11-25T12:17:19Z
cam,,shooting_value_eur.txt,NA,2025-11-25T12:17:19Z
cam,,shooting_wage_eur.txt,NA,2025-11-25T12:17:19Z
cam,,skill_ball_control_overall.txt,NA,2025-11-25T12:17:19Z
cam,,skill_ball_control_potential.txt,NA,2025-11-25T12:17:19Z
cam,,skill_ball_control_release_clause_eur.txt,NA,2025-11-25T12:17:19Z
cam,,skill_ball_control_value_eur.txt,NA,2025-11-25T12:17:19Z
cam,,skill_ball_control_wage_eur.txt,NA,2025-11-25T12:17:19Z
cam,,skill_curve_overall.txt,NA,2025-11-25T12:17:19Z
cam,,skill_curve_potential.txt,NA,2025-11-25T12:17:19Z
cam,,skill_curve_release_clause_eur.txt,NA,2025-11-25T12:17:20Z
cam,,skill_curve_value_eur.txt,NA,2025-11-25T12:17:20Z
cam,,skill_curve_wage_eur.txt,NA,2025-11-25T12:17:20Z
cam,,skill_dribbling_overall.txt,NA,2025-11-25T12:17:20Z
cam,,skill_dribbling_potential.txt,NA,2025-11-25T12:17:20Z
cam,,skill_dribbling_release_clause_eur.txt,NA,2025-11-25T12:17:20Z
cam,,skill_dribbling_value_eur.txt,NA,2025-11-25T12:17:20Z
cam,,skill_dribbling_wage_eur.txt,NA,2025-11-25T12:17:20Z
cam,,skill_fk_accuracy_overall.txt,NA,2025-11-25T12:17:20Z
cam,,skill_fk_accuracy_release_clause_eur.txt,NA,2025-11-25T12:17:20Z
cam,,skill_fk_accuracy_value_eur.txt,NA,2025-11-25T12:17:20Z
cam,,skill_fk_accuracy_wage_eur.txt,NA,2025-11-25T12:17:20Z
cam,,skill_long_passing_overall.txt,NA,2025-11-25T12:17:20Z
cam,,skill_long_passing_potential.txt,NA,2025-11-25T12:17:20Z
cam,,skill_long_passing_release_clause_eur.txt,NA,2025-11-25T12:17:20Z
cam,,skill_long_passing_value_eur.txt,NA,2025-11-25T12:17:21Z
cam,,skill_long_passing_wage_eur.txt,NA,2025-11-25T12:17:21Z
cam,,numPages_avgRating_comics__graphic.txt,NA,2025-11-25T12:17:21Z
cam,,numPages_avgRating_romance.txt,NA,2025-11-25T12:17:21Z
cam,,numPages_avgRating_young-adult.txt,NA,2025-11-25T12:17:21Z
cam,,numPages_numTextReviews_young-adult.txt,NA,2025-11-25T12:17:21Z
cam,,releaseYear_numVotes_Western.txt,NA,2025-11-25T12:17:21Z
cam,,releaseYear_rating_Adult.txt,NA,2025-11-25T12:17:21Z
cam,,releaseYear_rating_Music.txt,NA,2025-11-25T12:17:21Z
cam,,releaseYear_rating_Sport.txt,NA,2025-11-25T12:17:21Z
cam,,runtime_numVotes_Action.txt,NA,2025-11-25T12:17:22Z
cam,,runtime_numVotes_Adult.txt,NA,2025-11-25T12:17:22Z
cam,,runtime_numVotes_Adventure.txt,NA,2025-11-25T12:17:22Z
cam,,runtime_numVotes_Animation.txt,NA,2025-11-25T12:17:22Z
cam,,runtime_numVotes_Biography.txt,NA,2025-11-25T12:17:23Z
cam,,runtime_numVotes_Comedy.txt,NA,2025-11-25T12:17:24Z
cam,,runtime_numVotes_Crime.txt,NA,2025-11-25T12:17:24Z
cam,,runtime_numVotes_Documentary.txt,NA,2025-11-25T12:17:25Z
cam,,runtime_numVotes_Drama.txt,NA,2025-11-25T12:17:27Z
cam,,runtime_numVotes_Family.txt,NA,2025-11-25T12:17:27Z
cam,,runtime_numVotes_Fantasy.txt,NA,2025-11-25T12:17:27Z
cam,,runtime_numVotes_Film-Noir.txt,NA,2025-11-25T12:17:27Z
cam,,runtime_numVotes_History.txt,NA,2025-11-25T12:17:28Z
cam,,runtime_numVotes_Horror.txt,NA,2025-11-25T12:17:28Z
cam,,runtime_numVotes_Music.txt,NA,2025-11-25T12:17:28Z
cam,,runtime_numVotes_Musical.txt,NA,2025-11-25T12:17:28Z
cam,,runtime_numVotes_Mystery.txt,NA,2025-11-25T12:17:29Z
cam,,runtime_numVotes_News.txt,NA,2025-11-25T12:17:29Z
cam,,runtime_numVotes_Romance.txt,NA,2025-11-25T12:17:29Z
cam,,runtime_numVotes_Sci-Fi.txt,NA,2025-11-25T12:17:29Z
cam,,runtime_numVotes_Sport.txt,NA,2025-11-25T12:17:29Z
cam,,runtime_numVotes_Thriller.txt,NA,2025-11-25T12:17:30Z
cam,,runtime_numVotes_War.txt,NA,2025-11-25T12:17:30Z
cam,,runtime_numVotes_Western.txt,NA,2025-11-25T12:17:30Z
cam,,runtime_rating_Action.txt,NA,2025-11-25T12:17:30Z
cam,,runtime_rating_Adult.txt,NA,2025-11-25T12:17:30Z
cam,,runtime_rating_Film-Noir.txt,NA,2025-11-25T12:17:30Z
cam,,runtime_rating_Musical.txt,NA,2025-11-25T12:17:30Z
cam,,runtime_rating_Mystery.txt,NA,2025-11-25T12:17:30Z
cam,,runtime_rating_Thriller.txt,NA,2025-11-25T12:17:30Z
cam,,_kw_avg_avg__shares__data_channel_is_bus_0.0.txt,NA,2025-11-25T12:17:31Z
cam,,_kw_avg_avg__shares__data_channel_is_bus_1.0.txt,NA,2025-11-25T12:17:31Z
cam,,_kw_avg_avg__shares__data_channel_is_entertainment_0.0.txt,NA,2025-11-25T12:17:32Z
cam,,_kw_avg_avg__shares__data_channel_is_lifestyle_0.0.txt,NA,2025-11-25T12:17:32Z
cam,,_kw_avg_avg__shares__data_channel_is_socmed_0.0.txt,NA,2025-11-25T12:17:33Z
cam,,_kw_avg_avg__shares__data_channel_is_tech_0.0.txt,NA,2025-11-25T12:17:33Z
cam,,_kw_avg_avg__shares__data_channel_is_tech_1.0.txt,NA,2025-11-25T12:17:33Z
cam,,_kw_avg_avg__shares__data_channel_is_world_0.0.txt,NA,2025-11-25T12:17:34Z
cam,,_kw_avg_avg__shares__is_weekend_0.0.txt,NA,2025-11-25T12:17:34Z
cam,,_kw_avg_avg__shares__is_weekend_1.0.txt,NA,2025-11-25T12:17:35Z
cam,,_kw_avg_avg__shares__weekday_is_friday_0.0.txt,NA,2025-11-25T12:17:35Z
cam,,_kw_avg_avg__shares__weekday_is_friday_1.0.txt,NA,2025-11-25T12:17:35Z
cam,,_kw_avg_avg__shares__weekday_is_monday_0.0.txt,NA,2025-11-25T12:17:36Z
cam,,_kw_avg_avg__shares__weekday_is_monday_1.0.txt,NA,2025-11-25T12:17:36Z
cam,,_kw_avg_avg__shares__weekday_is_saturday_0.0.txt,NA,2025-11-25T12:17:37Z
cam,,_kw_avg_avg__shares__weekday_is_saturday_1.0.txt,NA,2025-11-25T12:17:37Z
cam,,_kw_avg_avg__shares__weekday_is_sunday_0.0.txt,NA,2025-11-25T12:17:37Z
cam,,_kw_avg_avg__shares__weekday_is_sunday_1.0.txt,NA,2025-11-25T12:17:38Z
cam,,_kw_avg_avg__shares__weekday_is_thursday_0.0.txt,NA,2025-11-25T12:17:38Z
cam,,_kw_avg_avg__shares__weekday_is_thursday_1.0.txt,NA,2025-11-25T12:17:38Z
cam,,_kw_avg_avg__shares__weekday_is_tuesday_0.0.txt,NA,2025-11-25T12:17:39Z
cam,,_kw_avg_avg__shares__weekday_is_tuesday_1.0.txt,NA,2025-11-25T12:17:39Z
cam,,_kw_avg_avg__shares__weekday_is_wednesday_0.0.txt,NA,2025-11-25T12:17:39Z
cam,,_kw_avg_avg__shares__weekday_is_wednesday_1.0.txt,NA,2025-11-25T12:17:40Z
cam,,_kw_max_avg__shares__data_channel_is_bus_0.0.txt,NA,2025-11-25T12:17:40Z
cam,,_kw_max_avg__shares__data_channel_is_bus_1.0.txt,NA,2025-11-25T12:17:40Z
cam,,_kw_max_avg__shares__data_channel_is_entertainment_0.0.txt,NA,2025-11-25T12:17:41Z
cam,,_kw_max_avg__shares__data_channel_is_lifestyle_0.0.txt,NA,2025-11-25T12:17:41Z
cam,,_kw_max_avg__shares__data_channel_is_socmed_0.0.txt,NA,2025-11-25T12:17:42Z
cam,,_kw_max_avg__shares__data_channel_is_tech_0.0.txt,NA,2025-11-25T12:17:43Z
cam,,_kw_max_avg__shares__data_channel_is_world_0.0.txt,NA,2025-11-25T12:17:43Z
cam,,_kw_max_avg__shares__is_weekend_0.0.txt,NA,2025-11-25T12:17:44Z
cam,,_kw_max_avg__shares__is_weekend_1.0.txt,NA,2025-11-25T12:17:44Z
cam,,_kw_max_avg__shares__weekday_is_friday_0.0.txt,NA,2025-11-25T12:17:44Z
cam,,_kw_max_avg__shares__weekday_is_friday_1.0.txt,NA,2025-11-25T12:17:45Z
cam,,_kw_max_avg__shares__weekday_is_monday_0.0.txt,NA,2025-11-25T12:17:45Z
cam,,_kw_max_avg__shares__weekday_is_monday_1.0.txt,NA,2025-11-25T12:17:45Z
cam,,_kw_max_avg__shares__weekday_is_saturday_0.0.txt,NA,2025-11-25T12:17:46Z
cam,,_kw_max_avg__shares__weekday_is_sunday_0.0.txt,NA,2025-11-25T12:17:47Z
cam,,_kw_max_avg__shares__weekday_is_sunday_1.0.txt,NA,2025-11-25T12:17:47Z
cam,,_kw_max_avg__shares__weekday_is_thursday_0.0.txt,NA,2025-11-25T12:17:48Z
cam,,_kw_max_avg__shares__weekday_is_thursday_1.0.txt,NA,2025-11-25T12:17:48Z
cam,,_kw_max_avg__shares__weekday_is_tuesday_0.0.txt,NA,2025-11-25T12:17:49Z
cam,,_kw_max_avg__shares__weekday_is_tuesday_1.0.txt,NA,2025-11-25T12:17:49Z
cam,,_kw_max_avg__shares__weekday_is_wednesday_0.0.txt,NA,2025-11-25T12:17:49Z
cam,,_kw_max_avg__shares__weekday_is_wednesday_1.0.txt,NA,2025-11-25T12:17:49Z
cam,,_LDA_00__shares__data_channel_is_socmed_1.0.txt,NA,2025-11-25T12:17:50Z
cam,,_LDA_02__shares__data_channel_is_entertainment_0.0.txt,NA,2025-11-25T12:17:50Z
cam,,_min_positive_polarity__shares__data_channel_is_socmed_1.0.txt,NA,2025-11-25T12:17:50Z
cam,,_n_tokens_content__shares__data_channel_is_bus_1.0.txt,NA,2025-11-25T12:17:50Z
cam,,_n_unique_tokens__shares__data_channel_is_bus_1.0.txt,NA,2025-11-25T12:17:50Z
cam,,_self_reference_avg_sharess__shares__data_channel_is_bus_0.0.txt,NA,2025-11-25T12:17:51Z
cam,,_self_reference_avg_sharess__shares__data_channel_is_entertainment_0.0.txt,NA,2025-11-25T12:17:52Z
cam,,_self_reference_avg_sharess__shares__data_channel_is_lifestyle_0.0.txt,NA,2025-11-25T12:17:52Z
cam,,_self_reference_avg_sharess__shares__data_channel_is_socmed_1.0.txt,NA,2025-11-25T12:17:52Z
cam,,_self_reference_avg_sharess__shares__data_channel_is_tech_0.0.txt,NA,2025-11-25T12:17:53Z
cam,,_self_reference_avg_sharess__shares__is_weekend_0.0.txt,NA,2025-11-25T12:17:53Z
cam,,_self_reference_avg_sharess__shares__weekday_is_friday_0.0.txt,NA,2025-11-25T12:17:54Z
cam,,_self_reference_avg_sharess__shares__weekday_is_friday_1.0.txt,NA,2025-11-25T12:17:54Z
cam,,_self_reference_avg_sharess__shares__weekday_is_monday_0.0.txt,NA,2025-11-25T12:17:54Z
cam,,_self_reference_avg_sharess__shares__weekday_is_monday_1.0.txt,NA,2025-11-25T12:17:55Z
cam,,_self_reference_avg_sharess__shares__weekday_is_saturday_0.0.txt,NA,2025-11-25T12:17:55Z
cam,,_self_reference_avg_sharess__shares__weekday_is_sunday_0.0.txt,NA,2025-11-25T12:17:56Z
cam,,_self_reference_avg_sharess__shares__weekday_is_thursday_0.0.txt,NA,2025-11-25T12:17:56Z
cam,,_self_reference_avg_sharess__shares__weekday_is_thursday_1.0.txt,NA,2025-11-25T12:17:57Z
cam,,_self_reference_avg_sharess__shares__weekday_is_tuesday_0.0.txt,NA,2025-11-25T12:17:57Z
cam,,_self_reference_avg_sharess__shares__weekday_is_tuesday_1.0.txt,NA,2025-11-25T12:17:57Z
cam,,_self_reference_avg_sharess__shares__weekday_is_wednesday_0.0.txt,NA,2025-11-25T12:17:58Z
cam,,_self_reference_avg_sharess__shares__weekday_is_wednesday_1.0.txt,NA,2025-11-25T12:17:58Z
cam,,_self_reference_max_shares__shares__data_channel_is_socmed_1.0.txt,NA,2025-11-25T12:17:58Z
cam,,_self_reference_min_shares__shares__data_channel_is_bus_0.0.txt,NA,2025-11-25T12:17:58Z
cam,,_self_reference_min_shares__shares__data_channel_is_entertainment_0.0.txt,NA,2025-11-25T12:17:58Z
cam,,_self_reference_min_shares__shares__data_channel_is_socmed_1.0.txt,NA,2025-11-25T12:17:58Z
cam,,_self_reference_min_shares__shares__data_channel_is_tech_0.0.txt,NA,2025-11-25T12:17:59Z
cam,,_self_reference_min_shares__shares__is_weekend_0.0.txt,NA,2025-11-25T12:17:59Z
cam,,_self_reference_min_shares__shares__weekday_is_friday_1.0.txt,NA,2025-11-25T12:17:59Z
cam,,_self_reference_min_shares__shares__weekday_is_monday_1.0.txt,NA,2025-11-25T12:17:59Z
cam,,_self_reference_min_shares__shares__weekday_is_tuesday_1.0.txt,NA,2025-11-25T12:17:59Z
cam,,instrumentalness_song_popularity_audio_mode_0.txt,NA,2025-11-25T12:17:59Z
cam,,discount_perc_n_reviews_amenities_Airport_transportation_0.txt,NA,2025-11-25T12:17:59Z
cam,,discount_perc_n_reviews_amenities_Allergy-free_room_0.txt,NA,2025-11-25T12:17:59Z
cam,,discount_perc_n_reviews_amenities_Babysitting_0.txt,NA,2025-11-25T12:17:59Z
cam,,discount_perc_n_reviews_amenities_Bicycle_rental_0.txt,NA,2025-11-25T12:17:59Z
cam,,discount_perc_n_reviews_amenities_Bottled_water_0.txt,NA,2025-11-25T12:17:59Z
cam,,discount_perc_n_reviews_amenities_Clothes_rack_0.txt,NA,2025-11-25T12:17:59Z
cam,,discount_perc_n_reviews_amenities_Coffee___tea_maker_0.txt,NA,2025-11-25T12:17:59Z
cam,,discount_perc_n_reviews_amenities_Coffee___tea_maker_1.txt,NA,2025-11-25T12:17:59Z
cam,,discount_perc_n_reviews_amenities_Coffee_shop_1.txt,NA,2025-11-25T12:17:59Z
cam,,discount_perc_n_reviews_amenities_Desk_1.txt,NA,2025-11-25T12:17:59Z
cam,,discount_perc_n_reviews_amenities_Family_rooms_0.txt,NA,2025-11-25T12:18:00Z
cam,,discount_perc_n_reviews_amenities_Fax___photocopying_0.txt,NA,2025-11-25T12:18:00Z
cam,,discount_perc_n_reviews_amenities_Free_breakfast_0.txt,NA,2025-11-25T12:18:00Z
cam,,discount_perc_n_reviews_amenities_Hair_dryer_0.txt,NA,2025-11-25T12:18:00Z
cam,,discount_perc_n_reviews_amenities_Iron_0.txt,NA,2025-11-25T12:18:00Z
cam,,discount_perc_n_reviews_amenities_Ironing_service_0.txt,NA,2025-11-25T12:18:00Z
cam,,discount_perc_n_reviews_amenities_Newspaper_0.txt,NA,2025-11-25T12:18:00Z
cam,,discount_perc_n_reviews_amenities_Paid_private_parking_nearby_0.txt,NA,2025-11-25T12:18:00Z
cam,,discount_perc_n_reviews_amenities_Paid_public_parking_nearby_0.txt,NA,2025-11-25T12:18:00Z
cam,,discount_perc_n_reviews_amenities_Pets_Allowed___Dog___Pet_Friendly___0.txt,NA,2025-11-25T12:18:00Z
cam,,discount_perc_n_reviews_amenities_Private_check-in___check-out_0.txt,NA,2025-11-25T12:18:00Z
cam,,discount_perc_n_reviews_amenities_Refrigerator_0.txt,NA,2025-11-25T12:18:00Z
cam,,discount_perc_n_reviews_amenities_Room_service_1.txt,NA,2025-11-25T12:18:00Z
cam,,discount_perc_n_reviews_amenities_Shared_kitchen_0.txt,NA,2025-11-25T12:18:00Z
cam,,discount_perc_n_reviews_amenities_Shared_lounge___TV_area_0.txt,NA,2025-11-25T12:18:00Z
cam,,discount_perc_n_reviews_amenities_Shuttle_bus_service_0.txt,NA,2025-11-25T12:18:00Z
cam,,discount_perc_n_reviews_amenities_Street_parking_0.txt,NA,2025-11-25T12:18:00Z
cam,,discount_perc_n_reviews_amenities_Wine___champagne_0.txt,NA,2025-11-25T12:18:00Z
cam,,discount_perc_n_reviews_category_inn_0.txt,NA,2025-11-25T12:18:00Z
cam,,discount_perc_n_reviews_category_specialty_0.txt,NA,2025-11-25T12:18:00Z
cam,,price_curr_min_n_reviews_amenities_24-hour_front_desk_1.txt,NA,2025-11-25T12:18:00Z
cam,,price_curr_min_n_reviews_amenities_Airport_transportation_1.txt,NA,2025-11-25T12:18:00Z
cam,,price_curr_min_n_reviews_amenities_Babysitting_1.txt,NA,2025-11-25T12:18:00Z
cam,,price_curr_min_n_reviews_amenities_Baggage_storage_1.txt,NA,2025-11-25T12:18:00Z
cam,,price_curr_min_n_reviews_amenities_Bar___lounge_1.txt,NA,2025-11-25T12:18:00Z
cam,,price_curr_min_n_reviews_amenities_Bottled_water_1.txt,NA,2025-11-25T12:18:00Z
cam,,price_curr_min_n_reviews_amenities_Breakfast_available_1.txt,NA,2025-11-25T12:18:00Z
cam,,price_curr_min_n_reviews_amenities_Breakfast_buffet_1.txt,NA,2025-11-25T12:18:00Z
cam,,price_curr_min_n_reviews_amenities_Breakfast_in_the_room_1.txt,NA,2025-11-25T12:18:00Z
cam,,price_curr_min_n_reviews_amenities_Car_hire_1.txt,NA,2025-11-25T12:18:01Z
cam,,price_curr_min_n_reviews_amenities_Concierge_1.txt,NA,2025-11-25T12:18:01Z
cam,,price_curr_min_n_reviews_amenities_Dry_cleaning_1.txt,NA,2025-11-25T12:18:01Z
cam,,price_curr_min_n_reviews_amenities_Express_check-in___check-out_1.txt,NA,2025-11-25T12:18:01Z
cam,,price_curr_min_n_reviews_amenities_Fax___photocopying_1.txt,NA,2025-11-25T12:18:01Z
cam,,price_curr_min_n_reviews_amenities_Flatscreen_TV_1.txt,NA,2025-11-25T12:18:01Z
cam,,price_curr_min_n_reviews_amenities_Ironing_service_1.txt,NA,2025-11-25T12:18:01Z
cam,,price_curr_min_n_reviews_amenities_Laundry_service_1.txt,NA,2025-11-25T12:18:01Z
cam,,price_curr_min_n_reviews_amenities_Meeting_rooms_1.txt,NA,2025-11-25T12:18:01Z
cam,,price_curr_min_n_reviews_amenities_Newspaper_1.txt,NA,2025-11-25T12:18:01Z
cam,,price_curr_min_n_reviews_amenities_Parking_1.txt,NA,2025-11-25T12:18:01Z
cam,,price_curr_min_n_reviews_amenities_Restaurant_1.txt,NA,2025-11-25T12:18:01Z
cam,,price_curr_min_n_reviews_amenities_Room_service_1.txt,NA,2025-11-25T12:18:01Z
cam,,price_curr_min_n_reviews_amenities_Suites_1.txt,NA,2025-11-25T12:18:01Z
cam,,price_curr_min_n_reviews_amenities_Taxi_service_1.txt,NA,2025-11-25T12:18:01Z
cam,,price_curr_min_n_reviews_category_hotel_1.txt,NA,2025-11-25T12:18:01Z
cam,,price_curr_min_n_reviews_category_inn_0.txt,NA,2025-11-25T12:18:01Z
cam,,price_curr_min_n_reviews_class_3_4_5_1.txt,NA,2025-11-25T12:18:01Z
cam,,price_max_n_reviews_amenities_24-hour_front_desk_0.txt,NA,2025-11-25T12:18:01Z
cam,,price_max_n_reviews_amenities_24-hour_front_desk_1.txt,NA,2025-11-25T12:18:01Z
cam,,price_max_n_reviews_amenities_Air_conditioning_1.txt,NA,2025-11-25T12:18:01Z
cam,,price_max_n_reviews_amenities_Airport_transportation_0.txt,NA,2025-11-25T12:18:01Z
cam,,price_max_n_reviews_amenities_Airport_transportation_1.txt,NA,2025-11-25T12:18:01Z
cam,,price_max_n_reviews_amenities_Allergy-free_room_0.txt,NA,2025-11-25T12:18:01Z
cam,,price_max_n_reviews_amenities_Allergy-free_room_1.txt,NA,2025-11-25T12:18:01Z
cam,,price_max_n_reviews_amenities_amenity_free_internet_title_ad3_0.txt,NA,2025-11-25T12:18:01Z
cam,,price_max_n_reviews_amenities_Babysitting_0.txt,NA,2025-11-25T12:18:01Z
cam,,price_max_n_reviews_amenities_Babysitting_1.txt,NA,2025-11-25T12:18:01Z
cam,,price_max_n_reviews_amenities_Baggage_storage_0.txt,NA,2025-11-25T12:18:01Z
cam,,price_max_n_reviews_amenities_Baggage_storage_1.txt,NA,2025-11-25T12:18:02Z
cam,,price_max_n_reviews_amenities_Bar___lounge_0.txt,NA,2025-11-25T12:18:02Z
cam,,price_max_n_reviews_amenities_Bar___lounge_1.txt,NA,2025-11-25T12:18:02Z
cam,,price_max_n_reviews_amenities_Bath___shower_0.txt,NA,2025-11-25T12:18:02Z
cam,,price_max_n_reviews_amenities_Bath___shower_1.txt,NA,2025-11-25T12:18:02Z
cam,,price_max_n_reviews_amenities_Bicycle_rental_0.txt,NA,2025-11-25T12:18:02Z
cam,,price_max_n_reviews_amenities_Bicycle_rental_1.txt,NA,2025-11-25T12:18:02Z
cam,,price_max_n_reviews_amenities_Bottled_water_0.txt,NA,2025-11-25T12:18:02Z
cam,,price_max_n_reviews_amenities_Bottled_water_1.txt,NA,2025-11-25T12:18:02Z
cam,,price_max_n_reviews_amenities_Breakfast_available_0.txt,NA,2025-11-25T12:18:02Z
cam,,price_max_n_reviews_amenities_Breakfast_available_1.txt,NA,2025-11-25T12:18:02Z
cam,,price_max_n_reviews_amenities_Breakfast_buffet_0.txt,NA,2025-11-25T12:18:02Z
cam,,price_max_n_reviews_amenities_Breakfast_buffet_1.txt,NA,2025-11-25T12:18:02Z
cam,,price_max_n_reviews_amenities_Breakfast_in_the_room_0.txt,NA,2025-11-25T12:18:02Z
cam,,price_max_n_reviews_amenities_Breakfast_in_the_room_1.txt,NA,2025-11-25T12:18:02Z
cam,,price_max_n_reviews_amenities_Car_hire_0.txt,NA,2025-11-25T12:18:02Z
cam,,price_max_n_reviews_amenities_Car_hire_1.txt,NA,2025-11-25T12:18:02Z
cam,,price_max_n_reviews_amenities_Casino_and_Gambling_0.txt,NA,2025-11-25T12:18:02Z
cam,,price_max_n_reviews_amenities_Children_Activities__Kid___Family_Friendly__0.txt,NA,2025-11-25T12:18:02Z
cam,,price_max_n_reviews_amenities_Children_Activities__Kid___Family_Friendly__1.txt,NA,2025-11-25T12:18:02Z
cam,,price_max_n_reviews_amenities_Clothes_rack_0.txt,NA,2025-11-25T12:18:02Z
cam,,price_max_n_reviews_amenities_Clothes_rack_1.txt,NA,2025-11-25T12:18:02Z
cam,,price_max_n_reviews_amenities_Coffee___tea_maker_0.txt,NA,2025-11-25T12:18:02Z
cam,,price_max_n_reviews_amenities_Coffee___tea_maker_1.txt,NA,2025-11-25T12:18:02Z
cam,,price_max_n_reviews_amenities_Coffee_shop_0.txt,NA,2025-11-25T12:18:02Z
cam,,price_max_n_reviews_amenities_Coffee_shop_1.txt,NA,2025-11-25T12:18:03Z
cam,,price_max_n_reviews_amenities_Complimentary_toiletries_0.txt,NA,2025-11-25T12:18:03Z
cam,,price_max_n_reviews_amenities_Complimentary_toiletries_1.txt,NA,2025-11-25T12:18:03Z
cam,,price_max_n_reviews_amenities_Concierge_0.txt,NA,2025-11-25T12:18:03Z
cam,,price_max_n_reviews_amenities_Concierge_1.txt,NA,2025-11-25T12:18:03Z
cam,,price_max_n_reviews_amenities_Desk_0.txt,NA,2025-11-25T12:18:03Z
cam,,price_max_n_reviews_amenities_Desk_1.txt,NA,2025-11-25T12:18:03Z
cam,,price_max_n_reviews_amenities_Dry_cleaning_0.txt,NA,2025-11-25T12:18:03Z
cam,,price_max_n_reviews_amenities_Dry_cleaning_1.txt,NA,2025-11-25T12:18:03Z
cam,,price_max_n_reviews_amenities_Electric_blanket_0.txt,NA,2025-11-25T12:18:03Z
cam,,price_max_n_reviews_amenities_Express_check-in___check-out_0.txt,NA,2025-11-25T12:18:03Z
cam,,price_max_n_reviews_amenities_Express_check-in___check-out_1.txt,NA,2025-11-25T12:18:03Z
cam,,price_max_n_reviews_amenities_Family_rooms_0.txt,NA,2025-11-25T12:18:03Z
cam,,price_max_n_reviews_amenities_Family_rooms_1.txt,NA,2025-11-25T12:18:03Z
cam,,price_max_n_reviews_amenities_Fax___photocopying_0.txt,NA,2025-11-25T12:18:03Z
cam,,price_max_n_reviews_amenities_Fax___photocopying_1.txt,NA,2025-11-25T12:18:03Z
cam,,price_max_n_reviews_amenities_Fence_around_pool_0.txt,NA,2025-11-25T12:18:03Z
cam,,price_max_n_reviews_amenities_Flatscreen_TV_1.txt,NA,2025-11-25T12:18:03Z
cam,,price_max_n_reviews_amenities_Free_breakfast_0.txt,NA,2025-11-25T12:18:03Z
cam,,price_max_n_reviews_amenities_Free_breakfast_1.txt,NA,2025-11-25T12:18:03Z
cam,,price_max_n_reviews_amenities_Free_High_Speed_Internet__WiFi__1.txt,NA,2025-11-25T12:18:03Z
cam,,price_max_n_reviews_amenities_Free_internet_1.txt,NA,2025-11-25T12:18:03Z
cam,,price_max_n_reviews_amenities_Hair_dryer_0.txt,NA,2025-11-25T12:18:03Z
cam,,price_max_n_reviews_amenities_Hair_dryer_1.txt,NA,2025-11-25T12:18:03Z
cam,,price_max_n_reviews_amenities_hotel_amenity_free_breakfast_0.txt,NA,2025-11-25T12:18:04Z
cam,,price_max_n_reviews_amenities_hotel_amenity_free_internet_0.txt,NA,2025-11-25T12:18:04Z
cam,,price_max_n_reviews_amenities_hotel_amenity_internet_0.txt,NA,2025-11-25T12:18:04Z
cam,,price_max_n_reviews_amenities_hotel_amenity_wifi_0.txt,NA,2025-11-25T12:18:04Z
cam,,price_max_n_reviews_amenities_Housekeeping_0.txt,NA,2025-11-25T12:18:04Z
cam,,price_max_n_reviews_amenities_Housekeeping_1.txt,NA,2025-11-25T12:18:04Z
cam,,price_max_n_reviews_amenities_Internet_1.txt,NA,2025-11-25T12:18:04Z
cam,,price_max_n_reviews_amenities_Iron_0.txt,NA,2025-11-25T12:18:04Z
cam,,price_max_n_reviews_amenities_Iron_1.txt,NA,2025-11-25T12:18:04Z
cam,,price_max_n_reviews_amenities_Ironing_service_0.txt,NA,2025-11-25T12:18:04Z
cam,,price_max_n_reviews_amenities_Ironing_service_1.txt,NA,2025-11-25T12:18:04Z
cam,,price_max_n_reviews_amenities_Kids_pool_0.txt,NA,2025-11-25T12:18:04Z
cam,,price_max_n_reviews_amenities_Kitchenette_0.txt,NA,2025-11-25T12:18:04Z
cam,,price_max_n_reviews_amenities_Laundry_service_0.txt,NA,2025-11-25T12:18:04Z
cam,,price_max_n_reviews_amenities_Laundry_service_1.txt,NA,2025-11-25T12:18:04Z
cam,,price_max_n_reviews_amenities_Meeting_rooms_0.txt,NA,2025-11-25T12:18:04Z
cam,,price_max_n_reviews_amenities_Meeting_rooms_1.txt,NA,2025-11-25T12:18:04Z
cam,,price_max_n_reviews_amenities_Minibar_0.txt,NA,2025-11-25T12:18:04Z
cam,,price_max_n_reviews_amenities_Minibar_1.txt,NA,2025-11-25T12:18:04Z
cam,,price_max_n_reviews_amenities_Newspaper_0.txt,NA,2025-11-25T12:18:04Z
cam,,price_max_n_reviews_amenities_Newspaper_1.txt,NA,2025-11-25T12:18:04Z
cam,,price_max_n_reviews_amenities_Non-smoking_hotel_0.txt,NA,2025-11-25T12:18:04Z
cam,,price_max_n_reviews_amenities_Non-smoking_hotel_1.txt,NA,2025-11-25T12:18:05Z
cam,,price_max_n_reviews_amenities_Non-smoking_rooms_1.txt,NA,2025-11-25T12:18:05Z
cam,,price_max_n_reviews_amenities_Paid_private_parking_nearby_0.txt,NA,2025-11-25T12:18:05Z
cam,,price_max_n_reviews_amenities_Paid_private_parking_nearby_1.txt,NA,2025-11-25T12:18:05Z
cam,,price_max_n_reviews_amenities_Paid_public_parking_nearby_0.txt,NA,2025-11-25T12:18:05Z
cam,,price_max_n_reviews_amenities_Paid_public_parking_nearby_1.txt,NA,2025-11-25T12:18:05Z
cam,,price_max_n_reviews_amenities_Parking_0.txt,NA,2025-11-25T12:18:05Z
cam,,price_max_n_reviews_amenities_Parking_1.txt,NA,2025-11-25T12:18:05Z
cam,,price_max_n_reviews_amenities_Pets_Allowed___Dog___Pet_Friendly___0.txt,NA,2025-11-25T12:18:05Z
cam,,price_max_n_reviews_amenities_Pets_Allowed___Dog___Pet_Friendly___1.txt,NA,2025-11-25T12:18:05Z
cam,,price_max_n_reviews_amenities_Private_check-in___check-out_0.txt,NA,2025-11-25T12:18:05Z
cam,,price_max_n_reviews_amenities_Private_check-in___check-out_1.txt,NA,2025-11-25T12:18:05Z
cam,,price_max_n_reviews_amenities_Public_wifi_0.txt,NA,2025-11-25T12:18:05Z
cam,,price_max_n_reviews_amenities_Public_wifi_1.txt,NA,2025-11-25T12:18:05Z
cam,,price_max_n_reviews_amenities_Refrigerator_0.txt,NA,2025-11-25T12:18:05Z
cam,,price_max_n_reviews_amenities_Refrigerator_1.txt,NA,2025-11-25T12:18:05Z
cam,,price_max_n_reviews_amenities_Restaurant_0.txt,NA,2025-11-25T12:18:05Z
cam,,price_max_n_reviews_amenities_Restaurant_1.txt,NA,2025-11-25T12:18:05Z
cam,,price_max_n_reviews_amenities_Room_service_0.txt,NA,2025-11-25T12:18:05Z
cam,,price_max_n_reviews_amenities_Room_service_1.txt,NA,2025-11-25T12:18:05Z
cam,,price_max_n_reviews_amenities_Safe_1.txt,NA,2025-11-25T12:18:05Z
cam,,price_max_n_reviews_amenities_Saltwater_pool_0.txt,NA,2025-11-25T12:18:06Z
cam,,price_max_n_reviews_amenities_Shared_kitchen_0.txt,NA,2025-11-25T12:18:06Z
cam,,price_max_n_reviews_amenities_Shared_kitchen_1.txt,NA,2025-11-25T12:18:06Z
cam,,price_max_n_reviews_amenities_Shared_lounge___TV_area_0.txt,NA,2025-11-25T12:18:06Z
cam,,price_max_n_reviews_amenities_Shared_lounge___TV_area_1.txt,NA,2025-11-25T12:18:06Z
cam,,price_max_n_reviews_amenities_Shuttle_bus_service_0.txt,NA,2025-11-25T12:18:06Z
cam,,price_max_n_reviews_amenities_Shuttle_bus_service_1.txt,NA,2025-11-25T12:18:06Z
cam,,price_max_n_reviews_amenities_Soundproof_rooms_0.txt,NA,2025-11-25T12:18:06Z
cam,,price_max_n_reviews_amenities_Soundproof_rooms_1.txt,NA,2025-11-25T12:18:06Z
cam,,price_max_n_reviews_amenities_Street_parking_0.txt,NA,2025-11-25T12:18:06Z
cam,,price_max_n_reviews_amenities_Street_parking_1.txt,NA,2025-11-25T12:18:06Z
cam,,price_max_n_reviews_amenities_Suites_0.txt,NA,2025-11-25T12:18:06Z
cam,,price_max_n_reviews_amenities_Suites_1.txt,NA,2025-11-25T12:18:06Z
cam,,price_max_n_reviews_amenities_Taxi_service_0.txt,NA,2025-11-25T12:18:06Z
cam,,price_max_n_reviews_amenities_Taxi_service_1.txt,NA,2025-11-25T12:18:06Z
cam,,price_max_n_reviews_amenities_Telephone_0.txt,NA,2025-11-25T12:18:06Z
cam,,price_max_n_reviews_amenities_Telephone_1.txt,NA,2025-11-25T12:18:06Z
cam,,price_max_n_reviews_amenities_Wake-up_service___alarm_clock_0.txt,NA,2025-11-25T12:18:06Z
cam,,price_max_n_reviews_amenities_Wake-up_service___alarm_clock_1.txt,NA,2025-11-25T12:18:06Z
cam,,price_max_n_reviews_amenities_Water_park_0.txt,NA,2025-11-25T12:18:06Z
cam,,price_max_n_reviews_amenities_Waterslide_0.txt,NA,2025-11-25T12:18:06Z
cam,,price_max_n_reviews_amenities_Wifi_1.txt,NA,2025-11-25T12:18:06Z
cam,,price_max_n_reviews_amenities_Wine___champagne_0.txt,NA,2025-11-25T12:18:06Z
cam,,price_max_n_reviews_amenities_Wine___champagne_1.txt,NA,2025-11-25T12:18:07Z
cam,,price_max_n_reviews_award_cert_excellence_0.txt,NA,2025-11-25T12:18:07Z
cam,,price_max_n_reviews_award_cert_excellence_1.txt,NA,2025-11-25T12:18:07Z
cam,,price_max_n_reviews_category_hotel_0.txt,NA,2025-11-25T12:18:07Z
cam,,price_max_n_reviews_category_hotel_1.txt,NA,2025-11-25T12:18:07Z
cam,,price_max_n_reviews_category_inn_0.txt,NA,2025-11-25T12:18:07Z
cam,,price_max_n_reviews_category_inn_1.txt,NA,2025-11-25T12:18:07Z
cam,,price_max_n_reviews_category_specialty_0.txt,NA,2025-11-25T12:18:07Z
cam,,price_max_n_reviews_category_specialty_1.txt,NA,2025-11-25T12:18:07Z
cam,,price_max_n_reviews_class_3_4_5_0.txt,NA,2025-11-25T12:18:07Z
cam,,price_max_n_reviews_class_3_4_5_1.txt,NA,2025-11-25T12:18:07Z
cam,,price_max_n_reviews_class_4_5_0.txt,NA,2025-11-25T12:18:07Z
cam,,price_max_n_reviews_class_4_5_1.txt,NA,2025-11-25T12:18:07Z
cam,,price_max_n_reviews_discount_0.txt,NA,2025-11-25T12:18:07Z
cam,,price_max_n_reviews_discount_1.txt,NA,2025-11-25T12:18:07Z
cam,,price_min_n_reviews_amenities_24-hour_front_desk_1.txt,NA,2025-11-25T12:18:07Z
cam,,price_min_n_reviews_amenities_Air_conditioning_1.txt,NA,2025-11-25T12:18:07Z
cam,,price_min_n_reviews_amenities_Airport_transportation_1.txt,NA,2025-11-25T12:18:07Z
cam,,price_min_n_reviews_amenities_Allergy-free_room_0.txt,NA,2025-11-25T12:18:07Z
cam,,price_min_n_reviews_amenities_Allergy-free_room_1.txt,NA,2025-11-25T12:18:07Z
cam,,price_min_n_reviews_amenities_amenity_free_internet_title_ad3_0.txt,NA,2025-11-25T12:18:07Z
cam,,price_min_n_reviews_amenities_Babysitting_0.txt,NA,2025-11-25T12:18:07Z
cam,,price_min_n_reviews_amenities_Babysitting_1.txt,NA,2025-11-25T12:18:07Z
cam,,price_min_n_reviews_amenities_Baggage_storage_1.txt,NA,2025-11-25T12:18:07Z
cam,,price_min_n_reviews_amenities_Bar___lounge_1.txt,NA,2025-11-25T12:18:07Z
cam,,price_min_n_reviews_amenities_Bath___shower_0.txt,NA,2025-11-25T12:18:07Z
cam,,price_min_n_reviews_amenities_Bath___shower_1.txt,NA,2025-11-25T12:18:08Z
cam,,price_min_n_reviews_amenities_Bicycle_rental_0.txt,NA,2025-11-25T12:18:08Z
cam,,price_min_n_reviews_amenities_Bicycle_rental_1.txt,NA,2025-11-25T12:18:08Z
cam,,price_min_n_reviews_amenities_Bottled_water_0.txt,NA,2025-11-25T12:18:08Z
cam,,price_min_n_reviews_amenities_Bottled_water_1.txt,NA,2025-11-25T12:18:08Z
cam,,price_min_n_reviews_amenities_Breakfast_available_1.txt,NA,2025-11-25T12:18:08Z
cam,,price_min_n_reviews_amenities_Breakfast_buffet_1.txt,NA,2025-11-25T12:18:08Z
cam,,price_min_n_reviews_amenities_Breakfast_in_the_room_1.txt,NA,2025-11-25T12:18:08Z
cam,,price_min_n_reviews_amenities_Car_hire_1.txt,NA,2025-11-25T12:18:08Z
cam,,price_min_n_reviews_amenities_Casino_and_Gambling_0.txt,NA,2025-11-25T12:18:08Z
cam,,price_min_n_reviews_amenities_Children_Activities__Kid___Family_Friendly__0.txt,NA,2025-11-25T12:18:08Z
cam,,price_min_n_reviews_amenities_Children_Activities__Kid___Family_Friendly__1.txt,NA,2025-11-25T12:18:08Z
cam,,price_min_n_reviews_amenities_Clothes_rack_0.txt,NA,2025-11-25T12:18:08Z
cam,,price_min_n_reviews_amenities_Coffee___tea_maker_0.txt,NA,2025-11-25T12:18:08Z
cam,,price_min_n_reviews_amenities_Coffee___tea_maker_1.txt,NA,2025-11-25T12:18:08Z
cam,,price_min_n_reviews_amenities_Coffee_shop_0.txt,NA,2025-11-25T12:18:08Z
cam,,price_min_n_reviews_amenities_Coffee_shop_1.txt,NA,2025-11-25T12:18:08Z
cam,,price_min_n_reviews_amenities_Complimentary_toiletries_0.txt,NA,2025-11-25T12:18:08Z
cam,,price_min_n_reviews_amenities_Concierge_1.txt,NA,2025-11-25T12:18:08Z
cam,,price_min_n_reviews_amenities_Desk_0.txt,NA,2025-11-25T12:18:08Z
cam,,price_min_n_reviews_amenities_Desk_1.txt,NA,2025-11-25T12:18:08Z
cam,,price_min_n_reviews_amenities_Dry_cleaning_1.txt,NA,2025-11-25T12:18:08Z
cam,,price_min_n_reviews_amenities_Electric_blanket_0.txt,NA,2025-11-25T12:18:08Z
cam,,price_min_n_reviews_amenities_Express_check-in___check-out_0.txt,NA,2025-11-25T12:18:08Z
cam,,price_min_n_reviews_amenities_Express_check-in___check-out_1.txt,NA,2025-11-25T12:18:08Z
cam,,price_min_n_reviews_amenities_Family_rooms_0.txt,NA,2025-11-25T12:18:08Z
cam,,price_min_n_reviews_amenities_Family_rooms_1.txt,NA,2025-11-25T12:18:08Z
cam,,price_min_n_reviews_amenities_Fax___photocopying_1.txt,NA,2025-11-25T12:18:08Z
cam,,price_min_n_reviews_amenities_Fence_around_pool_0.txt,NA,2025-11-25T12:18:09Z
cam,,price_min_n_reviews_amenities_Flatscreen_TV_1.txt,NA,2025-11-25T12:18:09Z
cam,,price_min_n_reviews_amenities_Free_breakfast_1.txt,NA,2025-11-25T12:18:09Z
cam,,price_min_n_reviews_amenities_Free_High_Speed_Internet__WiFi__1.txt,NA,2025-11-25T12:18:09Z
cam,,price_min_n_reviews_amenities_Free_internet_1.txt,NA,2025-11-25T12:18:09Z
cam,,price_min_n_reviews_amenities_Hair_dryer_1.txt,NA,2025-11-25T12:18:09Z
cam,,price_min_n_reviews_amenities_hotel_amenity_free_breakfast_0.txt,NA,2025-11-25T12:18:09Z
cam,,price_min_n_reviews_amenities_hotel_amenity_free_internet_0.txt,NA,2025-11-25T12:18:09Z
cam,,price_min_n_reviews_amenities_hotel_amenity_internet_0.txt,NA,2025-11-25T12:18:09Z
cam,,price_min_n_reviews_amenities_hotel_amenity_wifi_0.txt,NA,2025-11-25T12:18:09Z
cam,,price_min_n_reviews_amenities_Housekeeping_1.txt,NA,2025-11-25T12:18:09Z
cam,,price_min_n_reviews_amenities_Internet_1.txt,NA,2025-11-25T12:18:09Z
cam,,price_min_n_reviews_amenities_Iron_0.txt,NA,2025-11-25T12:18:09Z
cam,,price_min_n_reviews_amenities_Ironing_service_1.txt,NA,2025-11-25T12:18:09Z
cam,,price_min_n_reviews_amenities_Kids_pool_0.txt,NA,2025-11-25T12:18:09Z
cam,,price_min_n_reviews_amenities_Kitchenette_0.txt,NA,2025-11-25T12:18:09Z
cam,,price_min_n_reviews_amenities_Laundry_service_1.txt,NA,2025-11-25T12:18:09Z
cam,,price_min_n_reviews_amenities_Meeting_rooms_1.txt,NA,2025-11-25T12:18:09Z
cam,,price_min_n_reviews_amenities_Minibar_1.txt,NA,2025-11-25T12:18:09Z
cam,,price_min_n_reviews_amenities_Newspaper_1.txt,NA,2025-11-25T12:18:09Z
cam,,price_min_n_reviews_amenities_Non-smoking_hotel_1.txt,NA,2025-11-25T12:18:09Z
cam,,price_min_n_reviews_amenities_Non-smoking_rooms_1.txt,NA,2025-11-25T12:18:09Z
cam,,price_min_n_reviews_amenities_Paid_private_parking_nearby_0.txt,NA,2025-11-25T12:18:09Z
cam,,price_min_n_reviews_amenities_Paid_public_parking_nearby_0.txt,NA,2025-11-25T12:18:09Z
cam,,price_min_n_reviews_amenities_Paid_public_parking_nearby_1.txt,NA,2025-11-25T12:18:09Z
cam,,price_min_n_reviews_amenities_Parking_0.txt,NA,2025-11-25T12:18:09Z
cam,,price_min_n_reviews_amenities_Parking_1.txt,NA,2025-11-25T12:18:09Z
cam,,price_min_n_reviews_amenities_Pets_Allowed___Dog___Pet_Friendly___0.txt,NA,2025-11-25T12:18:09Z
cam,,price_min_n_reviews_amenities_Private_check-in___check-out_0.txt,NA,2025-11-25T12:18:10Z
cam,,price_min_n_reviews_amenities_Public_wifi_1.txt,NA,2025-11-25T12:18:10Z
cam,,price_min_n_reviews_amenities_Refrigerator_1.txt,NA,2025-11-25T12:18:10Z
cam,,price_min_n_reviews_amenities_Restaurant_1.txt,NA,2025-11-25T12:18:10Z
cam,,price_min_n_reviews_amenities_Room_service_1.txt,NA,2025-11-25T12:18:10Z
cam,,price_min_n_reviews_amenities_Safe_1.txt,NA,2025-11-25T12:18:10Z
cam,,price_min_n_reviews_amenities_Saltwater_pool_0.txt,NA,2025-11-25T12:18:10Z
cam,,price_min_n_reviews_amenities_Shared_kitchen_0.txt,NA,2025-11-25T12:18:10Z
cam,,price_min_n_reviews_amenities_Shared_lounge___TV_area_0.txt,NA,2025-11-25T12:18:10Z
cam,,price_min_n_reviews_amenities_Shuttle_bus_service_0.txt,NA,2025-11-25T12:18:10Z
cam,,price_min_n_reviews_amenities_Soundproof_rooms_1.txt,NA,2025-11-25T12:18:10Z
cam,,price_min_n_reviews_amenities_Street_parking_0.txt,NA,2025-11-25T12:18:10Z
cam,,price_min_n_reviews_amenities_Suites_1.txt,NA,2025-11-25T12:18:10Z
cam,,price_min_n_reviews_amenities_Taxi_service_1.txt,NA,2025-11-25T12:18:10Z
cam,,price_min_n_reviews_amenities_Wake-up_service___alarm_clock_0.txt,NA,2025-11-25T12:18:10Z
cam,,price_min_n_reviews_amenities_Wake-up_service___alarm_clock_1.txt,NA,2025-11-25T12:18:10Z
cam,,price_min_n_reviews_amenities_Water_park_0.txt,NA,2025-11-25T12:18:10Z
cam,,price_min_n_reviews_amenities_Waterslide_0.txt,NA,2025-11-25T12:18:10Z
cam,,price_min_n_reviews_amenities_Wifi_1.txt,NA,2025-11-25T12:18:10Z
cam,,price_min_n_reviews_amenities_Wine___champagne_0.txt,NA,2025-11-25T12:18:10Z
cam,,price_min_n_reviews_amenities_Wine___champagne_1.txt,NA,2025-11-25T12:18:10Z
cam,,price_min_n_reviews_award_cert_excellence_1.txt,NA,2025-11-25T12:18:10Z
cam,,price_min_n_reviews_category_hotel_1.txt,NA,2025-11-25T12:18:10Z
cam,,price_min_n_reviews_category_inn_0.txt,NA,2025-11-25T12:18:10Z
cam,,price_min_n_reviews_category_specialty_0.txt,NA,2025-11-25T12:18:10Z
cam,,price_min_n_reviews_class_3_4_5_1.txt,NA,2025-11-25T12:18:10Z
cam,,price_min_n_reviews_class_4_5_1.txt,NA,2025-11-25T12:18:10Z
cam,,price_min_n_reviews_discount_1.txt,NA,2025-11-25T12:18:11Z
cam,,Stream_time_minutes__Average_viewers.txt,NA,2025-11-25T12:18:11Z
cam,,Stream_time_minutes__Followers.txt,NA,2025-11-25T12:18:11Z
cam,,Stream_time_minutes__Peak_viewers.txt,NA,2025-11-25T12:18:11Z
cam,,Body___W_Fighting_Style_No_Clear_Style.txt,NA,2025-11-25T12:18:11Z
cam,,Clinch___L_Fighting_Style_No_Clear_Style.txt,NA,2025-11-25T12:18:11Z
cam,,Clinch___W_Fighting_Style_No_Clear_Style.txt,NA,2025-11-25T12:18:11Z
cam,,Ctrl_L_Fighting_Style_Wrestler.txt,NA,2025-11-25T12:18:11Z
cam,,Distance___W_Fighting_Style_No_Clear_Style.txt,NA,2025-11-25T12:18:11Z
cam,,Head___W_Fighting_Style_No_Clear_Style.txt,NA,2025-11-25T12:18:11Z
cam,,KD_W_Fighting_Style_Hybrid.txt,NA,2025-11-25T12:18:11Z
cam,,KD_W_Fighting_Style_Striker.txt,NA,2025-11-25T12:18:11Z
cam,,KD_W_Fighting_Style_Wrestler.txt,NA,2025-11-25T12:18:11Z
cam,,Leg___W_Fighting_Style_No_Clear_Style.txt,NA,2025-11-25T12:18:11Z
cam,,Round_W_Fighting_Style_No_Clear_Style.txt,NA,2025-11-25T12:18:11Z
cam,,STR_L_Fighting_Style_No_Clear_Style.txt,NA,2025-11-25T12:18:11Z
cam,,STR_W_Fighting_Style_No_Clear_Style.txt,NA,2025-11-25T12:18:11Z
cam,,STR_W_Fighting_Style_Striker.txt,NA,2025-11-25T12:18:11Z
cam,,Sub._Att_W_Fighting_Style_Wrestler.txt,NA,2025-11-25T12:18:11Z
cam,,TD_L_Fighting_Style_Wrestler.txt,NA,2025-11-25T12:18:11Z
cam,,Wt._L_Fighting_Style_Wrestler.txt,NA,2025-11-25T12:18:11Z
cam,,Wt._W_Fighting_Style_No_Clear_Style.txt,NA,2025-11-25T12:18:11Z
cam,,aces_wins.txt,NA,2025-11-25T12:18:11Z
cam,,assists_win_percent.txt,NA,2025-11-25T12:18:12Z
cam,,assists_wins.txt,NA,2025-11-25T12:18:12Z
cam,,clutches_win_percent.txt,NA,2025-11-25T12:18:12Z
cam,,clutches_wins.txt,NA,2025-11-25T12:18:13Z
cam,,deaths_win_percent.txt,NA,2025-11-25T12:18:13Z
cam,,deaths_wins.txt,NA,2025-11-25T12:18:13Z
cam,,first_bloods_win_percent.txt,NA,2025-11-25T12:18:14Z
cam,,first_bloods_wins.txt,NA,2025-11-25T12:18:14Z
cam,,flawless_win_percent.txt,NA,2025-11-25T12:18:14Z
cam,,flawless_wins.txt,NA,2025-11-25T12:18:15Z
cam,,headshots_win_percent.txt,NA,2025-11-25T12:18:15Z
cam,,headshots_wins.txt,NA,2025-11-25T12:18:15Z
cam,,kd_ratio_win_percent.txt,NA,2025-11-25T12:18:16Z
cam,,kills_win_percent.txt,NA,2025-11-25T12:18:16Z
cam,,kills_wins.txt,NA,2025-11-25T12:18:16Z
cam,,most_kills_wins.txt,NA,2025-11-25T12:18:17Z
cam,,absRoll_goal.txt,NA,2025-11-25T12:18:17Z
cam,,alpha_goal.txt,NA,2025-11-25T12:18:17Z
cam,,curPitch_goal.txt,NA,2025-11-25T12:18:17Z
cam,,p_goal.txt,NA,2025-11-25T12:18:17Z
cam,,q_goal.txt,NA,2025-11-25T12:18:17Z
cam,,Se_goal.txt,NA,2025-11-25T12:18:17Z
cam,,SeTime1_goal.txt,NA,2025-11-25T12:18:17Z
cam,,SeTime10_goal.txt,NA,2025-11-25T12:18:17Z
cam,,SeTime11_goal.txt,NA,2025-11-25T12:18:17Z
cam,,SeTime12_goal.txt,NA,2025-11-25T12:18:17Z
cam,,SeTime13_goal.txt,NA,2025-11-25T12:18:17Z
cam,,SeTime14_goal.txt,NA,2025-11-25T12:18:17Z
cam,,SeTime2_goal.txt,NA,2025-11-25T12:18:17Z
cam,,SeTime3_goal.txt,NA,2025-11-25T12:18:17Z
cam,,SeTime4_goal.txt,NA,2025-11-25T12:18:18Z
cam,,SeTime5_goal.txt,NA,2025-11-25T12:18:18Z
cam,,SeTime6_goal.txt,NA,2025-11-25T12:18:18Z
cam,,SeTime7_goal.txt,NA,2025-11-25T12:18:18Z
cam,,SeTime8_goal.txt,NA,2025-11-25T12:18:18Z
cam,,SeTime9_goal.txt,NA,2025-11-25T12:18:18Z
cam,,attack-angle_scaled-sound-pressure_free-stream-velocity_31.7.txt,NA,2025-11-25T12:18:18Z
cam,,frequency_scaled-sound-pressure_chord-length_0.0254.txt,NA,2025-11-25T12:18:18Z
cam,,frequency_scaled-sound-pressure_chord-length_0.0508.txt,NA,2025-11-25T12:18:18Z
cam,,frequency_scaled-sound-pressure_chord-length_0.1016.txt,NA,2025-11-25T12:18:18Z
cam,,frequency_scaled-sound-pressure_chord-length_0.1524.txt,NA,2025-11-25T12:18:18Z
cam,,frequency_scaled-sound-pressure_chord-length_0.2286.txt,NA,2025-11-25T12:18:18Z
cam,,frequency_scaled-sound-pressure_free-stream-velocity_31.7.txt,NA,2025-11-25T12:18:18Z
cam,,frequency_scaled-sound-pressure_free-stream-velocity_39.6.txt,NA,2025-11-25T12:18:18Z
cam,,frequency_scaled-sound-pressure_free-stream-velocity_55.5.txt,NA,2025-11-25T12:18:18Z
cam,,frequency_scaled-sound-pressure_free-stream-velocity_71.3.txt,NA,2025-11-25T12:18:18Z
cam,,suction-side-displacement-thickness_scaled-sound-pressure_chord-length_0.0254.txt,NA,2025-11-25T12:18:18Z
cam,,suction-side-displacement-thickness_scaled-sound-pressure_chord-length_0.0508.txt,NA,2025-11-25T12:18:18Z
cam,,suction-side-displacement-thickness_scaled-sound-pressure_chord-length_0.1016.txt,NA,2025-11-25T12:18:18Z
cam,,suction-side-displacement-thickness_scaled-sound-pressure_chord-length_0.1524.txt,NA,2025-11-25T12:18:18Z
cam,,suction-side-displacement-thickness_scaled-sound-pressure_chord-length_0.2286.txt,NA,2025-11-25T12:18:18Z
cam,,suction-side-displacement-thickness_scaled-sound-pressure_free-stream-velocity_31.7.txt,NA,2025-11-25T12:18:18Z
cam,,suction-side-displacement-thickness_scaled-sound-pressure_free-stream-velocity_39.6.txt,NA,2025-11-25T12:18:18Z
cam,,suction-side-displacement-thickness_scaled-sound-pressure_free-stream-velocity_55.5.txt,NA,2025-11-25T12:18:18Z
cam,,acceleration_mpg.txt,NA,2025-11-25T12:18:18Z
cam,,displacement_mpg.txt,NA,2025-11-25T12:18:18Z
cam,,horsepower_mpg.txt,NA,2025-11-25T12:18:18Z
cam,,model_year_mpg.txt,NA,2025-11-25T12:18:18Z
cam,,weight_mpg.txt,NA,2025-11-25T12:18:19Z
cam,,BoilGravity_ABV_BrewMethod_All_Grain.txt,NA,2025-11-25T12:18:19Z
cam,,BoilGravity_Color_BrewMethod_All_Grain.txt,NA,2025-11-25T12:18:19Z
cam,,BoilGravity_IBU_BrewMethod_All_Grain.txt,NA,2025-11-25T12:18:20Z
cam,,FG_ABV_BrewMethod_All_Grain.txt,NA,2025-11-25T12:18:20Z
cam,,FG_Color_BrewMethod_All_Grain.txt,NA,2025-11-25T12:18:21Z
cam,,FG_IBU_BrewMethod_All_Grain.txt,NA,2025-11-25T12:18:22Z
cam,,OG_ABV_BrewMethod_All_Grain.txt,NA,2025-11-25T12:18:22Z
cam,,OG_Color_BrewMethod_All_Grain.txt,NA,2025-11-25T12:18:22Z
cam,,OG_IBU_BrewMethod_All_Grain.txt,NA,2025-11-25T12:18:23Z
cam,,E1_M_Q1_-1.txt,NA,2025-11-25T12:18:24Z
cam,,E1_M_Q1_1.txt,NA,2025-11-25T12:18:26Z
cam,,E1_M_Q2_-1.txt,NA,2025-11-25T12:18:27Z
cam,,E1_M_Q2_1.txt,NA,2025-11-25T12:18:28Z
cam,,E2_M_Q1_-1.txt,NA,2025-11-25T12:18:29Z
cam,,E2_M_Q1_1.txt,NA,2025-11-25T12:18:31Z
cam,,E2_M_Q2_-1.txt,NA,2025-11-25T12:18:32Z
cam,,E2_M_Q2_1.txt,NA,2025-11-25T12:18:33Z
cam,,pt1_M_Q1_-1.txt,NA,2025-11-25T12:18:35Z
cam,,pt1_M_Q1_1.txt,NA,2025-11-25T12:18:36Z
cam,,pt1_M_Q2_-1.txt,NA,2025-11-25T12:18:37Z
cam,,pt1_M_Q2_1.txt,NA,2025-11-25T12:18:39Z
cam,,pt2_M_Q1_-1.txt,NA,2025-11-25T12:18:40Z
cam,,pt2_M_Q1_1.txt,NA,2025-11-25T12:18:41Z
cam,,pt2_M_Q2_-1.txt,NA,2025-11-25T12:18:42Z
cam,,pt2_M_Q2_1.txt,NA,2025-11-25T12:18:44Z
cam,,CACH_PRP.txt,NA,2025-11-25T12:18:44Z
cam,,CHMAX_PRP.txt,NA,2025-11-25T12:18:44Z
cam,,CHMIN_PRP.txt,NA,2025-11-25T12:18:44Z
cam,,MMAX_PRP.txt,NA,2025-11-25T12:18:44Z
cam,,MMIN_PRP.txt,NA,2025-11-25T12:18:44Z
cam,,MYCT_PRP.txt,NA,2025-11-25T12:18:44Z
cam,,Age_Concrete_compressive_strength.txt,NA,2025-11-25T12:18:44Z
cam,,Cement_Concrete_compressive_strength.txt,NA,2025-11-25T12:18:44Z
cam,,Superplasticizer_Concrete_compressive_strength.txt,NA,2025-11-25T12:18:44Z
cam,,Water_Concrete_compressive_strength.txt,NA,2025-11-25T12:18:44Z
cam,,EN_A___ENR.txt,NA,2025-11-25T12:18:44Z
cam,,EN_A__tG.txt,NA,2025-11-25T12:18:45Z
cam,,EN_B___.txt,NA,2025-11-25T12:18:45Z
cam,,EN_B___ENR.txt,NA,2025-11-25T12:18:45Z
cam,,EN_B__tG.txt,NA,2025-11-25T12:18:45Z
cam,,l_A-O______ENR.txt,NA,2025-11-25T12:18:45Z
cam,,l_A-O_____tG.txt,NA,2025-11-25T12:18:45Z
cam,,l_B-O______.txt,NA,2025-11-25T12:18:45Z
cam,,l_B-O______ENR.txt,NA,2025-11-25T12:18:45Z
cam,,l_B-O_____tG.txt,NA,2025-11-25T12:18:46Z
cam,,r_AVI______ENR.txt,NA,2025-11-25T12:18:46Z
cam,,r_AVI_____tG.txt,NA,2025-11-25T12:18:46Z
cam,,r_BVI______.txt,NA,2025-11-25T12:18:46Z
cam,,r_BVI______ENR.txt,NA,2025-11-25T12:18:46Z
cam,,r_BVI_____tG.txt,NA,2025-11-25T12:18:46Z
cam,,allelectrons_Average_density_Average.txt,NA,2025-11-25T12:18:46Z
cam,,allelectrons_Average_density_Total.txt,NA,2025-11-25T12:18:46Z
cam,,allelectrons_Average_el_neg_chi_Average.txt,NA,2025-11-25T12:18:46Z
cam,,allelectrons_Average_Hardness.txt,NA,2025-11-25T12:18:46Z
cam,,allelectrons_Average_ionenergy_Average.txt,NA,2025-11-25T12:18:47Z
cam,,allelectrons_Average_R_cov_element_Average.txt,NA,2025-11-25T12:18:47Z
cam,,allelectrons_Average_R_vdw_element_Average.txt,NA,2025-11-25T12:18:47Z
cam,,allelectrons_Total_density_Average.txt,NA,2025-11-25T12:18:47Z
cam,,allelectrons_Total_density_Total.txt,NA,2025-11-25T12:18:47Z
cam,,atomicweight_Average_density_Average.txt,NA,2025-11-25T12:18:47Z
cam,,atomicweight_Average_density_Total.txt,NA,2025-11-25T12:18:47Z
cam,,atomicweight_Average_el_neg_chi_Average.txt,NA,2025-11-25T12:18:47Z
cam,,atomicweight_Average_Hardness.txt,NA,2025-11-25T12:18:47Z
cam,,atomicweight_Average_ionenergy_Average.txt,NA,2025-11-25T12:18:47Z
cam,,atomicweight_Average_R_cov_element_Average.txt,NA,2025-11-25T12:18:47Z
cam,,atomicweight_Average_R_vdw_element_Average.txt,NA,2025-11-25T12:18:47Z
cam,,el_neg_chi_Average_density_Average.txt,NA,2025-11-25T12:18:47Z
cam,,el_neg_chi_Average_Hardness.txt,NA,2025-11-25T12:18:47Z
cam,,ionenergy_Average_density_Average.txt,NA,2025-11-25T12:18:47Z
cam,,ionenergy_Average_Hardness.txt,NA,2025-11-25T12:18:47Z
cam,,R_cov_element_Average_density_Average.txt,NA,2025-11-25T12:18:47Z
cam,,R_cov_element_Average_Hardness.txt,NA,2025-11-25T12:18:47Z
cam,,R_vdw_element_Average_density_Average.txt,NA,2025-11-25T12:18:47Z
cam,,R_vdw_element_Average_Hardness.txt,NA,2025-11-25T12:18:47Z
cam,,val_e_Average_density_Average.txt,NA,2025-11-25T12:18:47Z
cam,,val_e_Average_el_neg_chi_Average.txt,NA,2025-11-25T12:18:47Z
cam,,val_e_Average_Hardness.txt,NA,2025-11-25T12:18:47Z
cam,,val_e_Average_ionenergy_Average.txt,NA,2025-11-25T12:18:47Z
cam,,val_e_Average_R_cov_element_Average.txt,NA,2025-11-25T12:18:47Z
cam,,val_e_Average_R_vdw_element_Average.txt,NA,2025-11-25T12:18:47Z
cam,,entropy_atomic_mass_critical_temp.txt,NA,2025-11-25T12:18:48Z
cam,,entropy_atomic_radius_critical_temp.txt,NA,2025-11-25T12:18:49Z
cam,,entropy_Density_critical_temp.txt,NA,2025-11-25T12:18:49Z
cam,,entropy_ElectronAffinity_critical_temp.txt,NA,2025-11-25T12:18:50Z
cam,,entropy_fie_critical_temp.txt,NA,2025-11-25T12:18:51Z
cam,,entropy_FusionHeat_critical_temp.txt,NA,2025-11-25T12:18:51Z
cam,,entropy_Valence_critical_temp.txt,NA,2025-11-25T12:18:52Z
cam,,gmean_atomic_mass_critical_temp.txt,NA,2025-11-25T12:18:52Z
cam,,gmean_atomic_radius_critical_temp.txt,NA,2025-11-25T12:18:53Z
cam,,gmean_Density_critical_temp.txt,NA,2025-11-25T12:18:54Z
cam,,gmean_ElectronAffinity_critical_temp.txt,NA,2025-11-25T12:18:54Z
cam,,gmean_FusionHeat_critical_temp.txt,NA,2025-11-25T12:18:55Z
cam,,gmean_ThermalConductivity_critical_temp.txt,NA,2025-11-25T12:18:56Z
cam,,gmean_Valence_critical_temp.txt,NA,2025-11-25T12:18:56Z
cam,,mean_atomic_mass_critical_temp.txt,NA,2025-11-25T12:18:56Z
cam,,mean_atomic_radius_critical_temp.txt,NA,2025-11-25T12:18:57Z
cam,,mean_Density_critical_temp.txt,NA,2025-11-25T12:18:58Z
cam,,mean_ElectronAffinity_critical_temp.txt,NA,2025-11-25T12:18:58Z
cam,,mean_fie_critical_temp.txt,NA,2025-11-25T12:18:59Z
cam,,mean_FusionHeat_critical_temp.txt,NA,2025-11-25T12:18:59Z
cam,,mean_ThermalConductivity_critical_temp.txt,NA,2025-11-25T12:19:00Z
cam,,mean_Valence_critical_temp.txt,NA,2025-11-25T12:19:00Z
cam,,range_atomic_mass_critical_temp.txt,NA,2025-11-25T12:19:01Z
cam,,range_atomic_radius_critical_temp.txt,NA,2025-11-25T12:19:01Z
cam,,range_Density_critical_temp.txt,NA,2025-11-25T12:19:01Z
cam,,range_ElectronAffinity_critical_temp.txt,NA,2025-11-25T12:19:02Z
cam,,range_fie_critical_temp.txt,NA,2025-11-25T12:19:02Z
cam,,range_FusionHeat_critical_temp.txt,NA,2025-11-25T12:19:02Z
cam,,range_ThermalConductivity_critical_temp.txt,NA,2025-11-25T12:19:03Z
cam,,std_atomic_mass_critical_temp.txt,NA,2025-11-25T12:19:03Z
cam,,std_atomic_radius_critical_temp.txt,NA,2025-11-25T12:19:04Z
cam,,std_Density_critical_temp.txt,NA,2025-11-25T12:19:05Z
cam,,std_ElectronAffinity_critical_temp.txt,NA,2025-11-25T12:19:05Z
cam,,std_fie_critical_temp.txt,NA,2025-11-25T12:19:06Z
cam,,std_FusionHeat_critical_temp.txt,NA,2025-11-25T12:19:07Z
cam,,std_ThermalConductivity_critical_temp.txt,NA,2025-11-25T12:19:07Z
cam,,std_Valence_critical_temp.txt,NA,2025-11-25T12:19:07Z
cam,,wtd_entropy_atomic_mass_critical_temp.txt,NA,2025-11-25T12:19:08Z
cam,,wtd_entropy_atomic_radius_critical_temp.txt,NA,2025-11-25T12:19:09Z
cam,,wtd_entropy_Density_critical_temp.txt,NA,2025-11-25T12:19:09Z
cam,,wtd_entropy_ElectronAffinity_critical_temp.txt,NA,2025-11-25T12:19:10Z
cam,,wtd_entropy_fie_critical_temp.txt,NA,2025-11-25T12:19:11Z
cam,,wtd_entropy_FusionHeat_critical_temp.txt,NA,2025-11-25T12:19:11Z
cam,,wtd_entropy_Valence_critical_temp.txt,NA,2025-11-25T12:19:12Z
cam,,wtd_gmean_atomic_mass_critical_temp.txt,NA,2025-11-25T12:19:13Z
cam,,wtd_gmean_atomic_radius_critical_temp.txt,NA,2025-11-25T12:19:13Z
cam,,wtd_gmean_Density_critical_temp.txt,NA,2025-11-25T12:19:14Z
cam,,wtd_gmean_ElectronAffinity_critical_temp.txt,NA,2025-11-25T12:19:14Z
cam,,wtd_gmean_fie_critical_temp.txt,NA,2025-11-25T12:19:15Z
cam,,wtd_gmean_FusionHeat_critical_temp.txt,NA,2025-11-25T12:19:16Z
cam,,wtd_gmean_ThermalConductivity_critical_temp.txt,NA,2025-11-25T12:19:16Z
cam,,wtd_gmean_Valence_critical_temp.txt,NA,2025-11-25T12:19:17Z
cam,,wtd_mean_atomic_mass_critical_temp.txt,NA,2025-11-25T12:19:18Z
cam,,wtd_mean_atomic_radius_critical_temp.txt,NA,2025-11-25T12:19:18Z
cam,,wtd_mean_Density_critical_temp.txt,NA,2025-11-25T12:19:19Z
cam,,wtd_mean_ElectronAffinity_critical_temp.txt,NA,2025-11-25T12:19:19Z
cam,,wtd_mean_fie_critical_temp.txt,NA,2025-11-25T12:19:20Z
cam,,wtd_mean_FusionHeat_critical_temp.txt,NA,2025-11-25T12:19:21Z
cam,,wtd_mean_ThermalConductivity_critical_temp.txt,NA,2025-11-25T12:19:21Z
cam,,wtd_mean_Valence_critical_temp.txt,NA,2025-11-25T12:19:22Z
cam,,wtd_range_atomic_mass_critical_temp.txt,NA,2025-11-25T12:19:23Z
cam,,wtd_range_atomic_radius_critical_temp.txt,NA,2025-11-25T12:19:23Z
cam,,wtd_range_Density_critical_temp.txt,NA,2025-11-25T12:19:24Z
cam,,wtd_range_ElectronAffinity_critical_temp.txt,NA,2025-11-25T12:19:24Z
cam,,wtd_range_fie_critical_temp.txt,NA,2025-11-25T12:19:25Z
cam,,wtd_range_FusionHeat_critical_temp.txt,NA,2025-11-25T12:19:26Z
cam,,wtd_range_ThermalConductivity_critical_temp.txt,NA,2025-11-25T12:19:26Z
cam,,wtd_range_Valence_critical_temp.txt,NA,2025-11-25T12:19:27Z
cam,,wtd_std_atomic_mass_critical_temp.txt,NA,2025-11-25T12:19:28Z
cam,,wtd_std_atomic_radius_critical_temp.txt,NA,2025-11-25T12:19:28Z
cam,,wtd_std_Density_critical_temp.txt,NA,2025-11-25T12:19:29Z
cam,,wtd_std_ElectronAffinity_critical_temp.txt,NA,2025-11-25T12:19:29Z
cam,,wtd_std_fie_critical_temp.txt,NA,2025-11-25T12:19:30Z
cam,,wtd_std_FusionHeat_critical_temp.txt,NA,2025-11-25T12:19:31Z
cam,,wtd_std_ThermalConductivity_critical_temp.txt,NA,2025-11-25T12:19:31Z
cam,,wtd_std_Valence_critical_temp.txt,NA,2025-11-25T12:19:32Z
