method,parameters,Pair,score,weight,timestamp
igci,,1,-3.175433172705731,0.166,2025-11-21T17:03:03Z
igci,,2,1.366088904333322,0.166,2025-11-21T17:03:03Z
igci,,3,-2.512138035753392,0.167,2025-11-21T17:03:03Z
igci,,4,1.0554284464635342,0.166,2025-11-21T17:03:03Z
igci,,5,0.0922763564779849,0.143,2025-11-21T17:03:03Z
igci,,6,1.179782357946496,0.143,2025-11-21T17:03:03Z
igci,,7,0.0705062219883227,0.143,2025-11-21T17:03:03Z
igci,,8,0.015593550401558,0.143,2025-11-21T17:03:03Z
igci,,9,3.771955520711889,0.143,2025-11-21T17:03:03Z
igci,,10,2.125026229035128,0.143,2025-11-21T17:03:03Z
igci,,11,1.1012028844598047,0.142,2025-11-21T17:03:03Z
igci,,12,0.8818618897391239,0.5,2025-11-21T17:03:03Z
igci,,13,0.395307112919574,0.25,2025-11-21T17:03:03Z
igci,,14,0.4124992349761927,0.25,2025-11-21T17:03:03Z
igci,,15,-3.19535169571565,0.25,2025-11-21T17:03:03Z
igci,,16,-0.0320956459732908,0.25,2025-11-21T17:03:03Z
igci,,17,1.0819463505880398,0.5,2025-11-21T17:03:03Z
igci,,18,-1.6714767244501665,1,2025-11-21T17:03:03Z
igci,,19,2.1027438091888944,1,2025-11-21T17:03:03Z
igci,,20,-2.5843694863882285,0.166,2025-11-21T17:03:03Z
igci,,21,2.0293840412856614,0.167,2025-11-21T17:03:03Z
igci,,22,-0.229954377456095,0.333,2025-11-21T17:03:03Z
igci,,23,-0.0451799500067107,0.333,2025-11-21T17:03:03Z
igci,,24,-0.1378721469550914,0.334,2025-11-21T17:03:03Z
igci,,25,3.367025569600947,0.125,2025-11-21T17:03:03Z
igci,,26,3.875241372245728,0.125,2025-11-21T17:03:03Z
igci,,27,3.989008696753019,0.125,2025-11-21T17:03:03Z
igci,,28,3.9191986175207294,0.125,2025-11-21T17:03:03Z
igci,,29,4.325779286224009,0.125,2025-11-21T17:03:03Z
igci,,30,3.4083878335762927,0.125,2025-11-21T17:03:03Z
igci,,31,3.295093319225733,0.125,2025-11-21T17:03:03Z
igci,,32,4.692663891099968,0.125,2025-11-21T17:03:03Z
igci,,33,0.051602370323053,0.2,2025-11-21T17:03:03Z
igci,,34,0.5637494812503485,0.2,2025-11-21T17:03:03Z
igci,,35,0.4584041282846929,0.2,2025-11-21T17:03:03Z
igci,,36,0.221605922095943,0.2,2025-11-21T17:03:03Z
igci,,37,0.8257522263170625,0.2,2025-11-21T17:03:03Z
igci,,38,1.139548231826886,0.25,2025-11-21T17:03:03Z
igci,,39,1.6451973613267334,0.25,2025-11-21T17:03:03Z
igci,,40,-0.0492627502107207,0.25,2025-11-21T17:03:03Z
igci,,41,0.4292222250530644,0.25,2025-11-21T17:03:03Z
igci,,42,-0.0354748182981818,0.5,2025-11-21T17:03:03Z
igci,,43,-0.0190578596747181,0.25,2025-11-21T17:03:03Z
igci,,44,-0.0106751723827116,0.25,2025-11-21T17:03:03Z
igci,,45,-0.0730296682393092,0.25,2025-11-21T17:03:03Z
igci,,46,0.012281901296084601,0.25,2025-11-21T17:03:03Z
igci,,47,5.231503523775636,1,2025-11-21T17:03:03Z
igci,,48,-0.3210242285433238,1,2025-11-21T17:03:03Z
igci,,49,1.6498681721404118,0.333,2025-11-21T17:03:03Z
igci,,50,1.4212510662360809,0.333,2025-11-21T17:03:03Z
igci,,51,0.9268636572904064,0.334,2025-11-21T17:03:03Z
igci,,52,-0.0125526923246095,0,2025-11-21T17:03:03Z
igci,,53,1.3006932669370173,0,2025-11-21T17:03:03Z
igci,,54,0.7239254493271137,0,2025-11-21T17:03:03Z
igci,,55,0.6859276177590603,0,2025-11-21T17:03:03Z
igci,,56,-3.8789576070391454,0.083,2025-11-21T17:03:03Z
igci,,57,-3.8857901591996766,0.083,2025-11-21T17:03:03Z
igci,,58,-3.927640957452864,0.084,2025-11-21T17:03:03Z
igci,,59,-3.925393484052976,0.083,2025-11-21T17:03:03Z
igci,,60,-3.928010830322206,0.083,2025-11-21T17:03:03Z
igci,,61,-3.9613850055241535,0.084,2025-11-21T17:03:03Z
igci,,62,-3.973456438762105,0.083,2025-11-21T17:03:03Z
igci,,63,-3.976628669667436,0.083,2025-11-21T17:03:03Z
igci,,64,0.9055087368356496,0.084,2025-11-21T17:03:03Z
igci,,65,-0.0293358532397292,0.333,2025-11-21T17:03:03Z
igci,,66,0.0211532731169743,0.333,2025-11-21T17:03:03Z
igci,,67,0.14581107059516,0.334,2025-11-21T17:03:03Z
igci,,68,8.962545211732197,1,2025-11-21T17:03:03Z
igci,,69,-0.0143086364112026,1,2025-11-21T17:03:03Z
igci,,70,-0.0047152680829576,1,2025-11-21T17:03:03Z
igci,,71,0.8111565530393854,0,2025-11-21T17:03:03Z
igci,,72,0.0898667002213136,1,2025-11-21T17:03:03Z
igci,,73,0.1457546938763112,0.083,2025-11-21T17:03:03Z
igci,,74,-4.36180508570668,0.083,2025-11-21T17:03:03Z
igci,,75,-3.14310814671496,0.084,2025-11-21T17:03:03Z
igci,,76,0.2409098335940367,1,2025-11-21T17:03:03Z
igci,,77,-4.029169923058436,0.5,2025-11-21T17:03:03Z
igci,,78,-0.0597398429678461,0.3333,2025-11-21T17:03:03Z
igci,,79,-0.1289153158108478,0.3333,2025-11-21T17:03:03Z
igci,,80,-0.653182399560185,0.3334,2025-11-21T17:03:03Z
igci,,81,0.062210457226044,0.3333,2025-11-21T17:03:03Z
igci,,82,0.1914150068419537,0.3333,2025-11-21T17:03:03Z
igci,,83,0.232602565396685,0.3334,2025-11-21T17:03:03Z
igci,,84,-0.3205910580049549,1,2025-11-21T17:03:03Z
igci,,85,0.5012479751079493,1,2025-11-21T17:03:03Z
igci,,86,0.403500907763731,1,2025-11-21T17:03:03Z
igci,,87,-0.0545639778337054,1,2025-11-21T17:03:03Z
igci,,88,2.022006730629877,1,2025-11-21T17:03:03Z
igci,,89,0.3060268679110272,0.25,2025-11-21T17:03:03Z
igci,,90,1.409634410213345,0.25,2025-11-21T17:03:03Z
igci,,91,0.8206255012660257,0.25,2025-11-21T17:03:03Z
igci,,92,0.741208942272845,0.25,2025-11-21T17:03:03Z
igci,,93,0.1783257370466486,1,2025-11-21T17:03:03Z
igci,,94,0.0268404537140263,0.3333,2025-11-21T17:03:03Z
igci,,95,8.395501952233566,0.3333,2025-11-21T17:03:03Z
igci,,96,8.36866149851954,0.3333,2025-11-21T17:03:03Z
igci,,97,1.3477214770891406,0.2,2025-11-21T17:03:03Z
igci,,98,1.355534849644256,0.2,2025-11-21T17:03:03Z
igci,,99,0.0280911518083719,1,2025-11-21T17:03:03Z
igci,,100,1.1286419253775346,1,2025-11-21T17:03:03Z
igci,,101,-0.9656892737588044,0.5,2025-11-21T17:03:03Z
igci,,102,-1.3965716399741286,0.2,2025-11-21T17:03:03Z
igci,,103,-2.153895501184814,0.2,2025-11-21T17:03:03Z
igci,,104,-0.7573238612106854,0.2,2025-11-21T17:03:03Z
igci,,105,2.1073764399956607,0.5,2025-11-21T17:03:03Z
igci,,106,1.4603529729117763,1,2025-11-21T17:03:03Z
igci,,107,-0.061285295149573,1,2025-11-21T17:03:03Z
igci,,108,-0.1136768441763504,1,2025-11-21T17:03:03Z
cam,,1,10.728252907054024,0.166,2025-11-23T14:30:52Z
cam,,2,-22.13159326873281,0.166,2025-11-23T14:30:52Z
cam,,3,1.920947500401906,0.167,2025-11-23T14:30:52Z
cam,,4,21.16105295892734,0.166,2025-11-23T14:30:52Z
cam,,5,2.692701667119001,0.143,2025-11-23T14:30:52Z
cam,,6,2.264710687158084,0.143,2025-11-23T14:30:52Z
cam,,7,3.097202168121196,0.143,2025-11-23T14:30:52Z
cam,,8,4.5968002005561726,0.143,2025-11-23T14:30:52Z
cam,,9,-0.3667850708837763,0.143,2025-11-23T14:30:52Z
cam,,10,1.0879602486697473,0.143,2025-11-23T14:30:52Z
cam,,11,2.592624772659678,0.142,2025-11-23T14:30:52Z
cam,,12,-18.002609054955713,0.5,2025-11-23T14:30:52Z
cam,,13,11.7855958557721,0.25,2025-11-23T14:30:52Z
cam,,14,10.03443507385848,0.25,2025-11-23T14:30:52Z
cam,,15,15.965168594233525,0.25,2025-11-23T14:30:52Z
cam,,16,8.466273859160095,0.25,2025-11-23T14:30:52Z
cam,,17,22.745246970958306,0.5,2025-11-23T14:30:52Z
cam,,18,6.138796893318856,1,2025-11-23T14:30:52Z
cam,,19,3.6098109446283466,1,2025-11-23T14:30:52Z
cam,,20,1.9705031903963963,0.166,2025-11-23T14:30:52Z
cam,,21,12.58855380526636,0.167,2025-11-23T14:30:52Z
cam,,22,-9.737794273461464,0.333,2025-11-23T14:30:52Z
cam,,23,-10.78680418753051,0.333,2025-11-23T14:30:52Z
cam,,24,-10.635897692981658,0.334,2025-11-23T14:30:52Z
cam,,25,14.623049286467442,0.125,2025-11-23T14:30:52Z
cam,,26,-14.443069946885768,0.125,2025-11-23T14:30:52Z
cam,,27,13.91755884539818,0.125,2025-11-23T14:30:52Z
cam,,28,-11.508564190308457,0.125,2025-11-23T14:30:52Z
cam,,29,9.049108574040735,0.125,2025-11-23T14:30:52Z
cam,,30,-14.243119805646312,0.125,2025-11-23T14:30:52Z
cam,,31,-14.343428338137356,0.125,2025-11-23T14:30:52Z
cam,,32,-13.483256562466805,0.125,2025-11-23T14:30:52Z
cam,,33,-5.242630204726532,0.2,2025-11-23T14:30:52Z
cam,,34,-8.195551819931453,0.2,2025-11-23T14:30:52Z
cam,,35,8.21026429126394,0.2,2025-11-23T14:30:52Z
cam,,36,6.88443824878291,0.2,2025-11-23T14:30:52Z
cam,,37,9.552412229789535,0.2,2025-11-23T14:30:52Z
cam,,38,-8.728217992879449,0.25,2025-11-23T14:30:52Z
cam,,39,-14.108599916380337,0.25,2025-11-23T14:30:52Z
cam,,40,9.835277197937945,0.25,2025-11-23T14:30:52Z
cam,,41,11.675211969702165,0.25,2025-11-23T14:30:52Z
cam,,42,-12.083629220669303,0.5,2025-11-23T14:30:52Z
cam,,43,-7.688922591117771,0.25,2025-11-23T14:30:53Z
cam,,44,-30.686268197851376,0.25,2025-11-23T14:30:53Z
cam,,45,26.85858079876193,0.25,2025-11-23T14:30:53Z
cam,,46,11.043469652819653,0.25,2025-11-23T14:30:53Z
cam,,48,-4.121208265143856,1,2025-11-23T14:30:53Z
cam,,49,-10.02978058248918,0.333,2025-11-23T14:30:53Z
cam,,50,-9.714263857060788,0.333,2025-11-23T14:30:53Z
cam,,51,-9.391285168969723,0.334,2025-11-23T14:30:53Z
cam,,55,13.23360868251431,0,2025-11-23T14:30:54Z
cam,,56,-10.901457303270274,0.083,2025-11-23T14:30:54Z
cam,,57,-10.842803615250958,0.083,2025-11-23T14:30:54Z
cam,,58,-10.86768183456384,0.084,2025-11-23T14:30:54Z
cam,,59,-10.773137889153944,0.083,2025-11-23T14:30:54Z
cam,,60,-10.774568117796113,0.083,2025-11-23T14:30:54Z
cam,,61,-10.683581367988072,0.084,2025-11-23T14:30:54Z
cam,,62,-10.674610796946563,0.083,2025-11-23T14:30:54Z
cam,,63,-10.52980214709338,0.083,2025-11-23T14:30:54Z
cam,,64,-12.079724314258527,0.084,2025-11-23T14:30:54Z
cam,,65,17.633887604502682,0.333,2025-11-23T14:30:54Z
cam,,66,16.760691808045692,0.333,2025-11-23T14:30:54Z
cam,,67,-16.045612258243665,0.334,2025-11-23T14:30:54Z
cam,,68,-34.786216884221474,1,2025-11-23T14:30:54Z
cam,,69,-4.781365692997662,1,2025-11-23T14:30:54Z
cam,,72,5.832726336040709,1,2025-11-23T14:30:54Z
cam,,73,18.041061956666766,0.083,2025-11-23T14:30:54Z
cam,,74,22.63572945803069,0.083,2025-11-23T14:30:54Z
cam,,75,26.373743368779778,0.084,2025-11-23T14:30:54Z
cam,,76,1.8373654305528764,1,2025-11-23T14:30:54Z
cam,,77,18.62313476831993,0.5,2025-11-23T14:30:54Z
cam,,78,-15.172769940498313,0.3333,2025-11-23T14:30:54Z
cam,,79,-13.212391687989513,0.3333,2025-11-23T14:30:54Z
cam,,80,-15.376047762460368,0.3334,2025-11-23T14:30:54Z
cam,,81,3.4206366635926235,0.3333,2025-11-23T14:30:54Z
cam,,82,4.22044323495792,0.3333,2025-11-23T14:30:54Z
cam,,83,-4.517303964841718,0.3334,2025-11-23T14:30:54Z
cam,,84,3.486678954918824,1,2025-11-23T14:30:55Z
cam,,85,-0.4029918817687368,1,2025-11-23T14:30:55Z
cam,,86,-12.211687504092357,1,2025-11-23T14:30:55Z
cam,,87,8.010275739718548,1,2025-11-23T14:30:55Z
cam,,88,-3.61393805832144,1,2025-11-23T14:30:55Z
cam,,89,4.294509510009856,0.25,2025-11-23T14:30:55Z
cam,,90,6.258011201746763,0.25,2025-11-23T14:30:55Z
cam,,91,14.08124990949356,0.25,2025-11-23T14:30:55Z
cam,,92,14.7951521813705,0.25,2025-11-23T14:30:55Z
cam,,93,2.2751341668262395,1,2025-11-23T14:30:55Z
cam,,94,-8.414680207237247,0.3333,2025-11-23T14:30:55Z
cam,,95,-11.68141688736772,0.3333,2025-11-23T14:30:55Z
cam,,96,12.204757613145588,0.3333,2025-11-23T14:30:55Z
cam,,97,33.02044748088305,0.2,2025-11-23T14:30:55Z
cam,,98,32.11710885967793,0.2,2025-11-23T14:30:55Z
cam,,99,-9.024817129947944,1,2025-11-23T14:30:55Z
cam,,100,0.678264336869515,1,2025-11-23T14:30:55Z
cam,,101,-10.29706861509031,0.5,2025-11-23T14:30:55Z
cam,,102,16.69306386206081,0.2,2025-11-23T14:30:55Z
cam,,103,15.593422715305516,0.2,2025-11-23T14:30:55Z
cam,,104,11.292801354250017,0.2,2025-11-23T14:30:55Z
cam,,106,-21.014525996960508,1,2025-11-23T14:30:55Z
cam,,108,6.648736319977641,1,2025-11-23T14:30:55Z
cam,,47,NA,1,2025-11-23T14:36:05Z
cam,,70,NA,1,2025-11-23T14:36:05Z
cam,,107,NA,1,2025-11-23T14:36:05Z
cam,,52,NA,0,2025-11-23T14:38:24Z
cam,,53,NA,0,2025-11-23T14:38:24Z
cam,,54,NA,0,2025-11-23T14:38:24Z
cam,,71,NA,0,2025-11-23T14:38:24Z
cam,,105,NA,0.5,2025-11-23T14:38:24Z
heci,,1,144.23306408599592,0.166,2025-11-24T16:01:25Z
heci,,2,-571.3506666496442,0.166,2025-11-24T16:01:25Z
heci,,3,803.2141529717057,0.167,2025-11-24T16:01:25Z
heci,,4,-451.7324617295262,0.166,2025-11-24T16:01:25Z
heci,,5,-2263.097982568943,0.143,2025-11-24T16:01:25Z
heci,,6,-1734.90004975989,0.143,2025-11-24T16:01:25Z
heci,,7,-2641.5170132483618,0.143,2025-11-24T16:01:25Z
heci,,8,13867.753956836325,0.143,2025-11-24T16:01:25Z
heci,,9,-4492.967249933998,0.143,2025-11-24T16:01:25Z
heci,,10,-2678.166060087125,0.143,2025-11-24T16:01:25Z
heci,,11,-2204.5502667313085,0.142,2025-11-24T16:01:25Z
heci,,12,15130.709410734751,0.5,2025-11-24T16:01:25Z
heci,,13,54.10877197425316,0.25,2025-11-24T16:01:25Z
heci,,14,-104.07332280916351,0.25,2025-11-24T16:01:25Z
heci,,15,79.38885151673503,0.25,2025-11-24T16:01:25Z
heci,,16,153.49739786227747,0.25,2025-11-24T16:01:25Z
heci,,17,20807.92181902929,0.5,2025-11-24T16:01:25Z
heci,,18,438.792463987613,1,2025-11-24T16:01:25Z
heci,,19,-142.99078202501664,1,2025-11-24T16:01:25Z
heci,,20,1258.0172535362726,0.166,2025-11-24T16:01:25Z
heci,,21,101.82558385373407,0.167,2025-11-24T16:01:25Z
heci,,22,784.7404899524622,0.333,2025-11-24T16:01:25Z
heci,,23,1012.9868643809228,0.333,2025-11-24T16:01:25Z
heci,,24,778.2319507786956,0.334,2025-11-24T16:01:25Z
heci,,25,431.2186713175351,0.125,2025-11-24T16:01:26Z
heci,,26,507.7223894190683,0.125,2025-11-24T16:01:26Z
heci,,27,1297.7413395687545,0.125,2025-11-24T16:01:26Z
heci,,28,-450.5606568582343,0.125,2025-11-24T16:01:26Z
heci,,29,-358.56242097139057,0.125,2025-11-24T16:01:26Z
heci,,30,321.4244122498112,0.125,2025-11-24T16:01:26Z
heci,,31,-115.0179116589934,0.125,2025-11-24T16:01:26Z
heci,,32,-1148.7348766785108,0.125,2025-11-24T16:01:26Z
heci,,33,353.0837899444209,0.2,2025-11-24T16:01:26Z
heci,,34,34.63401746099521,0.2,2025-11-24T16:01:26Z
heci,,35,206.5760376025387,0.2,2025-11-24T16:01:26Z
heci,,36,203.2777357103207,0.2,2025-11-24T16:01:26Z
heci,,37,187.8602784353361,0.2,2025-11-24T16:01:26Z
heci,,38,729.5838632952541,0.25,2025-11-24T16:01:26Z
heci,,39,185.42828374430383,0.25,2025-11-24T16:01:26Z
heci,,40,937.7061602127428,0.25,2025-11-24T16:01:26Z
heci,,41,-19.311740671760617,0.25,2025-11-24T16:01:26Z
heci,,42,27578.067226614112,0.5,2025-11-24T16:01:26Z
heci,,43,-985.5262370263664,0.25,2025-11-24T16:01:27Z
heci,,44,861.9132686397352,0.25,2025-11-24T16:01:27Z
heci,,45,-303.70526347553823,0.25,2025-11-24T16:01:27Z
heci,,46,-5346.476749017253,0.25,2025-11-24T16:01:28Z
heci,,48,1.842072308543948,1,2025-11-24T16:01:28Z
heci,,49,61.52188781895916,0.333,2025-11-24T16:01:28Z
heci,,50,117.88524369200582,0.333,2025-11-24T16:01:28Z
heci,,51,461.123015768238,0.334,2025-11-24T16:01:28Z
heci,,55,648.1699062234684,0,2025-11-24T16:01:28Z
heci,,56,-1.860009589950096,0.083,2025-11-24T16:01:28Z
heci,,57,-7.820552683732103,0.083,2025-11-24T16:01:28Z
heci,,58,112.6981420977944,0.084,2025-11-24T16:01:28Z
heci,,59,-60.0096068067013,0.083,2025-11-24T16:01:28Z
heci,,60,-47.62798268972415,0.083,2025-11-24T16:01:28Z
heci,,61,16.848209370601126,0.084,2025-11-24T16:01:28Z
heci,,62,155.8446120703219,0.083,2025-11-24T16:01:28Z
heci,,63,-12.344301006876549,0.083,2025-11-24T16:01:28Z
heci,,64,-16.680811207374063,0.084,2025-11-24T16:01:28Z
heci,,65,233.40121775576333,0.333,2025-11-24T16:01:28Z
heci,,66,-616.0402004852676,0.333,2025-11-24T16:01:28Z
heci,,67,-531.7201992291848,0.334,2025-11-24T16:01:28Z
heci,,68,1068.5981694709526,1,2025-11-24T16:01:28Z
heci,,69,-327.4630669757171,1,2025-11-24T16:01:28Z
heci,,72,1802.7531658098403,1,2025-11-24T16:01:28Z
heci,,73,176.75288377698598,0.083,2025-11-24T16:01:28Z
heci,,74,-365.8536365910513,0.083,2025-11-24T16:01:28Z
heci,,75,-256.7880235299367,0.084,2025-11-24T16:01:28Z
heci,,76,119.75493200760002,1,2025-11-24T16:01:28Z
heci,,77,10473.604613376796,0.5,2025-11-24T16:01:29Z
heci,,78,606.5498731876041,0.3333,2025-11-24T16:01:29Z
heci,,79,-94.61310699096975,0.3333,2025-11-24T16:01:29Z
heci,,80,102.93621097836969,0.3334,2025-11-24T16:01:29Z
heci,,81,283.5617512197259,0.3333,2025-11-24T16:01:29Z
heci,,82,116.53613787062524,0.3333,2025-11-24T16:01:29Z
heci,,83,51.29351158298459,0.3334,2025-11-24T16:01:29Z
heci,,84,-397.6965605575752,1,2025-11-24T16:01:29Z
heci,,85,2117.725449946093,1,2025-11-24T16:01:29Z
heci,,86,-622.2878043342225,1,2025-11-24T16:01:29Z
heci,,87,23236.42912570094,1,2025-11-24T16:01:29Z
heci,,88,366.9688437013565,1,2025-11-24T16:01:29Z
heci,,89,-50.72573066036057,0.25,2025-11-24T16:01:29Z
heci,,90,-51.289576119067306,0.25,2025-11-24T16:01:29Z
heci,,91,-65.38752597505152,0.25,2025-11-24T16:01:29Z
heci,,92,52.808846217435416,0.25,2025-11-24T16:01:29Z
heci,,93,287.87845586676167,1,2025-11-24T16:01:29Z
heci,,94,9717.30649561237,0.3333,2025-11-24T16:01:29Z
heci,,95,26268.87170110852,0.3333,2025-11-24T16:01:30Z
heci,,96,14618.908546771156,0.3333,2025-11-24T16:01:30Z
heci,,97,-121.61861082328836,0.2,2025-11-24T16:01:30Z
heci,,98,-12.793816358523486,0.2,2025-11-24T16:01:30Z
heci,,99,2648.3458334074858,1,2025-11-24T16:01:30Z
heci,,100,101.67968029356756,1,2025-11-24T16:01:30Z
heci,,101,-154.38375009180982,0.5,2025-11-24T16:01:30Z
heci,,102,-104.768818181021,0.2,2025-11-24T16:01:30Z
heci,,103,18.69454501500718,0.2,2025-11-24T16:01:30Z
heci,,104,115.79448212658843,0.2,2025-11-24T16:01:30Z
heci,,106,133.23051240447091,1,2025-11-24T16:01:30Z
heci,,108,229.417956244695,1,2025-11-24T16:01:30Z
heci,,52,NA,0,2025-11-24T16:02:20Z
heci,,53,NA,0,2025-11-24T16:02:20Z
heci,,54,NA,0,2025-11-24T16:02:20Z
heci,,71,NA,0,2025-11-24T16:02:20Z
heci,,105,NA,0.5,2025-11-24T16:02:20Z
heci,,47,NA,1,2025-11-24T16:08:01Z
heci,,70,NA,1,2025-11-24T16:08:01Z
heci,,107,NA,1,2025-11-24T16:08:01Z
nncl,,1,1.733255020999835,0.166,2025-11-24T16:26:20Z
nncl,,2,-1.6902282213428756,0.166,2025-11-24T16:26:20Z
nncl,,3,-45.39256969474731,0.167,2025-11-24T16:26:20Z
nncl,,4,2.6207225237009006,0.166,2025-11-24T16:26:20Z
nncl,,5,1.3779248838511045,0.143,2025-11-24T16:26:20Z
nncl,,6,1.752240738454366,0.143,2025-11-24T16:26:20Z
nncl,,7,1.5155269425224698,0.143,2025-11-24T16:26:20Z
nncl,,8,-1.7037031395923443,0.143,2025-11-24T16:26:20Z
nncl,,9,2.072074637107037,0.143,2025-11-24T16:26:20Z
nncl,,10,2.68408526414247,0.143,2025-11-24T16:26:20Z
nncl,,11,2.3008689146269607,0.142,2025-11-24T16:26:20Z
nncl,,12,1.6887611886254257,0.5,2025-11-24T16:26:20Z
nncl,,13,1.2460749602478685,0.25,2025-11-24T16:26:20Z
nncl,,14,1.0857621793609429,0.25,2025-11-24T16:26:20Z
nncl,,15,1.1720479807652968,0.25,2025-11-24T16:26:20Z
nncl,,16,2.147445610045334,0.25,2025-11-24T16:26:20Z
nncl,,17,-7.716454655543728,0.5,2025-11-24T16:26:20Z
nncl,,18,1.0821595771002372,1,2025-11-24T16:26:20Z
nncl,,19,-1.0331642691671197,1,2025-11-24T16:26:20Z
nncl,,20,1.5309263653554948,0.166,2025-11-24T16:26:20Z
nncl,,21,-3.985858251049972,0.167,2025-11-24T16:26:20Z
nncl,,22,-1.8262807595525083,0.333,2025-11-24T16:26:20Z
nncl,,23,-1.0064699920991582,0.333,2025-11-24T16:26:20Z
nncl,,24,-1.22722039897421,0.334,2025-11-24T16:26:20Z
nncl,,25,1.3544726218920902,0.125,2025-11-24T16:26:20Z
nncl,,26,-3.42997691201459,0.125,2025-11-24T16:26:20Z
nncl,,27,1.4560923469304046,0.125,2025-11-24T16:26:20Z
nncl,,28,-2.1850729076504543,0.125,2025-11-24T16:26:21Z
nncl,,29,-1.3226206315522588,0.125,2025-11-24T16:26:21Z
nncl,,30,4.464732237510527,0.125,2025-11-24T16:26:21Z
nncl,,31,-63.4631166928657,0.125,2025-11-24T16:26:21Z
nncl,,32,3.872890158335177,0.125,2025-11-24T16:26:21Z
nncl,,33,-12.533804062237632,0.2,2025-11-24T16:26:21Z
nncl,,34,-19.842683037291582,0.2,2025-11-24T16:26:21Z
nncl,,35,1.0778333172166736,0.2,2025-11-24T16:26:21Z
nncl,,36,-1.80130585506324,0.2,2025-11-24T16:26:21Z
nncl,,37,3.340758502788733,0.2,2025-11-24T16:26:21Z
nncl,,38,3.1924741451149607,0.25,2025-11-24T16:26:21Z
nncl,,39,1.972806637463532,0.25,2025-11-24T16:26:21Z
nncl,,40,1.4251796363998752,0.25,2025-11-24T16:26:21Z
nncl,,41,-1.8638060468555755,0.25,2025-11-24T16:26:21Z
nncl,,42,196.74433486465784,0.5,2025-11-24T16:26:21Z
nncl,,43,1.002949168945224,0.25,2025-11-24T16:26:21Z
nncl,,44,-1.0004490043923602,0.25,2025-11-24T16:26:21Z
nncl,,45,-1.0696358820476912,0.25,2025-11-24T16:26:21Z
nncl,,46,-1.7731342348503571,0.25,2025-11-24T16:26:21Z
nncl,,47,NA,1,2025-11-24T16:26:21Z
nncl,,48,-5.5647996694362805,1,2025-11-24T16:26:21Z
nncl,,49,1.9049529398939733,0.333,2025-11-24T16:26:21Z
nncl,,50,-1.3727578295809828,0.333,2025-11-24T16:26:21Z
nncl,,51,6.184182616411071,0.334,2025-11-24T16:26:21Z
nncl,,52,NA,0,2025-11-24T16:26:21Z
nncl,,53,NA,0,2025-11-24T16:26:21Z
nncl,,54,NA,0,2025-11-24T16:26:21Z
nncl,,55,-8.993960072140219,0,2025-11-24T16:26:21Z
nncl,,56,-1.2759510199173725,0.083,2025-11-24T16:26:21Z
nncl,,57,1.0979721365057802,0.083,2025-11-24T16:26:21Z
nncl,,58,1.3317072020081824,0.084,2025-11-24T16:26:21Z
nncl,,59,4.114367004191274,0.083,2025-11-24T16:26:21Z
nncl,,60,1.5290993316284225,0.083,2025-11-24T16:26:21Z
nncl,,61,-2.891722161691614,0.084,2025-11-24T16:26:21Z
nncl,,62,1.3373799221660516,0.083,2025-11-24T16:26:21Z
nncl,,63,18.124006321535397,0.083,2025-11-24T16:26:21Z
nncl,,64,2.434430710506021,0.084,2025-11-24T16:26:21Z
nncl,,65,1.2543410448908745,0.333,2025-11-24T16:26:21Z
nncl,,66,-1.1068485893653135,0.333,2025-11-24T16:26:21Z
nncl,,67,-1.0223494491850391,0.334,2025-11-24T16:26:21Z
nncl,,68,1.9587011723650176,1,2025-11-24T16:26:21Z
nncl,,69,-1.0799429870003256,1,2025-11-24T16:26:21Z
nncl,,70,NA,1,2025-11-24T16:26:21Z
nncl,,71,NA,0,2025-11-24T16:26:21Z
nncl,,72,2.186968292619309,1,2025-11-24T16:26:21Z
nncl,,73,-1.274833622679152,0.083,2025-11-24T16:26:21Z
nncl,,74,1.0521951883278575,0.083,2025-11-24T16:26:21Z
nncl,,75,-1.2468370339920132,0.084,2025-11-24T16:26:21Z
nncl,,76,-1.0067673374045387,1,2025-11-24T16:26:21Z
nncl,,77,1.5320279005928708,0.5,2025-11-24T16:26:21Z
nncl,,78,1.415462628178093,0.3333,2025-11-24T16:26:21Z
nncl,,79,1.0106978921878411,0.3333,2025-11-24T16:26:21Z
nncl,,80,2.148465966905028,0.3334,2025-11-24T16:26:21Z
nncl,,81,1.1699523253133683,0.3333,2025-11-24T16:26:21Z
nncl,,82,-1.5808240893501158,0.3333,2025-11-24T16:26:21Z
nncl,,83,1.0411238138956145,0.3334,2025-11-24T16:26:21Z
nncl,,84,-1.0039362044965652,1,2025-11-24T16:26:21Z
nncl,,85,2.180050824643744,1,2025-11-24T16:26:21Z
nncl,,86,2.362735095092007,1,2025-11-24T16:26:21Z
nncl,,87,2.0732224191269237,1,2025-11-24T16:26:21Z
nncl,,88,2.088969782768845,1,2025-11-24T16:26:21Z
nncl,,89,-3.737401261624637,0.25,2025-11-24T16:26:21Z
nncl,,90,2.397152419531061,0.25,2025-11-24T16:26:21Z
nncl,,91,2.92038797766475,0.25,2025-11-24T16:26:21Z
nncl,,92,1.1970554812644572,0.25,2025-11-24T16:26:21Z
nncl,,93,-1.0107343422802155,1,2025-11-24T16:26:21Z
nncl,,94,38.751033393015135,0.3333,2025-11-24T16:26:21Z
nncl,,95,1.240633276598466,0.3333,2025-11-24T16:26:21Z
nncl,,96,-1.1549686945216084,0.3333,2025-11-24T16:26:21Z
nncl,,97,-1.932270635101193,0.2,2025-11-24T16:26:21Z
nncl,,98,1.010512309060393,0.2,2025-11-24T16:26:21Z
nncl,,99,-1.826838846758174,1,2025-11-24T16:26:21Z
nncl,,100,-1.2104878878588154,1,2025-11-24T16:26:21Z
nncl,,101,1.002765035721409,0.5,2025-11-24T16:26:21Z
nncl,,102,5.168822767865061,0.2,2025-11-24T16:26:21Z
nncl,,103,-1.1201934542141685,0.2,2025-11-24T16:26:21Z
nncl,,104,1.7023919916394192,0.2,2025-11-24T16:26:21Z
nncl,,105,NA,0.5,2025-11-24T16:26:21Z
nncl,,106,-1.019470249819484,1,2025-11-24T16:26:21Z
nncl,,107,NA,1,2025-11-24T16:26:21Z
nncl,,108,1.0790662204982524,1,2025-11-24T16:26:21Z
roche,,1,4.642197253895528,0.166,2025-11-24T20:45:23Z
roche,,2,0.6289628510839576,0.166,2025-11-24T20:45:43Z
roche,,3,0.2820597463278529,0.167,2025-11-24T20:46:05Z
roche,,4,0.8811467052667084,0.166,2025-11-24T20:46:26Z
roche,,5,3.366045807824951,0.143,2025-11-24T20:48:40Z
roche,,6,3.2087411838237765,0.143,2025-11-24T20:50:52Z
roche,,7,3.550996208213004,0.143,2025-11-24T20:53:19Z
roche,,8,4.441590751577692,0.143,2025-11-24T20:55:39Z
roche,,9,1.949327764343996,0.143,2025-11-24T20:57:57Z
roche,,10,2.7368777057360125,0.143,2025-11-24T21:00:08Z
roche,,11,3.4436543973472804,0.142,2025-11-24T21:02:19Z
roche,,12,-3.441548743658765,0.5,2025-11-24T21:04:55Z
roche,,13,1.5730514729665344,0.25,2025-11-24T21:05:16Z
roche,,14,0.8092034244349278,0.25,2025-11-24T21:05:36Z
roche,,15,4.689934176236653,0.25,2025-11-24T21:05:57Z
roche,,16,2.1575979107129446,0.25,2025-11-24T21:06:17Z
roche,,17,-4.389380955089481,0.5,2025-11-24T21:08:53Z
roche,,18,-0.777551332106887,1,2025-11-24T21:09:15Z
roche,,19,-2.7909017530239604,1,2025-11-24T21:09:31Z
roche,,20,0.4013873646258099,0.166,2025-11-24T21:09:54Z
roche,,21,-4.848494131460961,0.167,2025-11-24T21:10:17Z
roche,,22,0.7287551947675026,0.333,2025-11-24T21:10:42Z
roche,,23,0.0653323755187651,0.333,2025-11-24T21:11:06Z
roche,,24,0.2909835984753166,0.334,2025-11-24T21:11:30Z
roche,,25,1.6448903508549426,0.125,2025-11-24T21:12:17Z
roche,,26,1.6552950969997695,0.125,2025-11-24T21:13:04Z
roche,,27,1.279356095062039,0.125,2025-11-24T21:13:49Z
roche,,28,0.2450619095116337,0.125,2025-11-24T21:14:38Z
roche,,29,-1.1350228478015905,0.125,2025-11-24T21:15:22Z
roche,,30,1.5319190504707594,0.125,2025-11-24T21:16:10Z
roche,,31,1.5686424710520397,0.125,2025-11-24T21:16:55Z
roche,,32,0.684562681692245,0.125,2025-11-24T21:17:42Z
roche,,33,-0.3072262036767847,0.2,2025-11-24T21:18:04Z
roche,,34,-1.7575209565853591,0.2,2025-11-24T21:18:27Z
roche,,35,-1.571187402977852,0.2,2025-11-24T21:18:49Z
roche,,36,-1.0718671442623169,0.2,2025-11-24T21:19:12Z
roche,,37,-2.275224063514714,0.2,2025-11-24T21:19:34Z
roche,,38,0.51458064069364,0.25,2025-11-24T21:20:06Z
roche,,39,-2.428995807073698,0.25,2025-11-24T21:20:29Z
roche,,40,-0.1359040962901039,0.25,2025-11-24T21:21:02Z
roche,,41,-0.9063134912272504,0.25,2025-11-24T21:21:34Z
roche,,42,2.948577655273512,0.5,2025-11-24T21:26:11Z
roche,,43,0.0040194768228021,0.25,2025-11-24T21:30:44Z
roche,,44,0.011819339614993,0.25,2025-11-24T21:35:32Z
roche,,45,0.0719780958209668,0.25,2025-11-24T21:40:03Z
roche,,46,-0.0485475362396146,0.25,2025-11-24T21:44:35Z
roche,,47,-10.318551302916202,1,2025-11-24T21:44:53Z
roche,,48,1.602953582909432,1,2025-11-24T21:45:07Z
roche,,49,-1.2564922958017166,0.333,2025-11-24T21:45:29Z
roche,,50,-1.05481928432287,0.333,2025-11-24T21:45:51Z
roche,,51,-0.6422750850956471,0.334,2025-11-24T21:46:14Z
roche,,52,NA,0,2025-11-24T21:46:14Z
roche,,53,NA,0,2025-11-24T21:46:14Z
roche,,54,NA,0,2025-11-24T21:46:14Z
roche,,55,-0.4499427765549022,0,2025-11-24T21:47:02Z
roche,,56,1.1799467308567713,0.083,2025-11-24T21:47:18Z
roche,,57,1.209755042912906,0.083,2025-11-24T21:47:33Z
roche,,58,1.244570271888935,0.084,2025-11-24T21:47:48Z
roche,,59,1.1551387213216082,0.083,2025-11-24T21:48:04Z
roche,,60,1.057258704499096,0.083,2025-11-24T21:48:19Z
roche,,61,1.2328325420989104,0.084,2025-11-24T21:48:34Z
roche,,62,1.279253066556857,0.083,2025-11-24T21:48:50Z
roche,,63,1.1963817702123518,0.083,2025-11-24T21:49:05Z
roche,,64,-0.777180004118307,0.084,2025-11-24T21:49:19Z
roche,,65,-0.0393568726733026,0.333,2025-11-24T21:50:16Z
roche,,66,-0.0219611646392823,0.333,2025-11-24T21:51:14Z
roche,,67,-0.1272871455683453,0.334,2025-11-24T21:52:13Z
roche,,68,-10.293427373876614,1,2025-11-24T21:52:38Z
roche,,69,1.719971539667335,1,2025-11-24T21:57:10Z
roche,,70,4.990515310087762,1,2025-11-24T21:59:27Z
roche,,71,NA,0,2025-11-24T21:59:27Z
roche,,72,4.776503571413905,1,2025-11-24T22:00:26Z
roche,,73,4.15221619212894,0.083,2025-11-24T22:03:08Z
roche,,74,6.073286246647099,0.083,2025-11-24T22:03:23Z
roche,,75,4.535186660796618,0.084,2025-11-24T22:03:39Z
roche,,76,-0.3125609943820009,1,2025-11-24T22:03:59Z
roche,,77,5.34211430054657,0.5,2025-11-24T22:29:54Z
roche,,78,3.9562289385332767,0.3333,2025-11-24T22:30:24Z
roche,,79,2.8424614046375747,0.3333,2025-11-24T22:30:54Z
roche,,80,3.5477692384237898,0.3334,2025-11-24T22:31:23Z
roche,,81,1.3013007995165269,0.3333,2025-11-24T22:31:45Z
roche,,82,1.6304111053281023,0.3333,2025-11-24T22:32:05Z
roche,,83,1.8694871294638096,0.3334,2025-11-24T22:32:26Z
roche,,84,-0.0238690766676724,1,2025-11-24T22:34:03Z
roche,,85,2.55574976633522,1,2025-11-24T22:34:39Z
roche,,86,-1.8779075128310128,1,2025-11-24T22:35:05Z
roche,,87,3.114325029885744,1,2025-11-24T22:39:19Z
roche,,88,4.622484553802017,1,2025-11-24T22:39:36Z
roche,,89,-0.5273788377598214,0.25,2025-11-24T22:39:50Z
roche,,90,-0.250635333600492,0.25,2025-11-24T22:40:03Z
roche,,91,2.6981574644592747,0.25,2025-11-24T22:40:17Z
roche,,92,2.102271263924406,0.25,2025-11-24T22:40:31Z
roche,,93,0.1988348566650734,1,2025-11-24T22:40:53Z
roche,,94,-0.385434968306197,0.3333,2025-11-24T22:45:13Z
roche,,95,-1.853535344195273,0.3333,2025-11-24T22:49:34Z
roche,,96,-1.312652313007169,0.3333,2025-11-24T22:53:54Z
roche,,97,-0.6185207588787698,0.2,2025-11-24T22:54:09Z
roche,,98,0.2833232920213264,0.2,2025-11-24T22:54:21Z
roche,,99,0.2027496330748426,1,2025-11-24T22:55:38Z
roche,,100,-0.0014157614756815,1,2025-11-24T22:55:53Z
roche,,101,0.709130130229529,0.5,2025-11-24T22:56:12Z
roche,,102,2.0874111820216443,0.2,2025-11-24T22:56:25Z
roche,,103,2.815187737975757,0.2,2025-11-24T22:56:37Z
roche,,104,0.7286295371844749,0.2,2025-11-24T22:56:50Z
roche,,105,NA,0.5,2025-11-24T22:56:50Z
roche,,106,-2.7010611613063125,1,2025-11-24T22:57:02Z
roche,,107,-0.812575299070049,1,2025-11-24T22:57:20Z
roche,,108,-3.724249862511582,1,2025-11-24T22:57:32Z
bqcd,,1,0.0114903300174432,0.166,2025-11-25T12:19:32Z
bqcd,,2,0.0061098055680036,0.166,2025-11-25T12:19:33Z
bqcd,,3,-0.0141042228122398,0.167,2025-11-25T12:19:33Z
bqcd,,4,-0.0057421390890975,0.166,2025-11-25T12:19:33Z
bqcd,,5,0.0111406865470012,0.143,2025-11-25T12:19:34Z
bqcd,,6,0.0058055728166469,0.143,2025-11-25T12:19:34Z
bqcd,,7,0.0084865803099292,0.143,2025-11-25T12:19:35Z
bqcd,,8,0.0053764126444216,0.143,2025-11-25T12:19:36Z
bqcd,,9,0.0080901072072309,0.143,2025-11-25T12:19:37Z
bqcd,,10,0.011362619059187,0.143,2025-11-25T12:19:38Z
bqcd,,11,0.0080889583416939009,0.142,2025-11-25T12:19:38Z
bqcd,,12,0.019764108900026,0.5,2025-11-25T12:19:39Z
bqcd,,13,0.0036250881634897,0.25,2025-11-25T12:19:39Z
bqcd,,14,4.751709229861e-4,0.25,2025-11-25T12:19:39Z
bqcd,,15,-3.3107215669792e-4,0.25,2025-11-25T12:19:40Z
bqcd,,16,0.007716783833913,0.25,2025-11-25T12:19:40Z
bqcd,,17,-3.8437422558179e-4,0.5,2025-11-25T12:19:41Z
bqcd,,18,0.003831188305841,1,2025-11-25T12:19:41Z
bqcd,,19,0.0085302881044981,1,2025-11-25T12:19:41Z
bqcd,,20,-0.0216399276452085,0.166,2025-11-25T12:19:41Z
bqcd,,21,-0.0182600712660634,0.167,2025-11-25T12:19:41Z
bqcd,,22,8.7009449450814e-4,0.333,2025-11-25T12:19:41Z
bqcd,,23,0.0095523403207724,0.333,2025-11-25T12:19:41Z
bqcd,,24,0.0059657979240557,0.334,2025-11-25T12:19:41Z
bqcd,,25,-0.0030794664197887002,0.125,2025-11-25T12:19:41Z
bqcd,,26,-4.9325417011047e-4,0.125,2025-11-25T12:19:42Z
bqcd,,27,0.0022853395035564,0.125,2025-11-25T12:19:42Z
bqcd,,28,0.0101942476406305,0.125,2025-11-25T12:19:42Z
bqcd,,29,-0.0016165311594852,0.125,2025-11-25T12:19:42Z
bqcd,,30,0.0042660247785708,0.125,2025-11-25T12:19:42Z
bqcd,,31,0.0027030393239402,0.125,2025-11-25T12:19:43Z
bqcd,,32,0.0014281059420484,0.125,2025-11-25T12:19:43Z
bqcd,,33,0.0035905576273064,0.2,2025-11-25T12:19:43Z
bqcd,,34,0.0041149354300844,0.2,2025-11-25T12:19:43Z
bqcd,,35,-0.0023209304520945,0.2,2025-11-25T12:19:43Z
bqcd,,36,0.0010548965518053,0.2,2025-11-25T12:19:43Z
bqcd,,37,-2.2464032370672e-4,0.2,2025-11-25T12:19:43Z
bqcd,,38,0.0050134891607881,0.25,2025-11-25T12:19:43Z
bqcd,,39,0.0023821408308021,0.25,2025-11-25T12:19:44Z
bqcd,,40,-0.0019042581168102,0.25,2025-11-25T12:19:44Z
bqcd,,41,-0.0025533457495725,0.25,2025-11-25T12:19:44Z
bqcd,,42,0.1386938483819575,0.5,2025-11-25T12:19:46Z
bqcd,,43,-3.264678751169203e-5,0.25,2025-11-25T12:19:49Z
bqcd,,44,3.1471764387813e-4,0.25,2025-11-25T12:19:52Z
bqcd,,45,-1.208032189359276e-5,0.25,2025-11-25T12:19:54Z
bqcd,,46,0.0012230387278791,0.25,2025-11-25T12:19:56Z
bqcd,,47,-0.0319817599842444,1,2025-11-25T12:19:56Z
bqcd,,48,0.0460948785674484,1,2025-11-25T12:19:56Z
bqcd,,49,0.0020662941620414,0.333,2025-11-25T12:19:56Z
bqcd,,50,-0.0031590999395769,0.333,2025-11-25T12:19:56Z
bqcd,,51,0.0046768667903741,0.334,2025-11-25T12:19:56Z
bqcd,,52,1.5223040147971e-4,0,2025-11-25T12:19:59Z
bqcd,,53,-3.5904616431103e-4,0,2025-11-25T12:20:00Z
bqcd,,54,0.0012698821757797,0,2025-11-25T12:20:00Z
bqcd,,55,-0.0037496725188431,0,2025-11-25T12:20:00Z
bqcd,,56,0.0049261747418483,0.083,2025-11-25T12:20:00Z
bqcd,,57,0.0083358731902465,0.083,2025-11-25T12:20:00Z
bqcd,,58,0.0220227728522974,0.084,2025-11-25T12:20:00Z
bqcd,,59,0.0290038486748236,0.083,2025-11-25T12:20:00Z
bqcd,,60,-0.0094779757112338,0.083,2025-11-25T12:20:00Z
bqcd,,61,-0.0074073559197934,0.084,2025-11-25T12:20:00Z
bqcd,,62,0.0038801150893732,0.083,2025-11-25T12:20:00Z
bqcd,,63,0.0154949742055472,0.083,2025-11-25T12:20:00Z
bqcd,,64,-0.0105148678824681,0.084,2025-11-25T12:20:00Z
bqcd,,65,6.812186388738262e-5,0.333,2025-11-25T12:20:00Z
bqcd,,66,-0.0011553288527211,0.333,2025-11-25T12:20:00Z
bqcd,,67,0.0011971496817844,0.334,2025-11-25T12:20:01Z
bqcd,,68,-0.0022119444098379,1,2025-11-25T12:20:01Z
bqcd,,69,0.0077401831521811,1,2025-11-25T12:20:04Z
bqcd,,70,-0.0145154019338701,1,2025-11-25T12:20:05Z
bqcd,,71,-0.0246244338972689,0,2025-11-25T12:20:05Z
bqcd,,72,0.0025636477353502,1,2025-11-25T12:20:05Z
bqcd,,73,6.5218960250701e-4,0.083,2025-11-25T12:20:06Z
bqcd,,74,0.0058177232043903,0.083,2025-11-25T12:20:06Z
bqcd,,75,-6.6415542891418e-4,0.084,2025-11-25T12:20:06Z
bqcd,,76,0.0010151710974602,1,2025-11-25T12:20:06Z
bqcd,,77,-0.002529408949591,0.5,2025-11-25T12:20:08Z
bqcd,,78,0.0077705548991484,0.3333,2025-11-25T12:20:08Z
bqcd,,79,-0.0021594284160982,0.3333,2025-11-25T12:20:09Z
bqcd,,80,0.0058298398438105,0.3334,2025-11-25T12:20:09Z
bqcd,,81,-0.001099816435064,0.3333,2025-11-25T12:20:09Z
bqcd,,82,0.0034130216234184,0.3333,2025-11-25T12:20:09Z
bqcd,,83,9.0699984218634e-4,0.3334,2025-11-25T12:20:09Z
bqcd,,84,2.4001680129004e-4,1,2025-11-25T12:20:10Z
bqcd,,85,0.0030682435672715,1,2025-11-25T12:20:10Z
bqcd,,86,4.9406792960127e-4,1,2025-11-25T12:20:10Z
bqcd,,87,0.0107254808252794,1,2025-11-25T12:20:12Z
bqcd,,88,0.0091699854968597,1,2025-11-25T12:20:12Z
bqcd,,89,0.0070525710225328,0.25,2025-11-25T12:20:12Z
bqcd,,90,-0.0044775577760748,0.25,2025-11-25T12:20:12Z
bqcd,,91,-3.3385626868676e-4,0.25,2025-11-25T12:20:12Z
bqcd,,92,4.9821462825849e-4,0.25,2025-11-25T12:20:12Z
bqcd,,93,-0.0023296496573691,1,2025-11-25T12:20:12Z
bqcd,,94,0.0088265615800651,0.3333,2025-11-25T12:20:14Z
bqcd,,95,0.0285060920393012,0.3333,2025-11-25T12:20:16Z
bqcd,,96,0.011466643370061,0.3333,2025-11-25T12:20:18Z
bqcd,,97,-0.0020305811472756,0.2,2025-11-25T12:20:18Z
bqcd,,98,-0.0073909777345183,0.2,2025-11-25T12:20:18Z
bqcd,,99,0.0013060291757371,1,2025-11-25T12:20:19Z
bqcd,,100,0.0031657952599198,1,2025-11-25T12:20:19Z
bqcd,,101,0.0011244006012481,0.5,2025-11-25T12:20:19Z
bqcd,,102,-0.0069982554310349,0.2,2025-11-25T12:20:19Z
bqcd,,103,-5.2057234866653e-4,0.2,2025-11-25T12:20:19Z
bqcd,,104,-0.0115869914885594,0.2,2025-11-25T12:20:19Z
bqcd,,105,0.0036446962377448,0.5,2025-11-25T12:20:19Z
bqcd,,106,0.0056495920012343,1,2025-11-25T12:20:19Z
bqcd,,107,-0.0095611687716534,1,2025-11-25T12:20:19Z
bqcd,,108,0.0027238869078999,1,2025-11-25T12:20:19Z
sloppy,,1,0.1212699991202771,0.166,2025-11-25T12:37:42Z
sloppy,,2,-0.4449509841958217,0.166,2025-11-25T12:37:42Z
sloppy,,3,0.5946375504420656,0.167,2025-11-25T12:37:42Z
sloppy,,4,-0.3313651686636121,0.166,2025-11-25T12:37:43Z
sloppy,,5,-0.3226282096923543,0.143,2025-11-25T12:37:43Z
sloppy,,6,-0.2278319156768792,0.143,2025-11-25T12:37:43Z
sloppy,,7,-0.3486999412123529,0.143,2025-11-25T12:37:43Z
sloppy,,8,0.7428919850333292,0.143,2025-11-25T12:37:43Z
sloppy,,9,-0.4494590100470312,0.143,2025-11-25T12:37:45Z
sloppy,,10,-0.311462383030484,0.143,2025-11-25T12:37:45Z
sloppy,,11,-0.279162061196525,0.142,2025-11-25T12:37:46Z
sloppy,,12,0.8109204102023864,0.5,2025-11-25T12:37:46Z
sloppy,,13,0.1835883713545721,0.25,2025-11-25T12:37:46Z
sloppy,,14,0.0056497018828852,0.25,2025-11-25T12:37:46Z
sloppy,,15,0.0890549525768751,0.25,2025-11-25T12:37:46Z
sloppy,,16,0.2137121189252359,0.25,2025-11-25T12:37:47Z
sloppy,,17,0.8923509997830271,0.5,2025-11-25T12:37:47Z
sloppy,,18,0.4034479543235021,1,2025-11-25T12:37:47Z
sloppy,,19,0.0140517800104742,1,2025-11-25T12:37:47Z
sloppy,,20,0.7054180635340572,0.166,2025-11-25T12:37:47Z
sloppy,,21,0.1275849646518067,0.167,2025-11-25T12:37:48Z
sloppy,,22,0.4515115140949058,0.333,2025-11-25T12:37:48Z
sloppy,,23,0.5583940309147319,0.333,2025-11-25T12:37:48Z
sloppy,,24,0.4794923114931981,0.334,2025-11-25T12:37:48Z
sloppy,,25,0.1744647392035292,0.125,2025-11-25T12:37:48Z
sloppy,,26,0.2171316720405103,0.125,2025-11-25T12:37:49Z
sloppy,,27,0.5280661515415113,0.125,2025-11-25T12:37:49Z
sloppy,,28,-0.2793076597200182,0.125,2025-11-25T12:37:49Z
sloppy,,29,-0.1742302952327891,0.125,2025-11-25T12:37:50Z
sloppy,,30,0.1312589815452742,0.125,2025-11-25T12:37:50Z
sloppy,,31,-0.0557563983481285,0.125,2025-11-25T12:37:51Z
sloppy,,32,-0.259021949512784,0.125,2025-11-25T12:37:51Z
sloppy,,33,0.311828733717079,0.2,2025-11-25T12:37:51Z
sloppy,,34,0.0525454779951043,0.2,2025-11-25T12:37:51Z
sloppy,,35,0.2454474337026243,0.2,2025-11-25T12:37:51Z
sloppy,,36,0.236897245980449,0.2,2025-11-25T12:37:51Z
sloppy,,37,0.2150602842811059,0.2,2025-11-25T12:37:51Z
sloppy,,38,0.3787245171559982,0.25,2025-11-25T12:37:51Z
sloppy,,39,0.1901866270622795,0.25,2025-11-25T12:37:51Z
sloppy,,40,0.4734649705103402,0.25,2025-11-25T12:37:51Z
sloppy,,41,-0.006485081437469,0.25,2025-11-25T12:37:51Z
sloppy,,42,0.8551711896870051,0.5,2025-11-25T12:37:52Z
sloppy,,43,-0.0023701723326648,0.25,2025-11-25T12:37:55Z
sloppy,,44,-6.5271306297609e-4,0.25,2025-11-25T12:37:57Z
sloppy,,45,0.0576286757525682,0.25,2025-11-25T12:37:59Z
sloppy,,46,-0.1313726866666962,0.25,2025-11-25T12:38:00Z
sloppy,,47,-0,1,2025-11-25T12:38:00Z
sloppy,,48,0.0220321919658686,1,2025-11-25T12:38:00Z
sloppy,,49,0.0608707651191055,0.333,2025-11-25T12:38:00Z
sloppy,,50,0.079070098621954,0.333,2025-11-25T12:38:00Z
sloppy,,51,0.4217280149104488,0.334,2025-11-25T12:38:00Z
sloppy,,52,-0.0055755082611268,0,2025-11-25T12:38:04Z
sloppy,,53,0.0247910999280461,0,2025-11-25T12:38:04Z
sloppy,,54,-0.0043449717028686,0,2025-11-25T12:38:04Z
sloppy,,55,0.268703031987287,0,2025-11-25T12:38:05Z
sloppy,,56,-0.131583122761118,0.083,2025-11-25T12:38:05Z
sloppy,,57,-0.0931037772156289,0.083,2025-11-25T12:38:05Z
sloppy,,58,0.1864027537564773,0.084,2025-11-25T12:38:05Z
sloppy,,59,-0.1867585897704773,0.083,2025-11-25T12:38:05Z
sloppy,,60,-0.1722762399871755,0.083,2025-11-25T12:38:05Z
sloppy,,61,-0.0248348847371597,0.084,2025-11-25T12:38:05Z
sloppy,,62,0.2387183656468004,0.083,2025-11-25T12:38:05Z
sloppy,,63,-0.0873936559737746,0.083,2025-11-25T12:38:05Z
sloppy,,64,-0.0192327260913179,0.084,2025-11-25T12:38:05Z
sloppy,,65,0.0684211674652066,0.333,2025-11-25T12:38:06Z
sloppy,,66,-0.1732012473997511,0.333,2025-11-25T12:38:07Z
sloppy,,67,-0.1861769169094256,0.334,2025-11-25T12:38:07Z
sloppy,,68,-0.2339876534826963,1,2025-11-25T12:38:07Z
sloppy,,69,-0.1198136784949048,1,2025-11-25T12:38:08Z
sloppy,,70,-0,1,2025-11-25T12:38:08Z
sloppy,,71,-0,0,2025-11-25T12:38:08Z
sloppy,,72,0.4898503330678199,1,2025-11-25T12:38:08Z
sloppy,,73,0.2234097591431321,0.083,2025-11-25T12:38:12Z
sloppy,,74,-0.3620440461113474,0.083,2025-11-25T12:38:12Z
sloppy,,75,-0.1967396093298559,0.084,2025-11-25T12:38:12Z
sloppy,,76,0.1520993238425197,1,2025-11-25T12:38:12Z
sloppy,,77,0.565565637198836,0.5,2025-11-25T12:38:14Z
sloppy,,78,0.1939402152001922,0.3333,2025-11-25T12:38:14Z
sloppy,,79,0.0230445789696874,0.3333,2025-11-25T12:38:15Z
sloppy,,80,0.0962902342594419,0.3334,2025-11-25T12:38:15Z
sloppy,,81,0.2460002634705009,0.3333,2025-11-25T12:38:15Z
sloppy,,82,-0.0263233782116522,0.3333,2025-11-25T12:38:16Z
sloppy,,83,-0.0662082492358655,0.3334,2025-11-25T12:38:16Z
sloppy,,84,-0.0152845559609815,1,2025-11-25T12:38:18Z
sloppy,,85,0.6926363350950194,1,2025-11-25T12:38:18Z
sloppy,,86,-0.2874551237427396,1,2025-11-25T12:38:18Z
sloppy,,87,0.6040475871280676,1,2025-11-25T12:38:18Z
sloppy,,88,0.4300602743070771,1,2025-11-25T12:38:18Z
sloppy,,89,-0.11658539089401,0.25,2025-11-25T12:38:18Z
sloppy,,90,-0.096550257482798,0.25,2025-11-25T12:38:18Z
sloppy,,91,0.1213875595902301,0.25,2025-11-25T12:38:18Z
sloppy,,92,0.1073135990441117,0.25,2025-11-25T12:38:19Z
sloppy,,93,0.1035192784418094,1,2025-11-25T12:38:19Z
sloppy,,94,0.4998240178368333,0.3333,2025-11-25T12:38:19Z
sloppy,,95,0.8254092978890102,0.3333,2025-11-25T12:38:22Z
sloppy,,96,0.6126706270537698,0.3333,2025-11-25T12:38:26Z
sloppy,,97,-0.2216030768273593,0.2,2025-11-25T12:38:26Z
sloppy,,98,-0.0047551876791011,0.2,2025-11-25T12:38:26Z
sloppy,,99,0.4859117398113939,1,2025-11-25T12:38:26Z
sloppy,,100,0.1701695776568472,1,2025-11-25T12:38:26Z
sloppy,,101,0.0318490102975373,0.5,2025-11-25T12:38:26Z
sloppy,,102,-0.2974793697201182,0.2,2025-11-25T12:38:26Z
sloppy,,103,0.0536579108299749,0.2,2025-11-25T12:38:26Z
sloppy,,104,0.3351751590558939,0.2,2025-11-25T12:38:26Z
sloppy,,105,0.0157030932144376,0.5,2025-11-25T12:38:27Z
sloppy,,106,0.0628740951141055,1,2025-11-25T12:38:27Z
sloppy,,107,-0,1,2025-11-25T12:38:27Z
sloppy,,108,0.5082058090749616,1,2025-11-25T12:38:27Z
cdci,,1,0.0887370942653104,0.166,2025-11-25T13:46:33Z
cdci,,2,0.0746586798080944,0.166,2025-11-25T13:46:33Z
cdci,,3,0.0046270844897884,0.167,2025-11-25T13:46:33Z
cdci,,4,0.0497714552771619,0.166,2025-11-25T13:46:33Z
cdci,,5,0.1418399423000555,0.143,2025-11-25T13:46:33Z
cdci,,6,0.0283586501272333,0.143,2025-11-25T13:46:33Z
cdci,,7,0.1604227602278314,0.143,2025-11-25T13:46:33Z
cdci,,8,0.0663341351305838,0.143,2025-11-25T13:46:33Z
cdci,,9,0.044048542784812,0.143,2025-11-25T13:46:33Z
cdci,,10,0.0554520164155876,0.143,2025-11-25T13:46:33Z
cdci,,11,0.0624090023738423,0.142,2025-11-25T13:46:33Z
cdci,,12,-0.0158509658007864,0.5,2025-11-25T13:46:33Z
cdci,,13,0.0339574129563198,0.25,2025-11-25T13:46:33Z
cdci,,14,-0.0161748454644226,0.25,2025-11-25T13:46:33Z
cdci,,15,-0.0147798781867037,0.25,2025-11-25T13:46:33Z
cdci,,16,0.0216454187256993,0.25,2025-11-25T13:46:33Z
cdci,,17,-0.0525374021781977,0.5,2025-11-25T13:46:33Z
cdci,,18,0.0516866973354273,1,2025-11-25T13:46:33Z
cdci,,19,0.0834053011272763,1,2025-11-25T13:46:33Z
cdci,,20,0.0516886078289334,0.166,2025-11-25T13:46:33Z
cdci,,21,0.0962771608562415,0.167,2025-11-25T13:46:33Z
cdci,,22,-0.035121122136818,0.333,2025-11-25T13:46:33Z
cdci,,23,0.0194873802597246,0.333,2025-11-25T13:46:33Z
cdci,,24,-0.0231692975907951,0.334,2025-11-25T13:46:33Z
cdci,,25,0.0175585458643776,0.125,2025-11-25T13:46:33Z
cdci,,26,0.1867728968876877,0.125,2025-11-25T13:46:33Z
cdci,,27,0.2722411955085374,0.125,2025-11-25T13:46:33Z
cdci,,28,0.0487436227741411,0.125,2025-11-25T13:46:33Z
cdci,,29,0.1907566282064173,0.125,2025-11-25T13:46:33Z
cdci,,30,0.0982877066573889,0.125,2025-11-25T13:46:33Z
cdci,,31,0.0492279134065805,0.125,2025-11-25T13:46:33Z
cdci,,32,0.2480340339982282,0.125,2025-11-25T13:46:33Z
cdci,,33,0.1436312843372591,0.2,2025-11-25T13:46:33Z
cdci,,34,0.1116366549741531,0.2,2025-11-25T13:46:33Z
cdci,,35,0.0079482855312362,0.2,2025-11-25T13:46:33Z
cdci,,36,0.038224757798947,0.2,2025-11-25T13:46:33Z
cdci,,37,0.0725952272745815,0.2,2025-11-25T13:46:33Z
cdci,,38,-0.0121015613248888,0.25,2025-11-25T13:46:33Z
cdci,,39,7.588515661821e-4,0.25,2025-11-25T13:46:33Z
cdci,,40,0.087025542396797,0.25,2025-11-25T13:46:33Z
cdci,,41,0.0082794658229929,0.25,2025-11-25T13:46:33Z
cdci,,42,0.2915914431786536,0.5,2025-11-25T13:46:33Z
cdci,,43,-0.0373131187613525,0.25,2025-11-25T13:46:33Z
cdci,,44,0.0055400154814155,0.25,2025-11-25T13:46:33Z
cdci,,45,0.0012101395695648,0.25,2025-11-25T13:46:33Z
cdci,,46,0.0063674419458872,0.25,2025-11-25T13:46:33Z
cdci,,47,0.5106629663716278,1,2025-11-25T13:46:33Z
cdci,,48,-0.0293192968142569,1,2025-11-25T13:46:33Z
cdci,,49,0.0323118992014656,0.333,2025-11-25T13:46:33Z
cdci,,50,0.0308800798217097,0.333,2025-11-25T13:46:33Z
cdci,,51,0.0125805531847337,0.334,2025-11-25T13:46:33Z
cdci,,52,NA,0,2025-11-25T13:46:33Z
cdci,,53,NA,0,2025-11-25T13:46:33Z
cdci,,54,NA,0,2025-11-25T13:46:33Z
cdci,,55,0.01980886600065,0,2025-11-25T13:46:33Z
cdci,,56,-0.0562721585367418,0.083,2025-11-25T13:46:33Z
cdci,,57,-0.0971735133747138,0.083,2025-11-25T13:46:33Z
cdci,,58,-0.0600223548041307,0.084,2025-11-25T13:46:33Z
cdci,,59,0.0564821244877477,0.083,2025-11-25T13:46:33Z
cdci,,60,0.0322578592986755,0.083,2025-11-25T13:46:33Z
cdci,,61,-0.0908425196444404,0.084,2025-11-25T13:46:33Z
cdci,,62,-0.0441952337230448,0.083,2025-11-25T13:46:33Z
cdci,,63,-0.0306118016880684,0.083,2025-11-25T13:46:33Z
cdci,,64,-0.0322334303628013,0.084,2025-11-25T13:46:33Z
cdci,,65,-0.0156368832089565,0.333,2025-11-25T13:46:33Z
cdci,,66,0.0333912828797427,0.333,2025-11-25T13:46:33Z
cdci,,67,0.0020352697600486,0.334,2025-11-25T13:46:33Z
cdci,,68,-0.2309284832112191,1,2025-11-25T13:46:33Z
cdci,,69,-0.0242571711793131,1,2025-11-25T13:46:33Z
cdci,,70,-0.601514779301134,1,2025-11-25T13:46:33Z
cdci,,71,NA,0,2025-11-25T13:46:33Z
cdci,,72,-0.0132825998566521,1,2025-11-25T13:46:33Z
cdci,,73,-0.0195410206421585,0.083,2025-11-25T13:46:33Z
cdci,,74,0.0492841693726365,0.083,2025-11-25T13:46:33Z
cdci,,75,-0.0078384638136191,0.084,2025-11-25T13:46:33Z
cdci,,76,0.0070647322896638,1,2025-11-25T13:46:33Z
cdci,,77,0.0796285546038656,0.5,2025-11-25T13:46:33Z
cdci,,78,0.1042496765189706,0.3333,2025-11-25T13:46:33Z
cdci,,79,-0.0024438546171775,0.3333,2025-11-25T13:46:33Z
cdci,,80,0.1681476833970022,0.3334,2025-11-25T13:46:33Z
cdci,,81,0.0150055890602719,0.3333,2025-11-25T13:46:33Z
cdci,,82,0.0096355291516407,0.3333,2025-11-25T13:46:33Z
cdci,,83,-0.020179944437583,0.3334,2025-11-25T13:46:33Z
cdci,,84,0.0065103910095698,1,2025-11-25T13:46:33Z
cdci,,85,0.1171690371528714,1,2025-11-25T13:46:33Z
cdci,,86,0.037220850132152,1,2025-11-25T13:46:33Z
cdci,,87,-0.3458559190015691,1,2025-11-25T13:46:33Z
cdci,,88,0.0273467474679128,1,2025-11-25T13:46:33Z
cdci,,89,-0.0922626911782922,0.25,2025-11-25T13:46:33Z
cdci,,90,-0.0299218277908209,0.25,2025-11-25T13:46:33Z
cdci,,91,0.0926517259656795,0.25,2025-11-25T13:46:33Z
cdci,,92,0.0277498884555506,0.25,2025-11-25T13:46:33Z
cdci,,93,0.0060963032079772,1,2025-11-25T13:46:33Z
cdci,,94,0.0838923647296363,0.3333,2025-11-25T13:46:33Z
cdci,,95,0.1708683584283661,0.3333,2025-11-25T13:46:33Z
cdci,,96,0.0136014097449872,0.3333,2025-11-25T13:46:33Z
cdci,,97,0.0623841712343782,0.2,2025-11-25T13:46:33Z
cdci,,98,0.1643116575865113,0.2,2025-11-25T13:46:33Z
cdci,,99,0.104340007348319,1,2025-11-25T13:46:33Z
cdci,,100,0.0856751540525284,1,2025-11-25T13:46:33Z
cdci,,101,-0.0750182452180336,0.5,2025-11-25T13:46:33Z
cdci,,102,0.1038531475297148,0.2,2025-11-25T13:46:33Z
cdci,,103,-0.0640580982106801,0.2,2025-11-25T13:46:33Z
cdci,,104,-0.0387409238246834,0.2,2025-11-25T13:46:33Z
cdci,,105,NA,0.5,2025-11-25T13:46:33Z
cdci,,106,-0.0688517259009618,1,2025-11-25T13:46:33Z
cdci,,107,-0.4591724796429104,1,2025-11-25T13:46:33Z
cdci,,108,-0.053547418967587,1,2025-11-25T13:46:33Z
fom,,1,393911039043.7051,0.166,2025-11-25T15:35:25Z
fom,,2,292051023028.4463,0.166,2025-11-25T15:35:26Z
fom,,3,-47.36472309411858,0.167,2025-11-25T15:35:33Z
fom,,4,405726861132.673,0.166,2025-11-25T15:35:33Z
fom,,5,1165.7413886127829,0.143,2025-11-25T15:35:42Z
fom,,6,862.3260239813297,0.143,2025-11-25T15:35:59Z
fom,,7,937.7094552458748,0.143,2025-11-25T15:36:12Z
fom,,8,1039.169364083016,0.143,2025-11-25T15:36:27Z
fom,,9,998.2683303477334,0.143,2025-11-25T15:36:48Z
fom,,10,722.6440918435113,0.143,2025-11-25T15:37:05Z
fom,,11,837.3249106242836,0.142,2025-11-25T15:37:18Z
fom,,12,-4686229722040.019,0.5,2025-11-25T15:37:20Z
fom,,13,1048121855.8953516,0.25,2025-11-25T15:37:21Z
fom,,14,22668053.84090492,0.25,2025-11-25T15:37:22Z
fom,,15,4717195978813.714,0.25,2025-11-25T15:37:23Z
fom,,16,20774597.95337013,0.25,2025-11-25T15:37:24Z
fom,,17,-35539293719595708,0.5,2025-11-25T15:37:27Z
fom,,18,-69481.22365512638,1,2025-11-25T15:37:29Z
fom,,19,-243430.5567135861,1,2025-11-25T15:37:30Z
fom,,20,-33.33973980738077,0.166,2025-11-25T15:37:32Z
fom,,21,-124575537000.0243,0.167,2025-11-25T15:37:34Z
fom,,22,93925.44198579968,0.333,2025-11-25T15:37:37Z
fom,,23,-440660.3466698936,0.333,2025-11-25T15:37:38Z
fom,,24,-35439.849008112215,0.334,2025-11-25T15:37:39Z
fom,,25,1139255141.7751124,0.125,2025-11-25T15:37:42Z
fom,,26,541519754.77593,0.125,2025-11-25T15:37:43Z
fom,,27,138289649.53362986,0.125,2025-11-25T15:37:47Z
fom,,28,346096.99593967723,0.125,2025-11-25T15:37:49Z
fom,,29,-396531.2169816596,0.125,2025-11-25T15:37:56Z
fom,,30,96816183.83661962,0.125,2025-11-25T15:37:59Z
fom,,31,125094827.28694671,0.125,2025-11-25T15:38:02Z
fom,,32,542993099.3406249,0.125,2025-11-25T15:38:03Z
fom,,33,-1423.8360037329032,0.2,2025-11-25T15:38:04Z
fom,,34,-423706.4626683389,0.2,2025-11-25T15:38:05Z
fom,,35,-2435890.931095462,0.2,2025-11-25T15:38:06Z
fom,,36,-119592.34851899644,0.2,2025-11-25T15:38:07Z
fom,,37,-34860632.8381339,0.2,2025-11-25T15:38:08Z
fom,,38,104857.18273430382,0.25,2025-11-25T15:38:11Z
fom,,39,-2601684413.275002,0.25,2025-11-25T15:38:11Z
fom,,40,-25047.579172068203,0.25,2025-11-25T15:38:15Z
fom,,41,-3072859.358349049,0.25,2025-11-25T15:38:16Z
fom,,42,500579957.76983225,0.5,2025-11-25T15:38:19Z
fom,,43,23806.51553288009,0.25,2025-11-25T15:38:27Z
fom,,44,-2006037183487200,0.25,2025-11-25T15:38:28Z
fom,,45,25900367462083.195,0.25,2025-11-25T15:38:29Z
fom,,46,-862622.5265003359,0.25,2025-11-25T15:38:34Z
fom,,47,-30691505174116048,1,2025-11-25T15:38:34Z
fom,,48,4943.965741511722,1,2025-11-25T15:38:35Z
fom,,49,-4765791.140636761,0.333,2025-11-25T15:38:36Z
fom,,50,-3156274.91271379,0.333,2025-11-25T15:38:37Z
fom,,51,-534211.0882646404,0.334,2025-11-25T15:38:38Z
fom,,52,NA,0,2025-11-25T15:38:38Z
fom,,53,NA,0,2025-11-25T15:38:38Z
fom,,54,NA,0,2025-11-25T15:38:38Z
fom,,55,-11997074.476863053,0,2025-11-25T15:38:39Z
fom,,56,1440766.924567999,0.083,2025-11-25T15:38:39Z
fom,,57,1477284.852857991,0.083,2025-11-25T15:38:40Z
fom,,58,1342197.018245614,0.084,2025-11-25T15:38:40Z
fom,,59,1392330.54225041,0.083,2025-11-25T15:38:41Z
fom,,60,1472524.4602401317,0.083,2025-11-25T15:38:41Z
fom,,61,1472702.16222738,0.084,2025-11-25T15:38:42Z
fom,,62,1430948.4495228964,0.083,2025-11-25T15:38:42Z
fom,,63,1362506.9657522214,0.083,2025-11-25T15:38:43Z
fom,,64,-24185311.70603916,0.084,2025-11-25T15:38:43Z
fom,,65,-1.6256569080962457e-7,0.333,2025-11-25T15:39:00Z
fom,,66,1.782766401959774e-7,0.333,2025-11-25T15:39:16Z
fom,,67,-9.849321621070123e-7,0.334,2025-11-25T15:39:31Z
fom,,68,-14746745261961605e11,1,2025-11-25T15:39:36Z
fom,,69,18337.52400229909,1,2025-11-25T15:39:45Z
fom,,70,1554.9045398309402,1,2025-11-25T15:39:59Z
fom,,71,NA,0,2025-11-25T15:39:59Z
fom,,72,25634997.899575066,1,2025-11-25T15:40:07Z
fom,,73,927925806481937.4,0.083,2025-11-25T15:40:30Z
fom,,74,1001317670367257600,0.083,2025-11-25T15:40:31Z
fom,,75,905814403454976600,0.084,2025-11-25T15:40:32Z
fom,,76,-402.4329747173703,1,2025-11-25T15:40:39Z
fom,,77,166304243391064.3,0.5,2025-11-25T15:40:47Z
fom,,78,455380747331.6936,0.3333,2025-11-25T15:40:52Z
fom,,79,8161522724.33269,0.3333,2025-11-25T15:40:59Z
fom,,80,252233892322.8885,0.3334,2025-11-25T15:41:03Z
fom,,81,5297.046950909468,0.3333,2025-11-25T15:41:05Z
fom,,82,18013.586215112497,0.3333,2025-11-25T15:41:07Z
fom,,83,73829.83393028867,0.3334,2025-11-25T15:41:09Z
fom,,84,-5.010487858890926,1,2025-11-25T15:41:15Z
fom,,85,555.807655748915,1,2025-11-25T15:41:24Z
fom,,86,-181681072.44245043,1,2025-11-25T15:41:29Z
fom,,87,-50992.68997349924,1,2025-11-25T15:41:44Z
fom,,88,1342.493837438118,1,2025-11-25T15:41:45Z
fom,,89,-1643.9600483163797,0.25,2025-11-25T15:41:45Z
fom,,90,-3755.0185335155775,0.25,2025-11-25T15:41:46Z
fom,,91,14417648578.87804,0.25,2025-11-25T15:41:46Z
fom,,92,14349704786.138905,0.25,2025-11-25T15:41:47Z
fom,,93,-5.640403226206642,1,2025-11-25T15:41:50Z
fom,,94,-18730.34076273168,0.3333,2025-11-25T15:41:57Z
fom,,95,-73613007.9331971,0.3333,2025-11-25T15:42:03Z
fom,,96,-105954004.04768172,0.3333,2025-11-25T15:42:09Z
fom,,97,-4.4360296480398245e-14,0.2,2025-11-25T15:42:09Z
fom,,98,2.824553284347616e-11,0.2,2025-11-25T15:42:10Z
fom,,99,22079.99342874185,1,2025-11-25T15:42:14Z
fom,,100,-1.129047067177842,1,2025-11-25T15:42:15Z
fom,,101,546389713.1821222,0.5,2025-11-25T15:42:16Z
fom,,102,13912378470.41088,0.2,2025-11-25T15:42:16Z
fom,,103,9380616935.017897,0.2,2025-11-25T15:42:16Z
fom,,104,926741.5858793108,0.2,2025-11-25T15:42:16Z
fom,,105,NA,0.5,2025-11-25T15:42:16Z
fom,,106,-124488054178082.84,1,2025-11-25T15:42:17Z
fom,,107,-0.1111756123809232,1,2025-11-25T15:42:18Z
fom,,108,-305987598.9292111,1,2025-11-25T15:42:18Z
anm,,1,-3.552713678800501e-15,0.166,2025-11-25T22:09:55Z
anm,,2,-8.881784197001252e-16,0.166,2025-11-25T22:09:55Z
anm,,3,4.440892098500626e-16,0.167,2025-11-25T22:09:55Z
anm,,4,0,0.166,2025-11-25T22:09:55Z
anm,,5,2.664535259100376e-15,0.143,2025-11-25T22:09:58Z
anm,,6,0.0029027477194567,0.143,2025-11-25T22:10:01Z
anm,,7,1.3322676295501878e-15,0.143,2025-11-25T22:10:04Z
anm,,8,0.1310813967062154,0.143,2025-11-25T22:10:08Z
anm,,9,-2.220446049250313e-15,0.143,2025-11-25T22:10:11Z
anm,,10,0,0.143,2025-11-25T22:10:14Z
anm,,11,8.881784197001252e-16,0.142,2025-11-25T22:10:17Z
anm,,12,2.1933412948893e-4,0.5,2025-11-25T22:10:22Z
anm,,13,0.0148923139647525,0.25,2025-11-25T22:10:22Z
anm,,14,-0.0215222815182904,0.25,2025-11-25T22:10:22Z
anm,,15,-0.0037897990441297,0.25,2025-11-25T22:10:22Z
anm,,16,0.0258105170214575,0.25,2025-11-25T22:10:22Z
anm,,17,-0.0031546367978539,0.5,2025-11-25T22:10:27Z
anm,,18,0.0064313182841821,1,2025-11-25T22:10:27Z
anm,,19,-0.0234289401969363,1,2025-11-25T22:10:27Z
anm,,20,0.0014862868711471,0.166,2025-11-25T22:10:27Z
anm,,21,5.6081266445495e-4,0.167,2025-11-25T22:10:27Z
anm,,22,-4.440892098500626e-16,0.333,2025-11-25T22:10:27Z
anm,,23,4.440892098500626e-16,0.333,2025-11-25T22:10:27Z
anm,,24,3.6082248300317592e-16,0.334,2025-11-25T22:10:27Z
anm,,25,-5.8079069253835e-4,0.125,2025-11-25T22:10:28Z
anm,,26,7.130501265584233e-5,0.125,2025-11-25T22:10:28Z
anm,,27,-4.072913447428217e-5,0.125,2025-11-25T22:10:28Z
anm,,28,0.0031492726438022,0.125,2025-11-25T22:10:28Z
anm,,29,-4.440892098500626e-16,0.125,2025-11-25T22:10:28Z
anm,,30,8.0659952420281e-4,0.125,2025-11-25T22:10:28Z
anm,,31,9.0844699810749e-4,0.125,2025-11-25T22:10:29Z
anm,,32,2.664535259100376e-15,0.125,2025-11-25T22:10:29Z
anm,,33,0.0365990322569238,0.2,2025-11-25T22:10:29Z
anm,,34,1.5543122344752197e-15,0.2,2025-11-25T22:10:29Z
anm,,35,-5.551115123125787e-16,0.2,2025-11-25T22:10:29Z
anm,,36,-0.0032367798850141,0.2,2025-11-25T22:10:29Z
anm,,37,2.886579864025407e-15,0.2,2025-11-25T22:10:29Z
anm,,38,4.440892098500626e-16,0.25,2025-11-25T22:10:29Z
anm,,39,-0.0017746849081534,0.25,2025-11-25T22:10:29Z
anm,,40,-0.0279529134290417,0.25,2025-11-25T22:10:29Z
anm,,41,-5.551115123125787e-16,0.25,2025-11-25T22:10:29Z
anm,,42,0,0.5,2025-11-25T22:10:37Z
anm,,43,0.0017252371535469,0.25,2025-11-25T22:10:46Z
anm,,44,3.552713678800501e-15,0.25,2025-11-25T22:10:54Z
anm,,45,3.4252502338461e-4,0.25,2025-11-25T22:11:02Z
anm,,46,5.9430818794581e-4,0.25,2025-11-25T22:11:11Z
anm,,47,-3.576572873043027e-5,1,2025-11-25T22:11:11Z
anm,,48,-1.4461361537598805e-5,1,2025-11-25T22:11:11Z
anm,,49,0,0.333,2025-11-25T22:11:11Z
anm,,50,0,0.333,2025-11-25T22:11:11Z
anm,,51,-4.440892098500626e-16,0.334,2025-11-25T22:11:11Z
anm,,52,NA,0,2025-11-25T22:11:11Z
anm,,53,NA,0,2025-11-25T22:11:11Z
anm,,54,NA,0,2025-11-25T22:11:11Z
anm,,55,-3.3306690738754696e-16,0,2025-11-25T22:11:11Z
anm,,56,0,0.083,2025-11-25T22:11:11Z
anm,,57,4.440892098500626e-16,0.083,2025-11-25T22:11:11Z
anm,,58,0,0.084,2025-11-25T22:11:11Z
anm,,59,0,0.083,2025-11-25T22:11:11Z
anm,,60,0.0880956222941242,0.083,2025-11-25T22:11:11Z
anm,,61,0,0.084,2025-11-25T22:11:11Z
anm,,62,0,0.083,2025-11-25T22:11:11Z
anm,,63,-1.3322676295501878e-15,0.083,2025-11-25T22:11:11Z
anm,,64,0.0176655142040882,0.084,2025-11-25T22:11:11Z
anm,,65,-0.016851052727635,0.333,2025-11-25T22:11:12Z
anm,,66,6.391356864199338e-6,0.333,2025-11-25T22:11:12Z
anm,,67,0,0.334,2025-11-25T22:11:12Z
anm,,68,-0.0011143181612984,1,2025-11-25T22:11:12Z
anm,,69,2.220446049250313e-16,1,2025-11-25T22:11:21Z
anm,,70,0.7001745605275005,1,2025-11-25T22:11:25Z
anm,,71,NA,0,2025-11-25T22:11:25Z
anm,,72,-1.1102230246251563e-16,1,2025-11-25T22:11:25Z
anm,,73,0,0.083,2025-11-25T22:11:30Z
anm,,74,8.5482102640987e-4,0.083,2025-11-25T22:11:30Z
anm,,75,-0.0393849001549417,0.084,2025-11-25T22:11:30Z
anm,,76,7.105427357601002e-15,1,2025-11-25T22:11:30Z
anm,,77,-5.532961326633e-4,0.5,2025-11-25T22:11:39Z
anm,,78,0,0.3333,2025-11-25T22:11:39Z
anm,,79,0,0.3333,2025-11-25T22:11:39Z
anm,,80,0,0.3334,2025-11-25T22:11:39Z
anm,,81,-1.0125345953859e-4,0.3333,2025-11-25T22:11:39Z
anm,,82,0,0.3333,2025-11-25T22:11:39Z
anm,,83,-4.445854559165241e-5,0.3334,2025-11-25T22:11:39Z
anm,,84,0,1,2025-11-25T22:11:41Z
anm,,85,0,1,2025-11-25T22:11:41Z
anm,,86,8.881784197001252e-16,1,2025-11-25T22:11:41Z
anm,,87,-0.7183776406343627,1,2025-11-25T22:11:49Z
anm,,88,9.51663043124995e-5,1,2025-11-25T22:11:49Z
anm,,89,-3.1204295338316e-4,0.25,2025-11-25T22:11:49Z
anm,,90,2.1979528154902e-4,0.25,2025-11-25T22:11:49Z
anm,,91,1.7763568394002505e-15,0.25,2025-11-25T22:11:50Z
anm,,92,0,0.25,2025-11-25T22:11:50Z
anm,,93,0,1,2025-11-25T22:11:50Z
anm,,94,2.220446049250313e-16,0.3333,2025-11-25T22:11:58Z
anm,,95,7.7715611723761e-16,0.3333,2025-11-25T22:12:07Z
anm,,96,0,0.3333,2025-11-25T22:12:15Z
anm,,97,-0.0054036364619227,0.2,2025-11-25T22:12:15Z
anm,,98,0.0135161690987777,0.2,2025-11-25T22:12:15Z
anm,,99,0.0150935945029369,1,2025-11-25T22:12:16Z
anm,,100,0.0035741456561471,1,2025-11-25T22:12:16Z
anm,,101,0,0.5,2025-11-25T22:12:16Z
anm,,102,-0.0017912583719339,0.2,2025-11-25T22:12:16Z
anm,,103,0.0010205983805672,0.2,2025-11-25T22:12:16Z
anm,,104,-1.1102230246251563e-16,0.2,2025-11-25T22:12:16Z
anm,,105,NA,0.5,2025-11-25T22:12:16Z
anm,,106,0.0164354396859209,1,2025-11-25T22:12:16Z
anm,,107,1.63581820898535,1,2025-11-25T22:12:16Z
anm,,108,0.0031575604604565,1,2025-11-25T22:12:16Z
cds,,1,0.0232507150765299,0.166,2025-11-25T22:12:16Z
cds,,2,0.0237019820208144,0.166,2025-11-25T22:12:16Z
cds,,3,0.0097494136548511,0.167,2025-11-25T22:12:16Z
cds,,4,0.0117976769209007,0.166,2025-11-25T22:12:16Z
cds,,5,0.0193877130987744,0.143,2025-11-25T22:12:16Z
cds,,6,-0.0363900956951302,0.143,2025-11-25T22:12:16Z
cds,,7,0.029793619351555,0.143,2025-11-25T22:12:17Z
cds,,8,0.0401814574113234,0.143,2025-11-25T22:12:17Z
cds,,9,-0.0475048869242035,0.143,2025-11-25T22:12:17Z
cds,,10,-0.0348329782369012,0.143,2025-11-25T22:12:17Z
cds,,11,-0.0490495534861678,0.142,2025-11-25T22:12:17Z
cds,,12,-0.0355628107546514,0.5,2025-11-25T22:12:17Z
cds,,13,0.0125022398054062,0.25,2025-11-25T22:12:17Z
cds,,14,-0.0141435519112248,0.25,2025-11-25T22:12:17Z
cds,,15,-0.0213092520287013,0.25,2025-11-25T22:12:17Z
cds,,16,0.0022657479917083,0.25,2025-11-25T22:12:17Z
cds,,17,-0.1036352931361825,0.5,2025-11-25T22:12:17Z
cds,,18,0.026152601529974,1,2025-11-25T22:12:17Z
cds,,19,0.0544522369821093,1,2025-11-25T22:12:17Z
cds,,20,-0.0149380098388495,0.166,2025-11-25T22:12:17Z
cds,,21,-0.0279199343296952,0.167,2025-11-25T22:12:17Z
cds,,22,0.0151918352631525,0.333,2025-11-25T22:12:17Z
cds,,23,0.0112780155603021,0.333,2025-11-25T22:12:17Z
cds,,24,-0.0083372461090667,0.334,2025-11-25T22:12:17Z
cds,,25,0.0011929831470656,0.125,2025-11-25T22:12:17Z
cds,,26,0.0545905081425292,0.125,2025-11-25T22:12:17Z
cds,,27,0.0950434918336845,0.125,2025-11-25T22:12:17Z
cds,,28,0.0116452777204851,0.125,2025-11-25T22:12:17Z
cds,,29,0.0623759478302434,0.125,2025-11-25T22:12:17Z
cds,,30,0.0197011237808544,0.125,2025-11-25T22:12:17Z
cds,,31,0.0070569529682391,0.125,2025-11-25T22:12:17Z
cds,,32,0.0822816123034417,0.125,2025-11-25T22:12:17Z
cds,,33,0.0442999375605967,0.2,2025-11-25T22:12:17Z
cds,,34,0.0316487554377276,0.2,2025-11-25T22:12:17Z
cds,,35,0.0120123543400134,0.2,2025-11-25T22:12:17Z
cds,,36,0.0195224525281402,0.2,2025-11-25T22:12:17Z
cds,,37,0.0279256024251007,0.2,2025-11-25T22:12:17Z
cds,,38,0.0109368703514317,0.25,2025-11-25T22:12:17Z
cds,,39,0.0178510164518333,0.25,2025-11-25T22:12:18Z
cds,,40,0.0332820428851876,0.25,2025-11-25T22:12:18Z
cds,,41,0.0268722019838823,0.25,2025-11-25T22:12:18Z
cds,,42,0.1051448144029438,0.5,2025-11-25T22:12:18Z
cds,,43,0.0032373264775178,0.25,2025-11-25T22:12:18Z
cds,,44,-5.0262803896721e-4,0.25,2025-11-25T22:12:18Z
cds,,45,0.0127563101052784,0.25,2025-11-25T22:12:18Z
cds,,46,0.0040883932080054,0.25,2025-11-25T22:12:18Z
cds,,47,0.1997650710008848,1,2025-11-25T22:12:18Z
cds,,48,-0.0045718035174926,1,2025-11-25T22:12:18Z
cds,,49,0.0030977898929605,0.333,2025-11-25T22:12:18Z
cds,,50,0.0098444330251266,0.333,2025-11-25T22:12:18Z
cds,,51,0.0135314520992563,0.334,2025-11-25T22:12:18Z
cds,,52,0.0088533885197774,0,2025-11-25T22:12:18Z
cds,,55,0.014989764992162,0,2025-11-25T22:12:18Z
cds,,56,-0.0242265931516624,0.083,2025-11-25T22:12:18Z
cds,,57,-0.0363503122436873,0.083,2025-11-25T22:12:18Z
cds,,58,7.9989475603502e-4,0.084,2025-11-25T22:12:18Z
cds,,59,-0.0157977536322258,0.083,2025-11-25T22:12:18Z
cds,,60,0.003981789341669,0.083,2025-11-25T22:12:18Z
cds,,61,-0.0203137808580508,0.084,2025-11-25T22:12:18Z
cds,,62,-0.0118054090943715,0.083,2025-11-25T22:12:18Z
cds,,63,-0.0175988768288654,0.083,2025-11-25T22:12:18Z
cds,,64,0.0024240603008633,0.084,2025-11-25T22:12:18Z
cds,,65,0.0021134392645676,0.333,2025-11-25T22:12:18Z
cds,,66,8.4517330862436e-4,0.333,2025-11-25T22:12:19Z
cds,,67,-0.0020138373721204,0.334,2025-11-25T22:12:19Z
cds,,68,0.0253941488139156,1,2025-11-25T22:12:19Z
cds,,69,-0.0246140184548602,1,2025-11-25T22:12:19Z
cds,,70,-0.1209966755837494,1,2025-11-25T22:12:19Z
cds,,72,0.014078747036941,1,2025-11-25T22:12:19Z
cds,,73,0.0035983749988644,0.083,2025-11-25T22:12:19Z
cds,,74,0.0249850083923797,0.083,2025-11-25T22:12:19Z
cds,,75,-0.0200464634434077,0.084,2025-11-25T22:12:19Z
cds,,76,0.0054089109384352,1,2025-11-25T22:12:19Z
cds,,77,0.0215584949813686,0.5,2025-11-25T22:12:19Z
cds,,78,0.0514936269529604,0.3333,2025-11-25T22:12:19Z
cds,,79,0.0448250078594801,0.3333,2025-11-25T22:12:19Z
cds,,80,0.0861365538372655,0.3334,2025-11-25T22:12:19Z
cds,,81,0.0200530235922615,0.3333,2025-11-25T22:12:19Z
cds,,82,-0.0468054579519167,0.3333,2025-11-25T22:12:19Z
cds,,83,-0.0384228426714249,0.3334,2025-11-25T22:12:19Z
cds,,84,0.0073166069781886,1,2025-11-25T22:12:19Z
cds,,85,0.0236421637520488,1,2025-11-25T22:12:19Z
cds,,86,0.0271095343793869,1,2025-11-25T22:12:19Z
cds,,87,-0.1033265750478763,1,2025-11-25T22:12:19Z
cds,,88,-0.0023690078010252,1,2025-11-25T22:12:19Z
cds,,89,0.0013398102643195,0.25,2025-11-25T22:12:19Z
cds,,90,0.0020620142099311,0.25,2025-11-25T22:12:19Z
cds,,91,0.0605271589833877,0.25,2025-11-25T22:12:19Z
cds,,92,-0.0018964691878026,0.25,2025-11-25T22:12:19Z
cds,,93,-0.0199325039670709,1,2025-11-25T22:12:19Z
cds,,94,0.0562906811306022,0.3333,2025-11-25T22:12:19Z
cds,,95,0.0462618984916018,0.3333,2025-11-25T22:12:20Z
cds,,96,0.0416565382791355,0.3333,2025-11-25T22:12:20Z
cds,,97,0.0055384480278486,0.2,2025-11-25T22:12:20Z
cds,,98,0.0186186624861033,0.2,2025-11-25T22:12:20Z
cds,,99,0.0143023421060979,1,2025-11-25T22:12:20Z
cds,,100,-0.0010536108097507,1,2025-11-25T22:12:20Z
cds,,101,0.0334832145463153,0.5,2025-11-25T22:12:20Z
cds,,102,0.0108961478638265,0.2,2025-11-25T22:12:20Z
cds,,103,-0.0101132804708559,0.2,2025-11-25T22:12:20Z
cds,,104,-0.0170426730686341,0.2,2025-11-25T22:12:20Z
cds,,106,-0.0049607039718164,1,2025-11-25T22:12:20Z
cds,,107,-0.102335417477915,1,2025-11-25T22:12:20Z
cds,,108,-0.0437940877590811,1,2025-11-25T22:12:20Z
heci,,1,144.23306408599638,0.166,2025-11-25T22:12:20Z
heci,,2,-571.3506666496437,0.166,2025-11-25T22:12:20Z
heci,,3,803.2141529716982,0.167,2025-11-25T22:12:20Z
heci,,4,-451.7324617295262,0.166,2025-11-25T22:12:20Z
heci,,5,-2263.0979825689283,0.143,2025-11-25T22:12:20Z
heci,,6,-1734.9000497599154,0.143,2025-11-25T22:12:20Z
heci,,7,-2641.5170132483254,0.143,2025-11-25T22:12:20Z
heci,,8,13867.753956836385,0.143,2025-11-25T22:12:20Z
heci,,9,-4492.967249933998,0.143,2025-11-25T22:12:20Z
heci,,10,-2678.1660600871146,0.143,2025-11-25T22:12:20Z
heci,,11,-2204.550266731305,0.142,2025-11-25T22:12:20Z
heci,,12,15130.709410734791,0.5,2025-11-25T22:12:20Z
heci,,13,54.108771974252704,0.25,2025-11-25T22:12:20Z
heci,,14,-104.07332280916351,0.25,2025-11-25T22:12:20Z
heci,,15,79.38885151673503,0.25,2025-11-25T22:12:20Z
heci,,16,153.497397862277,0.25,2025-11-25T22:12:20Z
heci,,17,20807.921819029263,0.5,2025-11-25T22:12:20Z
heci,,18,438.792463987613,1,2025-11-25T22:12:20Z
heci,,19,-142.9907820250164,1,2025-11-25T22:12:20Z
heci,,20,1258.0172535362735,0.166,2025-11-25T22:12:21Z
heci,,21,101.82558385373407,0.167,2025-11-25T22:12:21Z
heci,,22,784.7404899524622,0.333,2025-11-25T22:12:21Z
heci,,23,1012.9868643809228,0.333,2025-11-25T22:12:21Z
heci,,24,778.2319507786956,0.334,2025-11-25T22:12:21Z
heci,,25,431.218671317537,0.125,2025-11-25T22:12:21Z
heci,,26,507.7223894190674,0.125,2025-11-25T22:12:21Z
heci,,27,1297.741339568753,0.125,2025-11-25T22:12:21Z
heci,,28,-450.5606568582398,0.125,2025-11-25T22:12:21Z
heci,,29,-358.56242097138875,0.125,2025-11-25T22:12:21Z
heci,,30,321.4244122500368,0.125,2025-11-25T22:12:21Z
heci,,31,-115.0179116589934,0.125,2025-11-25T22:12:21Z
heci,,32,-1148.734876678509,0.125,2025-11-25T22:12:21Z
heci,,33,353.0837899444207,0.2,2025-11-25T22:12:21Z
heci,,34,34.634017460995665,0.2,2025-11-25T22:12:21Z
heci,,35,206.5760376025387,0.2,2025-11-25T22:12:21Z
heci,,36,203.2777357103212,0.2,2025-11-25T22:12:21Z
heci,,37,187.8602784353361,0.2,2025-11-25T22:12:21Z
heci,,38,729.5838632952564,0.25,2025-11-25T22:12:21Z
heci,,39,185.42828374430428,0.25,2025-11-25T22:12:21Z
heci,,40,937.7061602127455,0.25,2025-11-25T22:12:21Z
heci,,41,-19.31174067175743,0.25,2025-11-25T22:12:21Z
heci,,42,27578.06722661284,0.5,2025-11-25T22:12:21Z
heci,,43,-985.5262370264973,0.25,2025-11-25T22:12:21Z
heci,,44,861.9132686398225,0.25,2025-11-25T22:12:21Z
heci,,45,-303.7052634820575,0.25,2025-11-25T22:12:22Z
heci,,46,-5346.476749017675,0.25,2025-11-25T22:12:22Z
heci,,47,NA,1,2025-11-25T22:12:22Z
heci,,48,1.842072308544061,1,2025-11-25T22:12:22Z
heci,,49,61.52188781895916,0.333,2025-11-25T22:12:22Z
heci,,50,117.88524369200628,0.333,2025-11-25T22:12:22Z
heci,,51,461.123015768238,0.334,2025-11-25T22:12:22Z
heci,,52,NA,0,2025-11-25T22:12:22Z
heci,,53,NA,0,2025-11-25T22:12:22Z
heci,,54,NA,0,2025-11-25T22:12:22Z
heci,,55,648.1699062234684,0,2025-11-25T22:12:22Z
heci,,56,-1.860009589950096,0.083,2025-11-25T22:12:22Z
heci,,57,-7.820552683732103,0.083,2025-11-25T22:12:22Z
heci,,58,112.6981420977944,0.084,2025-11-25T22:12:22Z
heci,,59,-60.0096068067013,0.083,2025-11-25T22:12:22Z
heci,,60,-47.62798268972438,0.083,2025-11-25T22:12:22Z
heci,,61,16.848209370600898,0.084,2025-11-25T22:12:22Z
heci,,62,155.8446120703221,0.083,2025-11-25T22:12:22Z
heci,,63,-12.344301006876435,0.083,2025-11-25T22:12:22Z
heci,,64,-16.68081120737429,0.084,2025-11-25T22:12:22Z
heci,,65,233.40121775576333,0.333,2025-11-25T22:12:22Z
heci,,66,-616.0402004852676,0.333,2025-11-25T22:12:22Z
heci,,67,-531.7201992291848,0.334,2025-11-25T22:12:22Z
heci,,68,1068.5981694709517,1,2025-11-25T22:12:22Z
heci,,69,-327.463066975979,1,2025-11-25T22:12:22Z
heci,,70,NA,1,2025-11-25T22:12:22Z
heci,,71,NA,0,2025-11-25T22:12:22Z
heci,,72,1802.7531658098435,1,2025-11-25T22:12:22Z
heci,,73,176.75288377698598,0.083,2025-11-25T22:12:22Z
heci,,74,-365.8536365910513,0.083,2025-11-25T22:12:22Z
heci,,75,-256.7880235299365,0.084,2025-11-25T22:12:23Z
heci,,76,119.75493200760138,1,2025-11-25T22:12:23Z
heci,,77,10473.60461337678,0.5,2025-11-25T22:12:23Z
heci,,78,606.5498731876041,0.3333,2025-11-25T22:12:23Z
heci,,79,-94.61310699096975,0.3333,2025-11-25T22:12:23Z
heci,,80,102.93621097836969,0.3334,2025-11-25T22:12:23Z
heci,,81,283.5617512197259,0.3333,2025-11-25T22:12:23Z
heci,,82,116.53613787062524,0.3333,2025-11-25T22:12:23Z
heci,,83,51.29351158298459,0.3334,2025-11-25T22:12:23Z
heci,,84,-397.6965605575679,1,2025-11-25T22:12:23Z
heci,,85,2117.7254499460887,1,2025-11-25T22:12:23Z
heci,,86,-622.2878043342216,1,2025-11-25T22:12:23Z
heci,,87,23236.429125700877,1,2025-11-25T22:12:23Z
heci,,88,366.9688437013565,1,2025-11-25T22:12:23Z
heci,,89,-50.72573066036057,0.25,2025-11-25T22:12:23Z
heci,,90,-51.289576119067306,0.25,2025-11-25T22:12:23Z
heci,,91,-65.3875259750514,0.25,2025-11-25T22:12:23Z
heci,,92,52.808846217435416,0.25,2025-11-25T22:12:23Z
heci,,93,287.87845586676167,1,2025-11-25T22:12:23Z
heci,,94,9717.306495612283,0.3333,2025-11-25T22:12:23Z
heci,,95,26268.871701108492,0.3333,2025-11-25T22:12:23Z
heci,,96,14618.908546771148,0.3333,2025-11-25T22:12:23Z
heci,,97,-121.61861082328858,0.2,2025-11-25T22:12:23Z
heci,,98,-12.793816358523486,0.2,2025-11-25T22:12:23Z
heci,,99,2648.345833407482,1,2025-11-25T22:12:23Z
heci,,100,101.6796802935678,1,2025-11-25T22:12:24Z
heci,,101,-154.38375009180936,0.5,2025-11-25T22:12:24Z
heci,,102,-104.76881818102112,0.2,2025-11-25T22:12:24Z
heci,,103,18.69454501500724,0.2,2025-11-25T22:12:24Z
heci,,104,115.79448212658832,0.2,2025-11-25T22:12:24Z
heci,,105,NA,0.5,2025-11-25T22:12:24Z
heci,,106,133.23051240447091,1,2025-11-25T22:12:24Z
heci,,107,NA,1,2025-11-25T22:12:24Z
heci,,108,229.41795624469532,1,2025-11-25T22:12:24Z
lcube,,1,NA,0.166,2025-11-25T22:12:24Z
lcube,,2,NA,0.166,2025-11-25T22:12:24Z
lcube,,3,NA,0.167,2025-11-25T22:12:24Z
lcube,,4,NA,0.166,2025-11-25T22:12:24Z
lcube,,5,NA,0.143,2025-11-25T22:12:24Z
lcube,,6,NA,0.143,2025-11-25T22:12:24Z
lcube,,7,NA,0.143,2025-11-25T22:12:24Z
lcube,,8,NA,0.143,2025-11-25T22:12:24Z
lcube,,9,NA,0.143,2025-11-25T22:12:24Z
lcube,,10,NA,0.143,2025-11-25T22:12:24Z
lcube,,11,NA,0.142,2025-11-25T22:12:24Z
lcube,,12,NA,0.5,2025-11-25T22:12:24Z
lcube,,13,946.131481266268,0.25,2025-11-25T22:12:24Z
lcube,,14,589.7087988677091,0.25,2025-11-25T22:12:24Z
lcube,,15,1769.4052738867026,0.25,2025-11-25T22:12:24Z
lcube,,16,1004.3555872036944,0.25,2025-11-25T22:12:24Z
lcube,,17,NA,0.5,2025-11-25T22:12:24Z
lcube,,18,-218.04463832537343,1,2025-11-25T22:12:24Z
lcube,,19,-491.7833063427136,1,2025-11-25T22:12:24Z
lcube,,20,NA,0.166,2025-11-25T22:12:24Z
lcube,,21,-1810.63131651,0.167,2025-11-25T22:12:24Z
lcube,,22,256.0254146550824,0.333,2025-11-25T22:12:24Z
lcube,,23,NA,0.333,2025-11-25T22:12:24Z
lcube,,24,NA,0.334,2025-11-25T22:12:24Z
lcube,,25,1887.7593362216369,0.125,2025-11-25T22:12:24Z
lcube,,26,1702.8647206585665,0.125,2025-11-25T22:12:24Z
lcube,,27,NA,0.125,2025-11-25T22:12:24Z
lcube,,28,299.17464350314003,0.125,2025-11-25T22:12:24Z
lcube,,29,NA,0.125,2025-11-25T22:12:24Z
lcube,,30,1593.0584919038793,0.125,2025-11-25T22:12:24Z
lcube,,31,NA,0.125,2025-11-25T22:12:24Z
lcube,,32,NA,0.125,2025-11-25T22:12:25Z
lcube,,33,NA,0.2,2025-11-25T22:12:25Z
lcube,,34,-584.48336003247,0.2,2025-11-25T22:12:25Z
lcube,,35,-618.8023188949887,0.2,2025-11-25T22:12:25Z
lcube,,36,-386.74433824968247,0.2,2025-11-25T22:12:25Z
lcube,,37,-854.628585784095,0.2,2025-11-25T22:12:25Z
lcube,,38,NA,0.25,2025-11-25T22:12:25Z
lcube,,39,NA,0.25,2025-11-25T22:12:25Z
lcube,,40,NA,0.25,2025-11-25T22:12:25Z
lcube,,41,NA,0.25,2025-11-25T22:12:25Z
lcube,,42,NA,0.5,2025-11-25T22:12:25Z
lcube,,43,NA,0.25,2025-11-25T22:12:26Z
lcube,,44,NA,0.25,2025-11-25T22:12:26Z
lcube,,45,NA,0.25,2025-11-25T22:12:27Z
lcube,,46,-1636.4062889650522,0.25,2025-11-25T22:12:28Z
lcube,,47,NA,1,2025-11-25T22:12:28Z
lcube,,48,245.35126045746307,1,2025-11-25T22:12:28Z
lcube,,49,-465.0882581160172,0.333,2025-11-25T22:12:28Z
lcube,,50,-407.955657671423,0.333,2025-11-25T22:12:28Z
lcube,,51,-263.51242205237133,0.334,2025-11-25T22:12:28Z
lcube,,52,NA,0,2025-11-25T22:12:28Z
lcube,,53,NA,0,2025-11-25T22:12:28Z
lcube,,54,NA,0,2025-11-25T22:12:28Z
lcube,,55,-557.0325448033154,0,2025-11-25T22:12:28Z
lcube,,56,149.47311365659652,0.083,2025-11-25T22:12:28Z
lcube,,57,158.99131105487106,0.083,2025-11-25T22:12:28Z
lcube,,58,157.36618411530537,0.084,2025-11-25T22:12:28Z
lcube,,59,167.48326231246966,0.083,2025-11-25T22:12:28Z
lcube,,60,168.1963659062734,0.083,2025-11-25T22:12:28Z
lcube,,61,177.61618383967158,0.084,2025-11-25T22:12:28Z
lcube,,62,179.32442001675855,0.083,2025-11-25T22:12:28Z
lcube,,63,193.7376581182095,0.083,2025-11-25T22:12:28Z
lcube,,64,-123.528397944524,0.084,2025-11-25T22:12:28Z
lcube,,65,NA,0.333,2025-11-25T22:12:28Z
lcube,,66,NA,0.333,2025-11-25T22:12:28Z
lcube,,67,NA,0.334,2025-11-25T22:12:28Z
lcube,,68,NA,1,2025-11-25T22:12:28Z
lcube,,69,NA,1,2025-11-25T22:12:29Z
lcube,,70,NA,1,2025-11-25T22:12:29Z
lcube,,71,NA,0,2025-11-25T22:12:29Z
lcube,,72,NA,1,2025-11-25T22:12:29Z
lcube,,73,NA,0.083,2025-11-25T22:12:29Z
lcube,,74,1372.7809312612114,0.083,2025-11-25T22:12:29Z
lcube,,75,1146.634733724211,0.084,2025-11-25T22:12:29Z
lcube,,76,-113.78785205300646,1,2025-11-25T22:12:29Z
lcube,,77,NA,0.5,2025-11-25T22:12:29Z
lcube,,78,3021.96171489834,0.3333,2025-11-25T22:12:29Z
lcube,,79,2191.8700444918127,0.3333,2025-11-25T22:12:29Z
lcube,,80,2902.627493962408,0.3334,2025-11-25T22:12:29Z
lcube,,81,461.44016133894695,0.3333,2025-11-25T22:12:29Z
lcube,,82,493.1080248194049,0.3333,2025-11-25T22:12:29Z
lcube,,83,578.6820385216546,0.3334,2025-11-25T22:12:29Z
lcube,,84,NA,1,2025-11-25T22:12:29Z
lcube,,85,2529.689630028779,1,2025-11-25T22:12:29Z
lcube,,86,NA,1,2025-11-25T22:12:29Z
lcube,,87,NA,1,2025-11-25T22:12:29Z
lcube,,88,1187.775410265251,1,2025-11-25T22:12:30Z
lcube,,89,-69.43144234083059,0.25,2025-11-25T22:12:30Z
lcube,,90,-54.60688442591763,0.25,2025-11-25T22:12:30Z
lcube,,91,453.3152355176409,0.25,2025-11-25T22:12:30Z
lcube,,92,333.91315866514964,0.25,2025-11-25T22:12:30Z
lcube,,93,50.45413985442866,1,2025-11-25T22:12:30Z
lcube,,94,NA,0.3333,2025-11-25T22:12:30Z
lcube,,95,NA,0.3333,2025-11-25T22:12:30Z
lcube,,96,NA,0.3333,2025-11-25T22:12:31Z
lcube,,97,-109.77141151528464,0.2,2025-11-25T22:12:31Z
lcube,,98,122.7020314327318,0.2,2025-11-25T22:12:31Z
lcube,,99,NA,1,2025-11-25T22:12:31Z
lcube,,100,5.415313852487358,1,2025-11-25T22:12:31Z
lcube,,101,387.7468773291949,0.5,2025-11-25T22:12:31Z
lcube,,102,222.39480121133124,0.2,2025-11-25T22:12:31Z
lcube,,103,304.6135409225585,0.2,2025-11-25T22:12:31Z
lcube,,104,73.25232385953575,0.2,2025-11-25T22:12:31Z
lcube,,105,NA,0.5,2025-11-25T22:12:31Z
lcube,,106,-346.73223126718744,1,2025-11-25T22:12:31Z
lcube,,107,NA,1,2025-11-25T22:12:31Z
lcube,,108,-464.7767012381661,1,2025-11-25T22:12:31Z
loci,,1,0.0034663892043699,0.166,2025-11-25T22:12:53Z
loci,,2,0.0062682205119466,0.166,2025-11-25T22:13:12Z
loci,,3,-2.6860618571826e-4,0.167,2025-11-25T22:13:31Z
loci,,4,-8.9872394815215e-4,0.166,2025-11-25T22:13:50Z
loci,,5,5.2253749155679e-4,0.143,2025-11-25T22:15:32Z
loci,,6,-2.9696271695188e-4,0.143,2025-11-25T22:17:16Z
loci,,7,3.2573628723505e-4,0.143,2025-11-25T22:18:58Z
loci,,8,3.6330989400647e-4,0.143,2025-11-25T22:20:38Z
nncl,,1,1.733255020999835,0.166,2025-11-25T22:21:48Z
nncl,,2,-1.6902282213428756,0.166,2025-11-25T22:21:48Z
nncl,,3,-45.39256969474731,0.167,2025-11-25T22:21:48Z
nncl,,4,2.6207225237009006,0.166,2025-11-25T22:21:48Z
nncl,,5,1.3779248838511045,0.143,2025-11-25T22:21:48Z
nncl,,6,1.752240738454366,0.143,2025-11-25T22:21:48Z
nncl,,7,1.5155269425224698,0.143,2025-11-25T22:21:48Z
nncl,,8,-1.7037031395923443,0.143,2025-11-25T22:21:48Z
nncl,,9,2.072074637107037,0.143,2025-11-25T22:21:48Z
nncl,,10,2.68408526414247,0.143,2025-11-25T22:21:49Z
nncl,,11,2.3008689146269607,0.142,2025-11-25T22:21:49Z
nncl,,12,1.6887611886254257,0.5,2025-11-25T22:21:49Z
nncl,,13,1.2460749602478685,0.25,2025-11-25T22:21:49Z
nncl,,14,1.0857621793609429,0.25,2025-11-25T22:21:49Z
nncl,,15,1.1720479807652968,0.25,2025-11-25T22:21:49Z
nncl,,16,2.147445610045334,0.25,2025-11-25T22:21:49Z
nncl,,17,-7.716454655543728,0.5,2025-11-25T22:21:49Z
nncl,,18,1.0821595771002372,1,2025-11-25T22:21:49Z
nncl,,19,-1.0331642691671197,1,2025-11-25T22:21:49Z
nncl,,20,1.5309263653554948,0.166,2025-11-25T22:21:49Z
nncl,,21,-3.985858251049972,0.167,2025-11-25T22:21:49Z
nncl,,22,-1.8262807595525083,0.333,2025-11-25T22:21:49Z
nncl,,23,-1.0064699920991582,0.333,2025-11-25T22:21:49Z
nncl,,24,-1.22722039897421,0.334,2025-11-25T22:21:49Z
nncl,,25,1.3544726218920902,0.125,2025-11-25T22:21:49Z
nncl,,26,-3.42997691201459,0.125,2025-11-25T22:21:49Z
nncl,,27,1.4560923469304046,0.125,2025-11-25T22:21:49Z
nncl,,28,-2.1850729076504543,0.125,2025-11-25T22:21:49Z
nncl,,29,-1.3226206315522588,0.125,2025-11-25T22:21:49Z
nncl,,30,4.464732237510527,0.125,2025-11-25T22:21:49Z
nncl,,31,-63.4631166928657,0.125,2025-11-25T22:21:49Z
nncl,,32,3.872890158335177,0.125,2025-11-25T22:21:49Z
nncl,,33,-12.533804062237632,0.2,2025-11-25T22:21:49Z
nncl,,34,-19.842683037291582,0.2,2025-11-25T22:21:49Z
nncl,,35,1.0778333172166736,0.2,2025-11-25T22:21:49Z
nncl,,36,-1.80130585506324,0.2,2025-11-25T22:21:49Z
nncl,,37,3.340758502788733,0.2,2025-11-25T22:21:49Z
nncl,,38,3.1924741451149607,0.25,2025-11-25T22:21:49Z
nncl,,39,1.972806637463532,0.25,2025-11-25T22:21:49Z
nncl,,40,1.4251796363998752,0.25,2025-11-25T22:21:49Z
nncl,,41,-1.8638060468555755,0.25,2025-11-25T22:21:49Z
nncl,,42,196.74433486465784,0.5,2025-11-25T22:21:49Z
nncl,,43,1.002949168945224,0.25,2025-11-25T22:21:49Z
nncl,,44,-1.0004490043923602,0.25,2025-11-25T22:21:49Z
nncl,,45,-1.0696358820476912,0.25,2025-11-25T22:21:49Z
nncl,,46,-1.7731342348503571,0.25,2025-11-25T22:21:49Z
nncl,,47,NA,1,2025-11-25T22:21:49Z
nncl,,48,-5.5647996694362805,1,2025-11-25T22:21:49Z
nncl,,49,1.9049529398939733,0.333,2025-11-25T22:21:49Z
nncl,,50,-1.3727578295809828,0.333,2025-11-25T22:21:49Z
nncl,,51,6.184182616411071,0.334,2025-11-25T22:21:49Z
nncl,,52,NA,0,2025-11-25T22:21:49Z
nncl,,53,NA,0,2025-11-25T22:21:49Z
nncl,,54,NA,0,2025-11-25T22:21:49Z
nncl,,55,-8.993960072140219,0,2025-11-25T22:21:49Z
nncl,,56,-1.2759510199173725,0.083,2025-11-25T22:21:49Z
nncl,,57,1.0979721365057802,0.083,2025-11-25T22:21:49Z
nncl,,58,1.3317072020081824,0.084,2025-11-25T22:21:49Z
nncl,,59,4.114367004191274,0.083,2025-11-25T22:21:49Z
nncl,,60,1.5290993316284225,0.083,2025-11-25T22:21:49Z
nncl,,61,-2.891722161691614,0.084,2025-11-25T22:21:49Z
nncl,,62,1.3373799221660516,0.083,2025-11-25T22:21:49Z
nncl,,63,18.124006321535397,0.083,2025-11-25T22:21:49Z
nncl,,64,2.434430710506021,0.084,2025-11-25T22:21:49Z
nncl,,65,1.2543410448908745,0.333,2025-11-25T22:21:49Z
nncl,,66,-1.1068485893653135,0.333,2025-11-25T22:21:49Z
nncl,,67,-1.0223494491850391,0.334,2025-11-25T22:21:49Z
nncl,,68,1.9587011723650176,1,2025-11-25T22:21:49Z
nncl,,69,-1.0799429870003256,1,2025-11-25T22:21:49Z
nncl,,70,NA,1,2025-11-25T22:21:49Z
nncl,,71,NA,0,2025-11-25T22:21:49Z
nncl,,72,2.186968292619309,1,2025-11-25T22:21:49Z
nncl,,73,-1.274833622679152,0.083,2025-11-25T22:21:49Z
nncl,,74,1.0521951883278575,0.083,2025-11-25T22:21:49Z
nncl,,75,-1.2468370339920132,0.084,2025-11-25T22:21:49Z
nncl,,76,-1.0067673374045387,1,2025-11-25T22:21:49Z
nncl,,77,1.5320279005928708,0.5,2025-11-25T22:21:49Z
nncl,,78,1.415462628178093,0.3333,2025-11-25T22:21:49Z
nncl,,79,1.0106978921878411,0.3333,2025-11-25T22:21:49Z
nncl,,80,2.148465966905028,0.3334,2025-11-25T22:21:49Z
nncl,,81,1.1699523253133683,0.3333,2025-11-25T22:21:49Z
nncl,,82,-1.5808240893501158,0.3333,2025-11-25T22:21:49Z
nncl,,83,1.0411238138956145,0.3334,2025-11-25T22:21:49Z
nncl,,84,-1.0039362044965652,1,2025-11-25T22:21:49Z
nncl,,85,2.180050824643744,1,2025-11-25T22:21:49Z
nncl,,86,2.362735095092007,1,2025-11-25T22:21:49Z
nncl,,87,2.0732224191269237,1,2025-11-25T22:21:49Z
nncl,,88,2.088969782768845,1,2025-11-25T22:21:50Z
nncl,,89,-3.737401261624637,0.25,2025-11-25T22:21:50Z
nncl,,90,2.397152419531061,0.25,2025-11-25T22:21:50Z
nncl,,91,2.92038797766475,0.25,2025-11-25T22:21:50Z
nncl,,92,1.1970554812644572,0.25,2025-11-25T22:21:50Z
nncl,,93,-1.0107343422802155,1,2025-11-25T22:21:50Z
nncl,,94,38.751033393015135,0.3333,2025-11-25T22:21:50Z
nncl,,95,1.240633276598466,0.3333,2025-11-25T22:21:50Z
nncl,,96,-1.1549686945216084,0.3333,2025-11-25T22:21:50Z
nncl,,97,-1.932270635101193,0.2,2025-11-25T22:21:50Z
nncl,,98,1.010512309060393,0.2,2025-11-25T22:21:50Z
nncl,,99,-1.826838846758174,1,2025-11-25T22:21:50Z
nncl,,100,-1.2104878878588154,1,2025-11-25T22:21:50Z
nncl,,101,1.002765035721409,0.5,2025-11-25T22:21:50Z
nncl,,102,5.168822767865061,0.2,2025-11-25T22:21:50Z
nncl,,103,-1.1201934542141685,0.2,2025-11-25T22:21:50Z
nncl,,104,1.7023919916394192,0.2,2025-11-25T22:21:50Z
nncl,,105,NA,0.5,2025-11-25T22:21:50Z
nncl,,106,-1.019470249819484,1,2025-11-25T22:21:50Z
nncl,,107,NA,1,2025-11-25T22:21:50Z
nncl,,108,1.0790662204982524,1,2025-11-25T22:21:50Z
reci,,1,-5.5033010073555e-4,0.166,2025-11-25T22:21:50Z
reci,,2,-0.0283427745438107,0.166,2025-11-25T22:21:50Z
reci,,3,0.0356548446688959,0.167,2025-11-25T22:21:50Z
reci,,4,-0.0150468474870989,0.166,2025-11-25T22:21:50Z
reci,,5,-0.0136608630505401,0.143,2025-11-25T22:21:50Z
reci,,6,-0.0047771487301343,0.143,2025-11-25T22:21:50Z
reci,,7,-0.0149400673507177,0.143,2025-11-25T22:21:50Z
reci,,8,0.0120310449758706,0.143,2025-11-25T22:21:50Z
reci,,9,-0.0149007833701998,0.143,2025-11-25T22:21:50Z
reci,,10,-0.0084483962227755,0.143,2025-11-25T22:21:50Z
reci,,11,-0.0068789764462748,0.142,2025-11-25T22:21:50Z
reci,,12,0.0262997437235732,0.5,2025-11-25T22:21:50Z
reci,,13,0.0242617868079008,0.25,2025-11-25T22:21:50Z
reci,,14,3.4220634963972e-4,0.25,2025-11-25T22:21:50Z
reci,,15,0.0146986836076045,0.25,2025-11-25T22:21:50Z
reci,,16,0.0144237425532122,0.25,2025-11-25T22:21:50Z
reci,,17,0.0422797020917346,0.5,2025-11-25T22:21:50Z
reci,,18,0.0499710895076702,1,2025-11-25T22:21:50Z
reci,,19,0.0095473502136987,1,2025-11-25T22:21:50Z
reci,,20,0.0607392931324938,0.166,2025-11-25T22:21:50Z
reci,,21,0.0096113000181774,0.167,2025-11-25T22:21:50Z
reci,,22,0.0235361411058714,0.333,2025-11-25T22:21:50Z
reci,,23,0.0288391907578157,0.333,2025-11-25T22:21:50Z
reci,,24,0.023655182287455,0.334,2025-11-25T22:21:50Z
reci,,25,0.010247887632437,0.125,2025-11-25T22:21:50Z
reci,,26,0.0128985134641106,0.125,2025-11-25T22:21:50Z
reci,,27,0.0573054042151877,0.125,2025-11-25T22:21:50Z
reci,,28,-0.0162002281214119,0.125,2025-11-25T22:21:50Z
reci,,29,-0.0103104376722278,0.125,2025-11-25T22:21:50Z
reci,,30,0.007370058131573,0.125,2025-11-25T22:21:50Z
reci,,31,-0.0027369149344635,0.125,2025-11-25T22:21:50Z
reci,,32,-0.0141622078697098,0.125,2025-11-25T22:21:50Z
reci,,33,0.0118341763920428,0.2,2025-11-25T22:21:50Z
reci,,34,0.0024936322097145,0.2,2025-11-25T22:21:50Z
reci,,35,0.0117207714025154,0.2,2025-11-25T22:21:50Z
reci,,36,0.0109347881225717,0.2,2025-11-25T22:21:50Z
reci,,37,0.0103327237800059,0.2,2025-11-25T22:21:50Z
reci,,38,0.0180117126140818,0.25,2025-11-25T22:21:50Z
reci,,39,0.0084341201540963,0.25,2025-11-25T22:21:50Z
reci,,40,0.0204009996637905,0.25,2025-11-25T22:21:50Z
reci,,41,-0.0013345152522095,0.25,2025-11-25T22:21:50Z
reci,,42,0.0593388593514823,0.5,2025-11-25T22:21:50Z
reci,,43,1.2741507385356e-4,0.25,2025-11-25T22:21:50Z
reci,,44,-9.066813730810727e-5,0.25,2025-11-25T22:21:50Z
reci,,45,0.0020805099838906,0.25,2025-11-25T22:21:50Z
reci,,46,-0.0034858225877616,0.25,2025-11-25T22:21:50Z
reci,,47,0.2012349845765868,1,2025-11-25T22:21:50Z
reci,,48,-0.0028343966801523,1,2025-11-25T22:21:50Z
reci,,49,0.0068899518499545,0.333,2025-11-25T22:21:50Z
reci,,50,0.0084751515678597,0.333,2025-11-25T22:21:50Z
reci,,51,0.0246635470911682,0.334,2025-11-25T22:21:50Z
reci,,52,-2.1193846785595e-4,0,2025-11-25T22:21:50Z
reci,,55,0.0142073400169063,0,2025-11-25T22:21:50Z
reci,,56,-0.0071626293924618,0.083,2025-11-25T22:21:50Z
reci,,57,-0.0058450056193813,0.083,2025-11-25T22:21:50Z
reci,,58,0.0128214634649698,0.084,2025-11-25T22:21:50Z
reci,,59,-0.01371795334115,0.083,2025-11-25T22:21:50Z
reci,,60,-0.0127946216455851,0.083,2025-11-25T22:21:50Z
reci,,61,-0.0012339783973748,0.084,2025-11-25T22:21:50Z
reci,,62,0.0167415085224364,0.083,2025-11-25T22:21:50Z
reci,,63,-0.0050814926319734,0.083,2025-11-25T22:21:50Z
reci,,64,0.0113018219951119,0.084,2025-11-25T22:21:50Z
reci,,65,5.116844409785e-4,0.333,2025-11-25T22:21:50Z
reci,,66,-0.0012329057501041,0.333,2025-11-25T22:21:51Z
reci,,67,-0.0012273828848679,0.334,2025-11-25T22:21:51Z
reci,,68,-0.0058298218402276,1,2025-11-25T22:21:51Z
reci,,69,-0.0063836250337774,1,2025-11-25T22:21:51Z
reci,,70,-0.1122764253347324,1,2025-11-25T22:21:51Z
reci,,72,0.0198785658048302,1,2025-11-25T22:21:51Z
reci,,73,0.0089406083243965,0.083,2025-11-25T22:21:51Z
reci,,74,-0.0485375417588978,0.083,2025-11-25T22:21:51Z
reci,,75,-0.0144261725199082,0.084,2025-11-25T22:21:51Z
reci,,76,0.0045935553437396,1,2025-11-25T22:21:51Z
reci,,77,0.0161428072855742,0.5,2025-11-25T22:21:51Z
reci,,78,0.0019296411260069,0.3333,2025-11-25T22:21:51Z
reci,,79,-0.0095203927522559,0.3333,2025-11-25T22:21:51Z
reci,,80,0.0044211845857669,0.3334,2025-11-25T22:21:51Z
reci,,81,0.0193436078000391,0.3333,2025-11-25T22:21:51Z
reci,,82,0.0082174414623292,0.3333,2025-11-25T22:21:51Z
reci,,83,0.0110383296502631,0.3334,2025-11-25T22:21:51Z
reci,,84,2.2468291983772e-4,1,2025-11-25T22:21:51Z
reci,,85,0.0672008380001947,1,2025-11-25T22:21:51Z
reci,,86,-0.0116130263313124,1,2025-11-25T22:21:51Z
reci,,87,0.0125457777786184,1,2025-11-25T22:21:51Z
reci,,88,0.0364966083953559,1,2025-11-25T22:21:51Z
reci,,89,-0.0088084549578541,0.25,2025-11-25T22:21:51Z
reci,,90,-0.0069507430060364,0.25,2025-11-25T22:21:51Z
reci,,91,0.0144855282327695,0.25,2025-11-25T22:21:51Z
reci,,92,0.0340470595227633,0.25,2025-11-25T22:21:51Z
reci,,93,0.0077152510547333,1,2025-11-25T22:21:51Z
reci,,94,0.0459546691102412,0.3333,2025-11-25T22:21:51Z
reci,,95,0.0737028751270933,0.3333,2025-11-25T22:21:51Z
reci,,96,0.0224716585949533,0.3333,2025-11-25T22:21:51Z
reci,,97,-0.0170879909553712,0.2,2025-11-25T22:21:51Z
reci,,98,-0.0020032793084886,0.2,2025-11-25T22:21:51Z
reci,,99,0.0344113636753144,1,2025-11-25T22:21:51Z
reci,,100,0.0069903639344462,1,2025-11-25T22:21:51Z
reci,,101,0.0418109635754159,0.5,2025-11-25T22:21:51Z
reci,,102,-0.0301423640234343,0.2,2025-11-25T22:21:51Z
reci,,103,0.0046182703170516,0.2,2025-11-25T22:21:51Z
reci,,104,0.0431013880018197,0.2,2025-11-25T22:21:51Z
reci,,106,0.0082940061205466,1,2025-11-25T22:21:51Z
reci,,107,-0.0671729259219319,1,2025-11-25T22:21:51Z
reci,,108,0.0542294860571283,1,2025-11-25T22:21:51Z
loci,,9,-1.6661958717107e-4,0.143,2025-11-25T22:23:27Z
loci,,10,8.916337904683e-4,0.143,2025-11-25T22:25:05Z
loci,,11,9.0090644163978e-4,0.142,2025-11-25T22:26:46Z
loci,,12,0.0011924798765573,0.5,2025-11-25T22:28:56Z
loci,,13,-0.0634791241623818,0.25,2025-11-25T22:29:17Z
loci,,14,0.0017845297142667,0.25,2025-11-25T22:29:38Z
loci,,15,-0.0660388508086864,0.25,2025-11-25T22:30:00Z
loci,,16,0.0044597127924611,0.25,2025-11-25T22:30:22Z
loci,,17,-0.0282258500087167,0.5,2025-11-25T22:32:36Z
loci,,18,7.729968572192e-4,1,2025-11-25T22:32:57Z
loci,,19,0.0046965229103514,1,2025-11-25T22:33:15Z
loci,,20,-0.0020524464202308,0.166,2025-11-25T22:33:35Z
loci,,21,0.0079412073530618,0.167,2025-11-25T22:33:56Z
loci,,22,7.5088737207878e-4,0.333,2025-11-25T22:34:17Z
loci,,23,0.0014812575636928,0.333,2025-11-25T22:34:39Z
loci,,24,6.0813932909875e-4,0.334,2025-11-25T22:35:01Z
loci,,25,-0.0092621846044393,0.125,2025-11-25T22:35:33Z
loci,,26,0.0022491351873069,0.125,2025-11-25T22:36:06Z
loci,,27,0.0034431626729756,0.125,2025-11-25T22:36:39Z
loci,,28,-0.0056298549609742,0.125,2025-11-25T22:37:12Z
loci,,29,0.0026724805556774,0.125,2025-11-25T22:37:45Z
loci,,30,-0.0016953818497116,0.125,2025-11-25T22:38:18Z
loci,,31,-8.3156114693667e-4,0.125,2025-11-25T22:38:51Z
loci,,32,0.002268248678157,0.125,2025-11-25T22:39:25Z
loci,,33,0.001082668468266,0.2,2025-11-25T22:39:46Z
loci,,34,0.001053713549772,0.2,2025-11-25T22:40:06Z
loci,,35,-0.0031960273924381,0.2,2025-11-25T22:40:27Z
loci,,36,-9.8599865654843e-4,0.2,2025-11-25T22:40:47Z
loci,,37,-0.0012420385355863,0.2,2025-11-25T22:41:08Z
loci,,38,7.7020736932743e-4,0.25,2025-11-25T22:41:35Z
loci,,39,9.1863970891947e-4,0.25,2025-11-25T22:41:56Z
loci,,40,0.0033744537514624,0.25,2025-11-25T22:42:23Z
loci,,41,0.0039087022459625,0.25,2025-11-25T22:42:51Z
loci,,42,0.0049946456973206,0.5,2025-11-25T22:47:28Z
loci,,43,5.273559366969498e-16,0.25,2025-11-25T22:52:42Z
loci,,44,0,0.25,2025-11-25T22:58:15Z
loci,,45,0,0.25,2025-11-25T23:03:46Z
loci,,46,0.0016455915281582,0.25,2025-11-25T23:09:05Z
loci,,47,-0.0079710966582918,1,2025-11-25T23:09:25Z
loci,,48,0.0072877770145542,1,2025-11-25T23:09:43Z
loci,,49,0.0016591935918446,0.333,2025-11-25T23:10:04Z
loci,,50,9.888064971542e-4,0.333,2025-11-25T23:10:24Z
loci,,51,-0.001375977771547,0.334,2025-11-25T23:10:45Z
loci,,52,NA,0,2025-11-25T23:10:45Z
loci,,53,NA,0,2025-11-25T23:10:45Z
loci,,54,NA,0,2025-11-25T23:10:45Z
loci,,55,0.0012214013923529,0,2025-11-25T23:11:19Z
loci,,56,-0.0016727580162592,0.083,2025-11-25T23:11:37Z
loci,,57,-0.0035957105886799,0.083,2025-11-25T23:11:55Z
loci,,58,0.0106670448696193,0.084,2025-11-25T23:12:13Z
loci,,59,-0.00495657399852,0.083,2025-11-25T23:12:31Z
loci,,60,0.0012790699114158,0.083,2025-11-25T23:12:49Z
loci,,61,0.0103416631258815,0.084,2025-11-25T23:13:08Z
loci,,62,0.0098376568845271,0.083,2025-11-25T23:13:25Z
loci,,63,-0.0016985110536553,0.083,2025-11-25T23:13:43Z
loci,,64,3.3883208965914e-4,0.084,2025-11-25T23:14:00Z
loci,,65,2.0478548620749e-4,0.333,2025-11-25T23:14:38Z
reci,,53,NA,0,2025-11-25T23:17:51Z
reci,,54,NA,0,2025-11-25T23:17:51Z
reci,,71,NA,0,2025-11-25T23:17:51Z
reci,,105,NA,0.5,2025-11-25T23:17:51Z
cds,,1,0.0232507150765299,0.166,2025-11-26T03:13:39Z
cds,,2,0.0237019820208144,0.166,2025-11-26T03:13:39Z
cds,,3,0.0097494136548511,0.167,2025-11-26T03:13:39Z
cds,,4,0.0117976769209007,0.166,2025-11-26T03:13:39Z
cds,,5,0.0193877130987744,0.143,2025-11-26T03:13:39Z
cds,,6,-0.0363900956951302,0.143,2025-11-26T03:13:39Z
cds,,7,0.029793619351555,0.143,2025-11-26T03:13:39Z
cds,,8,0.0401814574113234,0.143,2025-11-26T03:13:39Z
cds,,9,-0.0475048869242035,0.143,2025-11-26T03:13:39Z
cds,,10,-0.0348329782369012,0.143,2025-11-26T03:13:39Z
cds,,11,-0.0490495534861678,0.142,2025-11-26T03:13:39Z
cds,,12,-0.0355628107546514,0.5,2025-11-26T03:13:39Z
cds,,13,0.0125022398054062,0.25,2025-11-26T03:13:39Z
cds,,14,-0.0141435519112248,0.25,2025-11-26T03:13:39Z
cds,,15,-0.0213092520287013,0.25,2025-11-26T03:13:39Z
cds,,16,0.0022657479917083,0.25,2025-11-26T03:13:40Z
cds,,17,-0.1036352931361825,0.5,2025-11-26T03:13:40Z
cds,,18,0.026152601529974,1,2025-11-26T03:13:40Z
cds,,19,0.0544522369821093,1,2025-11-26T03:13:40Z
cds,,20,-0.0149380098388495,0.166,2025-11-26T03:13:40Z
cds,,21,-0.0279199343296952,0.167,2025-11-26T03:13:40Z
cds,,22,0.0151918352631525,0.333,2025-11-26T03:13:40Z
cds,,23,0.0112780155603021,0.333,2025-11-26T03:13:40Z
cds,,24,-0.0083372461090667,0.334,2025-11-26T03:13:40Z
cds,,25,0.0011929831470656,0.125,2025-11-26T03:13:40Z
cds,,26,0.0545905081425292,0.125,2025-11-26T03:13:40Z
cds,,27,0.0950434918336845,0.125,2025-11-26T03:13:40Z
cds,,28,0.0116452777204851,0.125,2025-11-26T03:13:40Z
cds,,29,0.0623759478302434,0.125,2025-11-26T03:13:40Z
cds,,30,0.0197011237808544,0.125,2025-11-26T03:13:40Z
cds,,31,0.0070569529682391,0.125,2025-11-26T03:13:40Z
cds,,32,0.0822816123034417,0.125,2025-11-26T03:13:40Z
cds,,33,0.0442999375605967,0.2,2025-11-26T03:13:40Z
cds,,34,0.0316487554377276,0.2,2025-11-26T03:13:40Z
cds,,35,0.0120123543400134,0.2,2025-11-26T03:13:40Z
cds,,36,0.0195224525281402,0.2,2025-11-26T03:13:40Z
cds,,37,0.0279256024251007,0.2,2025-11-26T03:13:40Z
cds,,38,0.0109368703514317,0.25,2025-11-26T03:13:40Z
cds,,39,0.0178510164518333,0.25,2025-11-26T03:13:40Z
cds,,40,0.0332820428851876,0.25,2025-11-26T03:13:40Z
cds,,41,0.0268722019838823,0.25,2025-11-26T03:13:40Z
cds,,42,0.1051448144029438,0.5,2025-11-26T03:13:40Z
cds,,43,0.0032373264775178,0.25,2025-11-26T03:13:40Z
cds,,44,-5.0262803896721e-4,0.25,2025-11-26T03:13:40Z
cds,,45,0.0127563101052784,0.25,2025-11-26T03:13:40Z
cds,,46,0.0040883932080054,0.25,2025-11-26T03:13:40Z
cds,,47,0.1997650710008848,1,2025-11-26T03:13:40Z
cds,,48,-0.0045718035174926,1,2025-11-26T03:13:40Z
cds,,49,0.0030977898929605,0.333,2025-11-26T03:13:40Z
cds,,50,0.0098444330251266,0.333,2025-11-26T03:13:40Z
cds,,51,0.0135314520992563,0.334,2025-11-26T03:13:41Z
cds,,52,NA,0,2025-11-26T03:13:41Z
cds,,53,NA,0,2025-11-26T03:13:41Z
cds,,54,NA,0,2025-11-26T03:13:41Z
cds,,55,0.014989764992162,0,2025-11-26T03:13:41Z
cds,,56,-0.0242265931516624,0.083,2025-11-26T03:13:41Z
cds,,57,-0.0363503122436873,0.083,2025-11-26T03:13:41Z
cds,,58,7.9989475603502e-4,0.084,2025-11-26T03:13:41Z
cds,,59,-0.0157977536322258,0.083,2025-11-26T03:13:41Z
cds,,60,0.003981789341669,0.083,2025-11-26T03:13:41Z
cds,,61,-0.0203137808580508,0.084,2025-11-26T03:13:41Z
cds,,62,-0.0118054090943715,0.083,2025-11-26T03:13:41Z
cds,,63,-0.0175988768288654,0.083,2025-11-26T03:13:41Z
cds,,64,0.0024240603008633,0.084,2025-11-26T03:13:41Z
cds,,65,0.0021134392645676,0.333,2025-11-26T03:13:41Z
cds,,66,8.4517330862436e-4,0.333,2025-11-26T03:13:41Z
cds,,67,-0.0020138373721204,0.334,2025-11-26T03:13:41Z
cds,,68,0.0253941488139156,1,2025-11-26T03:13:41Z
cds,,69,-0.0246140184548602,1,2025-11-26T03:13:41Z
cds,,70,-0.1209966755837494,1,2025-11-26T03:13:41Z
cds,,71,NA,0,2025-11-26T03:13:41Z
cds,,72,0.014078747036941,1,2025-11-26T03:13:41Z
cds,,73,0.0035983749988644,0.083,2025-11-26T03:13:41Z
cds,,74,0.0249850083923797,0.083,2025-11-26T03:13:41Z
cds,,75,-0.0200464634434077,0.084,2025-11-26T03:13:41Z
cds,,76,0.0054089109384352,1,2025-11-26T03:13:41Z
cds,,77,0.0215584949813686,0.5,2025-11-26T03:13:41Z
cds,,78,0.0514936269529604,0.3333,2025-11-26T03:13:41Z
cds,,79,0.0448250078594801,0.3333,2025-11-26T03:13:41Z
cds,,80,0.0861365538372655,0.3334,2025-11-26T03:13:41Z
cds,,81,0.0200530235922615,0.3333,2025-11-26T03:13:41Z
cds,,82,-0.0468054579519167,0.3333,2025-11-26T03:13:41Z
cds,,83,-0.0384228426714249,0.3334,2025-11-26T03:13:41Z
cds,,84,0.0073166069781886,1,2025-11-26T03:13:41Z
cds,,85,0.0236421637520488,1,2025-11-26T03:13:41Z
cds,,86,0.0271095343793869,1,2025-11-26T03:13:41Z
cds,,87,-0.1033265750478763,1,2025-11-26T03:13:41Z
cds,,88,-0.0023690078010252,1,2025-11-26T03:13:41Z
cds,,89,0.0013398102643195,0.25,2025-11-26T03:13:41Z
cds,,90,0.0020620142099311,0.25,2025-11-26T03:13:41Z
cds,,91,0.0605271589833877,0.25,2025-11-26T03:13:41Z
cds,,92,-0.0018964691878026,0.25,2025-11-26T03:13:41Z
cds,,93,-0.0199325039670709,1,2025-11-26T03:13:42Z
cds,,94,0.0562906811306022,0.3333,2025-11-26T03:13:42Z
cds,,95,0.0462618984916018,0.3333,2025-11-26T03:13:42Z
cds,,96,0.0416565382791355,0.3333,2025-11-26T03:13:42Z
cds,,97,0.0055384480278486,0.2,2025-11-26T03:13:42Z
cds,,98,0.0186186624861033,0.2,2025-11-26T03:13:42Z
cds,,99,0.0143023421060979,1,2025-11-26T03:13:42Z
cds,,100,-0.0010536108097507,1,2025-11-26T03:13:42Z
cds,,101,0.0334832145463153,0.5,2025-11-26T03:13:42Z
cds,,102,0.0108961478638265,0.2,2025-11-26T03:13:42Z
cds,,103,-0.0101132804708559,0.2,2025-11-26T03:13:42Z
cds,,104,-0.0170426730686341,0.2,2025-11-26T03:13:42Z
cds,,105,NA,0.5,2025-11-26T03:13:42Z
cds,,106,-0.0049607039718164,1,2025-11-26T03:13:42Z
cds,,107,-0.102335417477915,1,2025-11-26T03:13:42Z
cds,,108,-0.0437940877590811,1,2025-11-26T03:13:42Z
rcc,,52,NA,0,2025-11-26T03:13:42Z
rcc,,53,NA,0,2025-11-26T03:13:42Z
rcc,,54,NA,0,2025-11-26T03:13:42Z
rcc,,71,NA,0,2025-11-26T03:13:42Z
rcc,,105,NA,0.5,2025-11-26T03:13:42Z
rdmdl,,1,-0.8098324357087365,0.166,2025-11-26T03:28:52Z
rdmdl,,2,-1.042679818621702,0.166,2025-11-26T03:28:52Z
rdmdl,,3,0.6999482276808876,0.167,2025-11-26T03:28:52Z
rdmdl,,4,-0.8667623443246937,0.166,2025-11-26T03:28:52Z
rdmdl,,5,0.9770649767429206,0.143,2025-11-26T03:28:52Z
rdmdl,,6,2.503675120467661,0.143,2025-11-26T03:28:52Z
rdmdl,,7,0.7637307094541244,0.143,2025-11-26T03:28:53Z
rdmdl,,8,3.0614157451220856,0.143,2025-11-26T03:28:53Z
rdmdl,,9,3.251790486713141,0.143,2025-11-26T03:28:53Z
rdmdl,,10,3.20186919156385,0.143,2025-11-26T03:28:53Z
rdmdl,,11,2.8308814891834646,0.142,2025-11-26T03:28:53Z
rdmdl,,12,3.2859607007001177,0.5,2025-11-26T03:28:53Z
rdmdl,,13,0.1750382166173969,0.25,2025-11-26T03:28:53Z
rdmdl,,14,-0.045931528207935,0.25,2025-11-26T03:28:53Z
rdmdl,,15,-0.8548449919532478,0.25,2025-11-26T03:28:53Z
rdmdl,,16,0.2851371226833807,0.25,2025-11-26T03:28:53Z
rdmdl,,17,3.9982025989258254,0.5,2025-11-26T03:28:53Z
rdmdl,,18,0.5905927360728324,1,2025-11-26T03:28:53Z
rdmdl,,19,-0.0027527721661222,1,2025-11-26T03:28:53Z
rdmdl,,20,1.1006556387265345,0.166,2025-11-26T03:28:53Z
rdmdl,,21,0.4245475151546626,0.167,2025-11-26T03:28:53Z
rdmdl,,22,0.6963860719901477,0.333,2025-11-26T03:28:53Z
rdmdl,,23,1.3854001114694787,0.333,2025-11-26T03:28:53Z
rdmdl,,24,0.9860096715562596,0.334,2025-11-26T03:28:53Z
rdmdl,,25,1.1300037126552256,0.125,2025-11-26T03:28:53Z
rdmdl,,26,2.0379839825030484,0.125,2025-11-26T03:28:53Z
rdmdl,,27,2.7083044670304046,0.125,2025-11-26T03:28:53Z
rdmdl,,28,1.0171395228109366,0.125,2025-11-26T03:28:53Z
rdmdl,,29,1.6001045050322906,0.125,2025-11-26T03:28:53Z
rdmdl,,30,1.1644469239768374,0.125,2025-11-26T03:28:54Z
rdmdl,,31,0.7798106350468009,0.125,2025-11-26T03:28:54Z
rdmdl,,32,2.282040922981157,0.125,2025-11-26T03:28:54Z
rdmdl,,33,0.7482079679052237,0.2,2025-11-26T03:28:54Z
rdmdl,,34,0.8095471085161363,0.2,2025-11-26T03:28:54Z
rdmdl,,35,1.212343649605553,0.2,2025-11-26T03:28:54Z
rdmdl,,36,0.8700752514263197,0.2,2025-11-26T03:28:54Z
rdmdl,,37,1.4792249719457728,0.2,2025-11-26T03:28:54Z
rdmdl,,38,1.591188853864886,0.25,2025-11-26T03:28:54Z
rdmdl,,39,1.2789246840534458,0.25,2025-11-26T03:28:54Z
rdmdl,,40,0.5719948015077597,0.25,2025-11-26T03:28:54Z
rdmdl,,41,0.5187452392434073,0.25,2025-11-26T03:28:54Z
rdmdl,,42,1.7752736324950562,0.5,2025-11-26T03:28:54Z
rdmdl,,43,-0.0049040377917336,0.25,2025-11-26T03:28:54Z
rdmdl,,44,0.0335167603913744,0.25,2025-11-26T03:28:54Z
rdmdl,,45,0.0086425601298946,0.25,2025-11-26T03:28:54Z
rdmdl,,46,-0.1830514126938972,0.25,2025-11-26T03:28:54Z
rdmdl,,47,3.144837804982801,1,2025-11-26T03:28:54Z
rdmdl,,48,0.0385694990597864,1,2025-11-26T03:28:55Z
rdmdl,,49,0.4150023833743782,0.333,2025-11-26T03:28:55Z
rdmdl,,50,0.4775616649762265,0.333,2025-11-26T03:28:55Z
rdmdl,,51,0.993371241504479,0.334,2025-11-26T03:28:55Z
rdmdl,,52,NA,0,2025-11-26T03:28:55Z
rdmdl,,53,NA,0,2025-11-26T03:28:55Z
rdmdl,,54,NA,0,2025-11-26T03:28:55Z
rdmdl,,55,0.5769702195729004,0,2025-11-26T03:28:55Z
rdmdl,,56,-0.934670674354535,0.083,2025-11-26T03:28:55Z
rdmdl,,57,-0.8747197892070794,0.083,2025-11-26T03:28:55Z
rdmdl,,58,-0.4481440736707742,0.084,2025-11-26T03:28:55Z
rdmdl,,59,-1.0101525861265974,0.083,2025-11-26T03:28:55Z
rdmdl,,60,-1.0374437849233706,0.083,2025-11-26T03:28:55Z
rdmdl,,61,-0.8259996367145375,0.084,2025-11-26T03:28:55Z
rdmdl,,62,-0.3640221490636235,0.083,2025-11-26T03:28:55Z
rdmdl,,63,-0.935504026822373,0.083,2025-11-26T03:28:55Z
rdmdl,,64,0.2784327952496623,0.084,2025-11-26T03:28:55Z
rdmdl,,65,0.2048373290834006,0.333,2025-11-26T03:28:55Z
rdmdl,,66,-0.2563282239852261,0.333,2025-11-26T03:28:55Z
rdmdl,,67,-0.237235435958199,0.334,2025-11-26T03:28:55Z
rdmdl,,68,-0.1068990210964472,1,2025-11-26T03:28:55Z
rdmdl,,69,-1.320576011413501,1,2025-11-26T03:28:55Z
rdmdl,,70,-1.0731684221161657,1,2025-11-26T03:28:55Z
rdmdl,,71,NA,0,2025-11-26T03:28:55Z
rdmdl,,72,0.7006654787495554,1,2025-11-26T03:28:55Z
rdmdl,,73,0.2211847141904674,0.083,2025-11-26T03:28:55Z
rdmdl,,74,-2.2243623050459203,0.083,2025-11-26T03:28:55Z
rdmdl,,75,-1.0689398585015712,0.084,2025-11-26T03:28:55Z
rdmdl,,76,0.3781536835383127,1,2025-11-26T03:28:55Z
rdmdl,,77,-1.6155250164321722,0.5,2025-11-26T03:28:56Z
rdmdl,,78,0.6142942527650493,0.3333,2025-11-26T03:28:56Z
rdmdl,,79,0.1426192786183077,0.3333,2025-11-26T03:28:56Z
rdmdl,,80,0.3499009753533711,0.3334,2025-11-26T03:28:56Z
rdmdl,,81,0.5512443674233702,0.3333,2025-11-26T03:28:56Z
rdmdl,,82,-0.0655368758052052,0.3333,2025-11-26T03:28:56Z
rdmdl,,83,-0.1780145183325843,0.3334,2025-11-26T03:28:56Z
rdmdl,,84,-0.0770274586184314,1,2025-11-26T03:28:56Z
rdmdl,,85,2.440219032761429,1,2025-11-26T03:28:56Z
rdmdl,,86,-0.0928748410695743,1,2025-11-26T03:28:56Z
rdmdl,,87,-0.395641494937254,1,2025-11-26T03:28:56Z
rdmdl,,88,1.052732143092166,1,2025-11-26T03:28:56Z
rdmdl,,89,-0.2524293447860059,0.25,2025-11-26T03:28:56Z
rdmdl,,90,-0.0448297033686483,0.25,2025-11-26T03:28:56Z
rdmdl,,91,0.3417661532146305,0.25,2025-11-26T03:28:56Z
rdmdl,,92,0.4463369342132775,0.25,2025-11-26T03:28:56Z
rdmdl,,93,0.4457775491006102,1,2025-11-26T03:28:56Z
rdmdl,,94,1.5229952742618265,0.3333,2025-11-26T03:28:56Z
rdmdl,,95,6.5071753445112,0.3333,2025-11-26T03:28:56Z
rdmdl,,96,4.95562608251035,0.3333,2025-11-26T03:28:57Z
rdmdl,,97,0.1177463091912481,0.2,2025-11-26T03:28:57Z
rdmdl,,98,0.1907860058794606,0.2,2025-11-26T03:28:57Z
rdmdl,,99,1.0978092925043044,1,2025-11-26T03:28:57Z
rdmdl,,100,0.6400269205916275,1,2025-11-26T03:28:57Z
rdmdl,,101,-0.1223439980781033,0.5,2025-11-26T03:28:57Z
rdmdl,,102,-0.8458313790860317,0.2,2025-11-26T03:28:57Z
rdmdl,,103,-0.3108498987286772,0.2,2025-11-26T03:28:57Z
rdmdl,,104,0.483370683672787,0.2,2025-11-26T03:28:57Z
rdmdl,,105,NA,0.5,2025-11-26T03:28:57Z
rdmdl,,106,0.2873603613733568,1,2025-11-26T03:28:57Z
rdmdl,,107,-0.6124122783617135,1,2025-11-26T03:28:57Z
rdmdl,,108,0.9176567055959798,1,2025-11-26T03:28:57Z
rdmdl,"{""delta"": ""res""}",1,-3.45219523351989,0.166,2025-11-26T03:29:17Z
rdmdl,"{""delta"": ""res""}",2,-1.666536170807561,0.166,2025-11-26T03:29:17Z
rdmdl,"{""delta"": ""res""}",3,-0.0503614032555061,0.167,2025-11-26T03:29:17Z
rdmdl,"{""delta"": ""res""}",4,-1.5179060802951867,0.166,2025-11-26T03:29:17Z
rdmdl,"{""delta"": ""res""}",5,1.5681995760196528,0.143,2025-11-26T03:29:17Z
rdmdl,"{""delta"": ""res""}",6,5.537215486244548,0.143,2025-11-26T03:29:17Z
rdmdl,"{""delta"": ""res""}",7,1.216667887074412,0.143,2025-11-26T03:29:17Z
rdmdl,"{""delta"": ""res""}",8,3.8657618070527833,0.143,2025-11-26T03:29:17Z
rdmdl,"{""delta"": ""res""}",9,8.416901484152385,0.143,2025-11-26T03:29:17Z
rdmdl,"{""delta"": ""res""}",10,7.480379496965198,0.143,2025-11-26T03:29:17Z
rdmdl,"{""delta"": ""res""}",11,6.086873241779617,0.142,2025-11-26T03:29:17Z
rdmdl,"{""delta"": ""res""}",12,5.992204346357445,0.5,2025-11-26T03:29:17Z
rdmdl,"{""delta"": ""res""}",13,0.314639233634384,0.25,2025-11-26T03:29:18Z
rdmdl,"{""delta"": ""res""}",14,0.0454391934718788,0.25,2025-11-26T03:29:18Z
rdmdl,"{""delta"": ""res""}",15,-2.6221333859728344,0.25,2025-11-26T03:29:18Z
rdmdl,"{""delta"": ""res""}",16,0.3364137138972772,0.25,2025-11-26T03:29:18Z
rdmdl,"{""delta"": ""res""}",17,8.275634967763,0.5,2025-11-26T03:29:18Z
rdmdl,"{""delta"": ""res""}",18,0.4793192113282609,1,2025-11-26T03:29:18Z
rdmdl,"{""delta"": ""res""}",19,0.4957278166281935,1,2025-11-26T03:29:18Z
rdmdl,"{""delta"": ""res""}",20,0.4722878930393031,0.166,2025-11-26T03:29:18Z
rdmdl,"{""delta"": ""res""}",21,1.5475560719698795,0.167,2025-11-26T03:29:18Z
rdmdl,"{""delta"": ""res""}",22,0.5354943730001933,0.333,2025-11-26T03:29:18Z
rdmdl,"{""delta"": ""res""}",23,1.652035284383968,0.333,2025-11-26T03:29:18Z
rdmdl,"{""delta"": ""res""}",24,1.1077975894530194,0.334,2025-11-26T03:29:18Z
rdmdl,"{""delta"": ""res""}",25,2.949145649838581,0.125,2025-11-26T03:29:18Z
rdmdl,"{""delta"": ""res""}",26,5.584653214350756,0.125,2025-11-26T03:29:18Z
rdmdl,"{""delta"": ""res""}",27,6.794734048834664,0.125,2025-11-26T03:29:18Z
rdmdl,"{""delta"": ""res""}",28,3.430294858063056,0.125,2025-11-26T03:29:18Z
rdmdl,"{""delta"": ""res""}",29,5.04510304905996,0.125,2025-11-26T03:29:18Z
rdmdl,"{""delta"": ""res""}",30,3.194005942880688,0.125,2025-11-26T03:29:18Z
rdmdl,"{""delta"": ""res""}",31,2.404201362082212,0.125,2025-11-26T03:29:18Z
rdmdl,"{""delta"": ""res""}",32,6.857204220715388,0.125,2025-11-26T03:29:18Z
rdmdl,"{""delta"": ""res""}",33,0.9129395766895714,0.2,2025-11-26T03:29:18Z
rdmdl,"{""delta"": ""res""}",34,1.5891006283831637,0.2,2025-11-26T03:29:18Z
rdmdl,"{""delta"": ""res""}",35,2.1950706609939266,0.2,2025-11-26T03:29:18Z
rdmdl,"{""delta"": ""res""}",36,1.348923700221049,0.2,2025-11-26T03:29:18Z
rdmdl,"{""delta"": ""res""}",37,3.0841917707175703,0.2,2025-11-26T03:29:18Z
rdmdl,"{""delta"": ""res""}",38,2.970037316464669,0.25,2025-11-26T03:29:18Z
rdmdl,"{""delta"": ""res""}",39,2.9947101962703933,0.25,2025-11-26T03:29:18Z
rdmdl,"{""delta"": ""res""}",40,0.512176951394815,0.25,2025-11-26T03:29:19Z
rdmdl,"{""delta"": ""res""}",41,0.9878236532722884,0.25,2025-11-26T03:29:19Z
rdmdl,"{""delta"": ""res""}",42,1.7808645510914436,0.5,2025-11-26T03:29:19Z
rdmdl,"{""delta"": ""res""}",43,-0.01330999963552,0.25,2025-11-26T03:29:19Z
rdmdl,"{""delta"": ""res""}",44,0.0219871396204371,0.25,2025-11-26T03:29:19Z
rdmdl,"{""delta"": ""res""}",45,-0.0175951512539206,0.25,2025-11-26T03:29:19Z
rdmdl,"{""delta"": ""res""}",46,-0.2066312355386749,0.25,2025-11-26T03:29:19Z
rdmdl,"{""delta"": ""res""}",47,9.52209898034062,1,2025-11-26T03:29:19Z
rdmdl,"{""delta"": ""res""}",48,0.0270355404535042,1,2025-11-26T03:29:19Z
rdmdl,"{""delta"": ""res""}",49,0.9681050298242204,0.333,2025-11-26T03:29:19Z
rdmdl,"{""delta"": ""res""}",50,1.0479042732758543,0.333,2025-11-26T03:29:19Z
rdmdl,"{""delta"": ""res""}",51,1.6885989457503985,0.334,2025-11-26T03:29:19Z
rdmdl,"{""delta"": ""res""}",52,NA,0,2025-11-26T03:29:19Z
rdmdl,"{""delta"": ""res""}",53,NA,0,2025-11-26T03:29:19Z
rdmdl,"{""delta"": ""res""}",54,NA,0,2025-11-26T03:29:19Z
rdmdl,"{""delta"": ""res""}",55,1.0501069430113172,0,2025-11-26T03:29:19Z
rdmdl,"{""delta"": ""res""}",56,-3.3975254596947964,0.083,2025-11-26T03:29:19Z
rdmdl,"{""delta"": ""res""}",57,-3.331630726307749,0.083,2025-11-26T03:29:19Z
rdmdl,"{""delta"": ""res""}",58,-2.630018693303743,0.084,2025-11-26T03:29:19Z
rdmdl,"{""delta"": ""res""}",59,-3.5567446900562376,0.083,2025-11-26T03:29:19Z
rdmdl,"{""delta"": ""res""}",60,-3.626021319580835,0.083,2025-11-26T03:29:20Z
rdmdl,"{""delta"": ""res""}",61,-3.345979720494666,0.084,2025-11-26T03:29:20Z
rdmdl,"{""delta"": ""res""}",62,-2.570523243947356,0.083,2025-11-26T03:29:20Z
rdmdl,"{""delta"": ""res""}",63,-3.5963270214401484,0.083,2025-11-26T03:29:20Z
rdmdl,"{""delta"": ""res""}",64,0.7348792458699743,0.084,2025-11-26T03:29:20Z
rdmdl,"{""delta"": ""res""}",65,0.6720508514224088,0.333,2025-11-26T03:29:20Z
rdmdl,"{""delta"": ""res""}",66,-0.430671284033279,0.333,2025-11-26T03:29:20Z
rdmdl,"{""delta"": ""res""}",67,-0.3245473219953961,0.334,2025-11-26T03:29:20Z
rdmdl,"{""delta"": ""res""}",68,-0.0928570546656836,1,2025-11-26T03:29:20Z
rdmdl,"{""delta"": ""res""}",69,-1.552327335817565,1,2025-11-26T03:29:20Z
rdmdl,"{""delta"": ""res""}",70,-1.0398285471298832,1,2025-11-26T03:29:20Z
rdmdl,"{""delta"": ""res""}",71,NA,0,2025-11-26T03:29:20Z
rdmdl,"{""delta"": ""res""}",72,0.8802969120561548,1,2025-11-26T03:29:20Z
rdmdl,"{""delta"": ""res""}",73,0.6509912457263257,0.083,2025-11-26T03:29:20Z
rdmdl,"{""delta"": ""res""}",74,-7.368860284082364,0.083,2025-11-26T03:29:20Z
rdmdl,"{""delta"": ""res""}",75,-3.763513958672585,0.084,2025-11-26T03:29:20Z
rdmdl,"{""delta"": ""res""}",76,0.62419853917605606,1,2025-11-26T03:29:20Z
rdmdl,"{""delta"": ""res""}",77,-4.534866831018768,0.5,2025-11-26T03:29:20Z
rdmdl,"{""delta"": ""res""}",78,0.5905425255555586,0.3333,2025-11-26T03:29:20Z
rdmdl,"{""delta"": ""res""}",79,-0.0411008725654212,0.3333,2025-11-26T03:29:20Z
rdmdl,"{""delta"": ""res""}",80,-0.4390839905324801,0.3334,2025-11-26T03:29:20Z
rdmdl,"{""delta"": ""res""}",81,1.131792413267032,0.3333,2025-11-26T03:29:20Z
rdmdl,"{""delta"": ""res""}",82,0.1425877713610109,0.3333,2025-11-26T03:29:20Z
rdmdl,"{""delta"": ""res""}",83,0.1355450907524568,0.3334,2025-11-26T03:29:21Z
rdmdl,"{""delta"": ""res""}",84,-0.1608758948626679,1,2025-11-26T03:29:21Z
rdmdl,"{""delta"": ""res""}",85,3.688396347873367,1,2025-11-26T03:29:21Z
rdmdl,"{""delta"": ""res""}",86,0.224137348230182,1,2025-11-26T03:29:21Z
rdmdl,"{""delta"": ""res""}",87,-1.3362361689566098,1,2025-11-26T03:29:21Z
rdmdl,"{""delta"": ""res""}",88,2.693420667983029,1,2025-11-26T03:29:21Z
rdmdl,"{""delta"": ""res""}",89,-0.4298408969798428,0.25,2025-11-26T03:29:21Z
rdmdl,"{""delta"": ""res""}",90,0.4711320060680888,0.25,2025-11-26T03:29:21Z
rdmdl,"{""delta"": ""res""}",91,0.5798270384077965,0.25,2025-11-26T03:29:21Z
rdmdl,"{""delta"": ""res""}",92,0.9345176446095964,0.25,2025-11-26T03:29:21Z
rdmdl,"{""delta"": ""res""}",93,1.1634185183494878,1,2025-11-26T03:29:21Z
rdmdl,"{""delta"": ""res""}",94,2.258909420374476,0.3333,2025-11-26T03:29:21Z
rdmdl,"{""delta"": ""res""}",95,19.897880175574983,0.3333,2025-11-26T03:29:21Z
rdmdl,"{""delta"": ""res""}",96,15.844794877546349,0.3333,2025-11-26T03:29:21Z
rdmdl,"{""delta"": ""res""}",97,1.0358544674786476,0.2,2025-11-26T03:29:21Z
rdmdl,"{""delta"": ""res""}",98,0.8509765925133049,0.2,2025-11-26T03:29:21Z
rdmdl,"{""delta"": ""res""}",99,1.269570082915048,1,2025-11-26T03:29:21Z
rdmdl,"{""delta"": ""res""}",100,1.5477054284691842,1,2025-11-26T03:29:21Z
rdmdl,"{""delta"": ""res""}",101,-0.7357167856921543,0.5,2025-11-26T03:29:21Z
rdmdl,"{""delta"": ""res""}",102,-1.7051987674523974,0.2,2025-11-26T03:29:21Z
rdmdl,"{""delta"": ""res""}",103,-1.2880002377544142,0.2,2025-11-26T03:29:21Z
rdmdl,"{""delta"": ""res""}",104,0.4146047294466798,0.2,2025-11-26T03:29:22Z
rdmdl,"{""delta"": ""res""}",105,NA,0.5,2025-11-26T03:29:22Z
rdmdl,"{""delta"": ""res""}",106,1.3442577990060982,1,2025-11-26T03:29:22Z
rdmdl,"{""delta"": ""res""}",107,-0.710166302147588,1,2025-11-26T03:29:22Z
rdmdl,"{""delta"": ""res""}",108,1.528500706462186,1,2025-11-26T03:29:22Z
slope,,1,0.014571667660395193,0.166,2025-12-02T11:08:13Z
slope,,2,-0.03071318695607883,0.166,2025-12-02T11:08:13Z
slope,,3,0.06829072563243388,0.167,2025-12-02T11:08:13Z
slope,,4,-0.022355156708428137,0.166,2025-12-02T11:08:13Z
slope,,5,-0.03573537998571141,0.143,2025-12-02T11:08:13Z
slope,,6,-0.015251238785303434,0.143,2025-12-02T11:08:13Z
slope,,7,-0.039481678071386694,0.143,2025-12-02T11:08:13Z
slope,,8,0.11319904343343412,0.143,2025-12-02T11:08:13Z
slope,,9,-0.031032480442678256,0.143,2025-12-02T11:08:13Z
slope,,10,-0.02059249506794847,0.143,2025-12-02T11:08:13Z
slope,,11,-0.018928567980095123,0.142,2025-12-02T11:08:13Z
slope,,12,0.07074985174924597,0.5,2025-12-02T11:08:13Z
slope,,13,0.02101379947944282,0.25,2025-12-02T11:08:13Z
slope,,14,6.937381791592978e-4,0.25,2025-12-02T11:08:13Z
slope,,15,0.010538447299568765,0.25,2025-12-02T11:08:13Z
slope,,16,0.02341184204817548,0.25,2025-12-02T11:08:13Z
slope,,17,0.08163373313546196,0.5,2025-12-02T11:08:13Z
slope,,18,0.03891163372164219,1,2025-12-02T11:08:13Z
slope,,19,0.0010986085307193028,1,2025-12-02T11:08:13Z
slope,,20,0.09601867437010492,0.166,2025-12-02T11:08:13Z
slope,,21,0.00619260995394455,0.167,2025-12-02T11:08:13Z
slope,,22,0.06077187907459147,0.333,2025-12-02T11:08:13Z
slope,,23,0.07283108771837521,0.333,2025-12-02T11:08:13Z
slope,,24,0.0642069885162585,0.334,2025-12-02T11:08:13Z
slope,,25,0.007905532860208342,0.125,2025-12-02T11:08:13Z
slope,,26,0.009168600885398615,0.125,2025-12-02T11:08:13Z
slope,,27,0.025753420675290073,0.125,2025-12-02T11:08:13Z
slope,,28,-0.01297746592954685,0.125,2025-12-02T11:08:13Z
slope,,29,-0.00781331153272613,0.125,2025-12-02T11:08:13Z
slope,,30,0.004818034720605158,0.125,2025-12-02T11:08:13Z
slope,,31,-0.0019727306976585757,0.125,2025-12-02T11:08:13Z
slope,,32,-0.012203500643031884,0.125,2025-12-02T11:08:13Z
slope,,33,0.03828339728053265,0.2,2025-12-02T11:08:13Z
slope,,34,0.005213691748386373,0.2,2025-12-02T11:08:13Z
slope,,35,0.02681926843918092,0.2,2025-12-02T11:08:13Z
slope,,36,0.02653342346501608,0.2,2025-12-02T11:08:13Z
slope,,37,0.021113307579838647,0.2,2025-12-02T11:08:13Z
slope,,38,0.030490980591536543,0.25,2025-12-02T11:08:13Z
slope,,39,0.015406176325845955,0.25,2025-12-02T11:08:14Z
slope,,40,0.048629546737516294,0.25,2025-12-02T11:08:14Z
slope,,41,-3.610664616888748e-4,0.25,2025-12-02T11:08:14Z
slope,,42,0.054775240330111385,0.5,2025-12-02T11:08:14Z
slope,,43,-1.9778046021790008e-4,0.25,2025-12-02T11:08:14Z
slope,,44,4.2511739733019915e-5,0.25,2025-12-02T11:08:14Z
slope,,45,0.0025816759214546403,0.25,2025-12-02T11:08:14Z
slope,,46,-0.00433575990431645,0.25,2025-12-02T11:08:14Z
slope,,47,-0,1,2025-12-02T11:08:14Z
slope,,48,7.362977520377623e-4,1,2025-12-02T11:08:14Z
slope,,49,0.006161983899354628,0.333,2025-12-02T11:08:14Z
slope,,50,0.008819971721642061,0.333,2025-12-02T11:08:14Z
slope,,51,0.03263761675213017,0.334,2025-12-02T11:08:14Z
slope,,52,-7.19630104169311e-4,0,2025-12-02T11:08:14Z
slope,,53,0.0015880243483951118,0,2025-12-02T11:08:14Z
slope,,54,-1.3051714687672966e-4,0,2025-12-02T11:08:14Z
slope,,55,0.0123106469045976,0,2025-12-02T11:08:14Z
slope,,56,-0.006925253197522796,0.083,2025-12-02T11:08:14Z
slope,,57,-0.004383497593429486,0.083,2025-12-02T11:08:14Z
slope,,58,0.012554912149114195,0.084,2025-12-02T11:08:14Z
slope,,59,-0.010120655176503068,0.083,2025-12-02T11:08:14Z
slope,,60,-0.00977359863459104,0.083,2025-12-02T11:08:14Z
slope,,61,-0.0012043123688364465,0.084,2025-12-02T11:08:14Z
slope,,62,0.017308505701966626,0.083,2025-12-02T11:08:14Z
slope,,63,-0.00367338758106317,0.083,2025-12-02T11:08:14Z
slope,,64,-0.0019820319677326115,0.084,2025-12-02T11:08:14Z
slope,,65,0.0018945382656715415,0.333,2025-12-02T11:08:14Z
slope,,66,-0.004898422657165669,0.333,2025-12-02T11:08:14Z
slope,,67,-0.005000794310314305,0.334,2025-12-02T11:08:14Z
slope,,68,-0.017160500156577108,1,2025-12-02T11:08:14Z
slope,,69,-0.008630268068235525,1,2025-12-02T11:08:14Z
slope,,70,-0,1,2025-12-02T11:08:14Z
slope,,71,-0,0,2025-12-02T11:08:15Z
slope,,72,0.025851509765517866,1,2025-12-02T11:08:15Z
slope,,73,0.008000802861264145,0.083,2025-12-02T11:08:15Z
slope,,74,-0.03690166787968763,0.083,2025-12-02T11:08:15Z
slope,,75,-0.01109851307065246,0.084,2025-12-02T11:08:15Z
slope,,76,0.015550050626654044,1,2025-12-02T11:08:15Z
slope,,77,0.02992054439436509,0.5,2025-12-02T11:08:15Z
slope,,78,0.009633113273666893,0.3333,2025-12-02T11:08:15Z
slope,,79,0.001006996190328846,0.3333,2025-12-02T11:08:15Z
slope,,80,0.005281871656824588,0.3334,2025-12-02T11:08:15Z
slope,,81,0.01185088434336179,0.3333,2025-12-02T11:08:15Z
slope,,82,-0.0016907907426936264,0.3333,2025-12-02T11:08:15Z
slope,,83,-7.370625578131396e-4,0.3334,2025-12-02T11:08:15Z
slope,,84,-0.0014901230237318597,1,2025-12-02T11:08:15Z
slope,,85,0.07447204964811116,1,2025-12-02T11:08:15Z
slope,,86,-0.02478399870058845,1,2025-12-02T11:08:15Z
slope,,87,0.035523788087890695,1,2025-12-02T11:08:15Z
slope,,88,0.023712344749557523,1,2025-12-02T11:08:15Z
slope,,89,-0.0061153955501718205,0.25,2025-12-02T11:08:15Z
slope,,90,-0.005190583944271743,0.25,2025-12-02T11:08:15Z
slope,,91,0.009474328992657988,0.25,2025-12-02T11:08:15Z
slope,,92,0.021110911734868454,0.25,2025-12-02T11:08:15Z
slope,,93,0.008385703018858992,1,2025-12-02T11:08:15Z
slope,,94,0.030811137995921056,0.3333,2025-12-02T11:08:15Z
slope,,95,0.04656890702187766,0.3333,2025-12-02T11:08:15Z
slope,,96,0.025457447430102365,0.3333,2025-12-02T11:08:15Z
slope,,97,-0.01605905233970395,0.2,2025-12-02T11:08:15Z
slope,,98,-0.005428121801253849,0.2,2025-12-02T11:08:15Z
slope,,99,0.0427999196531299,1,2025-12-02T11:08:15Z
slope,,100,0.010775617150383221,1,2025-12-02T11:08:15Z
slope,,101,0.09974309821502869,0.5,2025-12-02T11:08:15Z
slope,,102,-0.027994203516613747,0.2,2025-12-02T11:08:15Z
slope,,103,0.005182640886711831,0.2,2025-12-02T11:08:15Z
slope,,104,0.04199850473392741,0.2,2025-12-02T11:08:15Z
slope,,105,0.001782377862288076,0.5,2025-12-02T11:08:15Z
slope,,106,0.0053692240133371705,1,2025-12-02T11:08:15Z
slope,,107,-0,1,2025-12-02T11:08:15Z
slope,,108,0.07440765274733885,1,2025-12-02T11:08:15Z
